ID variable (economy code/ gov. dimension/ year),Economy (name),Economy (code),Region,Income classification,Year,Governance dimension,Number of sources,Governance estimate (approx. -2.5 to +2.5),Standard error (estimate),Lower threshold (90% conf. int. estimate),Upper threshold (90% conf. int. estimate),Governance score (0-100),Standard error (gov. score),Lower threshold (90% conf. int. score),Upper threshold (90% conf. int. score),ADB mean,AFR mean,ARB mean,ASB mean,ASD mean,BPS mean,BTI mean,CCR mean,EBR mean,EIU mean,EQI mean,EUB mean,FRH mean,GCB mean,GCS mean,GII mean,GWP mean,HER mean,HRM mean,HUM mean,IFD mean,IJT mean,IRP mean,LBO mean,MSI mean,OBI mean,PIA mean,PRS mean,RSF mean,VAB mean,VDM mean,WBS mean,WCY mean,WJP mean,WMO mean
ADOcc1996,Andorra,ADO,,,1996,cc,1,1.3626213,0.43525349999999996,0.6488056,2.076437,75.4363736,8.8101983,60.9876484,89.8850987,..,..,..,..,..,..,..,..,..,..,..,..,..,..,..,..,..,..,..,..,..,..,..,..,..,..,..,..,..,..,..,..,..,..,0.875
AFGcc1996,Afghanistan,AFG,South Asia,Low income,1996,cc,2,-1.7175700999999999,0.3430487,-2.28017,-1.1549702,13.088573,6.9438325,1.7006877,24.476458299999997,..,..,..,..,..,..,..,..,..,..,..,..,..,..,..,..,..,..,..,..,..,..,..,..,..,..,..,..,..,..,0.148,..,..,..,0
AGOcc1996,Angola,AGO,Sub-Saharan Africa,Lower middle income,1996,cc,4,-1.1160752999999999,0.2316749,-1.4960221,-0.7361285,25.2637507,4.689455,17.573044499999998,32.954457,..,..,..,..,..,..,..,..,..,0,..,..,..,..,..,..,..,..,..,..,..,..,..,..,..,..,..,0.5,..,..,0.191,..,..,..,0.125
ALBcc1996,Albania,ALB,Europe & Central Asia,Upper middle income,1996,cc,3,-0.8375515,0.2955622,-1.3222734999999999,-0.35282949999999996,30.901499899999997,5.9826324,21.0899827,40.713017,..,..,..,..,..,..,..,..,..,..,..,..,..,..,..,..,..,..,..,..,..,..,..,..,..,..,..,0.3333333,..,..,0.317,..,..,..,0.25
AREcc1996,United Arab Emirates,ARE,Middle East & North Africa,High income,1996,cc,4,0.24139129999999998,0.2316749,-0.1385555,0.6213381,52.7409578,4.6894551,45.050251499999995,60.4316641,..,..,..,..,..,..,..,..,..,0.25,..,..,..,..,..,..,..,..,..,..,..,..,..,..,..,..,..,0.3333333,..,..,0.865,..,..,..,0.75
ARGcc1996,Argentina,ARG,Latin America & Caribbean,Upper middle income,1996,cc,6,-0.22484089999999998,0.1996623,-0.5522870999999999,0.1026053,43.3037026,4.0414717,36.6756891,49.9317162,..,..,..,..,..,..,..,..,..,0.25,..,..,..,..,0.4216667,..,..,..,..,..,..,..,..,..,..,..,..,0.5,..,..,0.39199999999999996,..,0.23829999999999998,..,0.5
ARMcc1996,Armenia,ARM,Europe & Central Asia,Upper middle income,1996,cc,2,-0.5723184,0.3430487,-1.1349183,-0.0097185,36.2702248,6.9438325,24.8823395,47.658110099999995,..,..,..,..,..,..,..,..,..,..,..,..,..,..,..,..,..,..,..,..,..,..,..,..,..,..,..,..,..,..,0.33099999999999996,..,..,..,0.375
ATGcc1996,Antigua and Barbuda,ATG,Latin America & Caribbean,High income,1996,cc,1,0.8945863,0.43525349999999996,0.1807706,1.6084019999999999,65.962627,8.8101983,51.5139018,80.4113521,..,..,..,..,..,..,..,..,..,..,..,..,..,..,..,..,..,..,..,..,..,..,..,..,..,..,..,..,..,..,..,..,..,..,0.75
AUScc1996,Australia,AUS,East Asia & Pacific,High income,1996,cc,6,2.150333,0.1996623,1.8228867999999998,2.4777792,91.3808672,4.0414717,84.7528536,98.00888069999999,..,..,..,..,..,..,..,..,..,0.875,..,..,..,..,0.84,..,..,..,..,..,..,..,..,..,..,..,..,0.8333332999999999,..,..,0.966,..,0.8999999999999999,..,1
AUTcc1996,Austria,AUT,Europe & Central Asia,High income,1996,cc,6,1.9301226999999999,0.1996623,1.6026764999999998,2.2575689,86.9234728,4.0414717,80.2954592,93.5514863,..,..,..,..,..,..,..,..,..,0.875,..,..,..,..,0.865,..,..,..,..,..,..,..,..,..,..,..,..,0.8333332999999999,..,..,0.9329999999999999,..,0.7166,..,0.875
AZEcc1996,Azerbaijan,AZE,Europe & Central Asia,Upper middle income,1996,cc,3,-1.4799949,0.2525267,-1.8941386999999998,-1.0658511,17.897459599999998,5.111528,9.5145536,26.2803656,..,..,..,..,..,..,..,..,..,0,..,..,..,..,..,..,..,..,..,..,..,..,..,..,..,..,..,..,..,..,0.071,..,..,..,0.125
BDIcc1996,Burundi,BDI,Sub-Saharan Africa,Low income,1996,cc,2,-0.8688327,0.3430487,-1.4314326,-0.30623279999999997,30.2683204,6.9438325,18.8804351,41.6562057,..,..,..,..,..,..,..,..,..,..,..,..,..,..,..,..,..,..,..,..,..,..,..,..,..,..,..,..,..,..,0.522,..,..,..,0.125
BELcc1996,Belgium,BEL,Europe & Central Asia,High income,1996,cc,6,1.5008782999999999,0.1996623,1.1734320999999999,1.8283245,78.2349074,4.0414717,71.6068939,84.862921,..,..,..,..,..,..,..,..,..,0.75,..,..,..,..,0.7316667,..,..,..,..,..,..,..,..,..,..,..,..,0.6666667,..,..,0.954,..,0.5883999999999999,..,0.875
BENcc1996,Benin,BEN,Sub-Saharan Africa,Lower middle income,1996,cc,2,-0.7690646,0.3430487,-1.3316645,-0.2064647,32.287779799999996,6.9438325,20.8998945,43.675665099999996,..,..,..,..,..,..,..,..,..,..,..,..,..,..,..,..,..,..,..,..,..,..,..,..,..,..,..,..,..,..,0.39399999999999996,..,..,..,0.25
BFAcc1996,Burkina Faso,BFA,Sub-Saharan Africa,Low income,1996,cc,3,0.2221588,0.2955622,-0.2625632,0.7068808,52.351662499999996,5.9826324,42.5401454,62.1631796,..,..,..,..,..,..,..,..,..,..,..,..,..,..,..,..,..,..,..,..,..,..,..,..,..,..,..,0.5,..,..,0.45499999999999996,..,..,..,0.625
BGDcc1996,Bangladesh,BGD,South Asia,Lower middle income,1996,cc,4,-0.8720895999999999,0.2316749,-1.2520364,-0.4921428,30.2023957,4.6894551,22.511689399999998,37.893102,..,..,..,..,..,..,..,..,..,0.25,..,..,..,..,..,..,..,..,..,..,..,..,..,..,..,..,..,0.3333333,..,..,0.20299999999999999,..,..,..,0.125
BGRcc1996,Bulgaria,BGR,Europe & Central Asia,High income,1996,cc,4,-0.19175209999999998,0.2316749,-0.5716989,0.1881947,43.9734707,4.6894551,36.2827644,51.664176999999995,..,..,..,..,..,..,..,..,..,0.125,..,..,..,..,..,..,..,..,..,..,..,..,..,..,..,..,..,0.6666667,..,..,0.635,..,..,..,0.375
BHRcc1996,Bahrain,BHR,Middle East & North Africa,High income,1996,cc,3,0.1076835,0.2547213,-0.3100594,0.5254264,50.034506799999996,5.1559496,41.5787494,58.4902641,..,..,..,..,..,..,..,..,..,0.125,..,..,..,..,..,..,..,..,..,..,..,..,..,..,..,..,..,0.5,..,..,..,..,..,..,0.875
BHScc1996,"Bahamas, The",BHS,Latin America & Caribbean,High income,1996,cc,2,1.3435747999999998,0.3486122,0.7718508,1.9152988,75.0508432,7.0564458,63.4782721,86.6234143,..,..,..,..,..,..,..,..,..,..,..,..,..,..,..,..,..,..,..,..,..,..,..,..,..,..,..,0.6666667,..,..,..,..,..,..,0.875
BIHcc1996,Bosnia and Herzegovina,BIH,Europe & Central Asia,Upper middle income,1996,cc,3,-0.5231485,0.2525267,-0.9372923,-0.1090047,37.265499,5.1115281,28.882593,45.6484051,..,..,..,..,..,..,..,..,..,0.25,..,..,..,..,..,..,..,..,..,..,..,..,..,..,..,..,..,..,..,..,0.284,..,..,..,0.375
BLRcc1996,Belarus,BLR,Europe & Central Asia,Upper middle income,1996,cc,2,-0.5706325,0.3430487,-1.1332324,-0.008032599999999999,36.30435,6.9438325,24.9164647,47.6922353,..,..,..,..,..,..,..,..,..,..,..,..,..,..,..,..,..,..,..,..,..,..,..,..,..,..,..,..,..,..,0.527,..,..,..,0.25
BLZcc1996,Belize,BLZ,Latin America & Caribbean,Upper middle income,1996,cc,1,-0.041483599999999995,0.43525349999999996,-0.7552993,0.6723321,47.015135699999995,8.8101983,32.5664106,61.4638609,..,..,..,..,..,..,..,..,..,..,..,..,..,..,..,..,..,..,..,..,..,..,..,..,..,..,..,..,..,..,..,..,..,..,0.5
BMUcc1996,Bermuda,BMU,North America,High income,1996,cc,1,1.3626213,0.43525349999999996,0.6488056,2.076437,75.4363736,8.8101983,60.9876484,89.8850987,..,..,..,..,..,..,..,..,..,..,..,..,..,..,..,..,..,..,..,..,..,..,..,..,..,..,..,..,..,..,..,..,..,..,0.875
BOLcc1996,Bolivia,BOL,Latin America & Caribbean,Lower middle income,1996,cc,4,-0.5750128999999999,0.2316749,-0.9549597,-0.1950661,36.215683999999996,4.6894551,28.524977699999997,43.9063903,..,..,..,..,..,..,..,..,..,0.125,..,..,..,..,..,..,..,..,..,..,..,..,..,..,..,..,..,0.5,..,..,0.306,..,..,..,0.375
BRAcc1996,Brazil,BRA,Latin America & Caribbean,Upper middle income,1996,cc,6,0.11941439999999999,0.1996623,-0.2080318,0.4468606,50.2719582,4.0414717,43.6439446,56.899971699999995,..,..,..,..,..,..,..,..,..,0.375,..,..,..,..,0.4583333,..,..,..,..,..,..,..,..,..,..,..,..,0.5,..,..,0.49,..,0.2757,..,0.625
BRBcc1996,Barbados,BRB,Latin America & Caribbean,High income,1996,cc,2,1.4589699999999999,0.3430487,0.8963701,2.0215699,77.38661909999999,6.9438325,65.9987338,88.7745044,..,..,..,..,..,..,..,..,..,..,..,..,..,..,..,..,..,..,..,..,..,..,..,..,..,..,..,..,..,..,0.9129999999999999,..,..,..,0.875
BRNcc1996,Brunei Darussalam,BRN,East Asia & Pacific,High income,1996,cc,2,0.7430806999999999,0.3486122,0.1713567,1.3148047,62.895921099999995,7.0564458,51.32335,74.4684922,..,..,..,..,..,..,..,..,..,..,..,..,..,..,..,..,..,..,..,..,..,..,..,..,..,..,..,0.6666667,..,..,..,..,..,..,0.625
BTNcc1996,Bhutan,BTN,South Asia,Lower middle income,1996,cc,2,0.7626075,0.3430487,0.20000759999999998,1.3252074,63.2911735,6.9438325,51.9032882,74.67905879999999,..,..,..,..,..,..,..,..,..,..,..,..,..,..,..,..,..,..,..,..,..,..,..,..,..,..,..,..,..,..,0.836,..,..,..,0.625
BWAcc1996,Botswana,BWA,Sub-Saharan Africa,Upper middle income,1996,cc,4,0.9915488,0.2316749,0.611602,1.3714956,67.9252968,4.689455,60.234590499999996,75.61600299999999,..,..,..,..,..,..,..,..,..,0.625,..,..,..,..,..,..,..,..,..,..,..,..,..,..,..,..,..,0.5,..,..,0.862,..,..,..,0.75
CAFcc1996,Central African Republic,CAF,Sub-Saharan Africa,Low income,1996,cc,2,-1.2343655999999998,0.3430487,-1.7969655,-0.6717657,22.8693735,6.9438325,11.4814882,34.2572589,..,..,..,..,..,..,..,..,..,..,..,..,..,..,..,..,..,..,..,..,..,..,..,..,..,..,..,..,..,..,0.27699999999999997,..,..,..,0.125
CANcc1996,Canada,CAN,North America,High income,1996,cc,6,2.1795226,0.1996623,1.8520763999999998,2.5069688,91.9717095,4.0414717,85.3436959,98.599723,..,..,..,..,..,..,..,..,..,0.875,..,..,..,..,0.8783333,..,..,..,..,..,..,..,..,..,..,..,..,1,..,..,0.965,..,0.876,..,0.875
CHEcc1996,Switzerland,CHE,Europe & Central Asia,High income,1996,cc,6,2.1073252,0.1996623,1.779879,2.4347714,90.5103233,4.0414717,83.8823097,97.1383369,..,..,..,..,..,..,..,..,..,0.875,..,..,..,..,0.87,..,..,..,..,..,..,..,..,..,..,..,..,0.8333332999999999,..,..,0.978,..,0.7958,..,1
CHLcc1996,Chile,CHL,Latin America & Caribbean,High income,1996,cc,6,1.5906957,0.1996623,1.2632495,1.9181419,80.0529494,4.0414717,73.4249359,86.68096299999999,..,..,..,..,..,..,..,..,..,0.75,..,..,..,..,0.7849999999999999,..,..,..,..,..,..,..,..,..,..,..,..,0.6666667,..,..,0.939,..,0.6810999999999999,..,0.875
CHNcc1996,China,CHN,East Asia & Pacific,Upper middle income,1996,cc,6,-0.3307815,0.1996623,-0.6582277,-0.0033353,41.1593023,4.0414717,34.5312887,47.787315899999996,..,..,..,..,..,..,..,..,..,0.25,..,..,..,..,0.48333329999999997,..,..,..,..,..,..,..,..,..,..,..,..,0.3333333,..,..,0.424,..,0.3186,..,0.375
CIVcc1996,Côte d’Ivoire,CIV,Sub-Saharan Africa,Lower middle income,1996,cc,4,0.0688334,0.2316749,-0.3111134,0.44878019999999996,49.2481211,4.6894551,41.5574148,56.938827399999994,..,..,..,..,..,..,..,..,..,0.5,..,..,..,..,..,..,..,..,..,..,..,..,..,..,..,..,..,0.5,..,..,0.381,..,..,..,0.375
CMRcc1996,Cameroon,CMR,Sub-Saharan Africa,Lower middle income,1996,cc,4,-1.1922875,0.2316749,-1.5722342999999999,-0.8123406999999999,23.721098899999998,4.689455,16.0303926,31.4118051,..,..,..,..,..,..,..,..,..,0,..,..,..,..,..,..,..,..,..,..,..,..,..,..,..,..,..,0.5,..,..,0.079,..,..,..,0.125
CODcc1996,"Congo, Dem. Rep.",COD,Sub-Saharan Africa,Low income,1996,cc,3,-1.8280343,0.2955622,-2.3127562999999998,-1.3433123,10.852608,5.9826324,1.0410909,20.664125199999997,..,..,..,..,..,..,..,..,..,..,..,..,..,..,..,..,..,..,..,..,..,..,..,..,..,..,..,0,..,..,0.086,..,..,..,0.125
COGcc1996,"Congo, Rep.",COG,Sub-Saharan Africa,Lower middle income,1996,cc,3,-0.7452266,0.2955622,-1.2299486,-0.2605046,32.7702975,5.9826324,22.9587804,42.5818146,..,..,..,..,..,..,..,..,..,..,..,..,..,..,..,..,..,..,..,..,..,..,..,..,..,..,..,0.5,..,..,0.361,..,..,..,0.125
COLcc1996,Colombia,COL,Latin America & Caribbean,Upper middle income,1996,cc,6,-0.5147524,0.1996623,-0.8421985999999999,-0.18730619999999998,37.435449,4.0414717,30.8074354,44.0634626,..,..,..,..,..,..,..,..,..,0.25,..,..,..,..,0.3233333,..,..,..,..,..,..,..,..,..,..,..,..,0.3333333,..,..,0.565,..,0.24439999999999998,..,0.25
COMcc1996,Comoros,COM,Sub-Saharan Africa,Lower middle income,1996,cc,2,-0.9078179,0.3430487,-1.4704177999999999,-0.34521799999999997,29.4792001,6.9438325,18.0913148,40.8670854,..,..,..,..,..,..,..,..,..,..,..,..,..,..,..,..,..,..,..,..,..,..,..,..,..,..,..,..,..,..,0.301,..,..,..,0.25
CPVcc1996,Cabo Verde,CPV,Sub-Saharan Africa,Upper middle income,1996,cc,1,0.8518842,0.4936907,0.0422315,1.6615369,65.0982709,9.9930568,48.709657799999995,81.48688399999999,..,..,..,..,..,..,..,..,..,..,..,..,..,..,..,..,..,..,..,..,..,..,..,..,..,..,..,..,..,..,0.767,..,..,..,..
CRIcc1996,Costa Rica,CRI,Latin America & Caribbean,High income,1996,cc,5,0.9596452,0.21722799999999998,0.6033913,1.3158991,67.2795189,4.3970278,60.0683933,74.4906446,..,..,..,..,..,..,..,..,..,0.625,..,..,..,..,0.4516667,..,..,..,..,..,..,..,..,..,..,..,..,0.8333332999999999,..,..,0.8009999999999999,..,..,..,0.625
CUBcc1996,Cuba,CUB,Latin America & Caribbean,Upper middle income,1996,cc,4,-0.0339506,0.2316749,-0.41389739999999997,0.3459962,47.1676152,4.689455,39.476909,54.858321499999995,..,..,..,..,..,..,..,..,..,0.25,..,..,..,..,..,..,..,..,..,..,..,..,..,..,..,..,..,0.5,..,..,0.421,..,..,..,0.625
CYMcc1996,Cayman Islands,CYM,Latin America & Caribbean,High income,1996,cc,1,1.3626213,0.43525349999999996,0.6488056,2.076437,75.4363736,8.8101983,60.9876484,89.8850987,..,..,..,..,..,..,..,..,..,..,..,..,..,..,..,..,..,..,..,..,..,..,..,..,..,..,..,..,..,..,..,..,..,..,0.875
CYPcc1996,Cyprus,CYP,Europe & Central Asia,High income,1996,cc,4,1.5416273999999999,0.2316749,1.1616806,1.9215742,79.0597317,4.689455,71.36902549999999,86.750438,..,..,..,..,..,..,..,..,..,0.875,..,..,..,..,..,..,..,..,..,..,..,..,..,..,..,..,..,0.8333332999999999,..,..,0.816,..,..,..,0.625
CZEcc1996,Czechia,CZE,Europe & Central Asia,High income,1996,cc,6,0.8082923999999999,0.1996623,0.4808462,1.1357386,64.215906,4.0414717,57.587892399999994,70.84391959999999,..,..,..,..,..,..,..,..,..,0.5,..,..,..,..,0.625,..,..,..,..,..,..,..,..,..,..,..,..,0.6666667,..,..,0.74,..,0.40659999999999996,..,0.75
DEUcc1996,Germany,DEU,Europe & Central Asia,High income,1996,cc,6,2.0380023,0.1996623,1.7105561,2.3654485,89.1071214,4.0414717,82.4791079,95.735135,..,..,..,..,..,..,..,..,..,0.875,..,..,..,..,0.8283332999999999,..,..,..,..,..,..,..,..,..,..,..,..,0.8333332999999999,..,..,0.989,..,0.7252,..,1
DJIcc1996,Djibouti,DJI,Middle East & North Africa,Lower middle income,1996,cc,2,-0.6200614999999999,0.3430487,-1.1826614,-0.057461599999999995,35.3038312,6.9438325,23.9159459,46.6917165,..,..,..,..,..,..,..,..,..,..,..,..,..,..,..,..,..,..,..,..,..,..,..,..,..,..,..,..,..,..,0.299,..,..,..,0.375
DMAcc1996,Dominica,DMA,Latin America & Caribbean,Upper middle income,1996,cc,1,0.8945863,0.43525349999999996,0.1807706,1.6084019999999999,65.962627,8.8101983,51.5139018,80.4113521,..,..,..,..,..,..,..,..,..,..,..,..,..,..,..,..,..,..,..,..,..,..,..,..,..,..,..,..,..,..,..,..,..,..,0.75
DNKcc1996,Denmark,DNK,Europe & Central Asia,High income,1996,cc,6,2.3558581,0.1996623,2.0284119,2.6833043,95.54101059999999,3.3801837999999997,88.91299699999999,100.0,..,..,..,..,..,..,..,..,..,0.875,..,..,..,..,0.8916666999999999,..,..,..,..,..,..,..,..,..,..,..,..,1,..,..,0.998,..,0.9546,..,1
DOMcc1996,Dominican Republic,DOM,Latin America & Caribbean,Upper middle income,1996,cc,4,-0.169797,0.2316749,-0.5497438,0.2101498,44.417875599999995,4.689455,36.7271694,52.1085819,..,..,..,..,..,..,..,..,..,0.25,..,..,..,..,..,..,..,..,..,..,..,..,..,..,..,..,..,0.6666667,..,..,0.182,..,..,..,0.5
DZAcc1996,Algeria,DZA,Middle East & North Africa,Upper middle income,1996,cc,4,-0.6307227,0.2316749,-1.0106694999999999,-0.2507759,35.0880322,4.689455,27.3973259,42.778738399999995,..,..,..,..,..,..,..,..,..,0.125,..,..,..,..,..,..,..,..,..,..,..,..,..,..,..,..,..,0.5,..,..,0.419,..,..,..,0.25
ECUcc1996,Ecuador,ECU,Latin America & Caribbean,Upper middle income,1996,cc,4,-0.5325772,0.2316749,-0.912524,-0.1526304,37.0746477,4.6894551,29.383941399999998,44.765353999999995,..,..,..,..,..,..,..,..,..,0.125,..,..,..,..,..,..,..,..,..,..,..,..,..,..,..,..,..,0.6666667,..,..,0.32899999999999996,..,..,..,0.25
EGYcc1996,"Egypt, Arab Rep.",EGY,Middle East & North Africa,Lower middle income,1996,cc,5,-0.2903698,0.21722799999999998,-0.6466237,0.0658841,41.9772971,4.3970278,34.7661715,49.1884228,..,..,..,..,..,..,..,..,..,0.25,..,..,..,..,0.8333332999999999,..,..,..,..,..,..,..,..,..,..,..,..,0.3333333,..,..,0.16799999999999998,..,..,..,0.375
ERIcc1996,Eritrea,ERI,Sub-Saharan Africa,Low income,1996,cc,2,0.5000207,0.3430487,-0.0625792,1.0626206,57.976013699999996,6.9438325,46.588128399999995,69.363899,..,..,..,..,..,..,..,..,..,..,..,..,..,..,..,..,..,..,..,..,..,..,..,..,..,..,..,..,..,..,0.6599999999999999,..,..,..,0.625
ESPcc1996,Spain,ESP,Europe & Central Asia,High income,1996,cc,6,1.5109982,0.1996623,1.183552,1.8384444,78.4397497,4.0414717,71.8117362,85.0677633,..,..,..,..,..,..,..,..,..,0.875,..,..,..,..,0.7066667,..,..,..,..,..,..,..,..,..,..,..,..,0.8333332999999999,..,..,0.961,..,0.3727,..,0.75
ESTcc1996,Estonia,EST,Europe & Central Asia,High income,1996,cc,3,0.48592929999999995,0.2525267,0.0717855,0.9000731,57.690782199999994,5.1115281,49.307876099999994,66.07368819999999,..,..,..,..,..,..,..,..,..,0.375,..,..,..,..,..,..,..,..,..,..,..,..,..,..,..,..,..,..,..,..,0.852,..,..,..,0.625
ETHcc1996,Ethiopia,ETH,Sub-Saharan Africa,,1996,cc,4,-0.9822702999999999,0.2316749,-1.3622170999999998,-0.6023235,27.972169299999997,4.689455,20.281463,35.6628755,..,..,..,..,..,..,..,..,..,0,..,..,..,..,..,..,..,..,..,..,..,..,..,..,..,..,..,0.3333333,..,..,0.427,..,..,..,0.25
FINcc1996,Finland,FIN,Europe & Central Asia,High income,1996,cc,6,2.3650037,0.1996623,2.0375574999999997,2.6924498999999997,95.7261316,3.3237444999999997,89.098118,100.0,..,..,..,..,..,..,..,..,..,0.875,..,..,..,..,0.9516667,..,..,..,..,..,..,..,..,..,..,..,..,1,..,..,0.985,..,0.9176,..,1
FJIcc1996,Fiji,FJI,East Asia & Pacific,Upper middle income,1996,cc,2,0.5492557,0.3430487,-0.013344199999999999,1.1118556,58.972605699999995,6.9438325,47.584720399999995,70.360491,..,..,..,..,..,..,..,..,..,..,..,..,..,..,..,..,..,..,..,..,..,..,..,..,..,..,..,..,..,..,0.693,..,..,..,0.625
FRAcc1996,France,FRA,Europe & Central Asia,High income,1996,cc,6,1.408111,0.1996623,1.0806647999999999,1.7355572,76.3571549,4.0414717,69.7291413,82.9851685,..,..,..,..,..,..,..,..,..,0.75,..,..,..,..,0.74,..,..,..,..,..,..,..,..,..,..,..,..,0.6666667,..,..,0.939,..,0.6,..,0.75
GABcc1996,Gabon,GAB,Sub-Saharan Africa,Upper middle income,1996,cc,4,-1.0853559,0.2316749,-1.4653026999999998,-0.7054091,25.8855585,4.689455,18.1948523,33.5762648,..,..,..,..,..,..,..,..,..,0,..,..,..,..,..,..,..,..,..,..,..,..,..,..,..,..,..,0.1666667,..,..,0.12,..,..,..,0.5
GBRcc1996,United Kingdom,GBR,Europe & Central Asia,High income,1996,cc,6,2.0506202,0.1996623,1.723174,2.3780664,89.3625271,4.0414717,82.73451349999999,95.99054059999999,..,..,..,..,..,..,..,..,..,0.875,..,..,..,..,0.9149999999999999,..,..,..,..,..,..,..,..,..,..,..,..,0.6666667,..,..,0.969,..,0.85,..,1
GEOcc1996,Georgia,GEO,Europe & Central Asia,Upper middle income,1996,cc,2,-1.4984444,0.3430487,-2.0610443,-0.9358445,17.524013399999998,6.9438325,6.1361281,28.9118987,..,..,..,..,..,..,..,..,..,..,..,..,..,..,..,..,..,..,..,..,..,..,..,..,..,..,..,..,..,..,0.09999999999999999,..,..,..,0.125
GHAcc1996,Ghana,GHA,Sub-Saharan Africa,Lower middle income,1996,cc,4,-0.21486619999999998,0.2316749,-0.5948129999999999,0.1650806,43.5056059,4.689455,35.8148996,51.1963121,..,..,..,..,..,..,..,..,..,0.25,..,..,..,..,..,..,..,..,..,..,..,..,..,..,..,..,..,0.5,..,..,0.35,..,..,..,0.5
GINcc1996,Guinea,GIN,Sub-Saharan Africa,Lower middle income,1996,cc,3,-0.5845241999999999,0.2955622,-1.0692462,-0.0998022,36.0231607,5.9826324,26.2116436,45.8346778,..,..,..,..,..,..,..,..,..,..,..,..,..,..,..,..,..,..,..,..,..,..,..,..,..,..,..,0.6666667,..,..,0.077,..,..,..,0.25
GMBcc1996,"Gambia, The",GMB,Sub-Saharan Africa,Low income,1996,cc,3,-0.2759315,0.2955622,-0.7606535,0.2087905,42.2695505,5.9826324,32.4580334,52.0810676,..,..,..,..,..,..,..,..,..,..,..,..,..,..,..,..,..,..,..,..,..,..,..,..,..,..,..,0.5,..,..,0.39499999999999996,..,..,..,0.375
GNBcc1996,Guinea-Bissau,GNB,Sub-Saharan Africa,Low income,1996,cc,3,-1.0103225999999998,0.2955622,-1.4950446,-0.5256006,27.4043477,5.9826324,17.5928306,37.2158648,..,..,..,..,..,..,..,..,..,..,..,..,..,..,..,..,..,..,..,..,..,..,..,..,..,..,..,0.3333333,..,..,0.161,..,..,..,0.25
GNQcc1996,Equatorial Guinea,GNQ,Sub-Saharan Africa,Upper middle income,1996,cc,3,-1.4153174,0.2525267,-1.8294612,-1.0011736,19.2066314,5.1115281,10.823725399999999,27.5895375,..,..,..,..,..,..,..,..,..,0,..,..,..,..,..,..,..,..,..,..,..,..,..,..,..,..,..,..,..,..,0.151,..,..,..,0.125
GRCcc1996,Greece,GRC,Europe & Central Asia,High income,1996,cc,6,0.704405,0.1996623,0.3769588,1.0318512,62.1130656,4.0414717,55.485051999999996,68.7410792,..,..,..,..,..,..,..,..,..,0.625,..,..,..,..,0.3333333,..,..,..,..,..,..,..,..,..,..,..,..,0.8333332999999999,..,..,0.735,..,0.298,..,0.625
GRDcc1996,Grenada,GRD,Latin America & Caribbean,Upper middle income,1996,cc,1,0.8945863,0.43525349999999996,0.1807706,1.6084019999999999,65.962627,8.8101983,51.5139018,80.4113521,..,..,..,..,..,..,..,..,..,..,..,..,..,..,..,..,..,..,..,..,..,..,..,..,..,..,..,..,..,..,..,..,..,..,0.75
GTMcc1996,Guatemala,GTM,Latin America & Caribbean,Upper middle income,1996,cc,5,-0.7777853,0.21722799999999998,-1.1340392,-0.4215314,32.111259499999996,4.3970278,24.9001338,39.3223851,..,..,..,..,..,..,..,..,..,0,..,..,..,..,0.2633333,..,..,..,..,..,..,..,..,..,..,..,..,0.6666667,..,..,0.223,..,..,..,0.375
GUFcc1996,French Guiana,GUF,,,1996,cc,1,0.8945863,0.43525349999999996,0.1807706,1.6084019999999999,65.962627,8.8101983,51.5139018,80.4113521,..,..,..,..,..,..,..,..,..,..,..,..,..,..,..,..,..,..,..,..,..,..,..,..,..,..,..,..,..,..,..,..,..,..,0.75
GUYcc1996,Guyana,GUY,Latin America & Caribbean,High income,1996,cc,3,-0.08765529999999999,0.2955622,-0.5723773,0.3970667,46.0805497,5.9826324,36.269032599999996,55.892066799999995,..,..,..,..,..,..,..,..,..,..,..,..,..,..,..,..,..,..,..,..,..,..,..,..,..,..,..,0.5,..,..,0.565,..,..,..,0.375
HKGcc1996,"Hong Kong SAR, China",HKG,East Asia & Pacific,High income,1996,cc,6,1.3940747999999998,0.1996623,1.0666286,1.7215209999999999,76.07304069999999,4.0414717,69.44502709999999,82.7010543,..,..,..,..,..,..,..,..,..,0.5,..,..,..,..,0.8733333,..,..,..,..,..,..,..,..,..,..,..,..,0.8333332999999999,..,..,0.938,..,0.7085,..,0.75
HNDcc1996,Honduras,HND,Latin America & Caribbean,Lower middle income,1996,cc,5,-1.1021006,0.21722799999999998,-1.4583545,-0.7458467,25.5466201,4.3970278,18.3354945,32.7577457,..,..,..,..,..,..,..,..,..,0,..,..,..,..,0.2583333,..,..,..,..,..,..,..,..,..,..,..,..,0.3333333,..,..,0.156,..,..,..,0.375
HRVcc1996,Croatia,HRV,Europe & Central Asia,High income,1996,cc,3,-0.7276258999999999,0.2525267,-1.1417697,-0.3134821,33.1265627,5.111528,24.7436567,41.5094687,..,..,..,..,..,..,..,..,..,0,..,..,..,..,..,..,..,..,..,..,..,..,..,..,..,..,..,..,..,..,0.417,..,..,..,0.5
HTIcc1996,Haiti,HTI,Latin America & Caribbean,Lower middle income,1996,cc,3,-0.9656205,0.2955622,-1.4503424999999999,-0.48089849999999995,28.3091868,5.9826324,18.4976697,38.120703899999995,..,..,..,..,..,..,..,..,..,..,..,..,..,..,..,..,..,..,..,..,..,..,..,..,..,..,..,0.5,..,..,0.162,..,..,..,0.125
HUNcc1996,Hungary,HUN,Europe & Central Asia,High income,1996,cc,6,0.9110362,0.1996623,0.5835899999999999,1.2384823999999999,66.2955982,4.0414717,59.6675846,72.9236117,..,..,..,..,..,..,..,..,..,0.625,..,..,..,..,0.5133333,..,..,..,..,..,..,..,..,..,..,..,..,0.8333332999999999,..,..,0.756,..,0.41109999999999997,..,0.625
IDNcc1996,Indonesia,IDN,East Asia & Pacific,Upper middle income,1996,cc,6,-0.8336705999999999,0.1996623,-1.1611167999999998,-0.5062244,30.9800552,4.0414717,24.352041699999997,37.6080688,..,..,..,..,..,..,..,..,..,0.25,..,..,..,..,0.25,..,..,..,..,..,..,..,..,..,..,..,..,0.5,..,..,0.056999999999999995,..,0.19499999999999998,..,0.125
INDcc1996,India,IND,South Asia,Lower middle income,1996,cc,6,-0.2644045,0.1996623,-0.5918507,0.06304169999999999,42.5028747,4.0414717,35.8748611,49.1308882,..,..,..,..,..,..,..,..,..,0.375,..,..,..,..,0.32,..,..,..,..,..,..,..,..,..,..,..,..,0.5,..,..,0.45199999999999996,..,0.16319999999999998,..,0.375
IRLcc1996,Ireland,IRL,Europe & Central Asia,High income,1996,cc,6,1.8849494,0.1996623,1.5575032,2.2123956,86.00909589999999,4.0414717,79.3810823,92.6371094,..,..,..,..,..,..,..,..,..,0.75,..,..,..,..,0.855,..,..,..,..,..,..,..,..,..,..,..,..,0.8333332999999999,..,..,0.9369999999999999,..,0.8765999999999999,..,0.875
IRNcc1996,"Iran, Islamic Rep.",IRN,Middle East & North Africa,Upper middle income,1996,cc,4,-0.43911829999999996,0.2316749,-0.8190651,-0.059171499999999995,38.9663992,4.689455,31.275692999999997,46.6571055,..,..,..,..,..,..,..,..,..,0,..,..,..,..,..,..,..,..,..,..,..,..,..,..,..,..,..,0.6666667,..,..,0.367,..,..,..,0.5
IRQcc1996,Iraq,IRQ,Middle East & North Africa,Upper middle income,1996,cc,4,-1.6212095,0.2316749,-2.0011563,-1.2412627,15.0390594,4.6894551,7.3483531,22.729765699999998,..,..,..,..,..,..,..,..,..,0,..,..,..,..,..,..,..,..,..,..,..,..,..,..,..,..,..,0.1666667,..,..,0.11199999999999999,..,..,..,0
ISLcc1996,Iceland,ISL,Europe & Central Asia,High income,1996,cc,5,1.8003533999999999,0.2363553,1.4127307,2.1879760999999998,84.29674299999999,4.7841941,76.45066469999999,92.1428213,..,..,..,..,..,..,..,..,..,..,..,..,..,..,0.4583333,..,..,..,..,..,..,..,..,..,..,..,..,1,..,..,0.987,..,0.8769,..,0.875
ISRcc1996,Israel,ISR,Middle East & North Africa,High income,1996,cc,6,1.6675231,0.1996623,1.3400769,1.9949693,81.6080539,4.0414717,74.9800403,88.23606749999999,..,..,..,..,..,..,..,..,..,0.875,..,..,..,..,0.7216667,..,..,..,..,..,..,..,..,..,..,..,..,0.8333332999999999,..,..,0.884,..,0.7999999999999999,..,0.625
ITAcc1996,Italy,ITA,Europe & Central Asia,High income,1996,cc,6,0.6955612,0.1996623,0.36811499999999997,1.0230074,61.9340535,4.0414717,55.306039999999996,68.5620671,..,..,..,..,..,..,..,..,..,0.625,..,..,..,..,0.4816667,..,..,..,..,..,..,..,..,..,..,..,..,0.6666667,..,..,0.752,..,0.3,..,0.625
JAMcc1996,Jamaica,JAM,Latin America & Caribbean,Upper middle income,1996,cc,4,0.1124381,0.2316749,-0.2675087,0.49238489999999996,50.130747199999995,4.689455,42.4400409,57.821453399999996,..,..,..,..,..,..,..,..,..,0.25,..,..,..,..,..,..,..,..,..,..,..,..,..,..,..,..,..,0.5,..,..,0.831,..,..,..,0.5
JORcc1996,Jordan,JOR,Middle East & North Africa,Lower middle income,1996,cc,5,0.1661306,0.21722799999999998,-0.1901233,0.5223845,51.217565699999994,4.3970278,44.0064401,58.4286914,..,..,..,..,..,..,..,..,..,0.375,..,..,..,..,0.4166667,..,..,..,..,..,..,..,..,..,..,..,..,0.6666667,..,..,0.531,..,..,..,0.5
JPNcc1996,Japan,JPN,East Asia & Pacific,High income,1996,cc,6,1.2058024999999999,0.1996623,0.8783563,1.5332487,72.2621204,4.0414717,65.63410689999999,78.890134,..,..,..,..,..,..,..,..,..,0.375,..,..,..,..,0.8066667,..,..,..,..,..,..,..,..,..,..,..,..,0.8333332999999999,..,..,0.888,..,0.6032,..,0.875
KAZcc1996,Kazakhstan,KAZ,Europe & Central Asia,Upper middle income,1996,cc,3,-1.2424102,0.2525267,-1.6565539999999999,-0.8282664,22.7065385,5.111528,14.323632499999999,31.0894445,..,..,..,..,..,..,..,..,..,0,..,..,..,..,..,..,..,..,..,..,..,..,..,..,..,..,..,..,..,..,0.16999999999999998,..,..,..,0.25
KENcc1996,Kenya,KEN,Sub-Saharan Africa,Lower middle income,1996,cc,4,-1.0195375,0.2316749,-1.3994843,-0.6395907,27.217824,4.689455,19.527117699999998,34.9085302,..,..,..,..,..,..,..,..,..,0,..,..,..,..,..,..,..,..,..,..,..,..,..,..,..,..,..,0.5,..,..,0.13799999999999998,..,..,..,0.25
KGZcc1996,Kyrgyz Republic,KGZ,Europe & Central Asia,Lower middle income,1996,cc,2,-0.8826482999999999,0.3430487,-1.4452482,-0.3200484,29.988671399999998,6.9438325,18.6007861,41.376556699999995,..,..,..,..,..,..,..,..,..,..,..,..,..,..,..,..,..,..,..,..,..,..,..,..,..,..,..,..,..,..,0.123,..,..,..,0.375
KHMcc1996,Cambodia,KHM,East Asia & Pacific,Lower middle income,1996,cc,3,-0.9042563,0.2525267,-1.3184000999999999,-0.49011249999999995,29.5512923,5.1115281,21.168386299999998,37.9341984,..,..,..,..,..,..,..,..,..,0.125,..,..,..,..,..,..,..,..,..,..,..,..,..,..,..,..,..,..,..,..,0.103,..,..,..,0.375
KORcc1996,"Korea, Rep.",KOR,East Asia & Pacific,High income,1996,cc,6,0.6237495,0.1996623,0.2963033,0.9511957,60.4804745,4.0414717,53.852461,67.1084881,..,..,..,..,..,..,..,..,..,0.5,..,..,..,..,0.4483333,..,..,..,..,..,..,..,..,..,..,..,..,0.8333332999999999,..,..,0.709,..,0.4493,..,0.5
KWTcc1996,Kuwait,KWT,Middle East & North Africa,High income,1996,cc,4,0.6781773,0.2316749,0.2982305,1.0581241,61.5821767,4.6894551,53.891470399999996,69.272883,..,..,..,..,..,..,..,..,..,0.5,..,..,..,..,..,..,..,..,..,..,..,..,..,..,..,..,..,0.5,..,..,0.497,..,..,..,0.875
LAOcc1996,Lao PDR,LAO,East Asia & Pacific,Lower middle income,1996,cc,2,-0.7304672999999999,0.3430487,-1.2930671999999999,-0.1678674,33.0690484,6.9438325,21.6811631,44.4569337,..,..,..,..,..,..,..,..,..,..,..,..,..,..,..,..,..,..,..,..,..,..,..,..,..,..,..,..,..,..,0.22499999999999998,..,..,..,0.375
LBNcc1996,Lebanon,LBN,Middle East & North Africa,Lower middle income,1996,cc,4,-0.6329891,0.2316749,-1.0129359,-0.2530423,35.0421567,4.689455,27.3514505,42.732862999999995,..,..,..,..,..,..,..,..,..,0.25,..,..,..,..,..,..,..,..,..,..,..,..,..,..,..,..,..,0.1666667,..,..,0.204,..,..,..,0.5
LBRcc1996,Liberia,LBR,Sub-Saharan Africa,Low income,1996,cc,3,-1.4944168999999998,0.2955622,-1.9791389,-1.0096949,17.6055362,5.9826324,7.7940191,27.4170533,..,..,..,..,..,..,..,..,..,..,..,..,..,..,..,..,..,..,..,..,..,..,..,..,..,..,..,0.1666667,..,..,0.153,..,..,..,0.125
LBYcc1996,Libya,LBY,Middle East & North Africa,Upper middle income,1996,cc,4,-0.7275475,0.2316749,-1.1074943,-0.3476007,33.1281496,4.6894551,25.437443299999998,40.818855899999996,..,..,..,..,..,..,..,..,..,0,..,..,..,..,..,..,..,..,..,..,..,..,..,..,..,..,..,0.6666667,..,..,0.13799999999999998,..,..,..,0.375
LIEcc1996,Liechtenstein,LIE,Europe & Central Asia,High income,1996,cc,1,1.3626213,0.43525349999999996,0.6488056,2.076437,75.4363736,8.8101983,60.9876484,89.8850987,..,..,..,..,..,..,..,..,..,..,..,..,..,..,..,..,..,..,..,..,..,..,..,..,..,..,..,..,..,..,..,..,..,..,0.875
LKAcc1996,Sri Lanka,LKA,South Asia,Lower middle income,1996,cc,4,0.0908216,0.2316749,-0.28912519999999997,0.4707684,49.693196,4.6894551,42.0024897,57.383902299999995,..,..,..,..,..,..,..,..,..,0.25,..,..,..,..,..,..,..,..,..,..,..,..,..,..,..,..,..,0.6666667,..,..,0.565,..,..,..,0.5
LSOcc1996,Lesotho,LSO,Sub-Saharan Africa,Lower middle income,1996,cc,2,-0.2575126,0.3430487,-0.8201124999999999,0.3050873,42.6423773,6.9438325,31.254492,54.0302626,..,..,..,..,..,..,..,..,..,..,..,..,..,..,..,..,..,..,..,..,..,..,..,..,..,..,..,..,..,..,0.5419999999999999,..,..,..,0.375
LTUcc1996,Lithuania,LTU,Europe & Central Asia,High income,1996,cc,3,0.4479313,0.2525267,0.0337875,0.8620751,56.9216444,5.1115281,48.5387383,65.3045504,..,..,..,..,..,..,..,..,..,0.375,..,..,..,..,..,..,..,..,..,..,..,..,..,..,..,..,..,..,..,..,0.8049999999999999,..,..,..,0.625
LUXcc1996,Luxembourg,LUX,Europe & Central Asia,High income,1996,cc,5,2.252685,0.2363553,1.8650623,2.6403076999999997,93.45262869999999,4.3882468,85.60655039999999,100.0,..,..,..,..,..,..,..,..,..,..,..,..,..,..,0.945,..,..,..,..,..,..,..,..,..,..,..,..,1,..,..,0.945,..,0.7545,..,1
LVAcc1996,Latvia,LVA,Europe & Central Asia,High income,1996,cc,3,-0.294776,0.2525267,-0.7089198,0.1193678,41.8881089,5.111528,33.5052029,50.2710149,..,..,..,..,..,..,..,..,..,0.125,..,..,..,..,..,..,..,..,..,..,..,..,..,..,..,..,..,..,..,..,0.6619999999999999,..,..,..,0.5
MACcc1996,"Macao SAR, China",MAC,East Asia & Pacific,High income,1996,cc,1,0.42655139999999997,0.43525349999999996,-0.2872643,1.1403671,56.488882399999994,8.8101983,42.040157199999996,70.9376075,..,..,..,..,..,..,..,..,..,..,..,..,..,..,..,..,..,..,..,..,..,..,..,..,..,..,..,..,..,..,..,..,..,..,0.625
MARcc1996,Morocco,MAR,Middle East & North Africa,Lower middle income,1996,cc,4,-0.1050425,0.2316749,-0.48498929999999996,0.2749043,45.7286061,4.6894551,38.0378998,53.419312399999995,..,..,..,..,..,..,..,..,..,0.375,..,..,..,..,..,..,..,..,..,..,..,..,..,..,..,..,..,0.5,..,..,0.221,..,..,..,0.5
MDAcc1996,Moldova,MDA,Europe & Central Asia,Upper middle income,1996,cc,3,-0.16235739999999999,0.2525267,-0.5765011999999999,0.25178639999999997,44.5684646,5.1115281,36.1855585,52.9513706,..,..,..,..,..,..,..,..,..,0.375,..,..,..,..,..,..,..,..,..,..,..,..,..,..,..,..,..,..,..,..,0.245,..,..,..,0.5
MDGcc1996,Madagascar,MDG,Sub-Saharan Africa,Low income,1996,cc,3,0.052004499999999995,0.2955622,-0.4327175,0.5367265,48.907478399999995,5.9826324,39.0959612,58.7189955,..,..,..,..,..,..,..,..,..,..,..,..,..,..,..,..,..,..,..,..,..,..,..,..,..,..,..,0.6666667,..,..,0.262,..,..,..,0.5
MDVcc1996,Maldives,MDV,South Asia,Upper middle income,1996,cc,2,-0.14600259999999998,0.3430487,-0.7086024999999999,0.4165973,44.899510799999995,6.9438325,33.5116255,56.287396099999995,..,..,..,..,..,..,..,..,..,..,..,..,..,..,..,..,..,..,..,..,..,..,..,..,..,..,..,..,..,..,0.22699999999999998,..,..,..,0.625
MEXcc1996,Mexico,MEX,Latin America & Caribbean,Upper middle income,1996,cc,6,-0.6581789,0.1996623,-0.9856250999999999,-0.3307327,34.5322765,4.0414717,27.904263,41.1602901,..,..,..,..,..,..,..,..,..,0.125,..,..,..,..,0.44166669999999997,..,..,..,..,..,..,..,..,..,..,..,..,0.3333333,..,..,0.34199999999999997,..,0.1512,..,0.375
MKDcc1996,North Macedonia,MKD,Europe & Central Asia,Upper middle income,1996,cc,3,-0.5970382,0.2525267,-1.011182,-0.18289439999999998,35.7698581,5.1115281,27.3869521,44.1527642,..,..,..,..,..,..,..,..,..,0.125,..,..,..,..,..,..,..,..,..,..,..,..,..,..,..,..,..,..,..,..,0.483,..,..,..,0.375
MLIcc1996,Mali,MLI,Sub-Saharan Africa,Low income,1996,cc,3,-0.5107229999999999,0.2955622,-0.9954449999999999,-0.026001,37.5170102,5.9826324,27.705493099999998,47.3285273,..,..,..,..,..,..,..,..,..,..,..,..,..,..,..,..,..,..,..,..,..,..,..,..,..,..,..,0.5,..,..,0.183,..,..,..,0.375
MLTcc1996,Malta,MLT,Middle East & North Africa,High income,1996,cc,3,0.8913508,0.2955622,0.40662879999999996,1.3760728,65.89713549999999,5.9826324,56.085618399999994,75.7086526,..,..,..,..,..,..,..,..,..,..,..,..,..,..,..,..,..,..,..,..,..,..,..,..,..,..,..,0.6666667,..,..,0.825,..,..,..,0.625
MMRcc1996,Myanmar,MMR,East Asia & Pacific,Lower middle income,1996,cc,4,-1.4879265,0.2316749,-1.8678732999999998,-1.1079797,17.736911799999998,4.689455,10.0462056,25.4276181,..,..,..,..,..,..,..,..,..,0,..,..,..,..,..,..,..,..,..,..,..,..,..,..,..,..,..,0.1666667,..,..,0.11299999999999999,..,..,..,0.125
MNGcc1996,Mongolia,MNG,East Asia & Pacific,Upper middle income,1996,cc,3,0.2481772,0.2955622,-0.2365448,0.7328992,52.8783148,5.9826324,43.066797699999995,62.689831899999994,..,..,..,..,..,..,..,..,..,..,..,..,..,..,..,..,..,..,..,..,..,..,..,..,..,..,..,0.6666667,..,..,0.634,..,..,..,0.375
MOZcc1996,Mozambique,MOZ,Sub-Saharan Africa,Low income,1996,cc,4,-0.222016,0.2316749,-0.6019628,0.15793079999999998,43.3608829,4.689455,35.6701767,51.051589199999995,..,..,..,..,..,..,..,..,..,0.25,..,..,..,..,..,..,..,..,..,..,..,..,..,..,..,..,..,0.6666667,..,..,0.495,..,..,..,0.25
MRTcc1996,Mauritania,MRT,Sub-Saharan Africa,Lower middle income,1996,cc,2,-0.5575926,0.3430487,-1.1201925,0.0050073,36.5682976,6.9438325,25.1804123,47.956182899999995,..,..,..,..,..,..,..,..,..,..,..,..,..,..,..,..,..,..,..,..,..,..,..,..,..,..,..,..,..,..,0.146,..,..,..,0.5
MTQcc1996,Martinique,MTQ,,,1996,cc,1,0.8945863,0.43525349999999996,0.1807706,1.6084019999999999,65.962627,8.8101983,51.5139018,80.4113521,..,..,..,..,..,..,..,..,..,..,..,..,..,..,..,..,..,..,..,..,..,..,..,..,..,..,..,..,..,..,..,..,..,..,0.75
MUScc1996,Mauritius,MUS,Sub-Saharan Africa,Upper middle income,1996,cc,2,0.4571539,0.297655,-0.031000299999999998,0.9453081,57.108323899999995,6.0249939999999995,47.2273338,66.989314,..,..,..,..,..,..,..,..,..,0.5,..,..,..,..,..,..,..,..,..,..,..,..,..,..,..,..,..,..,..,..,0.534,..,..,..,..
MWIcc1996,Malawi,MWI,Sub-Saharan Africa,Low income,1996,cc,4,-0.4138309,0.2316749,-0.7937776999999999,-0.0338841,39.478255,4.6894551,31.7875487,47.1689613,..,..,..,..,..,..,..,..,..,0.125,..,..,..,..,..,..,..,..,..,..,..,..,..,..,..,..,..,0.5,..,..,0.348,..,..,..,0.5
MYScc1996,Malaysia,MYS,East Asia & Pacific,Upper middle income,1996,cc,6,0.35184509999999997,0.1996623,0.024398899999999998,0.6792912999999999,54.976712199999994,4.0414717,48.3486986,61.6047258,..,..,..,..,..,..,..,..,..,0.375,..,..,..,..,0.505,..,..,..,..,..,..,..,..,..,..,..,..,0.6666667,..,..,0.444,..,0.4352,..,0.625
NAMcc1996,Namibia,NAM,Sub-Saharan Africa,Lower middle income,1996,cc,4,0.9179482999999999,0.2316749,0.5380015,1.2978950999999999,66.4355097,4.6894551,58.744803399999995,74.126216,..,..,..,..,..,..,..,..,..,0.5,..,..,..,..,..,..,..,..,..,..,..,..,..,..,..,..,..,0.6666667,..,..,0.8099999999999999,..,..,..,0.75
NERcc1996,Niger,NER,Sub-Saharan Africa,Low income,1996,cc,3,-0.7843911,0.2955622,-1.2691131,-0.29966909999999997,31.977547899999998,5.9826324,22.166030799999998,41.789065,..,..,..,..,..,..,..,..,..,..,..,..,..,..,..,..,..,..,..,..,..,..,..,..,..,..,..,0.3333333,..,..,0.365,..,..,..,0.25
NGAcc1996,Nigeria,NGA,Sub-Saharan Africa,Lower middle income,1996,cc,4,-1.1619134,0.2316749,-1.5418602,-0.7819666,24.3359173,4.689455,16.645211,32.0266235,..,..,..,..,..,..,..,..,..,0,..,..,..,..,..,..,..,..,..,..,..,..,..,..,..,..,..,0.3333333,..,..,0.163,..,..,..,0.25
NICcc1996,Nicaragua,NIC,Latin America & Caribbean,Lower middle income,1996,cc,5,-0.4894379,0.21722799999999998,-0.8456918,-0.133184,37.9478533,4.3970278,30.7367277,45.1589789,..,..,..,..,..,..,..,..,..,0.25,..,..,..,..,0.24833329999999998,..,..,..,..,..,..,..,..,..,..,..,..,0.6666667,..,..,0.33899999999999997,..,..,..,0.25
NLDcc1996,Netherlands,NLD,Europe & Central Asia,High income,1996,cc,6,2.2506276,0.1996623,1.9231813999999998,2.5780738,93.4109838,4.0295822999999995,86.7829702,100.0,..,..,..,..,..,..,..,..,..,0.875,..,..,..,..,0.8666667,..,..,..,..,..,..,..,..,..,..,..,..,1,..,..,0.981,..,0.8343999999999999,..,1
NORcc1996,Norway,NOR,Europe & Central Asia,High income,1996,cc,6,2.2358013999999997,0.1996623,1.9083552,2.5632476,93.1108787,4.0414717,86.48286519999999,99.73889229999999,..,..,..,..,..,..,..,..,..,0.875,..,..,..,..,0.9333332999999999,..,..,..,..,..,..,..,..,..,..,..,..,0.8333332999999999,..,..,0.994,..,0.9129999999999999,..,1
NPLcc1996,Nepal,NPL,South Asia,Lower middle income,1996,cc,2,-0.5232773,0.3430487,-1.0858771999999999,0.0393226,37.2628919,6.9438325,25.8750066,48.6507772,..,..,..,..,..,..,..,..,..,..,..,..,..,..,..,..,..,..,..,..,..,..,..,..,..,..,..,..,..,..,0.16899999999999998,..,..,..,0.5
NZLcc1996,New Zealand,NZL,East Asia & Pacific,High income,1996,cc,6,2.3420297,0.1996623,2.0145835,2.6694758999999997,95.26110249999999,3.4655215999999998,88.633089,100.0,..,..,..,..,..,..,..,..,..,1,..,..,..,..,0.8716666999999999,..,..,..,..,..,..,..,..,..,..,..,..,0.8333332999999999,..,..,0.991,..,0.9166,..,1
OMNcc1996,Oman,OMN,Middle East & North Africa,High income,1996,cc,4,0.5024369,0.2316749,0.12249009999999999,0.8823837,58.024921299999995,4.689455,50.334215099999994,65.71562759999999,..,..,..,..,..,..,..,..,..,0.375,..,..,..,..,..,..,..,..,..,..,..,..,..,..,..,..,..,0.5,..,..,0.724,..,..,..,0.75
PAKcc1996,Pakistan,PAK,South Asia,Lower middle income,1996,cc,4,-1.1564695999999999,0.2316749,-1.5364164,-0.7765228,24.4461081,4.6894551,16.755401799999998,32.1368144,..,..,..,..,..,..,..,..,..,0,..,..,..,..,..,..,..,..,..,..,..,..,..,..,..,..,..,0.3333333,..,..,0.17099999999999999,..,..,..,0.25
PANcc1996,Panama,PAN,Latin America & Caribbean,High income,1996,cc,4,-0.32457959999999997,0.2316749,-0.7045264,0.0553672,41.2848383,4.6894551,33.594132,48.9755446,..,..,..,..,..,..,..,..,..,0.25,..,..,..,..,..,..,..,..,..,..,..,..,..,..,..,..,..,0.3333333,..,..,0.423,..,..,..,0.5
PERcc1996,Peru,PER,Latin America & Caribbean,Upper middle income,1996,cc,5,-0.4211294,0.21722799999999998,-0.7773833,-0.0648755,39.3305222,4.3970278,32.1193966,46.5416478,..,..,..,..,..,..,..,..,..,0.125,..,..,..,..,0.605,..,..,..,..,..,..,..,..,..,..,..,..,0.5,..,..,0.309,..,..,..,0.375
PHLcc1996,Philippines,PHL,East Asia & Pacific,Lower middle income,1996,cc,6,-0.3548232,0.1996623,-0.6822693999999999,-0.027377,40.672661399999996,4.0414717,34.0446478,47.300675,..,..,..,..,..,..,..,..,..,0.375,..,..,..,..,0.255,..,..,..,..,..,..,..,..,..,..,..,..,0.5,..,..,0.28099999999999997,..,0.2229,..,0.375
PNGcc1996,Papua New Guinea,PNG,East Asia & Pacific,Lower middle income,1996,cc,4,-0.3270546,0.2316749,-0.7070014,0.0528922,41.2347405,4.6894551,33.5440342,48.925446799999996,..,..,..,..,..,..,..,..,..,0.25,..,..,..,..,..,..,..,..,..,..,..,..,..,..,..,..,..,0.5,..,..,0.38,..,..,..,0.375
POLcc1996,Poland,POL,Europe & Central Asia,High income,1996,cc,6,0.8425298,0.1996623,0.5150836,1.169976,64.9089235,4.0414717,58.28091,71.5369371,..,..,..,..,..,..,..,..,..,0.5,..,..,..,..,0.3916667,..,..,..,..,..,..,..,..,..,..,..,..,0.8333332999999999,..,..,0.9179999999999999,..,0.38039999999999996,..,0.75
PRIcc1996,Puerto Rico (U.S.),PRI,Latin America & Caribbean,High income,1996,cc,1,0.42655139999999997,0.43525349999999996,-0.2872643,1.1403671,56.488882399999994,8.8101983,42.040157199999996,70.9376075,..,..,..,..,..,..,..,..,..,..,..,..,..,..,..,..,..,..,..,..,..,..,..,..,..,..,..,..,..,..,..,..,..,..,0.625
PRKcc1996,"Korea, Dem. People's Rep.",PRK,East Asia & Pacific,Low income,1996,cc,3,-1.2924489,0.2955622,-1.7771709,-0.8077268999999999,21.6936784,5.9826324,11.8821613,31.5051955,..,..,..,..,..,..,..,..,..,..,..,..,..,..,..,..,..,..,..,..,..,..,..,..,..,..,..,0.3333333,..,..,0.296,..,..,..,0
PRTcc1996,Portugal,PRT,Europe & Central Asia,High income,1996,cc,6,1.5765050999999999,0.1996623,1.2490588999999999,1.9039513,79.76570989999999,4.0414717,73.1376963,86.3937235,..,..,..,..,..,..,..,..,..,0.875,..,..,..,..,0.7116667,..,..,..,..,..,..,..,..,..,..,..,..,0.8333332999999999,..,..,0.9059999999999999,..,0.5081,..,0.75
PRYcc1996,Paraguay,PRY,Latin America & Caribbean,Upper middle income,1996,cc,4,-1.2696619999999998,0.2316749,-1.6496088,-0.8897151999999999,22.1549202,4.689455,14.464214,29.845626499999998,..,..,..,..,..,..,..,..,..,0.125,..,..,..,..,..,..,..,..,..,..,..,..,..,..,..,..,..,0.3333333,..,..,0.104,..,..,..,0
PSEcc1996,West Bank and Gaza,PSE,Middle East & North Africa,Lower middle income,1996,cc,2,-0.3498209,0.3430487,-0.9124207999999999,0.212779,40.773915599999995,6.9438325,29.386030299999998,52.161800899999996,..,..,..,..,..,..,..,..,..,..,..,..,..,..,..,..,..,..,..,..,..,..,..,..,..,..,..,..,..,..,0.6749999999999999,..,..,..,0.25
QATcc1996,Qatar,QAT,Middle East & North Africa,High income,1996,cc,4,0.0474585,0.2316749,-0.33248829999999996,0.4274053,48.8154603,4.689455,41.1247541,56.5061666,..,..,..,..,..,..,..,..,..,0.25,..,..,..,..,..,..,..,..,..,..,..,..,..,..,..,..,..,0.3333333,..,..,0.58,..,..,..,0.75
ROUcc1996,Romania,ROU,Europe & Central Asia,High income,1996,cc,4,-0.2570551,0.2316749,-0.6370019,0.12289169999999999,42.651637799999996,4.6894551,34.9609315,50.3423441,..,..,..,..,..,..,..,..,..,0.25,..,..,..,..,..,..,..,..,..,..,..,..,..,..,..,..,..,0.5,..,..,0.288,..,..,..,0.5
RUScc1996,Russian Federation,RUS,Europe & Central Asia,High income,1996,cc,6,-0.9704328,0.1996623,-1.297879,-0.6429866,28.2117784,4.0414717,21.5837649,34.839791999999996,..,..,..,..,..,..,..,..,..,0.125,..,..,..,..,0.2883333,..,..,..,..,..,..,..,..,..,..,..,..,0.3333333,..,..,0.22399999999999998,..,0.0742,..,0.25
RWAcc1996,Rwanda,RWA,Sub-Saharan Africa,Low income,1996,cc,2,-0.80338,0.3430487,-1.3659799,-0.2407801,31.5931835,6.9438325,20.2052981,42.981068799999996,..,..,..,..,..,..,..,..,..,..,..,..,..,..,..,..,..,..,..,..,..,..,..,..,..,..,..,..,..,..,0.371,..,..,..,0.25
SAUcc1996,Saudi Arabia,SAU,Middle East & North Africa,High income,1996,cc,4,-0.38177239999999996,0.2316749,-0.7617191999999999,-0.0018256,40.1271683,4.689455,32.436462,47.817874499999995,..,..,..,..,..,..,..,..,..,0,..,..,..,..,..,..,..,..,..,..,..,..,..,..,..,..,..,0.3333333,..,..,0.53,..,..,..,0.75
SDNcc1996,Sudan,SDN,Sub-Saharan Africa,Low income,1996,cc,4,-1.3165375,0.2316749,-1.6964842999999998,-0.9365907,21.2060882,4.6894551,13.5153819,28.8967945,..,..,..,..,..,..,..,..,..,0,..,..,..,..,..,..,..,..,..,..,..,..,..,..,..,..,..,0.1666667,..,..,0.16999999999999998,..,..,..,0.25
SENcc1996,Senegal,SEN,Sub-Saharan Africa,Lower middle income,1996,cc,4,-0.0413473,0.2316749,-0.4212941,0.3385995,47.0178947,4.689455,39.3271884,54.7086009,..,..,..,..,..,..,..,..,..,0.25,..,..,..,..,..,..,..,..,..,..,..,..,..,..,..,..,..,0.5,..,..,0.605,..,..,..,0.5
SGPcc1996,Singapore,SGP,East Asia & Pacific,High income,1996,cc,6,1.9582214,0.1996623,1.6307752,2.2856676,87.49223359999999,4.0414717,80.86422,94.1202471,..,..,..,..,..,..,..,..,..,0.75,..,..,..,..,0.9033333,..,..,..,..,..,..,..,..,..,..,..,..,0.6666667,..,..,0.991,..,0.9269,..,1
SLBcc1996,Solomon Islands,SLB,East Asia & Pacific,Lower middle income,1996,cc,1,0.41619409999999996,0.4936907,-0.3934586,1.2258468,56.279234699999996,9.9930568,39.890621599999996,72.66784779999999,..,..,..,..,..,..,..,..,..,..,..,..,..,..,..,..,..,..,..,..,..,..,..,..,..,..,..,..,..,..,0.626,..,..,..,..
SLEcc1996,Sierra Leone,SLE,Sub-Saharan Africa,Low income,1996,cc,3,-0.6468024,0.2955622,-1.1315244,-0.16208039999999999,34.7625544,5.9826324,24.9510372,44.574071499999995,..,..,..,..,..,..,..,..,..,..,..,..,..,..,..,..,..,..,..,..,..,..,..,..,..,..,..,0.5,..,..,0.255,..,..,..,0.25
SLVcc1996,El Salvador,SLV,Latin America & Caribbean,Upper middle income,1996,cc,5,-0.8811521,0.21722799999999998,-1.237406,-0.5248982,30.018956799999998,4.3970278,22.8078312,37.2300824,..,..,..,..,..,..,..,..,..,0,..,..,..,..,0.41333329999999996,..,..,..,..,..,..,..,..,..,..,..,..,0.5,..,..,0.27999999999999997,..,..,..,0.25
SOMcc1996,Federal Republic of Somalia,SOM,Sub-Saharan Africa,Low income,1996,cc,3,-1.6162425999999999,0.2955622,-2.1009645999999997,-1.1315206,15.1395971,5.9826324,5.32808,24.9511142,..,..,..,..,..,..,..,..,..,..,..,..,..,..,..,..,..,..,..,..,..,..,..,..,..,..,..,0.1666667,..,..,0.043,..,..,..,0.125
SRBcc1996,Serbia,SRB,Europe & Central Asia,Upper middle income,1996,cc,4,-1.0351882,0.2316749,-1.415135,-0.6552414,26.9010298,4.689455,19.210323499999998,34.591736,..,..,..,..,..,..,..,..,..,0,..,..,..,..,..,..,..,..,..,..,..,..,..,..,..,..,..,0.5,..,..,0.11499999999999999,..,..,..,0.25
STPcc1996,São Tomé and Príncipe,STP,Sub-Saharan Africa,Lower middle income,1996,cc,2,0.3420657,0.3430487,-0.22053419999999999,0.9046656,54.778762199999996,6.9438325,43.3908768,66.1666475,..,..,..,..,..,..,..,..,..,..,..,..,..,..,..,..,..,..,..,..,..,..,..,..,..,..,..,..,..,..,0.749,..,..,..,0.5
SURcc1996,Suriname,SUR,Latin America & Caribbean,Upper middle income,1996,cc,3,0.3828912,0.2955622,-0.1018308,0.8676132,55.6051329,5.9826324,45.7936158,65.41664999999999,..,..,..,..,..,..,..,..,..,..,..,..,..,..,..,..,..,..,..,..,..,..,..,..,..,..,..,0.5,..,..,0.7949999999999999,..,..,..,0.5
SVKcc1996,Slovak Republic,SVK,Europe & Central Asia,High income,1996,cc,5,0.36811259999999996,0.21722799999999998,0.0118587,0.7243664999999999,55.305991399999996,4.3970278,48.0948658,62.517117,..,..,..,..,..,..,..,..,..,0.5,..,..,..,..,0.5599999999999999,..,..,..,..,..,..,..,..,..,..,..,..,0.5,..,..,0.622,..,..,..,0.5
SVNcc1996,Slovenia,SVN,Europe & Central Asia,High income,1996,cc,3,1.3623532,0.2525267,0.9482094,1.776497,75.4309468,5.1115281,67.0480408,83.8138529,..,..,..,..,..,..,..,..,..,0.75,..,..,..,..,..,..,..,..,..,..,..,..,..,..,..,..,..,..,..,..,0.87,..,..,..,0.75
SWEcc1996,Sweden,SWE,Europe & Central Asia,High income,1996,cc,6,2.4786918,0.1996623,2.1512455999999998,2.806138,98.0273532,2.6221525999999997,91.39933959999999,100.0,..,..,..,..,..,..,..,..,..,1,..,..,..,..,0.9366667,..,..,..,..,..,..,..,..,..,..,..,..,1,..,..,0.996,..,0.8745999999999999,..,1
SWZcc1996,Eswatini,SWZ,Sub-Saharan Africa,Lower middle income,1996,cc,2,0.021292,0.3430487,-0.5413079,0.5838919,48.2858102,6.9438325,36.8979249,59.673695499999994,..,..,..,..,..,..,..,..,..,..,..,..,..,..,..,..,..,..,..,..,..,..,..,..,..,..,..,..,..,..,0.534,..,..,..,0.5
SYCcc1996,Seychelles,SYC,Sub-Saharan Africa,High income,1996,cc,2,0.640072,0.3430487,0.0774721,1.2026719,60.810866999999995,6.9438325,49.4229817,72.1987523,..,..,..,..,..,..,..,..,..,..,..,..,..,..,..,..,..,..,..,..,..,..,..,..,..,..,..,..,..,..,0.5589999999999999,..,..,..,0.75
SYRcc1996,Syrian Arab Republic,SYR,Middle East & North Africa,Low income,1996,cc,4,-0.7357131,0.2316749,-1.1156599,-0.3557663,32.9628653,4.689455,25.2721591,40.6535716,..,..,..,..,..,..,..,..,..,0,..,..,..,..,..,..,..,..,..,..,..,..,..,..,..,..,..,0.6666667,..,..,0.126,..,..,..,0.375
TCDcc1996,Chad,TCD,Sub-Saharan Africa,Low income,1996,cc,2,-1.2927463,0.3430487,-1.8553461999999998,-0.7301464,21.6876586,6.9438325,10.2997733,33.0755439,..,..,..,..,..,..,..,..,..,..,..,..,..,..,..,..,..,..,..,..,..,..,..,..,..,..,..,..,..,..,0.043,..,..,..,0.25
TGOcc1996,Togo,TGO,Sub-Saharan Africa,Low income,1996,cc,3,-0.7269447,0.2955622,-1.2116666999999999,-0.24222269999999999,33.1403512,5.9826324,23.328834099999998,42.9518683,..,..,..,..,..,..,..,..,..,..,..,..,..,..,..,..,..,..,..,..,..,..,..,..,..,..,..,0.3333333,..,..,0.222,..,..,..,0.375
THAcc1996,Thailand,THA,East Asia & Pacific,Upper middle income,1996,cc,6,-0.18341539999999998,0.1996623,-0.5108616,0.1440308,44.142218299999996,4.0414717,37.5142047,50.7702319,..,..,..,..,..,..,..,..,..,0.375,..,..,..,..,0.25666669999999997,..,..,..,..,..,..,..,..,..,..,..,..,0.5,..,..,0.237,..,0.2162,..,0.625
TJKcc1996,Tajikistan,TJK,Europe & Central Asia,Lower middle income,1996,cc,2,-1.3567072,0.3430487,-1.9193071,-0.7941073,20.3929918,6.9438325,9.0051065,31.780877099999998,..,..,..,..,..,..,..,..,..,..,..,..,..,..,..,..,..,..,..,..,..,..,..,..,..,..,..,..,..,..,0.19499999999999998,..,..,..,0.125
TKMcc1996,Turkmenistan,TKM,Europe & Central Asia,Upper middle income,1996,cc,2,-0.9244235,0.3430487,-1.4870234,-0.36182359999999997,29.143077299999998,6.9438325,17.755191999999997,40.530962599999995,..,..,..,..,..,..,..,..,..,..,..,..,..,..,..,..,..,..,..,..,..,..,..,..,..,..,..,..,..,..,0.095,..,..,..,0.375
TTOcc1996,Trinidad and Tobago,TTO,Latin America & Caribbean,High income,1996,cc,4,0.8480589,0.2316749,0.4681121,1.2280057,65.02084099999999,4.6894551,57.330134699999995,72.71154729999999,..,..,..,..,..,..,..,..,..,0.625,..,..,..,..,..,..,..,..,..,..,..,..,..,..,..,..,..,0.5,..,..,0.846,..,..,..,0.625
TUNcc1996,Tunisia,TUN,Middle East & North Africa,Lower middle income,1996,cc,4,-0.3666101,0.2316749,-0.7465569,0.0133367,40.434076499999996,4.689455,32.7433702,48.1247827,..,..,..,..,..,..,..,..,..,0.25,..,..,..,..,..,..,..,..,..,..,..,..,..,..,..,..,..,0.5,..,..,0.127,..,..,..,0.5
TURcc1996,Türkiye,TUR,Europe & Central Asia,Upper middle income,1996,cc,6,-0.2888679,0.1996623,-0.6163141,0.038578299999999996,42.0076979,4.0414717,35.3796843,48.6357115,..,..,..,..,..,..,..,..,..,0.25,..,..,..,..,0.4616667,..,..,..,..,..,..,..,..,..,..,..,..,0.3333333,..,..,0.521,..,0.3298,..,0.375
TWNcc1996,"Taiwan, China",TWN,East Asia & Pacific,High income,1996,cc,6,0.7674276999999999,0.1996623,0.43998149999999997,1.0948738999999998,63.3887418,4.0414717,56.760728199999996,70.0167553,..,..,..,..,..,..,..,..,..,0.5,..,..,..,..,0.6183333,..,..,..,..,..,..,..,..,..,..,..,..,0.6666667,..,..,0.622,..,0.4416,..,0.75
TZAcc1996,Tanzania,TZA,Sub-Saharan Africa,Lower middle income,1996,cc,4,-0.5613152,0.2316749,-0.9412619999999999,-0.18136839999999999,36.492946499999995,4.689455,28.8022402,44.183652699999996,..,..,..,..,..,..,..,..,..,0.125,..,..,..,..,..,..,..,..,..,..,..,..,..,..,..,..,..,0.5,..,..,0.521,..,..,..,0.25
UGAcc1996,Uganda,UGA,Sub-Saharan Africa,Low income,1996,cc,4,-0.6802866,0.2316749,-1.0602334,-0.3003398,34.0847828,4.689455,26.394076499999997,41.775489,..,..,..,..,..,..,..,..,..,0.25,..,..,..,..,..,..,..,..,..,..,..,..,..,..,..,..,..,0.3333333,..,..,0.29,..,..,..,0.25
UKRcc1996,Ukraine,UKR,Europe & Central Asia,Upper middle income,1996,cc,4,-1.0248734,0.2341337,-1.4088527,-0.6408941,27.109817099999997,4.7392258,19.3374869,34.8821474,..,..,..,..,..,..,..,..,..,0.125,..,..,..,..,0.4533333,..,..,..,..,..,..,..,..,..,..,..,..,..,..,..,0.19999999999999998,..,..,..,0.125
URYcc1996,Uruguay,URY,Latin America & Caribbean,High income,1996,cc,4,0.9918722,0.2316749,0.6119254,1.371819,67.93184289999999,4.689455,60.2411366,75.6225491,..,..,..,..,..,..,..,..,..,0.5,..,..,..,..,..,..,..,..,..,..,..,..,..,..,..,..,..,0.5,..,..,0.958,..,..,..,0.875
USAcc1996,United States,USA,North America,High income,1996,cc,6,1.6795863,0.1996623,1.3521401,2.0070324999999998,81.8522316,4.0414717,75.224218,88.48024509999999,..,..,..,..,..,..,..,..,..,0.75,..,..,..,..,0.855,..,..,..,..,..,..,..,..,..,..,..,..,0.6666667,..,..,0.943,..,0.7411,..,0.875
UZBcc1996,Uzbekistan,UZB,Europe & Central Asia,Lower middle income,1996,cc,2,-1.2362290999999999,0.297655,-1.7243833,-0.7480749,22.8316534,6.0249939999999995,12.950663299999999,32.7126435,..,..,..,..,..,..,..,..,..,0,..,..,..,..,..,..,..,..,..,..,..,..,..,..,..,..,..,..,..,..,0.188,..,..,..,..
VENcc1996,"Venezuela, RB",VEN,Latin America & Caribbean,,1996,cc,6,-0.7791338,0.1996623,-1.10658,-0.45168759999999997,32.0839637,4.0414717,25.4559502,38.7119773,..,..,..,..,..,..,..,..,..,0.125,..,..,..,..,0.30666669999999996,..,..,..,..,..,..,..,..,..,..,..,..,0.5,..,..,0.31,..,0.09999999999999999,..,0.25
VNMcc1996,Viet Nam,VNM,East Asia & Pacific,Lower middle income,1996,cc,5,-0.6981691,0.21722799999999998,-1.0544229999999999,-0.3419152,33.7228135,4.3970278,26.5116879,40.933939099999996,..,..,..,..,..,..,..,..,..,0.125,..,..,..,..,0.285,..,..,..,..,..,..,..,..,..,..,..,..,0.5,..,..,0.46599999999999997,..,..,..,0.25
VUTcc1996,Vanuatu,VUT,East Asia & Pacific,Lower middle income,1996,cc,1,0.165904,0.4936907,-0.6437487,0.9755566999999999,51.212979,9.9930568,34.8243659,67.60159209999999,..,..,..,..,..,..,..,..,..,..,..,..,..,..,..,..,..,..,..,..,..,..,..,..,..,..,..,..,..,..,0.5449999999999999,..,..,..,..
WSMcc1996,Samoa,WSM,East Asia & Pacific,Upper middle income,1996,cc,1,-0.041483599999999995,0.43525349999999996,-0.7552993,0.6723321,47.015135699999995,8.8101983,32.5664106,61.4638609,..,..,..,..,..,..,..,..,..,..,..,..,..,..,..,..,..,..,..,..,..,..,..,..,..,..,..,..,..,..,..,..,..,..,0.5
YEMcc1996,"Yemen, Rep.",YEM,Middle East & North Africa,Low income,1996,cc,4,-0.6961358999999999,0.2316749,-1.0760827,-0.3161891,33.7639686,4.6894551,26.0732623,41.4546749,..,..,..,..,..,..,..,..,..,0.125,..,..,..,..,..,..,..,..,..,..,..,..,..,..,..,..,..,0.5,..,..,0.128,..,..,..,0.375
ZAFcc1996,South Africa,ZAF,Sub-Saharan Africa,Upper middle income,1996,cc,6,0.8660994999999999,0.1996623,0.5386533,1.1935457,65.3860104,4.0414717,58.7579968,72.01402399999999,..,..,..,..,..,..,..,..,..,0.5,..,..,..,..,0.5966667,..,..,..,..,..,..,..,..,..,..,..,..,0.8333332999999999,..,..,0.588,..,0.4597,..,0.75
ZMBcc1996,Zambia,ZMB,Sub-Saharan Africa,Lower middle income,1996,cc,4,-0.8256045999999999,0.2316749,-1.2055514,-0.4456578,31.1433234,4.689455,23.4526172,38.834029699999995,..,..,..,..,..,..,..,..,..,0,..,..,..,..,..,..,..,..,..,..,..,..,..,..,..,..,..,0.5,..,..,0.423,..,..,..,0.25
ZWEcc1996,Zimbabwe,ZWE,Sub-Saharan Africa,Lower middle income,1996,cc,5,-0.39661399999999997,0.21722799999999998,-0.7528678999999999,-0.040360099999999996,39.8267515,4.3970278,32.6156259,47.037877099999996,..,..,..,..,..,..,..,..,..,0.125,..,..,..,..,0.5116667,..,..,..,..,..,..,..,..,..,..,..,..,0.5,..,..,0.474,..,..,..,0.375
ADOcc1998,Andorra,ADO,,,1998,cc,1,1.3581531999999998,0.43525349999999996,0.6443375,2.0719689,75.3459324,8.8101983,60.8972072,89.7946575,..,..,..,..,..,..,..,..,..,..,..,..,..,..,..,..,..,..,..,..,..,..,..,..,..,..,..,..,..,..,..,..,..,..,0.875
AFGcc1998,Afghanistan,AFG,South Asia,Low income,1998,cc,2,-1.6293354,0.3430487,-2.1919353,-1.0667355,14.874578699999999,6.9438325,3.4866934,26.262463999999998,..,..,..,..,..,..,..,..,..,..,..,..,..,..,..,..,..,..,..,..,..,..,..,..,..,..,..,..,..,..,0.209,..,..,..,0
AGOcc1998,Angola,AGO,Sub-Saharan Africa,Lower middle income,1998,cc,4,-1.2767286,0.2316749,-1.6566754,-0.8967818,22.0118814,4.6894551,14.3211751,29.7025877,..,..,..,..,..,..,..,..,..,0,..,..,..,..,..,..,..,..,..,..,..,..,..,..,..,..,..,0.3333333,..,..,0.191,..,..,..,0.125
ALBcc1998,Albania,ALB,Europe & Central Asia,Upper middle income,1998,cc,4,-0.563184,0.2927017,-1.0432147999999999,-0.0831532,36.4551191,5.9247317,26.7385591,46.1716791,..,..,..,..,..,..,..,..,..,..,..,..,0,..,..,..,..,..,..,..,..,..,..,..,..,..,..,0.5,..,..,0.25,..,..,..,0.25
AREcc1998,United Arab Emirates,ARE,Middle East & North Africa,High income,1998,cc,4,0.2401255,0.2316749,-0.13982129999999998,0.6200723,52.715336099999995,4.689455,45.0246298,60.406042299999996,..,..,..,..,..,..,..,..,..,0.25,..,..,..,..,..,..,..,..,..,..,..,..,..,..,..,..,..,0.3333333,..,..,0.865,..,..,..,0.75
ARGcc1998,Argentina,ARG,Latin America & Caribbean,Upper middle income,1998,cc,6,-0.41748379999999996,0.1996623,-0.74493,-0.0900376,39.4043147,4.0414717,32.7763011,46.032328299999996,..,..,..,..,..,..,..,..,..,0.25,..,..,..,..,0.3908333,..,..,..,..,..,..,..,..,..,..,..,..,0.3333333,..,..,0.39199999999999996,..,0.1591,..,0.5
ARMcc1998,Armenia,ARM,Europe & Central Asia,Upper middle income,1998,cc,4,-0.6439547999999999,0.2927017,-1.1239856,-0.163924,34.8201941,5.9247317,25.103634099999997,44.5367542,..,..,..,..,..,..,..,..,..,..,..,..,0,..,..,..,..,..,..,..,..,..,..,..,..,..,..,0.3333333,..,..,0.215,..,..,..,0.375
ATGcc1998,Antigua and Barbuda,ATG,Latin America & Caribbean,High income,1998,cc,1,0.8901182999999999,0.43525349999999996,0.1763026,1.603934,65.87218779999999,8.8101983,51.4234626,80.3209129,..,..,..,..,..,..,..,..,..,..,..,..,..,..,..,..,..,..,..,..,..,..,..,..,..,..,..,..,..,..,..,..,..,..,0.75
AUScc1998,Australia,AUS,East Asia & Pacific,High income,1998,cc,6,2.1506078,0.1996623,1.8231616,2.4780539999999998,91.38642949999999,4.0414717,84.758416,98.0144431,..,..,..,..,..,..,..,..,..,0.875,..,..,..,..,0.9308333,..,..,..,..,..,..,..,..,..,..,..,..,0.8333332999999999,..,..,0.966,..,0.8099999999999999,..,1
AUTcc1998,Austria,AUT,Europe & Central Asia,High income,1998,cc,6,1.7673546,0.1996623,1.4399084,2.0948008,83.6287967,4.0414717,77.00078309999999,90.25681019999999,..,..,..,..,..,..,..,..,..,0.875,..,..,..,..,0.9258333,..,..,..,..,..,..,..,..,..,..,..,..,0.6666667,..,..,0.9329999999999999,..,0.5897,..,0.875
AZEcc1998,Azerbaijan,AZE,Europe & Central Asia,Upper middle income,1998,cc,5,-1.309663,0.23028949999999998,-1.6873377999999999,-0.9319881999999999,21.3452386,4.6614131,13.7005211,28.989956099999997,..,..,..,..,..,..,..,..,..,0,..,..,0,..,..,..,..,..,..,..,..,..,..,..,..,..,..,0.3333333,..,..,0.047,..,..,..,0.125
BDIcc1998,Burundi,BDI,Sub-Saharan Africa,Low income,1998,cc,2,-0.8716083,0.3430487,-1.4342082,-0.30900839999999996,30.212138,6.9438325,18.8242527,41.6000233,..,..,..,..,..,..,..,..,..,..,..,..,..,..,..,..,..,..,..,..,..,..,..,..,..,..,..,..,..,..,0.522,..,..,..,0.125
BELcc1998,Belgium,BEL,Europe & Central Asia,High income,1998,cc,6,1.2384711,0.1996623,0.9110248999999999,1.5659173,72.923383,4.0414717,66.29536949999999,79.55139659999999,..,..,..,..,..,..,..,..,..,0.75,..,..,..,..,0.7983332999999999,..,..,..,..,..,..,..,..,..,..,..,..,0.5,..,..,0.969,..,0.29419999999999996,..,0.875
BENcc1998,Benin,BEN,Sub-Saharan Africa,Lower middle income,1998,cc,2,-0.8270430999999999,0.3430487,-1.389643,-0.2644432,31.114206,6.9438325,19.7263207,42.5020913,..,..,..,..,..,..,..,..,..,..,..,..,..,..,..,..,..,..,..,..,..,..,..,..,..,..,..,..,..,..,0.357,..,..,..,0.25
BFAcc1998,Burkina Faso,BFA,Sub-Saharan Africa,Low income,1998,cc,3,-0.039316,0.2955622,-0.524038,0.44540599999999997,47.059011299999995,5.9826324,37.2474942,56.8705284,..,..,..,..,..,..,..,..,..,..,..,..,..,..,..,..,..,..,..,..,..,..,..,..,..,..,..,0.3333333,..,..,0.45499999999999996,..,..,..,0.625
BGDcc1998,Bangladesh,BGD,South Asia,Lower middle income,1998,cc,4,-0.8733555,0.2316749,-1.2533022999999999,-0.4934087,30.176772,4.689455,22.486065699999997,37.8674782,..,..,..,..,..,..,..,..,..,0.25,..,..,..,..,..,..,..,..,..,..,..,..,..,..,..,..,..,0.3333333,..,..,0.20299999999999999,..,..,..,0.125
BGRcc1998,Bulgaria,BGR,Europe & Central Asia,High income,1998,cc,5,0.0438167,0.23028949999999998,-0.3338581,0.42149149999999996,48.7417447,4.6614131,41.0970272,56.3864622,..,..,..,..,..,..,..,..,..,0.25,..,..,0.3333333,..,..,..,..,..,..,..,..,..,..,..,..,..,..,0.6666667,..,..,0.6689999999999999,..,..,..,0.375
BHRcc1998,Bahrain,BHR,Middle East & North Africa,High income,1998,cc,3,0.10615319999999999,0.2547213,-0.31158969999999997,0.5238961,50.0035311,5.1559496,41.5477738,58.4592885,..,..,..,..,..,..,..,..,..,0.125,..,..,..,..,..,..,..,..,..,..,..,..,..,..,..,..,..,0.5,..,..,..,..,..,..,0.875
BHScc1998,"Bahamas, The",BHS,Latin America & Caribbean,High income,1998,cc,2,1.3407086,0.3486122,0.7689846,1.9124325999999998,74.9928269,7.0564458,63.4202558,86.565398,..,..,..,..,..,..,..,..,..,..,..,..,..,..,..,..,..,..,..,..,..,..,..,..,..,..,..,0.6666667,..,..,..,..,..,..,0.875
BIHcc1998,Bosnia and Herzegovina,BIH,Europe & Central Asia,Upper middle income,1998,cc,4,-0.48979439999999996,0.2507356,-0.9010007999999999,-0.07858799999999999,37.9406372,5.0752735,29.6171887,46.2640858,..,..,..,..,..,..,..,..,..,0.25,..,..,0.3333333,..,..,..,..,..,..,..,..,..,..,..,..,..,..,..,..,..,0.294,..,..,..,0.375
BLRcc1998,Belarus,BLR,Europe & Central Asia,Upper middle income,1998,cc,4,0.0214909,0.2927017,-0.4585399,0.5015217,48.2898363,5.9247317,38.573276199999995,58.0063963,..,..,..,..,..,..,..,..,..,..,..,..,0.3333333,..,..,..,..,..,..,..,..,..,..,..,..,..,..,0.6666667,..,..,0.602,..,..,..,0.25
BLZcc1998,Belize,BLZ,Latin America & Caribbean,Upper middle income,1998,cc,1,-0.045951599999999995,0.43525349999999996,-0.7597672999999999,0.6678641,46.9246966,8.8101983,32.4759714,61.373421699999994,..,..,..,..,..,..,..,..,..,..,..,..,..,..,..,..,..,..,..,..,..,..,..,..,..,..,..,..,..,..,..,..,..,..,0.5
BMUcc1998,Bermuda,BMU,North America,High income,1998,cc,1,1.3581531999999998,0.43525349999999996,0.6443375,2.0719689,75.3459324,8.8101983,60.8972072,89.7946575,..,..,..,..,..,..,..,..,..,..,..,..,..,..,..,..,..,..,..,..,..,..,..,..,..,..,..,..,..,..,..,..,..,..,0.875
BOLcc1998,Bolivia,BOL,Latin America & Caribbean,Lower middle income,1998,cc,4,-0.3936453,0.2316749,-0.7735921,-0.013698499999999999,39.8868425,4.689455,32.1961363,47.577548799999995,..,..,..,..,..,..,..,..,..,0.25,..,..,..,..,..,..,..,..,..,..,..,..,..,..,..,..,..,0.5,..,..,0.284,..,..,..,0.375
BRAcc1998,Brazil,BRA,Latin America & Caribbean,Upper middle income,1998,cc,6,0.1677642,0.1996623,-0.159682,0.4952104,51.2506323,4.0414717,44.6226188,57.878645899999995,..,..,..,..,..,..,..,..,..,0.375,..,..,..,..,0.5241667,..,..,..,..,..,..,..,..,..,..,..,..,0.5,..,..,0.494,..,0.2803,..,0.625
BRBcc1998,Barbados,BRB,Latin America & Caribbean,High income,1998,cc,2,1.4561944999999998,0.3430487,0.8935945999999999,2.0187944,77.3304387,6.9438325,65.9425534,88.718324,..,..,..,..,..,..,..,..,..,..,..,..,..,..,..,..,..,..,..,..,..,..,..,..,..,..,..,..,..,..,0.9129999999999999,..,..,..,0.875
BRNcc1998,Brunei Darussalam,BRN,East Asia & Pacific,High income,1998,cc,2,0.37931889999999996,0.3486122,-0.1924051,0.9510428999999999,55.5328241,7.0564458,43.960252999999994,67.1053952,..,..,..,..,..,..,..,..,..,..,..,..,..,..,..,..,..,..,..,..,..,..,..,..,..,..,..,0.5,..,..,..,..,..,..,0.625
BTNcc1998,Bhutan,BTN,South Asia,Lower middle income,1998,cc,2,0.7464043,0.3430487,0.18380439999999998,1.3090042,62.963195899999995,6.9438325,51.575310599999995,74.3510812,..,..,..,..,..,..,..,..,..,..,..,..,..,..,..,..,..,..,..,..,..,..,..,..,..,..,..,..,..,..,0.827,..,..,..,0.625
BWAcc1998,Botswana,BWA,Sub-Saharan Africa,Upper middle income,1998,cc,4,0.9902829999999999,0.2316749,0.6103362,1.3702298,67.899675,4.6894551,60.2089687,75.59038129999999,..,..,..,..,..,..,..,..,..,0.625,..,..,..,..,..,..,..,..,..,..,..,..,..,..,..,..,..,0.5,..,..,0.862,..,..,..,0.75
CAFcc1998,Central African Republic,CAF,Sub-Saharan Africa,Low income,1998,cc,2,-1.2371410999999999,0.3430487,-1.7997409999999998,-0.6745412,22.8131932,6.9438325,11.4253079,34.2010785,..,..,..,..,..,..,..,..,..,..,..,..,..,..,..,..,..,..,..,..,..,..,..,..,..,..,..,..,..,..,0.27699999999999997,..,..,..,0.125
CANcc1998,Canada,CAN,North America,High income,1998,cc,6,2.1829869,0.1996623,1.8555407,2.5104330999999998,92.0418322,4.0414717,85.4138186,98.66984579999999,..,..,..,..,..,..,..,..,..,0.875,..,..,..,..,0.9358333,..,..,..,..,..,..,..,..,..,..,..,..,1,..,..,0.965,..,0.8245,..,0.875
CHEcc1998,Switzerland,CHE,Europe & Central Asia,High income,1998,cc,6,2.1016385,0.1996623,1.7741923,2.4290846999999998,90.3952158,4.0414717,83.7672022,97.0232293,..,..,..,..,..,..,..,..,..,0.875,..,..,..,..,0.9358333,..,..,..,..,..,..,..,..,..,..,..,..,0.8333332999999999,..,..,0.978,..,0.7221,..,1
CHLcc1998,Chile,CHL,Latin America & Caribbean,High income,1998,cc,6,1.3713894,0.1996623,1.0439432,1.6988356,75.6138534,4.0414717,68.9858398,82.24186689999999,..,..,..,..,..,..,..,..,..,0.75,..,..,..,..,0.7258333,..,..,..,..,..,..,..,..,..,..,..,..,0.6666667,..,..,0.939,..,0.41219999999999996,..,0.875
CHNcc1998,China,CHN,East Asia & Pacific,Upper middle income,1998,cc,6,-0.43351839999999997,0.1996623,-0.7609646,-0.10607219999999999,39.079749799999995,4.0414717,32.4517362,45.7077634,..,..,..,..,..,..,..,..,..,0.25,..,..,..,..,0.3825,..,..,..,..,..,..,..,..,..,..,..,..,0.3333333,..,..,0.424,..,0.2673,..,0.375
CIVcc1998,Côte d’Ivoire,CIV,Sub-Saharan Africa,Lower middle income,1998,cc,4,-0.4870276,0.2316749,-0.8669743999999999,-0.10708079999999999,37.996641499999996,4.6894551,30.305935199999997,45.6873478,..,..,..,..,..,..,..,..,..,0.25,..,..,..,..,..,..,..,..,..,..,..,..,..,..,..,..,..,0.3333333,..,..,0.381,..,..,..,0.375
CMRcc1998,Cameroon,CMR,Sub-Saharan Africa,Lower middle income,1998,cc,4,-1.1553371,0.2316749,-1.5352839,-0.7753903,24.4690317,4.689455,16.7783254,32.159737899999996,..,..,..,..,..,..,..,..,..,0.125,..,..,..,..,..,..,..,..,..,..,..,..,..,..,..,..,..,0.3333333,..,..,0.079,..,..,..,0.125
CODcc1998,"Congo, Dem. Rep.",COD,Sub-Saharan Africa,Low income,1998,cc,3,-1.5961528,0.2955622,-2.0808747999999997,-1.1114308,15.5462454,5.9826324,5.7347283,25.3577625,..,..,..,..,..,..,..,..,..,..,..,..,..,..,..,..,..,..,..,..,..,..,..,..,..,..,..,0.1666667,..,..,0.063,..,..,..,0.125
COGcc1998,"Congo, Rep.",COG,Sub-Saharan Africa,Lower middle income,1998,cc,3,-0.6783636,0.2955622,-1.1630856,-0.1936416,34.1237072,5.9826324,24.3121901,43.9352243,..,..,..,..,..,..,..,..,..,..,..,..,..,..,..,..,..,..,..,..,..,..,..,..,..,..,..,0.6666667,..,..,0.189,..,..,..,0.125
COLcc1998,Colombia,COL,Latin America & Caribbean,Upper middle income,1998,cc,6,-0.5918542,0.1996623,-0.9193003999999999,-0.264408,35.8747902,4.0414717,29.246776699999998,42.502803799999995,..,..,..,..,..,..,..,..,..,0.25,..,..,..,..,0.3675,..,..,..,..,..,..,..,..,..,..,..,..,0.3333333,..,..,0.565,..,0.0851,..,0.25
COMcc1998,Comoros,COM,Sub-Saharan Africa,Lower middle income,1998,cc,2,-0.9807159999999999,0.3430487,-1.5433158999999999,-0.4181161,28.0036307,6.9438325,16.615745399999998,39.391515999999996,..,..,..,..,..,..,..,..,..,..,..,..,..,..,..,..,..,..,..,..,..,..,..,..,..,..,..,..,..,..,0.254,..,..,..,0.25
CPVcc1998,Cabo Verde,CPV,Sub-Saharan Africa,Upper middle income,1998,cc,1,0.8461358999999999,0.4936907,0.0364832,1.6557886,64.9819165,9.9930568,48.593303399999996,81.3705296,..,..,..,..,..,..,..,..,..,..,..,..,..,..,..,..,..,..,..,..,..,..,..,..,..,..,..,..,..,..,0.767,..,..,..,..
CRIcc1998,Costa Rica,CRI,Latin America & Caribbean,High income,1998,cc,5,0.9585323,0.21722799999999998,0.6022784,1.3147862,67.25699209999999,4.3970278,60.045866499999995,74.4681178,..,..,..,..,..,..,..,..,..,0.625,..,..,..,..,0.4516667,..,..,..,..,..,..,..,..,..,..,..,..,0.8333332999999999,..,..,0.8009999999999999,..,..,..,0.625
CUBcc1998,Cuba,CUB,Latin America & Caribbean,Upper middle income,1998,cc,4,-0.194604,0.2316749,-0.5745508,0.1853428,43.915743899999995,4.6894551,36.2250376,51.6064502,..,..,..,..,..,..,..,..,..,0.25,..,..,..,..,..,..,..,..,..,..,..,..,..,..,..,..,..,0.3333333,..,..,0.421,..,..,..,0.625
CYMcc1998,Cayman Islands,CYM,Latin America & Caribbean,High income,1998,cc,1,1.3581531999999998,0.43525349999999996,0.6443375,2.0719689,75.3459324,8.8101983,60.8972072,89.7946575,..,..,..,..,..,..,..,..,..,..,..,..,..,..,..,..,..,..,..,..,..,..,..,..,..,..,..,..,..,..,..,..,..,..,0.875
CYPcc1998,Cyprus,CYP,Europe & Central Asia,High income,1998,cc,4,1.1833703,0.2316749,0.8034235,1.5633171,71.8080583,4.689455,64.117352,79.4987645,..,..,..,..,..,..,..,..,..,0.75,..,..,..,..,..,..,..,..,..,..,..,..,..,..,..,..,..,0.6666667,..,..,0.816,..,..,..,0.625
CZEcc1998,Czechia,CZE,Europe & Central Asia,High income,1998,cc,7,0.7763005,0.1987734,0.4503121,1.1022889,63.568340899999995,4.0234789,56.9698354,70.1668463,..,..,..,..,..,..,..,..,..,0.625,..,..,0.6666667,..,0.5325,..,..,..,..,..,..,..,..,..,..,..,..,0.6666667,..,..,0.74,..,0.2608,..,0.75
DEUcc1998,Germany,DEU,Europe & Central Asia,High income,1998,cc,6,2.0103729,0.1996623,1.6829266999999999,2.3378191,88.54786,4.0414717,81.9198464,95.1758735,..,..,..,..,..,..,..,..,..,0.875,..,..,..,..,0.9308333,..,..,..,..,..,..,..,..,..,..,..,..,0.8333332999999999,..,..,0.989,..,0.5814,..,1
DJIcc1998,Djibouti,DJI,Middle East & North Africa,Lower middle income,1998,cc,2,-0.6288049,0.3430487,-1.1914048,-0.066205,35.1268514,6.9438325,23.7389661,46.5147367,..,..,..,..,..,..,..,..,..,..,..,..,..,..,..,..,..,..,..,..,..,..,..,..,..,..,..,..,..,..,0.295,..,..,..,0.375
DMAcc1998,Dominica,DMA,Latin America & Caribbean,Upper middle income,1998,cc,1,0.8901182999999999,0.43525349999999996,0.1763026,1.603934,65.87218779999999,8.8101983,51.4234626,80.3209129,..,..,..,..,..,..,..,..,..,..,..,..,..,..,..,..,..,..,..,..,..,..,..,..,..,..,..,..,..,..,..,..,..,..,0.75
DNKcc1998,Denmark,DNK,Europe & Central Asia,High income,1998,cc,6,2.3843202,0.1996623,2.056874,2.7117663999999997,96.1171272,3.2045385,89.4891136,100.0,..,..,..,..,..,..,..,..,..,0.875,..,..,..,..,0.9458333,..,..,..,..,..,..,..,..,..,..,..,..,1,..,..,0.998,..,0.9440999999999999,..,1
DOMcc1998,Dominican Republic,DOM,Latin America & Caribbean,Upper middle income,1998,cc,4,-0.5424540999999999,0.2316749,-0.9224009,-0.1625073,36.8747241,4.689455,29.1840178,44.565430299999996,..,..,..,..,..,..,..,..,..,0,..,..,..,..,..,..,..,..,..,..,..,..,..,..,..,..,..,0.6666667,..,..,0.217,..,..,..,0.5
DZAcc1998,Algeria,DZA,Middle East & North Africa,Upper middle income,1998,cc,4,-0.9889798999999999,0.2316749,-1.3689266999999998,-0.6090331,27.8363567,4.689455,20.145650399999997,35.5270629,..,..,..,..,..,..,..,..,..,0,..,..,..,..,..,..,..,..,..,..,..,..,..,..,..,..,..,0.3333333,..,..,0.419,..,..,..,0.25
ECUcc1998,Ecuador,ECU,Latin America & Caribbean,Upper middle income,1998,cc,4,-0.7156859,0.2316749,-1.0956327,-0.3357391,33.3682466,4.6894551,25.6775403,41.0589529,..,..,..,..,..,..,..,..,..,0.125,..,..,..,..,..,..,..,..,..,..,..,..,..,..,..,..,..,0.5,..,..,0.296,..,..,..,0.25
EGYcc1998,"Egypt, Arab Rep.",EGY,Middle East & North Africa,Lower middle income,1998,cc,5,-0.5478542,0.21722799999999998,-0.9041081,-0.1916003,36.7654178,4.3970278,29.554292099999998,43.9765434,..,..,..,..,..,..,..,..,..,0.25,..,..,..,..,0.5108332999999999,..,..,..,..,..,..,..,..,..,..,..,..,0.3333333,..,..,0.16799999999999998,..,..,..,0.375
ERIcc1998,Eritrea,ERI,Sub-Saharan Africa,Low income,1998,cc,2,0.4972452,0.3430487,-0.0653547,1.0598451,57.919833399999995,6.9438325,46.5319481,69.3077187,..,..,..,..,..,..,..,..,..,..,..,..,..,..,..,..,..,..,..,..,..,..,..,..,..,..,..,..,..,..,0.6599999999999999,..,..,..,0.625
ESPcc1998,Spain,ESP,Europe & Central Asia,High income,1998,cc,6,1.6066403,0.1996623,1.2791941,1.9340864999999998,80.3756926,4.0414717,73.74767899999999,87.0037062,..,..,..,..,..,..,..,..,..,0.875,..,..,..,..,0.7908333,..,..,..,..,..,..,..,..,..,..,..,..,0.8333332999999999,..,..,0.961,..,0.433,..,0.75
ESTcc1998,Estonia,EST,Europe & Central Asia,High income,1998,cc,5,0.93994,0.23028949999999998,0.5622652,1.3176147999999999,66.8806554,4.6614131,59.235937899999996,74.525373,..,..,..,..,..,..,..,..,..,0.5,..,..,0.6666667,..,..,..,..,..,..,..,..,..,..,..,..,..,..,0.8333332999999999,..,..,0.845,..,..,..,0.625
ETHcc1998,Ethiopia,ETH,Sub-Saharan Africa,,1998,cc,4,-0.9835362,0.2316749,-1.363483,-0.6035893999999999,27.9465455,4.6894551,20.2558392,35.6372518,..,..,..,..,..,..,..,..,..,0,..,..,..,..,..,..,..,..,..,..,..,..,..,..,..,..,..,0.3333333,..,..,0.427,..,..,..,0.25
FINcc1998,Finland,FIN,Europe & Central Asia,High income,1998,cc,6,2.3803699,0.1996623,2.0529237,2.7078161,96.037167,3.2289166,89.4091535,100.0,..,..,..,..,..,..,..,..,..,0.875,..,..,..,..,0.9741666999999999,..,..,..,..,..,..,..,..,..,..,..,..,1,..,..,0.985,..,0.9194,..,1
FJIcc1998,Fiji,FJI,East Asia & Pacific,Upper middle income,1998,cc,2,0.5464802,0.3430487,-0.0161197,1.1090801,58.9164253,6.9438325,47.52854,70.3043106,..,..,..,..,..,..,..,..,..,..,..,..,..,..,..,..,..,..,..,..,..,..,..,..,..,..,..,..,..,..,0.693,..,..,..,0.625
FRAcc1998,France,FRA,Europe & Central Asia,High income,1998,cc,6,1.3972284,0.1996623,1.0697822,1.7246746,76.1368744,4.0414717,69.5088608,82.764888,..,..,..,..,..,..,..,..,..,0.75,..,..,..,..,0.8524999999999999,..,..,..,..,..,..,..,..,..,..,..,..,0.6666667,..,..,0.939,..,0.4713,..,0.75
GABcc1998,Gabon,GAB,Sub-Saharan Africa,Upper middle income,1998,cc,4,-0.889018,0.2316749,-1.2689648,-0.5090712,29.8597389,4.6894551,22.169032599999998,37.5504452,..,..,..,..,..,..,..,..,..,0.125,..,..,..,..,..,..,..,..,..,..,..,..,..,..,..,..,..,0.1666667,..,..,0.12,..,..,..,0.5
GBRcc1998,United Kingdom,GBR,Europe & Central Asia,High income,1998,cc,6,2.0973941,0.1996623,1.7699479,2.4248403,90.3093026,4.0414717,83.68128899999999,96.9373162,..,..,..,..,..,..,..,..,..,0.875,..,..,..,..,0.9491666999999999,..,..,..,..,..,..,..,..,..,..,..,..,0.8333332999999999,..,..,0.967,..,0.7106,..,1
GEOcc1998,Georgia,GEO,Europe & Central Asia,Upper middle income,1998,cc,3,-1.409571,0.33859839999999997,-1.9648724,-0.8542696,19.3229474,6.8537514999999996,8.0827949,30.563099899999997,..,..,..,..,..,..,..,..,..,..,..,..,0.3333333,..,..,..,..,..,..,..,..,..,..,..,..,..,..,..,..,..,0.11199999999999999,..,..,..,0.125
GHAcc1998,Ghana,GHA,Sub-Saharan Africa,Lower middle income,1998,cc,4,-0.5731233,0.2316749,-0.9530700999999999,-0.1931765,36.2539324,4.6894551,28.563226099999998,43.9446387,..,..,..,..,..,..,..,..,..,0.125,..,..,..,..,..,..,..,..,..,..,..,..,..,..,..,..,..,0.3333333,..,..,0.35,..,..,..,0.5
GINcc1998,Guinea,GIN,Sub-Saharan Africa,Lower middle income,1998,cc,3,-0.845999,0.2955622,-1.330721,-0.36127699999999996,30.7305095,5.9826324,20.9189924,40.5420266,..,..,..,..,..,..,..,..,..,..,..,..,..,..,..,..,..,..,..,..,..,..,..,..,..,..,..,0.5,..,..,0.077,..,..,..,0.25
GMBcc1998,"Gambia, The",GMB,Sub-Saharan Africa,Low income,1998,cc,3,-0.24033659999999998,0.2955622,-0.7250586,0.2443854,42.9900459,5.9826324,33.178528799999995,52.801562999999994,..,..,..,..,..,..,..,..,..,..,..,..,..,..,..,..,..,..,..,..,..,..,..,..,..,..,..,0.5,..,..,0.429,..,..,..,0.375
GNBcc1998,Guinea-Bissau,GNB,Sub-Saharan Africa,Low income,1998,cc,3,-1.0090603,0.2955622,-1.4937823,-0.5243382999999999,27.429898599999998,5.9826324,17.618381499999998,37.2414157,..,..,..,..,..,..,..,..,..,..,..,..,..,..,..,..,..,..,..,..,..,..,..,..,..,..,..,0.3333333,..,..,0.16399999999999998,..,..,..,0.25
GNQcc1998,Equatorial Guinea,GNQ,Sub-Saharan Africa,Upper middle income,1998,cc,3,-1.4168214,0.2525267,-1.8309651999999998,-1.0026776,19.1761882,5.1115281,10.793282099999999,27.559094199999997,..,..,..,..,..,..,..,..,..,0,..,..,..,..,..,..,..,..,..,..,..,..,..,..,..,..,..,..,..,..,0.151,..,..,..,0.125
GRCcc1998,Greece,GRC,Europe & Central Asia,High income,1998,cc,6,0.9740500999999999,0.1996623,0.6466039,1.3014963,67.5710962,4.0414717,60.9430826,74.1991098,..,..,..,..,..,..,..,..,..,0.75,..,..,..,..,0.5758333,..,..,..,..,..,..,..,..,..,..,..,..,0.8333332999999999,..,..,0.747,..,0.2301,..,0.625
GRDcc1998,Grenada,GRD,Latin America & Caribbean,Upper middle income,1998,cc,1,0.8901182999999999,0.43525349999999996,0.1763026,1.603934,65.87218779999999,8.8101983,51.4234626,80.3209129,..,..,..,..,..,..,..,..,..,..,..,..,..,..,..,..,..,..,..,..,..,..,..,..,..,..,..,..,..,..,..,..,..,..,0.75
GTMcc1998,Guatemala,GTM,Latin America & Caribbean,Upper middle income,1998,cc,5,-0.7788982,0.21722799999999998,-1.1351521,-0.4226443,32.0887327,4.3970278,24.877606999999998,39.2998583,..,..,..,..,..,..,..,..,..,0,..,..,..,..,0.2633333,..,..,..,..,..,..,..,..,..,..,..,..,0.6666667,..,..,0.223,..,..,..,0.375
GUFcc1998,French Guiana,GUF,,,1998,cc,1,0.8901182999999999,0.43525349999999996,0.1763026,1.603934,65.87218779999999,8.8101983,51.4234626,80.3209129,..,..,..,..,..,..,..,..,..,..,..,..,..,..,..,..,..,..,..,..,..,..,..,..,..,..,..,..,..,..,..,..,..,..,0.75
GUYcc1998,Guyana,GUY,Latin America & Caribbean,High income,1998,cc,3,-0.17610119999999999,0.2955622,-0.6608231999999999,0.3086208,44.2902689,5.9826324,34.4787518,54.1017861,..,..,..,..,..,..,..,..,..,..,..,..,..,..,..,..,..,..,..,..,..,..,..,..,..,..,..,0.5,..,..,0.487,..,..,..,0.375
HKGcc1998,"Hong Kong SAR, China",HKG,East Asia & Pacific,High income,1998,cc,6,1.1489243999999998,0.1996623,0.8214781999999999,1.4763705999999999,71.1108204,4.0414717,64.48280679999999,77.738834,..,..,..,..,..,..,..,..,..,0.625,..,..,..,..,0.8808332999999999,..,..,..,..,..,..,..,..,..,..,..,..,0.3333333,..,..,0.941,..,0.6446999999999999,..,0.75
HNDcc1998,Honduras,HND,Latin America & Caribbean,Lower middle income,1998,cc,5,-1.1032134999999998,0.21722799999999998,-1.4594673999999999,-0.7469596,25.5240933,4.3970278,18.312967699999998,32.7352189,..,..,..,..,..,..,..,..,..,0,..,..,..,..,0.2583333,..,..,..,..,..,..,..,..,..,..,..,..,0.3333333,..,..,0.156,..,..,..,0.375
HRVcc1998,Croatia,HRV,Europe & Central Asia,High income,1998,cc,5,-0.6953575,0.23028949999999998,-1.0730323,-0.3176827,33.7797246,4.6614131,26.1350071,41.4244421,..,..,..,..,..,..,..,..,..,0,..,..,0.3333333,..,..,..,..,..,..,..,..,..,..,..,..,..,..,0.3333333,..,..,0.424,..,..,..,0.5
HTIcc1998,Haiti,HTI,Latin America & Caribbean,Lower middle income,1998,cc,3,-1.1938701,0.2955622,-1.6785921,-0.7091481,23.6890646,5.9826324,13.877547499999999,33.5005817,..,..,..,..,..,..,..,..,..,..,..,..,..,..,..,..,..,..,..,..,..,..,..,..,..,..,..,0.3333333,..,..,0.192,..,..,..,0.125
HUNcc1998,Hungary,HUN,Europe & Central Asia,High income,1998,cc,7,0.793109,0.1987734,0.4671206,1.1190974,63.9085707,4.0234789,57.3100652,70.50707609999999,..,..,..,..,..,..,..,..,..,0.625,..,..,1,..,0.595,..,..,..,..,..,..,..,..,..,..,..,..,0.8333332999999999,..,..,0.756,..,0.2175,..,0.625
IDNcc1998,Indonesia,IDN,East Asia & Pacific,Upper middle income,1998,cc,6,-1.2280262,0.1996623,-1.5554724,-0.9005799999999999,22.997692699999998,4.0414717,16.3696792,29.625706299999997,..,..,..,..,..,..,..,..,..,0.125,..,..,..,..,0.21166669999999999,..,..,..,..,..,..,..,..,..,..,..,..,0.1666667,..,..,0.152,..,0.14659999999999998,..,0.125
INDcc1998,India,IND,South Asia,Lower middle income,1998,cc,6,-0.1548337,0.1996623,-0.4822799,0.1726125,44.7207558,4.0414717,38.092742199999996,51.348769399999995,..,..,..,..,..,..,..,..,..,0.375,..,..,..,..,0.4741667,..,..,..,..,..,..,..,..,..,..,..,..,0.5,..,..,0.45199999999999996,..,0.1737,..,0.375
IRLcc1998,Ireland,IRL,Europe & Central Asia,High income,1998,cc,6,1.5835800999999998,0.1996623,1.2561339,1.9110262999999998,79.9089188,4.0414717,73.28090519999999,86.53693229999999,..,..,..,..,..,..,..,..,..,0.75,..,..,..,..,0.9091667,..,..,..,..,..,..,..,..,..,..,..,..,0.5,..,..,0.942,..,0.7222,..,0.875
IRNcc1998,"Iran, Islamic Rep.",IRN,Middle East & North Africa,Upper middle income,1998,cc,4,-0.1631659,0.2316749,-0.5431127,0.2167809,44.552099299999995,4.689455,36.861393,52.242805499999996,..,..,..,..,..,..,..,..,..,0.125,..,..,..,..,..,..,..,..,..,..,..,..,..,..,..,..,..,0.6666667,..,..,0.484,..,..,..,0.5
IRQcc1998,Iraq,IRQ,Middle East & North Africa,Upper middle income,1998,cc,4,-1.6224752999999998,0.2316749,-2.0024221,-1.2425285,15.0134376,4.689455,7.3227313999999994,22.7041439,..,..,..,..,..,..,..,..,..,0,..,..,..,..,..,..,..,..,..,..,..,..,..,..,..,..,..,0.1666667,..,..,0.11199999999999999,..,..,..,0
ISLcc1998,Iceland,ISL,Europe & Central Asia,High income,1998,cc,5,2.1776888,0.2363553,1.7900661,2.5653115,91.9345905,4.7841941,84.08851229999999,99.7806688,..,..,..,..,..,..,..,..,..,..,..,..,..,..,0.8833333,..,..,..,..,..,..,..,..,..,..,..,..,1,..,..,0.987,..,0.854,..,0.875
ISRcc1998,Israel,ISR,Middle East & North Africa,High income,1998,cc,6,1.1917096,0.1996623,0.8642634,1.5191557999999998,71.97685849999999,4.0414717,65.3488449,78.6048721,..,..,..,..,..,..,..,..,..,0.75,..,..,..,..,0.7491667,..,..,..,..,..,..,..,..,..,..,..,..,0.5,..,..,0.884,..,0.6346999999999999,..,0.625
ITAcc1998,Italy,ITA,Europe & Central Asia,High income,1998,cc,6,0.6206939,0.1996623,0.2932477,0.9481400999999999,60.4186245,4.0414717,53.7906109,67.0466381,..,..,..,..,..,..,..,..,..,0.625,..,..,..,..,0.59,..,..,..,..,..,..,..,..,..,..,..,..,0.5,..,..,0.752,..,0.25739999999999996,..,0.625
JAMcc1998,Jamaica,JAM,Latin America & Caribbean,Upper middle income,1998,cc,4,0.1111722,0.2316749,-0.2687746,0.49111899999999997,50.1051234,4.6894551,42.4144171,57.7958297,..,..,..,..,..,..,..,..,..,0.25,..,..,..,..,..,..,..,..,..,..,..,..,..,..,..,..,..,0.5,..,..,0.831,..,..,..,0.5
JORcc1998,Jordan,JOR,Middle East & North Africa,Lower middle income,1998,cc,5,0.3379194,0.21722799999999998,-0.0183345,0.6941733,54.694834699999994,4.3970278,47.4837091,61.9059603,..,..,..,..,..,..,..,..,..,0.375,..,..,..,..,0.6341667,..,..,..,..,..,..,..,..,..,..,..,..,0.6666667,..,..,0.531,..,..,..,0.5
JPNcc1998,Japan,JPN,East Asia & Pacific,High income,1998,cc,6,0.6749031,0.1996623,0.34745689999999996,1.0023492999999999,61.515901899999996,4.0414717,54.8878883,68.1439154,..,..,..,..,..,..,..,..,..,0.375,..,..,..,..,0.8766666999999999,..,..,..,..,..,..,..,..,..,..,..,..,0.3333333,..,..,0.891,..,0.267,..,0.875
KAZcc1998,Kazakhstan,KAZ,Europe & Central Asia,Upper middle income,1998,cc,5,-0.9384553,0.23028949999999998,-1.3161300999999999,-0.5607805,28.8590521,4.6614131,21.214334599999997,36.5037696,..,..,..,..,..,..,..,..,..,0,..,..,0,..,..,..,..,..,..,..,..,..,..,..,..,..,..,0.5,..,..,0.16999999999999998,..,..,..,0.25
KENcc1998,Kenya,KEN,Sub-Saharan Africa,Lower middle income,1998,cc,4,-1.1801909,0.2316749,-1.5601376999999998,-0.8002441,23.965952599999998,4.6894551,16.2752463,31.6566589,..,..,..,..,..,..,..,..,..,0,..,..,..,..,..,..,..,..,..,..,..,..,..,..,..,..,..,0.3333333,..,..,0.13799999999999998,..,..,..,0.25
KGZcc1998,Kyrgyz Republic,KGZ,Europe & Central Asia,Lower middle income,1998,cc,3,-0.761764,0.33859839999999997,-1.3170654,-0.2064626,32.435555199999996,6.8537514999999996,21.1954027,43.675707599999996,..,..,..,..,..,..,..,..,..,..,..,..,0,..,..,..,..,..,..,..,..,..,..,..,..,..,..,..,..,..,0.12,..,..,..,0.375
KHMcc1998,Cambodia,KHM,East Asia & Pacific,Lower middle income,1998,cc,3,-0.9057603,0.2525267,-1.3199041,-0.49161649999999996,29.5208491,5.1115281,21.137943,37.9037551,..,..,..,..,..,..,..,..,..,0.125,..,..,..,..,..,..,..,..,..,..,..,..,..,..,..,..,..,..,..,..,0.103,..,..,..,0.375
KORcc1998,"Korea, Rep.",KOR,East Asia & Pacific,High income,1998,cc,6,0.4277583,0.1996623,0.1003121,0.7552045,56.5133119,4.0414717,49.885298299999995,63.1413254,..,..,..,..,..,..,..,..,..,0.5,..,..,..,..,0.5033333,..,..,..,..,..,..,..,..,..,..,..,..,0.6666667,..,..,0.74,..,0.2547,..,0.5
KWTcc1998,Kuwait,KWT,Middle East & North Africa,High income,1998,cc,4,0.6769115,0.2316749,0.29696469999999997,1.0568583,61.556554999999996,4.6894551,53.8658487,69.24726129999999,..,..,..,..,..,..,..,..,..,0.5,..,..,..,..,..,..,..,..,..,..,..,..,..,..,..,..,..,0.5,..,..,0.497,..,..,..,0.875
LAOcc1998,Lao PDR,LAO,East Asia & Pacific,Lower middle income,1998,cc,2,-0.7332428,0.3430487,-1.2958427,-0.1706429,33.012868,6.9438325,21.6249827,44.4007533,..,..,..,..,..,..,..,..,..,..,..,..,..,..,..,..,..,..,..,..,..,..,..,..,..,..,..,..,..,..,0.22499999999999998,..,..,..,0.375
LBNcc1998,Lebanon,LBN,Middle East & North Africa,Lower middle income,1998,cc,4,-0.8318588,0.2316749,-1.2118056,-0.451912,31.0167288,4.689455,23.326022599999998,38.7074351,..,..,..,..,..,..,..,..,..,0.125,..,..,..,..,..,..,..,..,..,..,..,..,..,..,..,..,..,0.1666667,..,..,0.204,..,..,..,0.5
LBRcc1998,Liberia,LBR,Sub-Saharan Africa,Low income,1998,cc,3,-1.5850777,0.2955622,-2.0697997,-1.1003557,15.770422499999999,5.9826324,5.9589054,25.5819396,..,..,..,..,..,..,..,..,..,..,..,..,..,..,..,..,..,..,..,..,..,..,..,..,..,..,..,0.1666667,..,..,0.073,..,..,..,0.125
LBYcc1998,Libya,LBY,Middle East & North Africa,Upper middle income,1998,cc,4,-0.7288134,0.2316749,-1.1087601999999999,-0.34886659999999997,33.102525899999996,4.689455,25.411819599999998,40.7932321,..,..,..,..,..,..,..,..,..,0,..,..,..,..,..,..,..,..,..,..,..,..,..,..,..,..,..,0.6666667,..,..,0.13799999999999998,..,..,..,0.375
LIEcc1998,Liechtenstein,LIE,Europe & Central Asia,High income,1998,cc,1,1.3581531999999998,0.43525349999999996,0.6443375,2.0719689,75.3459324,8.8101983,60.8972072,89.7946575,..,..,..,..,..,..,..,..,..,..,..,..,..,..,..,..,..,..,..,..,..,..,..,..,..,..,..,..,..,..,..,..,..,..,0.875
LKAcc1998,Sri Lanka,LKA,South Asia,Lower middle income,1998,cc,4,0.0895557,0.2316749,-0.2903911,0.4695025,49.667572299999996,4.689455,41.976866,57.3582785,..,..,..,..,..,..,..,..,..,0.25,..,..,..,..,..,..,..,..,..,..,..,..,..,..,..,..,..,0.6666667,..,..,0.565,..,..,..,0.5
LSOcc1998,Lesotho,LSO,Sub-Saharan Africa,Lower middle income,1998,cc,2,-0.46170419999999995,0.3430487,-1.0243041,0.10089569999999999,38.509226,6.9438325,27.121340699999998,49.8971113,..,..,..,..,..,..,..,..,..,..,..,..,..,..,..,..,..,..,..,..,..,..,..,..,..,..,..,..,..,..,0.407,..,..,..,0.375
LTUcc1998,Lithuania,LTU,Europe & Central Asia,High income,1998,cc,5,0.20757689999999998,0.23028949999999998,-0.1700979,0.5852516999999999,52.0565025,4.6614131,44.411784999999995,59.70122,..,..,..,..,..,..,..,..,..,0.25,..,..,0.6666667,..,..,..,..,..,..,..,..,..,..,..,..,..,..,0.5,..,..,0.8049999999999999,..,..,..,0.625
LUXcc1998,Luxembourg,LUX,Europe & Central Asia,High income,1998,cc,5,1.9541985,0.2363553,1.5665757999999999,2.3418212,87.41080389999999,4.7841941,79.5647256,95.25688219999999,..,..,..,..,..,..,..,..,..,..,..,..,..,..,0.9583332999999999,..,..,..,..,..,..,..,..,..,..,..,..,0.8333332999999999,..,..,0.945,..,0.6,..,1
LVAcc1998,Latvia,LVA,Europe & Central Asia,High income,1998,cc,5,-0.010850199999999999,0.23028949999999998,-0.388525,0.3668246,47.635202799999995,4.6614131,39.990485299999996,55.2799203,..,..,..,..,..,..,..,..,..,0.25,..,..,0.6666667,..,..,..,..,..,..,..,..,..,..,..,..,..,..,0.5,..,..,0.6749999999999999,..,..,..,0.5
MACcc1998,"Macao SAR, China",MAC,East Asia & Pacific,High income,1998,cc,1,0.4220833,0.43525349999999996,-0.2917324,1.135899,56.3984412,8.8101983,41.949715999999995,70.8471663,..,..,..,..,..,..,..,..,..,..,..,..,..,..,..,..,..,..,..,..,..,..,..,..,..,..,..,..,..,..,..,..,..,..,0.625
MARcc1998,Morocco,MAR,Middle East & North Africa,Lower middle income,1998,cc,4,-0.0906577,0.2316749,-0.4706045,0.28928909999999997,46.0197765,4.6894551,38.3290702,53.710482799999994,..,..,..,..,..,..,..,..,..,0.375,..,..,..,..,..,..,..,..,..,..,..,..,..,..,..,..,..,0.5,..,..,0.244,..,..,..,0.5
MDAcc1998,Moldova,MDA,Europe & Central Asia,Upper middle income,1998,cc,5,-0.22324229999999998,0.23028949999999998,-0.6009171,0.1544325,43.3360607,4.6614131,35.6913432,50.9807783,..,..,..,..,..,..,..,..,..,0.375,..,..,0.3333333,..,..,..,..,..,..,..,..,..,..,..,..,..,..,0.3333333,..,..,0.255,..,..,..,0.5
MDGcc1998,Madagascar,MDG,Sub-Saharan Africa,Low income,1998,cc,3,-0.0685591,0.2955622,-0.5532811,0.4161629,46.467086099999996,5.9826324,36.655569,56.2786032,..,..,..,..,..,..,..,..,..,..,..,..,..,..,..,..,..,..,..,..,..,..,..,..,..,..,..,0.6666667,..,..,0.155,..,..,..,0.5
MDVcc1998,Maldives,MDV,South Asia,Upper middle income,1998,cc,2,-0.1607139,0.3430487,-0.7233138,0.40188599999999997,44.6017315,6.9438325,33.2138462,55.9896168,..,..,..,..,..,..,..,..,..,..,..,..,..,..,..,..,..,..,..,..,..,..,..,..,..,..,..,..,..,..,0.219,..,..,..,0.625
MEXcc1998,Mexico,MEX,Latin America & Caribbean,Upper middle income,1998,cc,6,-0.41254209999999997,0.1996623,-0.7399882999999999,-0.0850959,39.5043423,4.0414717,32.8763287,46.1323559,..,..,..,..,..,..,..,..,..,0.25,..,..,..,..,0.3958333,..,..,..,..,..,..,..,..,..,..,..,..,0.5,..,..,0.363,..,0.1536,..,0.375
MKDcc1998,North Macedonia,MKD,Europe & Central Asia,Upper middle income,1998,cc,4,-0.6001006,0.2507356,-1.011307,-0.18889419999999998,35.7078704,5.0752735,27.3844219,44.031318999999996,..,..,..,..,..,..,..,..,..,0.125,..,..,0.3333333,..,..,..,..,..,..,..,..,..,..,..,..,..,..,..,..,..,0.446,..,..,..,0.375
MLIcc1998,Mali,MLI,Sub-Saharan Africa,Low income,1998,cc,3,-0.8087455,0.2955622,-1.2934675,-0.32402349999999996,31.4845775,5.9826324,21.6730604,41.296094599999996,..,..,..,..,..,..,..,..,..,..,..,..,..,..,..,..,..,..,..,..,..,..,..,..,..,..,..,0.3333333,..,..,0.15,..,..,..,0.375
MLTcc1998,Malta,MLT,Middle East & North Africa,High income,1998,cc,3,0.8892905999999999,0.2955622,0.4045686,1.3740126,65.8554339,5.9826324,56.0439168,75.666951,..,..,..,..,..,..,..,..,..,..,..,..,..,..,..,..,..,..,..,..,..,..,..,..,..,..,..,0.6666667,..,..,0.825,..,..,..,0.625
MMRcc1998,Myanmar,MMR,East Asia & Pacific,Lower middle income,1998,cc,4,-1.4891923999999999,0.2316749,-1.8691392,-1.1092456,17.7112881,4.689455,10.0205818,25.4019943,..,..,..,..,..,..,..,..,..,0,..,..,..,..,..,..,..,..,..,..,..,..,..,..,..,..,..,0.1666667,..,..,0.11299999999999999,..,..,..,0.125
MNEcc1998,Montenegro,MNE,Europe & Central Asia,Upper middle income,1998,cc,1,0.0025656,0.4936907,-0.8070871,0.8122183,47.906759199999996,9.9930567,31.5181461,64.2953722,..,..,..,..,..,..,..,..,..,..,..,..,..,..,..,..,..,..,..,..,..,..,..,..,..,..,..,..,..,..,0.494,..,..,..,..
MNGcc1998,Mongolia,MNG,East Asia & Pacific,Upper middle income,1998,cc,3,0.2461169,0.2955622,-0.2386051,0.7308389,52.8366112,5.9826324,43.0250941,62.648128299999996,..,..,..,..,..,..,..,..,..,..,..,..,..,..,..,..,..,..,..,..,..,..,..,..,..,..,..,0.6666667,..,..,0.634,..,..,..,0.375
MOZcc1998,Mozambique,MOZ,Sub-Saharan Africa,Low income,1998,cc,4,-0.22328189999999998,0.2316749,-0.6032287,0.1566649,43.335259199999996,4.6894551,35.6445529,51.0259655,..,..,..,..,..,..,..,..,..,0.25,..,..,..,..,..,..,..,..,..,..,..,..,..,..,..,..,..,0.6666667,..,..,0.495,..,..,..,0.25
MRTcc1998,Mauritania,MRT,Sub-Saharan Africa,Lower middle income,1998,cc,2,-0.5603680999999999,0.3430487,-1.122968,0.0022318,36.5121172,6.9438325,25.124231899999998,47.9000025,..,..,..,..,..,..,..,..,..,..,..,..,..,..,..,..,..,..,..,..,..,..,..,..,..,..,..,..,..,..,0.146,..,..,..,0.5
MTQcc1998,Martinique,MTQ,,,1998,cc,1,0.8901182999999999,0.43525349999999996,0.1763026,1.603934,65.87218779999999,8.8101983,51.4234626,80.3209129,..,..,..,..,..,..,..,..,..,..,..,..,..,..,..,..,..,..,..,..,..,..,..,..,..,..,..,..,..,..,..,..,..,..,0.75
MUScc1998,Mauritius,MUS,Sub-Saharan Africa,Upper middle income,1998,cc,2,0.4550643,0.297655,-0.0330899,0.9432185,57.0660272,6.0249939999999995,47.185037099999995,66.9470173,..,..,..,..,..,..,..,..,..,0.5,..,..,..,..,..,..,..,..,..,..,..,..,..,..,..,..,..,..,..,..,0.534,..,..,..,..
MWIcc1998,Malawi,MWI,Sub-Saharan Africa,Low income,1998,cc,4,-0.4150968,0.2316749,-0.7950436,-0.03515,39.4526313,4.689455,31.761924999999998,47.1433375,..,..,..,..,..,..,..,..,..,0.125,..,..,..,..,..,..,..,..,..,..,..,..,..,..,..,..,..,0.5,..,..,0.348,..,..,..,0.5
MYScc1998,Malaysia,MYS,East Asia & Pacific,Upper middle income,1998,cc,6,0.1266807,0.1996623,-0.20076549999999999,0.4541269,50.4190392,4.0414717,43.7910257,57.047052799999996,..,..,..,..,..,..,..,..,..,0.25,..,..,..,..,0.6425,..,..,..,..,..,..,..,..,..,..,..,..,0.5,..,..,0.444,..,0.3578,..,0.625
NAMcc1998,Namibia,NAM,Sub-Saharan Africa,Lower middle income,1998,cc,4,0.5596911,0.2316749,0.1797443,0.9396378999999999,59.1838342,4.6894551,51.4931279,66.8745405,..,..,..,..,..,..,..,..,..,0.375,..,..,..,..,..,..,..,..,..,..,..,..,..,..,..,..,..,0.5,..,..,0.8099999999999999,..,..,..,0.75
NERcc1998,Niger,NER,Sub-Saharan Africa,Low income,1998,cc,3,-1.2942050999999999,0.2955622,-1.7789271,-0.8094831,21.6581302,5.9826324,11.846613099999999,31.4696473,..,..,..,..,..,..,..,..,..,..,..,..,..,..,..,..,..,..,..,..,..,..,..,..,..,..,..,0,..,..,0.375,..,..,..,0.25
NGAcc1998,Nigeria,NGA,Sub-Saharan Africa,Lower middle income,1998,cc,4,-1.3225666,0.2316749,-1.7025134,-0.9426198,21.084049999999998,4.689455,13.393343699999999,28.7747562,..,..,..,..,..,..,..,..,..,0,..,..,..,..,..,..,..,..,..,..,..,..,..,..,..,..,..,0.1666667,..,..,0.163,..,..,..,0.25
NICcc1998,Nicaragua,NIC,Latin America & Caribbean,Lower middle income,1998,cc,5,-0.7522207999999999,0.21722799999999998,-1.1084747,-0.39596689999999996,32.6287242,4.3970278,25.4175985,39.839849799999996,..,..,..,..,..,..,..,..,..,0.125,..,..,..,..,0.24833329999999998,..,..,..,..,..,..,..,..,..,..,..,..,0.6666667,..,..,0.192,..,..,..,0.25
NLDcc1998,Netherlands,NLD,Europe & Central Asia,High income,1998,cc,6,2.2334567,0.1996623,1.9060104999999998,2.5609029,93.06341839999999,4.0414717,86.4354048,99.69143199999999,..,..,..,..,..,..,..,..,..,0.875,..,..,..,..,0.9366667,..,..,..,..,..,..,..,..,..,..,..,..,1,..,..,0.981,..,0.7392,..,1
NORcc1998,Norway,NOR,Europe & Central Asia,High income,1998,cc,6,2.2219721,0.1996623,1.8945258999999999,2.5494182999999997,92.8309525,4.0414717,86.20293889999999,99.45896599999999,..,..,..,..,..,..,..,..,..,0.875,..,..,..,..,1,..,..,..,..,..,..,..,..,..,..,..,..,0.8333332999999999,..,..,0.994,..,0.8261999999999999,..,1
NPLcc1998,Nepal,NPL,South Asia,Lower middle income,1998,cc,2,-0.5260528,0.3430487,-1.0886527,0.0365471,37.2067116,6.9438325,25.8188262,48.5945969,..,..,..,..,..,..,..,..,..,..,..,..,..,..,..,..,..,..,..,..,..,..,..,..,..,..,..,..,..,..,0.16899999999999998,..,..,..,0.5
NZLcc1998,New Zealand,NZL,East Asia & Pacific,High income,1998,cc,6,2.3877064,0.1996623,2.0602602,2.7151525999999997,96.18566899999999,3.1836416,89.5576555,100.0,..,..,..,..,..,..,..,..,..,1,..,..,..,..,0.9574999999999999,..,..,..,..,..,..,..,..,..,..,..,..,0.8333332999999999,..,..,0.991,..,0.8999999999999999,..,1
OMNcc1998,Oman,OMN,Middle East & North Africa,High income,1998,cc,4,0.6987747999999999,0.2316749,0.318828,1.0787216,61.9991017,4.6894551,54.308395399999995,69.689808,..,..,..,..,..,..,..,..,..,0.5,..,..,..,..,..,..,..,..,..,..,..,..,..,..,..,..,..,0.5,..,..,0.724,..,..,..,0.75
PAKcc1998,Pakistan,PAK,South Asia,Lower middle income,1998,cc,4,-0.8007442,0.2316749,-1.180691,-0.4207974,31.6465361,4.6894551,23.9558298,39.3372424,..,..,..,..,..,..,..,..,..,0.125,..,..,..,..,..,..,..,..,..,..,..,..,..,..,..,..,..,0.5,..,..,0.17099999999999999,..,..,..,0.25
PANcc1998,Panama,PAN,Latin America & Caribbean,High income,1998,cc,4,-0.3258455,0.2316749,-0.7057922999999999,0.0541013,41.2592145,4.689455,33.5685083,48.9499208,..,..,..,..,..,..,..,..,..,0.25,..,..,..,..,..,..,..,..,..,..,..,..,..,..,..,..,..,0.3333333,..,..,0.423,..,..,..,0.5
PERcc1998,Peru,PER,Latin America & Caribbean,Upper middle income,1998,cc,5,-0.565847,0.21722799999999998,-0.9221009,-0.20959309999999998,36.4012159,4.3970278,29.190090299999998,43.6123415,..,..,..,..,..,..,..,..,..,0.125,..,..,..,..,0.41833329999999996,..,..,..,..,..,..,..,..,..,..,..,..,0.5,..,..,0.317,..,..,..,0.375
PHLcc1998,Philippines,PHL,East Asia & Pacific,Lower middle income,1998,cc,6,-0.2641975,0.1996623,-0.5916437,0.06324869999999999,42.5070646,4.0414717,35.8790511,49.135078199999995,..,..,..,..,..,..,..,..,..,0.375,..,..,..,..,0.2633333,..,..,..,..,..,..,..,..,..,..,..,..,0.6666667,..,..,0.24,..,0.20529999999999998,..,0.375
PNGcc1998,Papua New Guinea,PNG,East Asia & Pacific,Lower middle income,1998,cc,4,-0.3665368,0.2316749,-0.7464835999999999,0.01341,40.4355602,4.689455,32.744853899999995,48.1262664,..,..,..,..,..,..,..,..,..,0.125,..,..,..,..,..,..,..,..,..,..,..,..,..,..,..,..,..,0.6666667,..,..,0.38,..,..,..,0.375
POLcc1998,Poland,POL,Europe & Central Asia,High income,1998,cc,7,0.7501549,0.1987734,0.4241665,1.0761433,63.039113799999996,4.0234789,56.4406083,69.6376192,..,..,..,..,..,..,..,..,..,0.5,..,..,1,..,0.5966667,..,..,..,..,..,..,..,..,..,..,..,..,0.8333332999999999,..,..,0.9179999999999999,..,0.09999999999999999,..,0.75
PRIcc1998,Puerto Rico (U.S.),PRI,Latin America & Caribbean,High income,1998,cc,1,0.4220833,0.43525349999999996,-0.2917324,1.135899,56.3984412,8.8101983,41.949715999999995,70.8471663,..,..,..,..,..,..,..,..,..,..,..,..,..,..,..,..,..,..,..,..,..,..,..,..,..,..,..,..,..,..,..,..,..,..,0.625
PRKcc1998,"Korea, Dem. People's Rep.",PRK,East Asia & Pacific,Low income,1998,cc,3,-1.2945092,0.2955622,-1.7792312,-0.8097871999999999,21.651974799999998,5.9826324,11.8404577,31.463491899999998,..,..,..,..,..,..,..,..,..,..,..,..,..,..,..,..,..,..,..,..,..,..,..,..,..,..,..,0.3333333,..,..,0.296,..,..,..,0
PRTcc1998,Portugal,PRT,Europe & Central Asia,High income,1998,cc,6,1.3910335,0.1996623,1.0635873,1.7184796999999998,76.0114801,4.0414717,69.3834665,82.6394937,..,..,..,..,..,..,..,..,..,0.75,..,..,..,..,0.7616666999999999,..,..,..,..,..,..,..,..,..,..,..,..,0.8333332999999999,..,..,0.9109999999999999,..,0.3969,..,0.75
PRYcc1998,Paraguay,PRY,Latin America & Caribbean,Upper middle income,1998,cc,4,-1.4685317,0.2316749,-1.8484785,-1.0885848999999999,18.1294923,4.689455,10.4387861,25.820198599999998,..,..,..,..,..,..,..,..,..,0,..,..,..,..,..,..,..,..,..,..,..,..,..,..,..,..,..,0.3333333,..,..,0.104,..,..,..,0
PSEcc1998,West Bank and Gaza,PSE,Middle East & North Africa,Lower middle income,1998,cc,2,-0.3525964,0.3430487,-0.9151963,0.21000349999999998,40.7177353,6.9438325,29.32985,52.105620599999995,..,..,..,..,..,..,..,..,..,..,..,..,..,..,..,..,..,..,..,..,..,..,..,..,..,..,..,..,..,..,0.6749999999999999,..,..,..,0.25
QATcc1998,Qatar,QAT,Middle East & North Africa,High income,1998,cc,4,0.0645652,0.2316749,-0.3153816,0.44451199999999996,49.1617262,4.6894551,41.471019899999995,56.8524325,..,..,..,..,..,..,..,..,..,0.25,..,..,..,..,..,..,..,..,..,..,..,..,..,..,..,..,..,0.3333333,..,..,0.607,..,..,..,0.75
ROUcc1998,Romania,ROU,Europe & Central Asia,High income,1998,cc,5,-0.43406279999999997,0.23028949999999998,-0.8117376,-0.056388,39.0687303,4.6614131,31.4240128,46.7134478,..,..,..,..,..,..,..,..,..,0.125,..,..,0.3333333,..,..,..,..,..,..,..,..,..,..,..,..,..,..,0.5,..,..,0.288,..,..,..,0.5
RUScc1998,Russian Federation,RUS,Europe & Central Asia,High income,1998,cc,7,-0.9161899,0.1987734,-1.2421783,-0.5902014999999999,29.309738,4.0234789,22.711232499999998,35.908243399999996,..,..,..,..,..,..,..,..,..,0,..,..,0,..,0.3625,..,..,..,..,..,..,..,..,..,..,..,..,0.3333333,..,..,0.22399999999999998,..,0.23579999999999998,..,0.25
RWAcc1998,Rwanda,RWA,Sub-Saharan Africa,Low income,1998,cc,2,-0.8061554999999999,0.3430487,-1.3687554,-0.24355559999999998,31.5370031,6.9438325,20.1491178,42.9248884,..,..,..,..,..,..,..,..,..,..,..,..,..,..,..,..,..,..,..,..,..,..,..,..,..,..,..,..,..,..,0.371,..,..,..,0.25
SAUcc1998,Saudi Arabia,SAU,Middle East & North Africa,High income,1998,cc,4,-0.3830383,0.2316749,-0.7629851,-0.0030915,40.101544499999996,4.6894551,32.4108382,47.7922508,..,..,..,..,..,..,..,..,..,0,..,..,..,..,..,..,..,..,..,..,..,..,..,..,..,..,..,0.3333333,..,..,0.53,..,..,..,0.75
SDNcc1998,Sudan,SDN,Sub-Saharan Africa,Low income,1998,cc,4,-1.3178033999999998,0.2316749,-1.6977502,-0.9378565999999999,21.180464399999998,4.689455,13.489758199999999,28.8711707,..,..,..,..,..,..,..,..,..,0,..,..,..,..,..,..,..,..,..,..,..,..,..,..,..,..,..,0.1666667,..,..,0.16999999999999998,..,..,..,0.25
SENcc1998,Senegal,SEN,Sub-Saharan Africa,Lower middle income,1998,cc,4,0.1549906,0.2316749,-0.2249562,0.5349374,50.9920751,4.689455,43.3013688,58.682781299999995,..,..,..,..,..,..,..,..,..,0.375,..,..,..,..,..,..,..,..,..,..,..,..,..,..,..,..,..,0.5,..,..,0.605,..,..,..,0.5
SGPcc1998,Singapore,SGP,East Asia & Pacific,High income,1998,cc,6,1.8735456,0.1996623,1.5460994,2.2009917999999997,85.7782654,4.0414717,79.1502519,92.406279,..,..,..,..,..,..,..,..,..,0.75,..,..,..,..,0.9199999999999999,..,..,..,..,..,..,..,..,..,..,..,..,0.6666667,..,..,0.991,..,0.7839999999999999,..,1
SLBcc1998,Solomon Islands,SLB,East Asia & Pacific,Lower middle income,1998,cc,1,0.41044569999999997,0.4936907,-0.399207,1.2200984,56.162878299999996,9.9930568,39.774265199999995,72.5514914,..,..,..,..,..,..,..,..,..,..,..,..,..,..,..,..,..,..,..,..,..,..,..,..,..,..,..,..,..,..,0.626,..,..,..,..
SLEcc1998,Sierra Leone,SLE,Sub-Saharan Africa,Low income,1998,cc,3,-0.6643678,0.2955622,-1.1490898,-0.1796458,34.4070037,5.9826324,24.595486599999997,44.2185208,..,..,..,..,..,..,..,..,..,..,..,..,..,..,..,..,..,..,..,..,..,..,..,..,..,..,..,0.5,..,..,0.241,..,..,..,0.25
SLVcc1998,El Salvador,SLV,Latin America & Caribbean,Upper middle income,1998,cc,5,-0.742136,0.21722799999999998,-1.0983899,-0.3858821,32.832856,4.3970278,25.6217304,40.043981599999995,..,..,..,..,..,..,..,..,..,0,..,..,..,..,0.41333329999999996,..,..,..,..,..,..,..,..,..,..,..,..,0.6666667,..,..,0.27999999999999997,..,..,..,0.25
SOMcc1998,Federal Republic of Somalia,SOM,Sub-Saharan Africa,Low income,1998,cc,3,-1.6183029,0.2955622,-2.1030249,-1.1335809,15.097893399999998,5.9826324,5.2863763,24.9094105,..,..,..,..,..,..,..,..,..,..,..,..,..,..,..,..,..,..,..,..,..,..,..,..,..,..,..,0.1666667,..,..,0.043,..,..,..,0.125
SRBcc1998,Serbia,SRB,Europe & Central Asia,Upper middle income,1998,cc,5,-1.2904086,0.23028949999999998,-1.6680834,-0.9127337999999999,21.7349772,4.6614131,14.090259699999999,29.379694699999998,..,..,..,..,..,..,..,..,..,0,..,..,0,..,..,..,..,..,..,..,..,..,..,..,..,..,..,0.1666667,..,..,0.11499999999999999,..,..,..,0.25
STPcc1998,São Tomé and Príncipe,STP,Sub-Saharan Africa,Lower middle income,1998,cc,2,0.3392902,0.3430487,-0.2233097,0.9018900999999999,54.7225818,6.9438325,43.3346965,66.1104671,..,..,..,..,..,..,..,..,..,..,..,..,..,..,..,..,..,..,..,..,..,..,..,..,..,..,..,..,..,..,0.749,..,..,..,0.5
SURcc1998,Suriname,SUR,Latin America & Caribbean,Upper middle income,1998,cc,3,0.38083089999999997,0.2955622,-0.1038911,0.8655529,55.563429299999996,5.9826324,45.7519122,65.3749464,..,..,..,..,..,..,..,..,..,..,..,..,..,..,..,..,..,..,..,..,..,..,..,..,..,..,..,0.5,..,..,0.7949999999999999,..,..,..,0.5
SVKcc1998,Slovak Republic,SVK,Europe & Central Asia,High income,1998,cc,6,0.44576319999999997,0.2160847,0.0913843,0.8001421,56.877758699999994,4.3738858,49.7045859,64.0509314,..,..,..,..,..,..,..,..,..,0.5,..,..,0.3333333,..,0.435,..,..,..,..,..,..,..,..,..,..,..,..,0.6666667,..,..,0.6689999999999999,..,..,..,0.5
SVNcc1998,Slovenia,SVN,Europe & Central Asia,High income,1998,cc,5,1.2885431,0.23028949999999998,0.9108683,1.6662179,73.9369171,4.6614131,66.2921996,81.5816346,..,..,..,..,..,..,..,..,..,0.75,..,..,1,..,..,..,..,..,..,..,..,..,..,..,..,..,..,0.6666667,..,..,0.87,..,..,..,0.75
SWEcc1998,Sweden,SWE,Europe & Central Asia,High income,1998,cc,6,2.4838595,0.1996623,2.1564133,2.8113056999999997,98.1319553,2.5902616,91.50394179999999,100.0,..,..,..,..,..,..,..,..,..,1,..,..,..,..,0.9483332999999999,..,..,..,..,..,..,..,..,..,..,..,..,1,..,..,0.996,..,0.872,..,1
SWZcc1998,Eswatini,SWZ,Sub-Saharan Africa,Lower middle income,1998,cc,2,0.018516499999999998,0.3430487,-0.5440834,0.5811164,48.2296298,6.9438325,36.8417445,59.6175152,..,..,..,..,..,..,..,..,..,..,..,..,..,..,..,..,..,..,..,..,..,..,..,..,..,..,..,..,..,..,0.534,..,..,..,0.5
SYCcc1998,Seychelles,SYC,Sub-Saharan Africa,High income,1998,cc,2,0.6372964999999999,0.3430487,0.0746966,1.1998963999999999,60.7546866,6.9438325,49.3668013,72.1425719,..,..,..,..,..,..,..,..,..,..,..,..,..,..,..,..,..,..,..,..,..,..,..,..,..,..,..,..,..,..,0.5589999999999999,..,..,..,0.75
SYRcc1998,Syrian Arab Republic,SYR,Middle East & North Africa,Low income,1998,cc,4,-0.7369789999999999,0.2316749,-1.1169258,-0.35703219999999997,32.9372416,4.6894551,25.246535299999998,40.627947899999995,..,..,..,..,..,..,..,..,..,0,..,..,..,..,..,..,..,..,..,..,..,..,..,..,..,..,..,0.6666667,..,..,0.126,..,..,..,0.375
TCDcc1998,Chad,TCD,Sub-Saharan Africa,Low income,1998,cc,2,-1.2955219,0.3430487,-1.8581218,-0.732922,21.631476199999998,6.9438325,10.2435909,33.019361499999995,..,..,..,..,..,..,..,..,..,..,..,..,..,..,..,..,..,..,..,..,..,..,..,..,..,..,..,..,..,..,0.043,..,..,..,0.25
TGOcc1998,Togo,TGO,Sub-Saharan Africa,Low income,1998,cc,3,-0.805423,0.2955622,-1.2901449999999999,-0.32070099999999996,31.55183,5.9826324,21.7403129,41.3633471,..,..,..,..,..,..,..,..,..,..,..,..,..,..,..,..,..,..,..,..,..,..,..,..,..,..,..,0.3333333,..,..,0.153,..,..,..,0.375
THAcc1998,Thailand,THA,East Asia & Pacific,Upper middle income,1998,cc,6,-0.1171064,0.1996623,-0.44455259999999996,0.2103398,45.484414199999996,4.0414717,38.8564007,52.1124278,..,..,..,..,..,..,..,..,..,0.375,..,..,..,..,0.5341667,..,..,..,..,..,..,..,..,..,..,..,..,0.3333333,..,..,0.283,..,0.18009999999999998,..,0.625
TJKcc1998,Tajikistan,TJK,Europe & Central Asia,Lower middle income,1998,cc,3,-1.2584871,0.33859839999999997,-1.8137885,-0.7031856999999999,22.381117399999997,6.8537514999999996,11.1409649,33.6212698,..,..,..,..,..,..,..,..,..,..,..,..,0,..,..,..,..,..,..,..,..,..,..,..,..,..,..,..,..,..,0.16799999999999998,..,..,..,0.125
TKMcc1998,Turkmenistan,TKM,Europe & Central Asia,Upper middle income,1998,cc,3,-0.7981018,0.33859839999999997,-1.3534032,-0.2428004,31.700022299999997,6.8537514999999996,20.459869899999998,42.9401748,..,..,..,..,..,..,..,..,..,..,..,..,0,..,..,..,..,..,..,..,..,..,..,..,..,..,..,..,..,..,0.095,..,..,..,0.375
TTOcc1998,Trinidad and Tobago,TTO,Latin America & Caribbean,High income,1998,cc,4,0.6491892,0.2316749,0.2692424,1.029136,60.9954131,4.6894551,53.3047068,68.6861194,..,..,..,..,..,..,..,..,..,0.5,..,..,..,..,..,..,..,..,..,..,..,..,..,..,..,..,..,0.5,..,..,0.846,..,..,..,0.625
TUNcc1998,Tunisia,TUN,Middle East & North Africa,Lower middle income,1998,cc,4,-0.367876,0.2316749,-0.7478228,0.0120708,40.4084527,4.6894551,32.717746399999996,48.099159,..,..,..,..,..,..,..,..,..,0.25,..,..,..,..,..,..,..,..,..,..,..,..,..,..,..,..,..,0.5,..,..,0.127,..,..,..,0.5
TURcc1998,Türkiye,TUR,Europe & Central Asia,Upper middle income,1998,cc,6,-0.5889955,0.1996623,-0.9164416999999999,-0.2615493,35.9326547,4.0414717,29.304641099999998,42.560668299999996,..,..,..,..,..,..,..,..,..,0,..,..,..,..,0.5733332999999999,..,..,..,..,..,..,..,..,..,..,..,..,0.3333333,..,..,0.521,..,0.2084,..,0.375
TWNcc1998,"Taiwan, China",TWN,East Asia & Pacific,High income,1998,cc,6,0.6533346999999999,0.1996623,0.32588849999999997,0.9807809,61.0793244,4.0414717,54.451310799999995,67.7073379,..,..,..,..,..,..,..,..,..,0.5,..,..,..,..,0.6766667,..,..,..,..,..,..,..,..,..,..,..,..,0.5,..,..,0.622,..,0.39049999999999996,..,0.75
TZAcc1998,Tanzania,TZA,Sub-Saharan Africa,Lower middle income,1998,cc,4,-0.7219685,0.2316749,-1.1019153,-0.3420217,33.2410771,4.689455,25.550370899999997,40.9317834,..,..,..,..,..,..,..,..,..,0.125,..,..,..,..,..,..,..,..,..,..,..,..,..,..,..,..,..,0.3333333,..,..,0.521,..,..,..,0.25
UGAcc1998,Uganda,UGA,Sub-Saharan Africa,Low income,1998,cc,4,-1.0971739999999999,0.2316749,-1.4771208,-0.7172272,25.6463421,4.689455,17.9556358,33.3370483,..,..,..,..,..,..,..,..,..,0,..,..,..,..,..,..,..,..,..,..,..,..,..,..,..,..,..,0.3333333,..,..,0.26,..,..,..,0.25
UKRcc1998,Ukraine,UKR,Europe & Central Asia,Upper middle income,1998,cc,6,-1.219501,0.2160847,-1.5738798999999999,-0.8651221,23.170255899999997,4.3738858,15.9970831,30.3434286,..,..,..,..,..,..,..,..,..,0,..,..,0,..,0.1816667,..,..,..,..,..,..,..,..,..,..,..,..,0.5,..,..,0.125,..,..,..,0.125
URYcc1998,Uruguay,URY,Latin America & Caribbean,High income,1998,cc,4,0.9906064,0.2316749,0.6106596,1.3705532,67.9062211,4.689455,60.215514899999995,75.5969274,..,..,..,..,..,..,..,..,..,0.5,..,..,..,..,..,..,..,..,..,..,..,..,..,..,..,..,..,0.5,..,..,0.958,..,..,..,0.875
USAcc1998,United States,USA,North America,High income,1998,cc,6,1.6107755,0.1996623,1.2833293,1.9382217,80.45939539999999,4.0414717,73.8313818,87.087409,..,..,..,..,..,..,..,..,..,0.75,..,..,..,..,0.8791667,..,..,..,..,..,..,..,..,..,..,..,..,0.6666667,..,..,0.943,..,0.6144999999999999,..,0.875
UZBcc1998,Uzbekistan,UZB,Europe & Central Asia,Lower middle income,1998,cc,3,-1.1608581,0.2947339,-1.6442217,-0.6774945,24.3572781,5.9658665,14.5732571,34.1412991,..,..,..,..,..,..,..,..,..,0,..,..,0,..,..,..,..,..,..,..,..,..,..,..,..,..,..,..,..,..,0.16399999999999998,..,..,..,..
VENcc1998,"Venezuela, RB",VEN,Latin America & Caribbean,,1998,cc,6,-0.8017367,0.1996623,-1.1291829,-0.4742905,31.6264464,4.0414717,24.9984328,38.2544599,..,..,..,..,..,..,..,..,..,0.125,..,..,..,..,0.2575,..,..,..,..,..,..,..,..,..,..,..,..,0.5,..,..,0.305,..,0.1209,..,0.25
VNMcc1998,Viet Nam,VNM,East Asia & Pacific,Lower middle income,1998,cc,5,-0.7910718999999999,0.21722799999999998,-1.1473258,-0.434818,31.8423183,4.3970278,24.6311927,39.0534439,..,..,..,..,..,..,..,..,..,0.125,..,..,..,..,0.35333329999999996,..,..,..,..,..,..,..,..,..,..,..,..,0.3333333,..,..,0.45599999999999996,..,..,..,0.25
VUTcc1998,Vanuatu,VUT,East Asia & Pacific,Lower middle income,1998,cc,1,0.16015559999999998,0.4936907,-0.6494970999999999,0.9698083,51.096622599999996,9.9930568,34.708009499999996,67.4852357,..,..,..,..,..,..,..,..,..,..,..,..,..,..,..,..,..,..,..,..,..,..,..,..,..,..,..,..,..,..,0.5449999999999999,..,..,..,..
WSMcc1998,Samoa,WSM,East Asia & Pacific,Upper middle income,1998,cc,1,-0.045951599999999995,0.43525349999999996,-0.7597672999999999,0.6678641,46.9246966,8.8101983,32.4759714,61.373421699999994,..,..,..,..,..,..,..,..,..,..,..,..,..,..,..,..,..,..,..,..,..,..,..,..,..,..,..,..,..,..,..,..,..,..,0.5
YEMcc1998,"Yemen, Rep.",YEM,Middle East & North Africa,Low income,1998,cc,4,-0.8950056,0.2316749,-1.2749523999999999,-0.5150587999999999,29.738540699999998,4.6894551,22.0478344,37.429247,..,..,..,..,..,..,..,..,..,0,..,..,..,..,..,..,..,..,..,..,..,..,..,..,..,..,..,0.5,..,..,0.128,..,..,..,0.375
ZAFcc1998,South Africa,ZAF,Sub-Saharan Africa,Upper middle income,1998,cc,6,0.7117397999999999,0.1996623,0.38429359999999996,1.039186,62.261533199999995,4.0414717,55.6335196,68.88954679999999,..,..,..,..,..,..,..,..,..,0.625,..,..,..,..,0.6875,..,..,..,..,..,..,..,..,..,..,..,..,0.5,..,..,0.588,..,0.2724,..,0.75
ZMBcc1998,Zambia,ZMB,Sub-Saharan Africa,Lower middle income,1998,cc,4,-0.8234682,0.2316749,-1.203415,-0.44352139999999995,31.1865675,4.689455,23.4958612,38.877273699999996,..,..,..,..,..,..,..,..,..,0,..,..,..,..,..,..,..,..,..,..,..,..,..,..,..,..,..,0.5,..,..,0.428,..,..,..,0.25
ZWEcc1998,Zimbabwe,ZWE,Sub-Saharan Africa,Lower middle income,1998,cc,5,-0.6806342999999999,0.21722799999999998,-1.0368882,-0.32438039999999996,34.0777448,4.3970278,26.8666192,41.2888704,..,..,..,..,..,..,..,..,..,0,..,..,..,..,0.595,..,..,..,..,..,..,..,..,..,..,..,..,0.3333333,..,..,0.415,..,..,..,0.375
ADOcc2000,Andorra,ADO,,,2000,cc,1,1.3450898,0.43525349999999996,0.6312741,2.0589055,75.08150909999999,8.8101983,60.632783999999994,89.53023429999999,..,..,..,..,..,..,..,..,..,..,..,..,..,..,..,..,..,..,..,..,..,..,..,..,..,..,..,..,..,..,..,..,..,..,0.875
AFGcc2000,Afghanistan,AFG,South Asia,Low income,2000,cc,2,-1.6374503999999999,0.3430487,-2.2000503,-1.0748505,14.710318599999999,6.9438325,3.3224332999999997,26.098204,..,..,..,..,..,..,..,..,..,..,..,..,..,..,..,..,..,..,..,..,..,..,..,..,..,..,..,..,..,..,0.209,..,..,..,0
AGOcc2000,Angola,AGO,Sub-Saharan Africa,Lower middle income,2000,cc,4,-1.2804297,0.2316749,-1.6603765,-0.9004829,21.9369655,4.689455,14.246259199999999,29.627671699999997,..,..,..,..,..,..,..,..,..,0,..,..,..,..,..,..,..,..,..,..,..,..,..,..,..,..,..,0.3333333,..,..,0.191,..,..,..,0.125
ALBcc2000,Albania,ALB,Europe & Central Asia,Upper middle income,2000,cc,5,-0.9827701999999999,0.2869904,-1.4534345,-0.5121059,27.9620505,5.8091266,18.4350828,37.4890182,..,..,..,..,..,0.3936382,..,..,..,..,..,..,0.25,..,..,..,..,..,..,..,..,..,..,..,..,..,..,0.3333333,..,..,0.26,..,..,..,0.25
AREcc2000,United Arab Emirates,ARE,Middle East & North Africa,High income,2000,cc,4,0.23642439999999998,0.2316749,-0.1435224,0.6163712,52.6404201,4.689455,44.9497139,60.331126399999995,..,..,..,..,..,..,..,..,..,0.25,..,..,..,..,..,..,..,..,..,..,..,..,..,..,..,..,..,0.3333333,..,..,0.865,..,..,..,0.75
ARGcc2000,Argentina,ARG,Latin America & Caribbean,Upper middle income,2000,cc,6,-0.3051156,0.1996623,-0.6325618,0.0223306,41.678819499999996,4.0414717,35.0508059,48.3068331,..,..,..,..,..,..,..,..,..,0.25,..,..,..,..,0.42619049999999997,..,..,..,..,..,..,..,..,..,..,..,..,0.5,..,..,0.5399999999999999,..,0.1540984,..,0.375
ARMcc2000,Armenia,ARM,Europe & Central Asia,Upper middle income,2000,cc,5,-0.8246565,0.2869904,-1.2953208,-0.3539922,31.1625144,5.8091266,21.6355468,40.6894821,..,..,..,..,..,0.44243879999999997,..,..,..,..,..,..,0.2083333,..,..,..,..,..,..,..,..,..,..,..,..,..,..,0.3333333,..,..,0.19,..,..,..,0.375
ATGcc2000,Antigua and Barbuda,ATG,Latin America & Caribbean,High income,2000,cc,1,0.8770547999999999,0.43525349999999996,0.1632391,1.5908704999999999,65.60776249999999,8.8101982,51.159037399999995,80.0564876,..,..,..,..,..,..,..,..,..,..,..,..,..,..,..,..,..,..,..,..,..,..,..,..,..,..,..,..,..,..,..,..,..,..,0.75
AUScc2000,Australia,AUS,East Asia & Pacific,High income,2000,cc,6,2.0594099,0.1996623,1.7319636999999999,2.3868560999999997,89.5404441,4.0414717,82.9124305,96.16845769999999,..,..,..,..,..,..,..,..,..,0.875,..,..,..,..,0.7904762,..,..,..,..,..,..,..,..,..,..,..,..,0.8333332999999999,..,..,0.966,..,0.81875,..,1
AUTcc2000,Austria,AUT,Europe & Central Asia,High income,2000,cc,6,1.6904066999999998,0.1996623,1.3629605,2.0178529,82.07125309999999,4.0414717,75.44323949999999,88.6992666,..,..,..,..,..,..,..,..,..,0.875,..,..,..,..,0.7452381,..,..,..,..,..,..,..,..,..,..,..,..,0.6666667,..,..,0.9249999999999999,..,0.6666667,..,0.875
AZEcc2000,Azerbaijan,AZE,Europe & Central Asia,Upper middle income,2000,cc,6,-1.3814861999999999,0.22747679999999998,-1.7545482,-1.0084241999999999,19.891426799999998,4.6044801,12.3400795,27.4427742,..,..,..,..,..,0.458933,..,..,..,0,..,..,0.125,..,..,..,..,..,..,..,..,..,..,..,..,..,..,0.3333333,..,..,0.041999999999999996,..,..,..,0.125
BDIcc2000,Burundi,BDI,Sub-Saharan Africa,Low income,2000,cc,2,-0.9095626,0.3430487,-1.4721625,-0.34696269999999996,29.443884699999998,6.9438325,18.055999399999997,40.83177,..,..,..,..,..,..,..,..,..,..,..,..,..,..,..,..,..,..,..,..,..,..,..,..,..,..,..,..,..,..,0.502,..,..,..,0.125
BELcc2000,Belgium,BEL,Europe & Central Asia,High income,2000,cc,6,1.4504249999999999,0.1996623,1.1229788,1.7778711999999999,77.21365519999999,4.0414717,70.5856416,83.8416688,..,..,..,..,..,..,..,..,..,0.75,..,..,..,..,0.7357142999999999,..,..,..,..,..,..,..,..,..,..,..,..,0.6666667,..,..,0.969,..,0.5025,..,0.875
BENcc2000,Benin,BEN,Sub-Saharan Africa,Lower middle income,2000,cc,2,-0.835158,0.3430487,-1.3977579,-0.27255809999999997,30.949948,6.9438325,19.5620627,42.3378333,..,..,..,..,..,..,..,..,..,..,..,..,..,..,..,..,..,..,..,..,..,..,..,..,..,..,..,..,..,..,0.357,..,..,..,0.25
BFAcc2000,Burkina Faso,BFA,Sub-Saharan Africa,Low income,2000,cc,3,-0.019867199999999998,0.2955622,-0.5045892,0.46485479999999996,47.4526849,5.9826324,37.6411678,57.264202,..,..,..,..,..,..,..,..,..,..,..,..,..,..,..,..,..,..,..,..,..,..,..,..,..,..,..,0.3333333,..,..,0.478,..,..,..,0.625
BGDcc2000,Bangladesh,BGD,South Asia,Lower middle income,2000,cc,5,-1.1399628,0.21722799999999998,-1.4962167,-0.7837088999999999,24.780231099999998,4.3970278,17.5691055,31.991356699999997,..,..,..,..,..,..,..,..,..,0.25,..,..,..,..,0.19047619999999998,..,..,..,..,..,..,..,..,..,..,..,..,0.3333333,..,..,0.19399999999999998,..,..,..,0
BGRcc2000,Bulgaria,BGR,Europe & Central Asia,High income,2000,cc,7,-0.14912989999999998,0.213756,-0.49968969999999996,0.2014299,44.8362094,4.3267489999999995,37.740341099999995,51.9320777,..,..,..,..,..,0.3712374,..,..,..,0.375,..,..,0.375,..,0.5261905,..,..,..,..,..,..,..,..,..,..,..,..,0.3333333,..,..,0.6689999999999999,..,..,..,0.375
BHRcc2000,Bahrain,BHR,Middle East & North Africa,High income,2000,cc,3,0.1016791,0.2547213,-0.3160638,0.5194219999999999,49.9129685,5.1559496,41.457211099999995,58.3687258,..,..,..,..,..,..,..,..,..,0.125,..,..,..,..,..,..,..,..,..,..,..,..,..,..,..,..,..,0.5,..,..,..,..,..,..,0.875
BHScc2000,"Bahamas, The",BHS,Latin America & Caribbean,High income,2000,cc,2,1.3323283,0.3486122,0.7606043,1.9040522999999998,74.82319679999999,7.0564458,63.2506257,86.3957679,..,..,..,..,..,..,..,..,..,..,..,..,..,..,..,..,..,..,..,..,..,..,..,..,..,..,..,0.6666667,..,..,..,..,..,..,0.875
BIHcc2000,Bosnia and Herzegovina,BIH,Europe & Central Asia,Upper middle income,2000,cc,5,-0.6041293,0.2471174,-1.0094018,-0.1988568,35.6263234,5.0020349,27.4229861,43.8296607,..,..,..,..,..,0.34305549999999996,..,..,..,0.25,..,..,0.2083333,..,..,..,..,..,..,..,..,..,..,..,..,..,..,..,..,..,0.294,..,..,..,0.375
BLRcc2000,Belarus,BLR,Europe & Central Asia,Upper middle income,2000,cc,5,-0.3594217,0.2869904,-0.830086,0.1112426,40.5795807,5.8091266,31.052612999999997,50.1065484,..,..,..,..,..,0.3906076,..,..,..,..,..,..,0.2916667,..,..,..,..,..,..,..,..,..,..,..,..,..,..,0.5,..,..,0.63,..,..,..,0.25
BLZcc2000,Belize,BLZ,Latin America & Caribbean,Upper middle income,2000,cc,1,-0.059015099999999994,0.43525349999999996,-0.7728307999999999,0.6548006,46.6602713,8.8101983,32.2115461,61.108996399999995,..,..,..,..,..,..,..,..,..,..,..,..,..,..,..,..,..,..,..,..,..,..,..,..,..,..,..,..,..,..,..,..,..,..,0.5
BMUcc2000,Bermuda,BMU,North America,High income,2000,cc,1,1.3450898,0.43525349999999996,0.6312741,2.0589055,75.08150909999999,8.8101983,60.632783999999994,89.53023429999999,..,..,..,..,..,..,..,..,..,..,..,..,..,..,..,..,..,..,..,..,..,..,..,..,..,..,..,..,..,..,..,..,..,..,0.875
BOLcc2000,Bolivia,BOL,Latin America & Caribbean,Lower middle income,2000,cc,5,-0.4524023,0.21722799999999998,-0.8086561999999999,-0.0961484,38.697510699999995,4.3970278,31.4863851,45.9086363,..,..,..,..,..,..,..,..,..,0.25,..,..,..,..,0.3714286,..,..,..,..,..,..,..,..,..,..,..,..,0.5,..,..,0.284,..,..,..,0.375
BRAcc2000,Brazil,BRA,Latin America & Caribbean,Upper middle income,2000,cc,6,0.1106033,0.1996623,-0.21684289999999998,0.4380495,50.093607999999996,4.0414717,43.4655944,56.7216216,..,..,..,..,..,..,..,..,..,0.375,..,..,..,..,0.4666667,..,..,..,..,..,..,..,..,..,..,..,..,0.5,..,..,0.494,..,0.25652169999999996,..,0.625
BRBcc2000,Barbados,BRB,Latin America & Caribbean,High income,2000,cc,2,1.4480795,0.3430487,0.8854795999999999,2.0106794,77.1661787,6.9438325,65.7782934,88.554064,..,..,..,..,..,..,..,..,..,..,..,..,..,..,..,..,..,..,..,..,..,..,..,..,..,..,..,..,..,..,0.9129999999999999,..,..,..,0.875
BRNcc2000,Brunei Darussalam,BRN,East Asia & Pacific,High income,2000,cc,2,0.3709386,0.3486122,-0.2007854,0.9426625999999999,55.363194,7.0564458,43.790622899999995,66.935765,..,..,..,..,..,..,..,..,..,..,..,..,..,..,..,..,..,..,..,..,..,..,..,..,..,..,..,0.5,..,..,..,..,..,..,0.625
BTNcc2000,Bhutan,BTN,South Asia,Lower middle income,2000,cc,2,0.4415811,0.3430487,-0.1210188,1.004181,56.793106599999994,6.9438325,45.4052213,68.1809919,..,..,..,..,..,..,..,..,..,..,..,..,..,..,..,..,..,..,..,..,..,..,..,..,..,..,..,..,..,..,0.823,..,..,..,0.5
BWAcc2000,Botswana,BWA,Sub-Saharan Africa,Upper middle income,2000,cc,4,0.9811380999999999,0.2316749,0.6011913,1.3610849,67.7145682,4.6894551,60.0238619,75.40527449999999,..,..,..,..,..,..,..,..,..,0.625,..,..,..,..,..,..,..,..,..,..,..,..,..,..,..,..,..,0.5,..,..,0.854,..,..,..,0.75
CAFcc2000,Central African Republic,CAF,Sub-Saharan Africa,Low income,2000,cc,2,-1.2601757,0.3430487,-1.8227756,-0.6975758,22.3469375,6.9438325,10.9590522,33.734822799999996,..,..,..,..,..,..,..,..,..,..,..,..,..,..,..,..,..,..,..,..,..,..,..,..,..,..,..,..,..,..,0.267,..,..,..,0.125
CANcc2000,Canada,CAN,North America,High income,2000,cc,6,2.0626992,0.1996623,1.735253,2.3901453999999998,89.6070246,4.0414717,82.979011,96.2350381,..,..,..,..,..,..,..,..,..,0.875,..,..,..,..,0.7595238,..,..,..,..,..,..,..,..,..,..,..,..,1,..,..,0.965,..,0.8258065,..,0.875
CHEcc2000,Switzerland,CHE,Europe & Central Asia,High income,2000,cc,6,2.0063342,0.1996623,1.678888,2.3337803999999998,88.4661105,4.0414717,81.8380969,95.094124,..,..,..,..,..,..,..,..,..,0.875,..,..,..,..,0.7714286,..,..,..,..,..,..,..,..,..,..,..,..,0.8333332999999999,..,..,0.978,..,0.7489796,..,1
CHLcc2000,Chile,CHL,Latin America & Caribbean,High income,2000,cc,6,1.5375504,0.1996623,1.2101042,1.8649966,78.97720699999999,4.0414717,72.34919339999999,85.6052206,..,..,..,..,..,..,..,..,..,0.75,..,..,..,..,0.7619047999999999,..,..,..,..,..,..,..,..,..,..,..,..,0.6666667,..,..,0.939,..,0.63,..,0.875
CHNcc2000,China,CHN,East Asia & Pacific,Upper middle income,2000,cc,6,-0.5104071,0.1996623,-0.8378532999999999,-0.18296089999999998,37.5234045,4.0414717,30.895391,44.1514181,..,..,..,..,..,..,..,..,..,0.25,..,..,..,..,0.5095238,..,..,..,..,..,..,..,..,..,..,..,..,0.1666667,..,..,0.40199999999999997,..,0.22222219999999998,..,0.375
CIVcc2000,Côte d’Ivoire,CIV,Sub-Saharan Africa,Lower middle income,2000,cc,4,-0.7462823,0.2316749,-1.1262291,-0.3663355,32.7489285,4.6894551,25.0582222,40.4396348,..,..,..,..,..,..,..,..,..,0,..,..,..,..,..,..,..,..,..,..,..,..,..,..,..,..,..,0.5,..,..,0.352,..,..,..,0.375
CMRcc2000,Cameroon,CMR,Sub-Saharan Africa,Lower middle income,2000,cc,4,-1.1590382,0.2316749,-1.5389849999999998,-0.7790914,24.3941157,4.6894551,16.703409399999998,32.084821999999996,..,..,..,..,..,..,..,..,..,0.125,..,..,..,..,..,..,..,..,..,..,..,..,..,..,..,..,..,0.3333333,..,..,0.079,..,..,..,0.125
CODcc2000,"Congo, Dem. Rep.",COD,Sub-Saharan Africa,Low income,2000,cc,3,-1.6021766,0.2955622,-2.0868986,-1.1174545999999999,15.4243145,5.9826324,5.6127974,25.235831599999997,..,..,..,..,..,..,..,..,..,..,..,..,..,..,..,..,..,..,..,..,..,..,..,..,..,..,..,0.1666667,..,..,0.063,..,..,..,0.125
COGcc2000,"Congo, Rep.",COG,Sub-Saharan Africa,Lower middle income,2000,cc,3,-0.49625519999999995,0.2955622,-0.9809772,-0.011533199999999999,37.8098607,5.9826324,27.9983436,47.6213778,..,..,..,..,..,..,..,..,..,..,..,..,..,..,..,..,..,..,..,..,..,..,..,..,..,..,..,0.6666667,..,..,0.16399999999999998,..,..,..,0.25
COLcc2000,Colombia,COL,Latin America & Caribbean,Upper middle income,2000,cc,6,-0.6209161999999999,0.1996623,-0.9483623999999999,-0.29347,35.2865308,4.0414717,28.6585172,41.914544299999996,..,..,..,..,..,..,..,..,..,0.125,..,..,..,..,0.44999999999999996,..,..,..,..,..,..,..,..,..,..,..,..,0.3333333,..,..,0.59,..,0.16399999999999998,..,0.25
COMcc2000,Comoros,COM,Sub-Saharan Africa,Lower middle income,2000,cc,2,-0.9709272999999999,0.3430487,-1.5335272,-0.4083274,28.201769,6.9438325,16.813883699999998,39.5896543,..,..,..,..,..,..,..,..,..,..,..,..,..,..,..,..,..,..,..,..,..,..,..,..,..,..,..,..,..,..,0.266,..,..,..,0.25
CPVcc2000,Cabo Verde,CPV,Sub-Saharan Africa,Upper middle income,2000,cc,1,0.9189392,0.4936907,0.1092865,1.7285918999999998,66.455567,9.9930568,50.066953899999994,82.8441801,..,..,..,..,..,..,..,..,..,..,..,..,..,..,..,..,..,..,..,..,..,..,..,..,..,..,..,..,..,..,0.7959999999999999,..,..,..,..
CRIcc2000,Costa Rica,CRI,Latin America & Caribbean,High income,2000,cc,5,1.0244952999999999,0.21722799999999998,0.6682414,1.3807492,68.5921845,4.3970278,61.3810589,75.80331009999999,..,..,..,..,..,..,..,..,..,0.625,..,..,..,..,0.5214286,..,..,..,..,..,..,..,..,..,..,..,..,0.8333332999999999,..,..,0.824,..,..,..,0.625
CUBcc2000,Cuba,CUB,Latin America & Caribbean,Upper middle income,2000,cc,4,-0.19830509999999998,0.2316749,-0.5782518999999999,0.1816417,43.8408279,4.689455,36.1501217,51.531534199999996,..,..,..,..,..,..,..,..,..,0.25,..,..,..,..,..,..,..,..,..,..,..,..,..,..,..,..,..,0.3333333,..,..,0.421,..,..,..,0.625
CYMcc2000,Cayman Islands,CYM,Latin America & Caribbean,High income,2000,cc,1,1.3450898,0.43525349999999996,0.6312741,2.0589055,75.08150909999999,8.8101983,60.632783999999994,89.53023429999999,..,..,..,..,..,..,..,..,..,..,..,..,..,..,..,..,..,..,..,..,..,..,..,..,..,..,..,..,..,..,..,..,..,..,0.875
CYPcc2000,Cyprus,CYP,Europe & Central Asia,High income,2000,cc,4,1.1796692,0.2316749,0.7997223999999999,1.559616,71.7331423,4.689455,64.0424361,79.4238486,..,..,..,..,..,..,..,..,..,0.75,..,..,..,..,..,..,..,..,..,..,..,..,..,..,..,..,..,0.6666667,..,..,0.816,..,..,..,0.625
CZEcc2000,Czechia,CZE,Europe & Central Asia,High income,2000,cc,8,0.25947519999999996,0.1969562,-0.06353299999999999,0.5824834,53.1070037,3.9866960999999996,46.5688221,59.645185299999994,..,..,..,..,..,0.38632289999999997,..,..,..,0.375,..,..,0.5416667,..,0.3952381,..,..,..,..,..,..,..,..,..,..,..,..,0.6666667,..,..,0.739,..,0.17681159999999999,..,0.75
DEUcc2000,Germany,DEU,Europe & Central Asia,High income,2000,cc,6,1.7250858999999998,0.1996623,1.3976397,2.0525321,82.7732133,4.0414717,76.14519969999999,89.4012269,..,..,..,..,..,..,..,..,..,0.875,..,..,..,..,0.7261905,..,..,..,..,..,..,..,..,..,..,..,..,0.6666667,..,..,0.989,..,0.5411765,..,1
DJIcc2000,Djibouti,DJI,Middle East & North Africa,Lower middle income,2000,cc,2,-0.6190162,0.3430487,-1.1816160999999998,-0.056416299999999996,35.324989699999996,6.9438325,23.9371044,46.712875,..,..,..,..,..,..,..,..,..,..,..,..,..,..,..,..,..,..,..,..,..,..,..,..,..,..,..,..,..,..,0.307,..,..,..,0.375
DMAcc2000,Dominica,DMA,Latin America & Caribbean,Upper middle income,2000,cc,1,0.8770547999999999,0.43525349999999996,0.1632391,1.5908704999999999,65.60776249999999,8.8101982,51.159037399999995,80.0564876,..,..,..,..,..,..,..,..,..,..,..,..,..,..,..,..,..,..,..,..,..,..,..,..,..,..,..,..,..,..,..,..,..,..,0.75
DNKcc2000,Denmark,DNK,Europe & Central Asia,High income,2000,cc,6,2.3121609999999997,0.1996623,1.9847148,2.6396072,94.65651419999999,3.6498473999999996,88.0285006,100.0,..,..,..,..,..,..,..,..,..,0.875,..,..,..,..,0.8690475999999999,..,..,..,..,..,..,..,..,..,..,..,..,1,..,..,0.998,..,0.9172414,..,1
DOMcc2000,Dominican Republic,DOM,Latin America & Caribbean,Upper middle income,2000,cc,4,-0.5461552,0.2316749,-0.926102,-0.1662084,36.7998081,4.689455,29.1091019,44.490514399999995,..,..,..,..,..,..,..,..,..,0,..,..,..,..,..,..,..,..,..,..,..,..,..,..,..,..,..,0.6666667,..,..,0.217,..,..,..,0.5
DZAcc2000,Algeria,DZA,Middle East & North Africa,Upper middle income,2000,cc,4,-1.0443964,0.2316749,-1.4243432,-0.6644496,26.714641699999998,4.689455,19.0239354,34.405347899999995,..,..,..,..,..,..,..,..,..,0,..,..,..,..,..,..,..,..,..,..,..,..,..,..,..,..,..,0.3333333,..,..,0.34299999999999997,..,..,..,0.25
ECUcc2000,Ecuador,ECU,Latin America & Caribbean,Upper middle income,2000,cc,5,-0.7563515,0.21722799999999998,-1.1126053999999999,-0.4000976,32.5451125,4.3970278,25.333986799999998,39.7562381,..,..,..,..,..,..,..,..,..,0.125,..,..,..,..,0.3452381,..,..,..,..,..,..,..,..,..,..,..,..,0.5,..,..,0.296,..,..,..,0.25
EGYcc2000,"Egypt, Arab Rep.",EGY,Middle East & North Africa,Lower middle income,2000,cc,5,-0.5521491,0.21722799999999998,-0.908403,-0.1958952,36.6784824,4.3970278,29.467356799999997,43.889607999999996,..,..,..,..,..,..,..,..,..,0.25,..,..,..,..,0.5095238,..,..,..,..,..,..,..,..,..,..,..,..,0.3333333,..,..,0.16799999999999998,..,..,..,0.375
ERIcc2000,Eritrea,ERI,Sub-Saharan Africa,Low income,2000,cc,2,0.48913019999999996,0.3430487,-0.0734697,1.0517301,57.755573299999995,6.9438325,46.367688,69.1434586,..,..,..,..,..,..,..,..,..,..,..,..,..,..,..,..,..,..,..,..,..,..,..,..,..,..,..,..,..,..,0.6599999999999999,..,..,..,0.625
ESPcc2000,Spain,ESP,Europe & Central Asia,High income,2000,cc,6,1.4831976,0.1996623,1.1557514,1.8106438,77.8770229,4.0414717,71.24900939999999,84.5050365,..,..,..,..,..,..,..,..,..,0.875,..,..,..,..,0.6928571,..,..,..,..,..,..,..,..,..,..,..,..,0.6666667,..,..,0.961,..,0.5285714,..,0.75
ESTcc2000,Estonia,EST,Europe & Central Asia,High income,2000,cc,7,0.8425922,0.213756,0.4920324,1.193152,64.9101866,4.3267489999999995,57.8143183,72.0060549,..,..,..,..,..,0.39821419999999996,..,..,..,0.5,..,..,0.7083332999999999,..,0.5952381,..,..,..,..,..,..,..,..,..,..,..,..,0.8333332999999999,..,..,0.943,..,..,..,0.625
ETHcc2000,Ethiopia,ETH,Sub-Saharan Africa,,2000,cc,4,-0.9872373,0.2316749,-1.3671841,-0.6072905,27.8716296,4.689455,20.1809233,35.5623358,..,..,..,..,..,..,..,..,..,0,..,..,..,..,..,..,..,..,..,..,..,..,..,..,..,..,..,0.3333333,..,..,0.427,..,..,..,0.25
FINcc2000,Finland,FIN,Europe & Central Asia,High income,2000,cc,6,2.3501897,0.1996623,2.0227435,2.6776359,95.4262735,3.4151647,88.79825989999999,100.0,..,..,..,..,..,..,..,..,..,0.875,..,..,..,..,0.8999999999999999,..,..,..,..,..,..,..,..,..,..,..,..,1,..,..,0.985,..,0.9530864,..,1
FJIcc2000,Fiji,FJI,East Asia & Pacific,Upper middle income,2000,cc,2,0.6099798,0.3430487,0.047379899999999996,1.1725797,60.201754699999995,6.9438325,48.813869399999994,71.58964,..,..,..,..,..,..,..,..,..,..,..,..,..,..,..,..,..,..,..,..,..,..,..,..,..,..,..,..,..,..,0.741,..,..,..,0.625
FRAcc2000,France,FRA,Europe & Central Asia,High income,2000,cc,6,1.2886271,0.1996623,0.9611809,1.6160732999999998,73.9386174,4.0414717,67.3106039,80.566631,..,..,..,..,..,..,..,..,..,0.75,..,..,..,..,0.6928571,..,..,..,..,..,..,..,..,..,..,..,..,0.5,..,..,0.939,..,0.5032966999999999,..,0.875
GABcc2000,Gabon,GAB,Sub-Saharan Africa,Upper middle income,2000,cc,4,-0.6951153,0.2316749,-1.0750621,-0.31516849999999996,33.7846271,4.6894551,26.0939208,41.4753334,..,..,..,..,..,..,..,..,..,0.25,..,..,..,..,..,..,..,..,..,..,..,..,..,..,..,..,..,0.1666667,..,..,0.12,..,..,..,0.5
GBRcc2000,United Kingdom,GBR,Europe & Central Asia,High income,2000,cc,6,2.0302113,0.1996623,1.7027651,2.3576574999999997,88.9494196,4.0414717,82.32140609999999,95.5774332,..,..,..,..,..,..,..,..,..,0.875,..,..,..,..,0.802381,..,..,..,..,..,..,..,..,..,..,..,..,0.8333332999999999,..,..,0.967,..,0.762,..,1
GEOcc2000,Georgia,GEO,Europe & Central Asia,Upper middle income,2000,cc,4,-1.5641949,0.3298432,-2.1051377,-1.0232520999999999,16.1931224,6.6765319,5.243609999999999,27.1426347,..,..,..,..,..,0.3395554,..,..,..,..,..,..,0.2916667,..,..,..,..,..,..,..,..,..,..,..,..,..,..,..,..,..,0.127,..,..,..,0.125
GHAcc2000,Ghana,GHA,Sub-Saharan Africa,Lower middle income,2000,cc,4,-0.0109083,0.2316749,-0.39085509999999996,0.3690385,47.6340267,4.689455,39.9433205,55.324732999999995,..,..,..,..,..,..,..,..,..,0.375,..,..,..,..,..,..,..,..,..,..,..,..,..,..,..,..,..,0.3333333,..,..,0.40599999999999997,..,..,..,0.625
GINcc2000,Guinea,GIN,Sub-Saharan Africa,Lower middle income,2000,cc,3,-0.8520228,0.2955622,-1.3367448,-0.3673008,30.6085785,5.9826324,20.7970614,40.420095599999996,..,..,..,..,..,..,..,..,..,..,..,..,..,..,..,..,..,..,..,..,..,..,..,..,..,..,..,0.5,..,..,0.077,..,..,..,0.25
GMBcc2000,"Gambia, The",GMB,Sub-Saharan Africa,Low income,2000,cc,3,-0.24082279999999998,0.2955622,-0.7255448,0.24389919999999998,42.9802044,5.9826324,33.1686873,52.791721599999995,..,..,..,..,..,..,..,..,..,..,..,..,..,..,..,..,..,..,..,..,..,..,..,..,..,..,..,0.5,..,..,0.434,..,..,..,0.375
GNBcc2000,Guinea-Bissau,GNB,Sub-Saharan Africa,Low income,2000,cc,3,-0.8169843,0.2955622,-1.3017063,-0.3322623,31.317811499999998,5.9826324,21.506294399999998,41.1293286,..,..,..,..,..,..,..,..,..,..,..,..,..,..,..,..,..,..,..,..,..,..,..,..,..,..,..,0.3333333,..,..,0.148,..,..,..,0.375
GNQcc2000,Equatorial Guinea,GNQ,Sub-Saharan Africa,Upper middle income,2000,cc,3,-1.4212188,0.2525267,-1.8353625999999998,-1.007075,19.087177999999998,5.1115281,10.704272,27.470084099999998,..,..,..,..,..,..,..,..,..,0,..,..,..,..,..,..,..,..,..,..,..,..,..,..,..,..,..,..,..,..,0.151,..,..,..,0.125
GRCcc2000,Greece,GRC,Europe & Central Asia,High income,2000,cc,6,0.9046189,0.1996623,0.5771727,1.2320651,66.1657022,4.0414717,59.537688599999996,72.79371569999999,..,..,..,..,..,..,..,..,..,0.75,..,..,..,..,0.4619048,..,..,..,..,..,..,..,..,..,..,..,..,0.8333332999999999,..,..,0.747,..,0.24489799999999998,..,0.625
GRDcc2000,Grenada,GRD,Latin America & Caribbean,Upper middle income,2000,cc,1,0.8770547999999999,0.43525349999999996,0.1632391,1.5908704999999999,65.60776249999999,8.8101982,51.159037399999995,80.0564876,..,..,..,..,..,..,..,..,..,..,..,..,..,..,..,..,..,..,..,..,..,..,..,..,..,..,..,..,..,..,..,..,..,..,0.75
GTMcc2000,Guatemala,GTM,Latin America & Caribbean,Upper middle income,2000,cc,5,-0.5646551,0.21722799999999998,-0.920909,-0.20840119999999998,36.4253418,4.3970278,29.214216099999998,43.6364674,..,..,..,..,..,..,..,..,..,0.125,..,..,..,..,0.35,..,..,..,..,..,..,..,..,..,..,..,..,0.6666667,..,..,0.181,..,..,..,0.375
GUFcc2000,French Guiana,GUF,,,2000,cc,1,0.8770547999999999,0.43525349999999996,0.1632391,1.5908704999999999,65.60776249999999,8.8101982,51.159037399999995,80.0564876,..,..,..,..,..,..,..,..,..,..,..,..,..,..,..,..,..,..,..,..,..,..,..,..,..,..,..,..,..,..,..,..,..,..,0.75
GUYcc2000,Guyana,GUY,Latin America & Caribbean,High income,2000,cc,3,-0.23307029999999998,0.2955622,-0.7177922999999999,0.2516517,43.1371269,5.9826324,33.325609799999995,52.948643999999994,..,..,..,..,..,..,..,..,..,..,..,..,..,..,..,..,..,..,..,..,..,..,..,..,..,..,..,0.5,..,..,0.441,..,..,..,0.375
HKGcc2000,"Hong Kong SAR, China",HKG,East Asia & Pacific,High income,2000,cc,6,1.0558323,0.1996623,0.7283860999999999,1.3832784999999999,69.2264934,4.0414717,62.598479899999994,75.854507,..,..,..,..,..,..,..,..,..,0.5,..,..,..,..,0.7833333,..,..,..,..,..,..,..,..,..,..,..,..,0.5,..,..,0.941,..,0.65,..,0.75
HNDcc2000,Honduras,HND,Latin America & Caribbean,Lower middle income,2000,cc,5,-1.0419622,0.21722799999999998,-1.3982161,-0.6857082999999999,26.7639136,4.3970278,19.552788,33.9750392,..,..,..,..,..,..,..,..,..,0,..,..,..,..,0.33571429999999997,..,..,..,..,..,..,..,..,..,..,..,..,0.3333333,..,..,0.161,..,..,..,0.375
HRVcc2000,Croatia,HRV,Europe & Central Asia,High income,2000,cc,6,0.0998038,0.22747679999999998,-0.2732582,0.4728658,49.8750095,4.6044801,42.3236622,57.426356899999995,..,..,..,..,..,0.3471011,..,..,..,0.375,..,..,0.4166667,..,..,..,..,..,..,..,..,..,..,..,..,..,..,0.5,..,..,0.699,..,..,..,0.5
HTIcc2000,Haiti,HTI,Latin America & Caribbean,Lower middle income,2000,cc,3,-1.1998939,0.2955622,-1.6846158999999998,-0.7151719,23.5671337,5.9826324,13.755616499999999,33.378650799999996,..,..,..,..,..,..,..,..,..,..,..,..,..,..,..,..,..,..,..,..,..,..,..,..,..,..,..,0.3333333,..,..,0.192,..,..,..,0.125
HUNcc2000,Hungary,HUN,Europe & Central Asia,High income,2000,cc,8,0.7755229,0.1969562,0.4525147,1.0985311,63.552600999999996,3.9866960999999996,57.014419399999994,70.09078269999999,..,..,..,..,..,0.4084445,..,..,..,0.625,..,..,0.6666667,..,0.6190475999999999,..,..,..,..,..,..,..,..,..,..,..,..,0.6666667,..,..,0.724,..,0.325,..,0.75
IDNcc2000,Indonesia,IDN,East Asia & Pacific,Upper middle income,2000,cc,6,-1.0799309,0.1996623,-1.4073771,-0.7524847,25.9953689,4.0414717,19.3673553,32.6233824,..,..,..,..,..,..,..,..,..,0.125,..,..,..,..,0.3833333,..,..,..,..,..,..,..,..,..,..,..,..,0.1666667,..,..,0.238,..,0.1346939,..,0.125
INDcc2000,India,IND,South Asia,Lower middle income,2000,cc,6,-0.2110909,0.1996623,-0.5385371,0.1163553,43.5820237,4.0414717,36.9540102,50.210037299999996,..,..,..,..,..,..,..,..,..,0.375,..,..,..,..,0.4166667,..,..,..,..,..,..,..,..,..,..,..,..,0.5,..,..,0.45199999999999996,..,0.1512821,..,0.375
IRLcc2000,Ireland,IRL,Europe & Central Asia,High income,2000,cc,6,1.2833514,0.1996623,0.9559052,1.6107976,73.8318292,4.0414717,67.2038156,80.4598427,..,..,..,..,..,..,..,..,..,0.75,..,..,..,..,0.7119048,..,..,..,..,..,..,..,..,..,..,..,..,0.3333333,..,..,0.948,..,0.6474576,..,0.875
IRNcc2000,"Iran, Islamic Rep.",IRN,Middle East & North Africa,Upper middle income,2000,cc,4,-0.166867,0.2316749,-0.5468138,0.21307979999999999,44.4771833,4.689455,36.7864771,52.167889599999995,..,..,..,..,..,..,..,..,..,0.125,..,..,..,..,..,..,..,..,..,..,..,..,..,..,..,..,..,0.6666667,..,..,0.484,..,..,..,0.5
IRQcc2000,Iraq,IRQ,Middle East & North Africa,Upper middle income,2000,cc,4,-1.6268569,0.2316749,-2.0068037,-1.2469101,14.9247473,4.689455,7.2340411,22.6154536,..,..,..,..,..,..,..,..,..,0,..,..,..,..,..,..,..,..,..,..,..,..,..,..,..,..,..,0.1666667,..,..,0.111,..,..,..,0
ISLcc2000,Iceland,ISL,Europe & Central Asia,High income,2000,cc,5,2.1951400999999997,0.2363553,1.8075173999999998,2.5827628,92.28783159999999,4.7433679,84.4417534,100.0,..,..,..,..,..,..,..,..,..,..,..,..,..,..,0.9119048,..,..,..,..,..,..,..,..,..,..,..,..,1,..,..,0.987,..,0.848,..,0.875
ISRcc2000,Israel,ISR,Middle East & North Africa,High income,2000,cc,6,1.0165864,0.1996623,0.6891402,1.3440326,68.4320962,4.0414717,61.804082599999994,75.06010979999999,..,..,..,..,..,..,..,..,..,0.625,..,..,..,..,0.7476189999999999,..,..,..,..,..,..,..,..,..,..,..,..,0.5,..,..,0.881,..,0.6,..,0.625
ITAcc2000,Italy,ITA,Europe & Central Asia,High income,2000,cc,6,0.7814295,0.1996623,0.4539833,1.1088757,63.672159699999995,4.0414717,57.0441461,70.3001733,..,..,..,..,..,..,..,..,..,0.625,..,..,..,..,0.6642857,..,..,..,..,..,..,..,..,..,..,..,..,0.5,..,..,0.746,..,0.2847059,..,0.75
JAMcc2000,Jamaica,JAM,Latin America & Caribbean,Upper middle income,2000,cc,5,-0.050287599999999995,0.21722799999999998,-0.4065415,0.30596629999999997,46.8369293,4.3970278,39.6258037,54.0480549,..,..,..,..,..,..,..,..,..,0.25,..,..,..,..,0.49523809999999996,..,..,..,..,..,..,..,..,..,..,..,..,0.3333333,..,..,0.831,..,..,..,0.5
JORcc2000,Jordan,JOR,Middle East & North Africa,Lower middle income,2000,cc,5,0.2364885,0.21722799999999998,-0.1197654,0.5927424,52.6417176,4.3970278,45.430592,59.852843199999995,..,..,..,..,..,..,..,..,..,0.375,..,..,..,..,0.5785714,..,..,..,..,..,..,..,..,..,..,..,..,0.5,..,..,0.6749999999999999,..,..,..,0.5
JPNcc2000,Japan,JPN,East Asia & Pacific,High income,2000,cc,6,0.8487414999999999,0.1996623,0.5212953,1.1761876999999998,65.0346579,4.0414717,58.406644299999996,71.6626714,..,..,..,..,..,..,..,..,..,0.375,..,..,..,..,0.7071429,..,..,..,..,..,..,..,..,..,..,..,..,0.5,..,..,0.891,..,0.526,..,0.875
KAZcc2000,Kazakhstan,KAZ,Europe & Central Asia,Upper middle income,2000,cc,7,-1.2084641,0.213756,-1.5590239,-0.8579043,23.3936597,4.3267489999999995,16.297791399999998,30.489528,..,..,..,..,..,0.3809699,..,..,..,0,..,..,0.125,..,0.29761899999999997,..,..,..,..,..,..,..,..,..,..,..,..,0.3333333,..,..,0.16999999999999998,..,..,..,0.25
KENcc2000,Kenya,KEN,Sub-Saharan Africa,Lower middle income,2000,cc,4,-0.9754007,0.2316749,-1.3553475,-0.5954539,28.111220499999998,4.6894551,20.4205142,35.8019268,..,..,..,..,..,..,..,..,..,0.125,..,..,..,..,..,..,..,..,..,..,..,..,..,..,..,..,..,0.3333333,..,..,0.154,..,..,..,0.25
KGZcc2000,Kyrgyz Republic,KGZ,Europe & Central Asia,Lower middle income,2000,cc,4,-1.0247621,0.3298432,-1.5657048999999998,-0.48381929999999995,27.11207,6.6765319,16.1625577,38.0615824,..,..,..,..,..,0.33568169999999997,..,..,..,..,..,..,0.1666667,..,..,..,..,..,..,..,..,..,..,..,..,..,..,..,..,..,0.11199999999999999,..,..,..,0.375
KHMcc2000,Cambodia,KHM,East Asia & Pacific,Lower middle income,2000,cc,3,-0.9101576,0.2525267,-1.3243014,-0.4960138,29.431841,5.1115281,21.0489349,37.814747,..,..,..,..,..,..,..,..,..,0.125,..,..,..,..,..,..,..,..,..,..,..,..,..,..,..,..,..,..,..,..,0.103,..,..,..,0.375
KORcc2000,"Korea, Rep.",KOR,East Asia & Pacific,High income,2000,cc,6,0.30973259999999997,0.1996623,-0.0177136,0.6371787999999999,54.124290599999995,4.0414717,47.496277,60.7523042,..,..,..,..,..,..,..,..,..,0.5,..,..,..,..,0.48333329999999997,..,..,..,..,..,..,..,..,..,..,..,..,0.5,..,..,0.762,..,0.2628571,..,0.5
KWTcc2000,Kuwait,KWT,Middle East & North Africa,High income,2000,cc,4,0.5138229,0.2316749,0.1338761,0.8937697,58.2553914,4.689455,50.5646852,65.9460977,..,..,..,..,..,..,..,..,..,0.5,..,..,..,..,..,..,..,..,..,..,..,..,..,..,..,..,..,0.3333333,..,..,0.497,..,..,..,0.875
LAOcc2000,Lao PDR,LAO,East Asia & Pacific,Lower middle income,2000,cc,2,-0.7413578,0.3430487,-1.3039577,-0.1787579,32.848608,6.9438325,21.4607226,44.2364933,..,..,..,..,..,..,..,..,..,..,..,..,..,..,..,..,..,..,..,..,..,..,..,..,..,..,..,..,..,..,0.22499999999999998,..,..,..,0.375
LBNcc2000,Lebanon,LBN,Middle East & North Africa,Lower middle income,2000,cc,4,-0.6379561,0.2316749,-1.0179029,-0.2580093,34.941617,4.689455,27.2509108,42.632323299999996,..,..,..,..,..,..,..,..,..,0.25,..,..,..,..,..,..,..,..,..,..,..,..,..,..,..,..,..,0.1666667,..,..,0.204,..,..,..,0.5
LBRcc2000,Liberia,LBR,Sub-Saharan Africa,Low income,2000,cc,3,-0.5434764,0.2955622,-1.0281984,-0.0587544,36.8540311,5.9826324,27.042513999999997,46.6655483,..,..,..,..,..,..,..,..,..,..,..,..,..,..,..,..,..,..,..,..,..,..,..,..,..,..,..,0.8333332999999999,..,..,0.08199999999999999,..,..,..,0.125
LBYcc2000,Libya,LBY,Middle East & North Africa,Upper middle income,2000,cc,4,-0.7325145,0.2316749,-1.1124612999999999,-0.3525677,33.0276099,4.6894551,25.3369036,40.7183162,..,..,..,..,..,..,..,..,..,0,..,..,..,..,..,..,..,..,..,..,..,..,..,..,..,..,..,0.6666667,..,..,0.13799999999999998,..,..,..,0.375
LIEcc2000,Liechtenstein,LIE,Europe & Central Asia,High income,2000,cc,1,1.3450898,0.43525349999999996,0.6312741,2.0589055,75.08150909999999,8.8101983,60.632783999999994,89.53023429999999,..,..,..,..,..,..,..,..,..,..,..,..,..,..,..,..,..,..,..,..,..,..,..,..,..,..,..,..,..,..,..,..,..,..,0.875
LKAcc2000,Sri Lanka,LKA,South Asia,Lower middle income,2000,cc,5,-0.0608854,0.21722799999999998,-0.4171393,0.2953685,46.6224135,4.3970278,39.4112879,53.8335392,..,..,..,..,..,..,..,..,..,0.25,..,..,..,..,0.47619049999999996,..,..,..,..,..,..,..,..,..,..,..,..,0.6666667,..,..,0.565,..,..,..,0.375
LSOcc2000,Lesotho,LSO,Sub-Saharan Africa,Lower middle income,2000,cc,2,-0.4698191,0.3430487,-1.032419,0.0927808,38.3449679,6.9438325,26.9570826,49.7328532,..,..,..,..,..,..,..,..,..,..,..,..,..,..,..,..,..,..,..,..,..,..,..,..,..,..,..,..,..,..,0.407,..,..,..,0.375
LTUcc2000,Lithuania,LTU,Europe & Central Asia,High income,2000,cc,7,0.1949824,0.213756,-0.1555774,0.5455422,51.8015705,4.3267489999999995,44.7057022,58.897438799999996,..,..,..,..,..,0.3856264,..,..,..,0.25,..,..,0.5416667,..,0.6333333,..,..,..,..,..,..,..,..,..,..,..,..,0.5,..,..,0.8049999999999999,..,..,..,0.625
LUXcc2000,Luxembourg,LUX,Europe & Central Asia,High income,2000,cc,5,1.9607248,0.2363553,1.5731020999999998,2.3483475,87.54290619999999,4.7841941,79.696828,95.38898449999999,..,..,..,..,..,..,..,..,..,..,..,..,..,..,0.847619,..,..,..,..,..,..,..,..,..,..,..,..,0.8333332999999999,..,..,0.945,..,0.7230769,..,1
LVAcc2000,Latvia,LVA,Europe & Central Asia,High income,2000,cc,7,-0.2494373,0.213756,-0.5999971,0.10112249999999999,42.8058337,4.3267489999999995,35.7099654,49.901702,..,..,..,..,..,0.3818185,..,..,..,0.125,..,..,0.5833332999999999,..,0.497619,..,..,..,..,..,..,..,..,..,..,..,..,0.5,..,..,0.711,..,..,..,0.5
MACcc2000,"Macao SAR, China",MAC,East Asia & Pacific,High income,2000,cc,1,0.4090199,0.43525349999999996,-0.3047958,1.1228356,56.134017899999996,8.8101983,41.6852928,70.5827431,..,..,..,..,..,..,..,..,..,..,..,..,..,..,..,..,..,..,..,..,..,..,..,..,..,..,..,..,..,..,..,..,..,..,0.625
MARcc2000,Morocco,MAR,Middle East & North Africa,Lower middle income,2000,cc,4,-0.2831165,0.2316749,-0.6630633,0.0968303,42.1241151,4.689455,34.433408799999995,49.8148213,..,..,..,..,..,..,..,..,..,0.25,..,..,..,..,..,..,..,..,..,..,..,..,..,..,..,..,..,0.5,..,..,0.257,..,..,..,0.5
MDAcc2000,Moldova,MDA,Europe & Central Asia,Upper middle income,2000,cc,6,-0.4864883,0.22747679999999998,-0.8595503,-0.1134263,38.0075577,4.6044801,30.4562104,45.5589051,..,..,..,..,..,0.3636481,..,..,..,0.25,..,..,0.1666667,..,..,..,..,..,..,..,..,..,..,..,..,..,..,0.3333333,..,..,0.287,..,..,..,0.5
MDGcc2000,Madagascar,MDG,Sub-Saharan Africa,Low income,2000,cc,3,-0.0745829,0.2955622,-0.5593049,0.4101391,46.3451551,5.9826324,36.533637999999996,56.156672199999996,..,..,..,..,..,..,..,..,..,..,..,..,..,..,..,..,..,..,..,..,..,..,..,..,..,..,..,0.6666667,..,..,0.155,..,..,..,0.5
MDVcc2000,Maldives,MDV,South Asia,Upper middle income,2000,cc,2,-0.1688289,0.3430487,-0.7314288,0.393771,44.4374715,6.9438325,33.0495862,55.825356799999994,..,..,..,..,..,..,..,..,..,..,..,..,..,..,..,..,..,..,..,..,..,..,..,..,..,..,..,..,..,..,0.219,..,..,..,0.625
MEXcc2000,Mexico,MEX,Latin America & Caribbean,Upper middle income,2000,cc,6,-0.052013,0.1996623,-0.3794592,0.2754332,46.802004499999995,4.0414717,40.173991,53.4300181,..,..,..,..,..,..,..,..,..,0.25,..,..,..,..,0.4904762,..,..,..,..,..,..,..,..,..,..,..,..,0.6666667,..,..,0.44999999999999996,..,0.21212119999999998,..,0.5
MKDcc2000,North Macedonia,MKD,Europe & Central Asia,Upper middle income,2000,cc,5,-0.9284927,0.2471174,-1.3337652,-0.5232202,29.060710399999998,5.0020349,20.8573731,37.2640477,..,..,..,..,..,0.4090586,..,..,..,0,..,..,0.3333333,..,..,..,..,..,..,..,..,..,..,..,..,..,..,..,..,..,0.446,..,..,..,0.375
MLIcc2000,Mali,MLI,Sub-Saharan Africa,Low income,2000,cc,3,-0.8147692999999999,0.2955622,-1.2994913,-0.3300473,31.3626465,5.9826324,21.5511294,41.1741636,..,..,..,..,..,..,..,..,..,..,..,..,..,..,..,..,..,..,..,..,..,..,..,..,..,..,..,0.3333333,..,..,0.15,..,..,..,0.375
MLTcc2000,Malta,MLT,Middle East & North Africa,High income,2000,cc,3,1.0990867,0.2955622,0.6143647,1.5838086999999998,70.1020289,5.9826324,60.2905118,79.913546,..,..,..,..,..,..,..,..,..,..,..,..,..,..,..,..,..,..,..,..,..,..,..,..,..,..,..,0.6666667,..,..,0.825,..,..,..,0.75
MMRcc2000,Myanmar,MMR,East Asia & Pacific,Lower middle income,2000,cc,4,-1.4928934999999999,0.2316749,-1.8728403,-1.1129467,17.6363721,4.689455,9.9456659,25.327078399999998,..,..,..,..,..,..,..,..,..,0,..,..,..,..,..,..,..,..,..,..,..,..,..,..,..,..,..,0.1666667,..,..,0.11299999999999999,..,..,..,0.125
MNEcc2000,Montenegro,MNE,Europe & Central Asia,Upper middle income,2000,cc,1,-0.16874119999999998,0.4936907,-0.9783938999999999,0.6409115,44.4392466,9.9930567,28.050633599999998,60.8278597,..,..,..,..,..,..,..,..,..,..,..,..,..,..,..,..,..,..,..,..,..,..,..,..,..,..,..,..,..,..,0.444,..,..,..,..
MNGcc2000,Mongolia,MNG,East Asia & Pacific,Upper middle income,2000,cc,3,-0.25079039999999997,0.2955622,-0.7355124,0.2339316,42.7784449,5.9826324,32.9669278,52.589962,..,..,..,..,..,..,..,..,..,..,..,..,..,..,..,..,..,..,..,..,..,..,..,..,..,..,..,0.5,..,..,0.425,..,..,..,0.375
MOZcc2000,Mozambique,MOZ,Sub-Saharan Africa,Low income,2000,cc,4,-0.5559649999999999,0.2316749,-0.9359118,-0.17601819999999999,36.6012427,4.6894551,28.910536399999998,44.291948999999995,..,..,..,..,..,..,..,..,..,0.25,..,..,..,..,..,..,..,..,..,..,..,..,..,..,..,..,..,0.3333333,..,..,0.48,..,..,..,0.25
MRTcc2000,Mauritania,MRT,Sub-Saharan Africa,Lower middle income,2000,cc,2,-0.5684831,0.3430487,-1.1310829999999998,-0.0058832,36.3478572,6.9438325,24.9599719,47.7357425,..,..,..,..,..,..,..,..,..,..,..,..,..,..,..,..,..,..,..,..,..,..,..,..,..,..,..,..,..,..,0.146,..,..,..,0.5
MTQcc2000,Martinique,MTQ,,,2000,cc,1,0.8770547999999999,0.43525349999999996,0.1632391,1.5908704999999999,65.60776249999999,8.8101982,51.159037399999995,80.0564876,..,..,..,..,..,..,..,..,..,..,..,..,..,..,..,..,..,..,..,..,..,..,..,..,..,..,..,..,..,..,..,..,..,..,0.75
MUScc2000,Mauritius,MUS,Sub-Saharan Africa,Upper middle income,2000,cc,3,0.3762098,0.2687295,-0.0645066,0.8169261999999999,55.4698911,5.4394976999999995,46.5491149,64.3906674,..,..,..,..,..,..,..,..,..,0.5,..,..,..,..,0.5095238,..,..,..,..,..,..,..,..,..,..,..,..,..,..,..,0.534,..,..,..,..
MWIcc2000,Malawi,MWI,Sub-Saharan Africa,Low income,2000,cc,4,-0.4079104,0.2316749,-0.7878571999999999,-0.027963599999999998,39.598095,4.6894551,31.9073887,47.288801299999996,..,..,..,..,..,..,..,..,..,0.125,..,..,..,..,..,..,..,..,..,..,..,..,..,..,..,..,..,0.5,..,..,0.364,..,..,..,0.5
MYScc2000,Malaysia,MYS,East Asia & Pacific,Upper middle income,2000,cc,6,0.1485516,0.1996623,-0.1788946,0.47599779999999997,50.861739799999995,4.0414717,44.2337262,57.4897534,..,..,..,..,..,..,..,..,..,0.25,..,..,..,..,0.5761904999999999,..,..,..,..,..,..,..,..,..,..,..,..,0.5,..,..,0.431,..,0.32352939999999997,..,0.75
NAMcc2000,Namibia,NAM,Sub-Saharan Africa,Lower middle income,2000,cc,4,0.55599,0.2316749,0.17604319999999998,0.9359367999999999,59.1089183,4.689455,51.418212,66.7996245,..,..,..,..,..,..,..,..,..,0.375,..,..,..,..,..,..,..,..,..,..,..,..,..,..,..,..,..,0.5,..,..,0.8099999999999999,..,..,..,0.75
NERcc2000,Niger,NER,Sub-Saharan Africa,Low income,2000,cc,3,-0.9976217,0.2955622,-1.4823437,-0.5128997,27.6614334,5.9826324,17.8499163,37.472950499999996,..,..,..,..,..,..,..,..,..,..,..,..,..,..,..,..,..,..,..,..,..,..,..,..,..,..,..,0.1666667,..,..,0.414,..,..,..,0.25
NGAcc2000,Nigeria,NGA,Sub-Saharan Africa,Lower middle income,2000,cc,5,-1.4274289999999998,0.21722799999999998,-1.7836828999999998,-1.0711751,18.9614741,4.3970278,11.7503484,26.1725997,..,..,..,..,..,..,..,..,..,0,..,..,..,..,0.2452381,..,..,..,..,..,..,..,..,..,..,..,..,0.1666667,..,..,0.066,..,..,..,0.25
NICcc2000,Nicaragua,NIC,Latin America & Caribbean,Lower middle income,2000,cc,5,-0.8559534,0.21722799999999998,-1.2122073,-0.49969949999999996,30.5290172,4.3970278,23.317891499999998,37.7401428,..,..,..,..,..,..,..,..,..,0,..,..,..,..,0.3404762,..,..,..,..,..,..,..,..,..,..,..,..,0.6666667,..,..,0.192,..,..,..,0.25
NLDcc2000,Netherlands,NLD,Europe & Central Asia,High income,2000,cc,6,2.1695715,0.1996623,1.8421253,2.4970177,91.7702839,4.0414717,85.1422704,98.3982975,..,..,..,..,..,..,..,..,..,0.875,..,..,..,..,0.802381,..,..,..,..,..,..,..,..,..,..,..,..,1,..,..,0.981,..,0.7829267999999999,..,1
NORcc2000,Norway,NOR,Europe & Central Asia,High income,2000,cc,6,2.0714406999999997,0.1996623,1.7439945,2.3988869,89.7839659,4.0414717,83.15595239999999,96.4119795,..,..,..,..,..,..,..,..,..,0.875,..,..,..,..,0.7761905,..,..,..,..,..,..,..,..,..,..,..,..,0.8333332999999999,..,..,0.994,..,0.83,..,1
NPLcc2000,Nepal,NPL,South Asia,Lower middle income,2000,cc,2,-0.5326757999999999,0.3430487,-1.0952757,0.0299241,37.0726519,6.9438325,25.6847666,48.4605372,..,..,..,..,..,..,..,..,..,..,..,..,..,..,..,..,..,..,..,..,..,..,..,..,..,..,..,..,..,..,0.16999999999999998,..,..,..,0.5
NZLcc2000,New Zealand,NZL,East Asia & Pacific,High income,2000,cc,6,2.2807543,0.1996623,1.9533080999999999,2.6082004999999997,94.0207944,3.8436643999999998,87.3927808,100.0,..,..,..,..,..,..,..,..,..,1,..,..,..,..,0.8214286,..,..,..,..,..,..,..,..,..,..,..,..,0.8333332999999999,..,..,0.991,..,0.8807018,..,1
OMNcc2000,Oman,OMN,Middle East & North Africa,High income,2000,cc,4,0.6950737,0.2316749,0.3151269,1.0750205,61.9241858,4.6894551,54.233479499999994,69.61489209999999,..,..,..,..,..,..,..,..,..,0.5,..,..,..,..,..,..,..,..,..,..,..,..,..,..,..,..,..,0.5,..,..,0.724,..,..,..,0.75
PAKcc2000,Pakistan,PAK,South Asia,Lower middle income,2000,cc,4,-0.9743969,0.2316749,-1.3543437,-0.5944501,28.131539,4.689455,20.440832699999998,35.8222452,..,..,..,..,..,..,..,..,..,0,..,..,..,..,..,..,..,..,..,..,..,..,..,..,..,..,..,0.3333333,..,..,0.251,..,..,..,0.375
PANcc2000,Panama,PAN,Latin America & Caribbean,High income,2000,cc,5,-0.48476939999999996,0.21722799999999998,-0.8410232999999999,-0.1285155,38.042350899999995,4.3970278,30.8312253,45.2534765,..,..,..,..,..,..,..,..,..,0.25,..,..,..,..,0.402381,..,..,..,..,..,..,..,..,..,..,..,..,0.3333333,..,..,0.423,..,..,..,0.375
PERcc2000,Peru,PER,Latin America & Caribbean,Upper middle income,2000,cc,5,-0.511564,0.21722799999999998,-0.8678178999999999,-0.1553101,37.4999871,4.3970278,30.2888615,44.7111127,..,..,..,..,..,..,..,..,..,0,..,..,..,..,0.5119047999999999,..,..,..,..,..,..,..,..,..,..,..,..,0.6666667,..,..,0.345,..,..,..,0.375
PHLcc2000,Philippines,PHL,East Asia & Pacific,Lower middle income,2000,cc,6,-0.6204556,0.1996623,-0.9479017999999999,-0.2930094,35.295854,4.0414717,28.6678404,41.9238676,..,..,..,..,..,..,..,..,..,0.25,..,..,..,..,0.35476189999999996,..,..,..,..,..,..,..,..,..,..,..,..,0.3333333,..,..,0.23099999999999998,..,0.16491229999999998,..,0.375
PNGcc2000,Papua New Guinea,PNG,East Asia & Pacific,Lower middle income,2000,cc,4,-0.6890128999999999,0.2316749,-1.0689597,-0.3090661,33.908149099999996,4.689455,26.217442799999997,41.5988553,..,..,..,..,..,..,..,..,..,0.125,..,..,..,..,..,..,..,..,..,..,..,..,..,..,..,..,..,0.3333333,..,..,0.38,..,..,..,0.375
POLcc2000,Poland,POL,Europe & Central Asia,High income,2000,cc,8,0.49630409999999997,0.1969562,0.1732959,0.8193123,57.900784099999996,3.9866960999999996,51.3626024,64.4389657,..,..,..,..,..,0.401731,..,..,..,0.5,..,..,0.7916667,..,0.4928571,..,..,..,..,..,..,..,..,..,..,..,..,0.5,..,..,0.9179999999999999,..,0.288,..,0.75
PRIcc2000,Puerto Rico (U.S.),PRI,Latin America & Caribbean,High income,2000,cc,1,0.8770547999999999,0.43525349999999996,0.1632391,1.5908704999999999,65.60776249999999,8.8101982,51.159037399999995,80.0564876,..,..,..,..,..,..,..,..,..,..,..,..,..,..,..,..,..,..,..,..,..,..,..,..,..,..,..,..,..,..,..,..,..,..,0.75
PRKcc2000,"Korea, Dem. People's Rep.",PRK,East Asia & Pacific,Low income,2000,cc,3,-1.2949955,0.2955622,-1.7797174999999998,-0.8102735,21.6421313,5.9826324,11.8306142,31.4536484,..,..,..,..,..,..,..,..,..,..,..,..,..,..,..,..,..,..,..,..,..,..,..,..,..,..,..,0.3333333,..,..,0.301,..,..,..,0
PRTcc2000,Portugal,PRT,Europe & Central Asia,High income,2000,cc,6,1.3034246,0.1996623,0.9759783999999999,1.6308707999999998,74.2381415,4.0414717,67.610128,80.8661551,..,..,..,..,..,..,..,..,..,0.75,..,..,..,..,0.6023809999999999,..,..,..,..,..,..,..,..,..,..,..,..,0.8333332999999999,..,..,0.9109999999999999,..,0.4301887,..,0.75
PRYcc2000,Paraguay,PRY,Latin America & Caribbean,Upper middle income,2000,cc,5,-1.4568712,0.21722799999999998,-1.8131251,-1.1006173,18.3655188,4.3970278,11.1543931,25.5766444,..,..,..,..,..,..,..,..,..,0,..,..,..,..,0.27857139999999997,..,..,..,..,..,..,..,..,..,..,..,..,0.3333333,..,..,0.128,..,..,..,0
PSEcc2000,West Bank and Gaza,PSE,Middle East & North Africa,Lower middle income,2000,cc,2,-0.36071129999999996,0.3430487,-0.9233112,0.2018886,40.553477199999996,6.9438325,29.1655919,51.9413625,..,..,..,..,..,..,..,..,..,..,..,..,..,..,..,..,..,..,..,..,..,..,..,..,..,..,..,..,..,..,0.6749999999999999,..,..,..,0.25
QATcc2000,Qatar,QAT,Middle East & North Africa,High income,2000,cc,4,0.45607169999999997,0.2316749,0.0761249,0.8360185,57.0864185,4.689455,49.3957123,64.7771248,..,..,..,..,..,..,..,..,..,0.5,..,..,..,..,..,..,..,..,..,..,..,..,..,..,..,..,..,0.3333333,..,..,0.607,..,..,..,0.75
ROUcc2000,Romania,ROU,Europe & Central Asia,High income,2000,cc,7,-0.5513979999999999,0.213756,-0.9019577999999999,-0.2008382,36.6936858,4.3267489999999995,29.597817499999998,43.7895541,..,..,..,..,..,0.4099895,..,..,..,0.125,..,..,0.4166667,..,0.452381,..,..,..,..,..,..,..,..,..,..,..,..,0.5,..,..,0.214,..,..,..,0.5
RUScc2000,Russian Federation,RUS,Europe & Central Asia,High income,2000,cc,8,-1.0851239,0.1969562,-1.4081321,-0.7621157,25.8902546,3.9866960999999996,19.3520729,32.4284362,..,..,..,..,..,0.3739958,..,..,..,0,..,..,0.125,..,0.452381,..,..,..,..,..,..,..,..,..,..,..,..,0.1666667,..,..,0.21,..,0.1902439,..,0.25
RWAcc2000,Rwanda,RWA,Sub-Saharan Africa,Low income,2000,cc,2,-0.7486237,0.3430487,-1.3112236,-0.1860238,32.701535,6.9438325,21.3136497,44.0894203,..,..,..,..,..,..,..,..,..,..,..,..,..,..,..,..,..,..,..,..,..,..,..,..,..,..,..,..,..,..,0.415,..,..,..,0.25
SAUcc2000,Saudi Arabia,SAU,Middle East & North Africa,High income,2000,cc,4,-0.38673939999999996,0.2316749,-0.7666862,-0.006792599999999999,40.0266285,4.689455,32.3359223,47.717334799999996,..,..,..,..,..,..,..,..,..,0,..,..,..,..,..,..,..,..,..,..,..,..,..,..,..,..,..,0.3333333,..,..,0.53,..,..,..,0.75
SDNcc2000,Sudan,SDN,Sub-Saharan Africa,Low income,2000,cc,4,-1.1657662,0.2316749,-1.545713,-0.7858194,24.2579307,4.689455,16.5672244,31.948636899999997,..,..,..,..,..,..,..,..,..,0,..,..,..,..,..,..,..,..,..,..,..,..,..,..,..,..,..,0.1666667,..,..,0.204,..,..,..,0.375
SENcc2000,Senegal,SEN,Sub-Saharan Africa,Lower middle income,2000,cc,4,0.1512895,0.2316749,-0.22865729999999998,0.5312363,50.9171591,4.6894551,43.2264528,58.607865399999994,..,..,..,..,..,..,..,..,..,0.375,..,..,..,..,..,..,..,..,..,..,..,..,..,..,..,..,..,0.5,..,..,0.605,..,..,..,0.5
SGPcc2000,Singapore,SGP,East Asia & Pacific,High income,2000,cc,6,1.9003614999999998,0.1996623,1.5729153,2.2278077,86.3210604,4.0414717,79.69304679999999,92.949074,..,..,..,..,..,..,..,..,..,0.75,..,..,..,..,0.8833333,..,..,..,..,..,..,..,..,..,..,..,..,0.6666667,..,..,0.991,..,0.8655738,..,1
SLBcc2000,Solomon Islands,SLB,East Asia & Pacific,Lower middle income,2000,cc,1,-0.048231199999999995,0.4936907,-0.8578838999999999,0.7614215,46.878554,9.9930568,30.489940899999997,63.267167099999995,..,..,..,..,..,..,..,..,..,..,..,..,..,..,..,..,..,..,..,..,..,..,..,..,..,..,..,..,..,..,0.483,..,..,..,..
SLEcc2000,Sierra Leone,SLE,Sub-Saharan Africa,Low income,2000,cc,3,-0.6703916,0.2955622,-1.1551136,-0.1856696,34.2850727,5.9826324,24.473555599999997,44.0965898,..,..,..,..,..,..,..,..,..,..,..,..,..,..,..,..,..,..,..,..,..,..,..,..,..,..,..,0.5,..,..,0.241,..,..,..,0.25
SLVcc2000,El Salvador,SLV,Latin America & Caribbean,Upper middle income,2000,cc,5,-0.7200272,0.21722799999999998,-1.0762810999999999,-0.36377329999999997,33.280372,4.3970278,26.069246399999997,40.4914977,..,..,..,..,..,..,..,..,..,0,..,..,..,..,0.44523809999999997,..,..,..,..,..,..,..,..,..,..,..,..,0.6666667,..,..,0.27999999999999997,..,..,..,0.25
SOMcc2000,Federal Republic of Somalia,SOM,Sub-Saharan Africa,Low income,2000,cc,3,-1.6143592,0.2955622,-2.0990812,-1.1296372,15.177719999999999,5.9826324,5.366202899999999,24.9892371,..,..,..,..,..,..,..,..,..,..,..,..,..,..,..,..,..,..,..,..,..,..,..,..,..,..,..,0.1666667,..,..,0.052,..,..,..,0.125
SRBcc2000,Serbia,SRB,Europe & Central Asia,Upper middle income,2000,cc,6,-1.1701306999999999,0.22747679999999998,-1.5431926999999999,-0.7970687,24.169586499999998,4.6044801,16.6182391,31.720933799999997,..,..,..,..,..,0.3334583,..,..,..,0.125,..,..,0.125,..,..,..,..,..,..,..,..,..,..,..,..,..,..,0.1666667,..,..,0.16599999999999998,..,..,..,0.25
STPcc2000,São Tomé and Príncipe,STP,Sub-Saharan Africa,Lower middle income,2000,cc,2,0.2162935,0.3430487,-0.34630639999999996,0.7788934,52.2329398,6.9438325,40.845054499999996,63.6208251,..,..,..,..,..,..,..,..,..,..,..,..,..,..,..,..,..,..,..,..,..,..,..,..,..,..,..,..,..,..,0.6719999999999999,..,..,..,0.5
SURcc2000,Suriname,SUR,Latin America & Caribbean,Upper middle income,2000,cc,3,0.590627,0.2955622,0.105905,1.0753489999999999,59.810024299999995,5.9826324,49.9985072,69.6215414,..,..,..,..,..,..,..,..,..,..,..,..,..,..,..,..,..,..,..,..,..,..,..,..,..,..,..,0.5,..,..,0.7949999999999999,..,..,..,0.625
SVKcc2000,Slovak Republic,SVK,Europe & Central Asia,High income,2000,cc,7,0.3704864,0.213756,0.0199266,0.7210462,55.3540407,4.3267489999999995,48.2581724,62.449909,..,..,..,..,..,0.39176459999999996,..,..,..,0.375,..,..,0.5416667,..,0.5571429,..,..,..,..,..,..,..,..,..,..,..,..,0.6666667,..,..,0.6819999999999999,..,..,..,0.625
SVNcc2000,Slovenia,SVN,Europe & Central Asia,High income,2000,cc,8,0.8333011,0.1969562,0.5102928999999999,1.1563093,64.7221205,3.9866960999999996,58.1839388,71.26030209999999,..,..,..,..,..,0.3862798,..,..,..,0.625,..,..,0.8333332999999999,..,0.5761904999999999,..,..,..,..,..,..,..,..,..,..,..,..,0.6666667,..,..,0.89,..,0.3567568,..,0.75
SWEcc2000,Sweden,SWE,Europe & Central Asia,High income,2000,cc,6,2.3793713999999997,0.1996623,2.0519252,2.7068176,96.01695579999999,3.2350786,89.3889423,100.0,..,..,..,..,..,..,..,..,..,1,..,..,..,..,0.8238095,..,..,..,..,..,..,..,..,..,..,..,..,1,..,..,0.996,..,0.8447368,..,1
SWZcc2000,Eswatini,SWZ,Sub-Saharan Africa,Lower middle income,2000,cc,2,-0.0313736,0.3430487,-0.5939734999999999,0.5312262999999999,47.219777699999995,6.9438325,35.8318924,58.607662999999995,..,..,..,..,..,..,..,..,..,..,..,..,..,..,..,..,..,..,..,..,..,..,..,..,..,..,..,..,..,..,0.506,..,..,..,0.5
SYCcc2000,Seychelles,SYC,Sub-Saharan Africa,High income,2000,cc,2,0.6291815,0.3430487,0.06658159999999999,1.1917814,60.5904265,6.9438325,49.2025412,71.9783118,..,..,..,..,..,..,..,..,..,..,..,..,..,..,..,..,..,..,..,..,..,..,..,..,..,..,..,..,..,..,0.5589999999999999,..,..,..,0.75
SYRcc2000,Syrian Arab Republic,SYR,Middle East & North Africa,Low income,2000,cc,4,-1.0798691,0.2316749,-1.4598159,-0.6999223,25.996619799999998,4.6894551,18.3059135,33.6873261,..,..,..,..,..,..,..,..,..,0,..,..,..,..,..,..,..,..,..,..,..,..,..,..,..,..,..,0.3333333,..,..,0.096,..,..,..,0.375
TCDcc2000,Chad,TCD,Sub-Saharan Africa,Low income,2000,cc,2,-1.3036368,0.3430487,-1.8662367,-0.7410369,21.467218199999998,6.9438325,10.0793328,32.8551035,..,..,..,..,..,..,..,..,..,..,..,..,..,..,..,..,..,..,..,..,..,..,..,..,..,..,..,..,..,..,0.043,..,..,..,0.25
TGOcc2000,Togo,TGO,Sub-Saharan Africa,Low income,2000,cc,3,-0.7671465,0.2955622,-1.2518685,-0.28242449999999997,32.3266051,5.9826324,22.515088,42.1381222,..,..,..,..,..,..,..,..,..,..,..,..,..,..,..,..,..,..,..,..,..,..,..,..,..,..,..,0.3333333,..,..,0.193,..,..,..,0.375
THAcc2000,Thailand,THA,East Asia & Pacific,Upper middle income,2000,cc,6,-0.1190676,0.1996623,-0.44651379999999996,0.2083786,45.4447165,4.0414717,38.816703,52.0727301,..,..,..,..,..,..,..,..,..,0.375,..,..,..,..,0.4809524,..,..,..,..,..,..,..,..,..,..,..,..,0.3333333,..,..,0.323,..,0.20465119999999998,..,0.625
TJKcc2000,Tajikistan,TJK,Europe & Central Asia,Lower middle income,2000,cc,3,-1.4233314,0.33859839999999997,-1.9786328,-0.86803,19.0444158,6.8537514999999996,7.8042633,30.2845682,..,..,..,..,..,..,..,..,..,..,..,..,0.1666667,..,..,..,..,..,..,..,..,..,..,..,..,..,..,..,..,..,0.08399999999999999,..,..,..,0.125
TKMcc2000,Turkmenistan,TKM,Europe & Central Asia,Upper middle income,2000,cc,3,-0.8321402999999999,0.33859839999999997,-1.3874416999999999,-0.2768389,31.0110308,6.8537514999999996,19.7708784,42.2511833,..,..,..,..,..,..,..,..,..,..,..,..,0.125,..,..,..,..,..,..,..,..,..,..,..,..,..,..,..,..,..,0.095,..,..,..,0.375
TTOcc2000,Trinidad and Tobago,TTO,Latin America & Caribbean,High income,2000,cc,5,0.4326562,0.21722799999999998,0.07640229999999999,0.7889101,56.6124529,4.3970278,49.4013273,63.823578499999996,..,..,..,..,..,..,..,..,..,0.375,..,..,..,..,0.5499999999999999,..,..,..,..,..,..,..,..,..,..,..,..,0.5,..,..,0.846,..,..,..,0.625
TUNcc2000,Tunisia,TUN,Middle East & North Africa,Lower middle income,2000,cc,4,-0.3715771,0.2316749,-0.7515238999999999,0.008369699999999999,40.3335368,4.689455,32.642830499999995,48.024243,..,..,..,..,..,..,..,..,..,0.25,..,..,..,..,..,..,..,..,..,..,..,..,..,..,..,..,..,0.5,..,..,0.127,..,..,..,0.5
TURcc2000,Türkiye,TUR,Europe & Central Asia,Upper middle income,2000,cc,7,-0.35266359999999997,0.1978208,-0.6770897,-0.0282375,40.716375,4.0041964,34.1494929,47.2832571,..,..,..,..,..,0.386967,..,..,..,0.125,..,..,..,..,0.4619048,..,..,..,..,..,..,..,..,..,..,..,..,0.5,..,..,0.497,..,0.2634921,..,0.5
TWNcc2000,"Taiwan, China",TWN,East Asia & Pacific,High income,2000,cc,6,0.60735,0.1996623,0.2799038,0.9347962,60.148523499999996,4.0414717,53.5205099,66.77653699999999,..,..,..,..,..,..,..,..,..,0.5,..,..,..,..,0.7928571,..,..,..,..,..,..,..,..,..,..,..,..,0.3333333,..,..,0.652,..,0.36333329999999997,..,0.75
TZAcc2000,Tanzania,TZA,Sub-Saharan Africa,Lower middle income,2000,cc,4,-0.7256695999999999,0.2316749,-1.1056164,-0.3457228,33.1661612,4.6894551,25.4754549,40.8568675,..,..,..,..,..,..,..,..,..,0.125,..,..,..,..,..,..,..,..,..,..,..,..,..,..,..,..,..,0.3333333,..,..,0.521,..,..,..,0.25
UGAcc2000,Uganda,UGA,Sub-Saharan Africa,Low income,2000,cc,4,-1.1308156,0.2316749,-1.5107624,-0.7508688,24.965384399999998,4.689455,17.2746782,32.6560907,..,..,..,..,..,..,..,..,..,0,..,..,..,..,..,..,..,..,..,..,..,..,..,..,..,..,..,0.3333333,..,..,0.216,..,..,..,0.25
UKRcc2000,Ukraine,UKR,Europe & Central Asia,Upper middle income,2000,cc,7,-1.2104628,0.213756,-1.5610226,-0.859903,23.3532029,4.3267489999999995,16.2573346,30.4490712,..,..,..,..,..,0.4127691,..,..,..,0,..,..,0.1666667,..,0.3142857,..,..,..,..,..,..,..,..,..,..,..,..,0.3333333,..,..,0.13699999999999998,..,..,..,0.25
URYcc2000,Uruguay,URY,Latin America & Caribbean,High income,2000,cc,5,0.9103336999999999,0.21722799999999998,0.5540798,1.2665876,66.2813785,4.3970278,59.0702529,73.49250409999999,..,..,..,..,..,..,..,..,..,0.5,..,..,..,..,0.5547619,..,..,..,..,..,..,..,..,..,..,..,..,0.5,..,..,0.958,..,..,..,0.875
USAcc2000,United States,USA,North America,High income,2000,cc,6,1.566107,0.1996623,1.2386608,1.8935532,79.5552364,4.0414717,72.9272228,86.18325,..,..,..,..,..,..,..,..,..,0.75,..,..,..,..,0.7547619,..,..,..,..,..,..,..,..,..,..,..,..,0.6666667,..,..,0.943,..,0.6771653999999999,..,0.875
UZBcc2000,Uzbekistan,UZB,Europe & Central Asia,Lower middle income,2000,cc,4,-1.2907621999999999,0.2889052,-1.7645666999999998,-0.8169577,21.7278198,5.847884199999999,12.1372897,31.31835,..,..,..,..,..,0.44283829999999996,..,..,..,0,..,..,0.1666667,..,..,..,..,..,..,..,..,..,..,..,..,..,..,..,..,..,0.16399999999999998,..,..,..,..
VENcc2000,"Venezuela, RB",VEN,Latin America & Caribbean,,2000,cc,6,-0.6589923,0.1996623,-0.9864385,-0.3315461,34.5158121,4.0414717,27.8877985,41.1438256,..,..,..,..,..,..,..,..,..,0.25,..,..,..,..,0.39285709999999996,..,..,..,..,..,..,..,..,..,..,..,..,0.5,..,..,0.102,..,0.1365854,..,0.25
VNMcc2000,Viet Nam,VNM,East Asia & Pacific,Lower middle income,2000,cc,5,-0.7574343,0.21722799999999998,-1.1136882,-0.4011804,32.5231949,4.3970278,25.312069299999997,39.734320499999995,..,..,..,..,..,..,..,..,..,0.125,..,..,..,..,0.4095238,..,..,..,..,..,..,..,..,..,..,..,..,0.3333333,..,..,0.443,..,..,..,0.25
VUTcc2000,Vanuatu,VUT,East Asia & Pacific,Lower middle income,2000,cc,1,0.1433489,0.4936907,-0.6663038,0.9530016,50.7564292,9.9930568,34.3678161,67.1450423,..,..,..,..,..,..,..,..,..,..,..,..,..,..,..,..,..,..,..,..,..,..,..,..,..,..,..,..,..,..,0.5449999999999999,..,..,..,..
WSMcc2000,Samoa,WSM,East Asia & Pacific,Upper middle income,2000,cc,1,-0.059015099999999994,0.43525349999999996,-0.7728307999999999,0.6548006,46.6602713,8.8101983,32.2115461,61.108996399999995,..,..,..,..,..,..,..,..,..,..,..,..,..,..,..,..,..,..,..,..,..,..,..,..,..,..,..,..,..,..,..,..,..,..,0.5
XKXcc2000,Kosovo,XKX,Europe & Central Asia,Upper middle income,2000,cc,1,0.37509899999999996,0.4936907,-0.4345537,1.1847516999999999,55.447406799999996,9.9930568,39.058793699999995,71.8360199,..,..,..,..,..,..,..,..,..,..,..,..,..,..,..,..,..,..,..,..,..,..,..,..,..,..,..,..,..,..,0.62,..,..,..,..
YEMcc2000,"Yemen, Rep.",YEM,Middle East & North Africa,Low income,2000,cc,4,-0.9082332,0.2316749,-1.2881799999999999,-0.5282863999999999,29.4707938,4.6894551,21.7800875,37.1615001,..,..,..,..,..,..,..,..,..,0,..,..,..,..,..,..,..,..,..,..,..,..,..,..,..,..,..,0.5,..,..,0.11399999999999999,..,..,..,0.375
ZAFcc2000,South Africa,ZAF,Sub-Saharan Africa,Upper middle income,2000,cc,6,0.47267919999999997,0.1996623,0.145233,0.8001254,57.422579799999994,4.0414717,50.7945663,64.0505934,..,..,..,..,..,..,..,..,..,0.5,..,..,..,..,0.5690476,..,..,..,..,..,..,..,..,..,..,..,..,0.5,..,..,0.567,..,0.2733333,..,0.75
ZMBcc2000,Zambia,ZMB,Sub-Saharan Africa,Lower middle income,2000,cc,4,-0.9273562,0.2316749,-1.3073029999999999,-0.5474093999999999,29.0837149,4.6894551,21.393008599999998,36.7744212,..,..,..,..,..,..,..,..,..,0,..,..,..,..,..,..,..,..,..,..,..,..,..,..,..,..,..,0.3333333,..,..,0.515,..,..,..,0.25
ZWEcc2000,Zimbabwe,ZWE,Sub-Saharan Africa,Lower middle income,2000,cc,5,-1.2771242999999999,0.21722799999999998,-1.6333782,-0.9208704,22.0038718,4.3970278,14.7927462,29.2149975,..,..,..,..,..,..,..,..,..,0,..,..,..,..,0.3214286,..,..,..,..,..,..,..,..,..,..,..,..,0.1666667,..,..,0.216,..,..,..,0.25
ADOcc2002,Andorra,ADO,,,2002,cc,1,1.3358417,0.43525349999999996,0.622026,2.0496574,74.8943134,8.8101983,60.445588199999996,89.34303849999999,..,..,..,..,..,..,..,..,..,..,..,..,..,..,..,..,..,..,..,..,..,..,..,..,..,..,..,..,..,..,..,..,..,..,0.875
AFGcc2002,Afghanistan,AFG,South Asia,Low income,2002,cc,2,-1.5434271,0.3430487,-2.106027,-0.9808272,16.613494499999998,6.9438325,5.2256092,28.0013798,..,..,..,..,..,..,..,..,..,..,..,..,..,..,..,..,..,..,..,..,..,..,..,..,..,..,..,..,..,..,0.081,..,..,..,0.125
AGOcc2002,Angola,AGO,Sub-Saharan Africa,Lower middle income,2002,cc,4,-1.3041443,0.2316749,-1.6840910999999998,-0.9241975,21.456945599999997,4.6894551,13.766239299999999,29.1476519,..,..,..,..,..,..,..,..,..,0,..,..,..,..,..,..,..,..,..,..,..,..,..,..,..,..,..,0.3333333,..,..,0.16,..,..,..,0.125
ALBcc2002,Albania,ALB,Europe & Central Asia,Upper middle income,2002,cc,5,-1.0003421,0.2869904,-1.4710063999999998,-0.5296778,27.6063683,5.8091266,18.0794006,37.133336,..,..,..,..,..,0.5169633,..,..,..,..,..,..,0.6666667,..,..,..,..,..,..,..,..,..,..,..,..,..,..,0.3333333,..,..,0.255,..,..,..,0.25
AREcc2002,United Arab Emirates,ARE,Middle East & North Africa,High income,2002,cc,5,0.7708579999999999,0.21722799999999998,0.4146041,1.1271119,63.4581763,4.3970278,56.247050699999996,70.6693019,..,..,..,..,..,..,..,..,..,0.5,..,..,..,..,0.7758729999999999,..,..,..,..,..,..,..,..,..,..,..,..,0.3333333,..,..,0.864,..,..,..,0.75
ARGcc2002,Argentina,ARG,Latin America & Caribbean,Upper middle income,2002,cc,7,-0.56214,0.19961569999999998,-0.8895097,-0.2347703,36.4762512,4.0405275,29.849786199999997,43.1027163,..,..,..,..,..,..,..,..,..,0.25,..,..,..,..,0.3530578,..,..,..,..,..,..,..,..,0.73,..,..,..,0.3333333,..,..,0.482,..,0.0677165,..,0.375
ARMcc2002,Armenia,ARM,Europe & Central Asia,Upper middle income,2002,cc,5,-0.9400415,0.2869904,-1.4107058,-0.4693772,28.826945,5.8091266,19.2999773,38.353912699999995,..,..,..,..,..,0.7970094999999999,..,..,..,..,..,..,0.7916667,..,..,..,..,..,..,..,..,..,..,..,..,..,..,0.25,..,..,0.13499999999999998,..,..,..,0.375
ATGcc2002,Antigua and Barbuda,ATG,Latin America & Caribbean,High income,2002,cc,1,0.8678068,0.43525349999999996,0.1539911,1.5816225,65.4205688,8.8101983,50.9718436,79.8692939,..,..,..,..,..,..,..,..,..,..,..,..,..,..,..,..,..,..,..,..,..,..,..,..,..,..,..,..,..,..,..,..,..,..,0.75
AUScc2002,Australia,AUS,East Asia & Pacific,High income,2002,cc,6,2.0158457,0.1996623,1.6883994999999998,2.3432919,88.6586378,4.0414717,82.0306243,95.2866514,..,..,..,..,..,..,..,..,..,0.875,..,..,..,..,0.8351896999999999,..,..,..,..,..,..,..,..,..,..,..,..,0.75,..,..,0.966,..,0.7999999999999999,..,1
AUTcc2002,Austria,AUT,Europe & Central Asia,High income,2002,cc,6,1.8696066999999998,0.1996623,1.5421604999999998,2.1970529,85.6985361,4.0414717,79.0705225,92.32654959999999,..,..,..,..,..,..,..,..,..,0.875,..,..,..,..,0.7698518999999999,..,..,..,..,..,..,..,..,..,..,..,..,0.8333332999999999,..,..,0.9119999999999999,..,0.7461538,..,0.875
AZEcc2002,Azerbaijan,AZE,Europe & Central Asia,Upper middle income,2002,cc,6,-1.3917869999999999,0.22747679999999998,-1.764849,-1.0187249999999999,19.6829228,4.6044801,12.1315755,27.234270199999997,..,..,..,..,..,0.6868728,..,..,..,0,..,..,0.875,..,..,..,..,..,..,..,..,..,..,..,..,..,..,0.3333333,..,..,0.041999999999999996,..,..,..,0.125
BDIcc2002,Burundi,BDI,Sub-Saharan Africa,Low income,2002,cc,2,-0.7006576,0.3430487,-1.2632575,-0.1380577,33.672442499999995,6.9438325,22.2845572,45.060327799999996,..,..,..,..,..,..,..,..,..,..,..,..,..,..,..,..,..,..,..,..,..,..,..,..,..,..,..,..,..,..,0.45099999999999996,..,..,..,0.25
BELcc2002,Belgium,BEL,Europe & Central Asia,High income,2002,cc,6,1.5594272999999998,0.1996623,1.2319811,1.8868734999999999,79.420029,4.0414717,72.79201549999999,86.0480426,..,..,..,..,..,..,..,..,..,0.75,..,..,..,..,0.7274832,..,..,..,..,..,..,..,..,..,..,..,..,0.6666667,..,..,0.969,..,0.5295774999999999,..,1
BENcc2002,Benin,BEN,Sub-Saharan Africa,Lower middle income,2002,cc,2,-0.8409028,0.3430487,-1.4035027,-0.27830289999999996,30.8336644,6.9438325,19.4457791,42.2215497,..,..,..,..,..,..,..,..,..,..,..,..,..,..,..,..,..,..,..,..,..,..,..,..,..,..,..,..,..,..,0.357,..,..,..,0.25
BFAcc2002,Burkina Faso,BFA,Sub-Saharan Africa,Low income,2002,cc,3,-0.0241316,0.2955622,-0.5088536,0.46059039999999996,47.366366899999996,5.9826324,37.5548498,57.177884,..,..,..,..,..,..,..,..,..,..,..,..,..,..,..,..,..,..,..,..,..,..,..,..,..,..,..,0.3333333,..,..,0.478,..,..,..,0.625
BGDcc2002,Bangladesh,BGD,South Asia,Lower middle income,2002,cc,5,-1.4493198999999999,0.21722799999999998,-1.8055738,-1.0930659999999999,18.5183687,4.3970278,11.307243,25.7294943,..,..,..,..,..,..,..,..,..,0.125,..,..,..,..,0.2261261,..,..,..,..,..,..,..,..,..,..,..,..,0.1666667,..,..,0.158,..,..,..,0
BGRcc2002,Bulgaria,BGR,Europe & Central Asia,High income,2002,cc,7,-0.0007995999999999999,0.213756,-0.3513594,0.34976019999999997,47.8386423,4.3267489999999995,40.742774,54.934510599999996,..,..,..,..,..,0.6466459,..,..,..,0.375,..,..,0.5416667,..,0.5480105,..,..,..,..,..,..,..,..,..,..,..,..,0.3333333,..,..,0.613,..,..,..,0.5
BHRcc2002,Bahrain,BHR,Middle East & North Africa,High income,2002,cc,4,0.5602165,0.2358796,0.173374,0.947059,59.1944691,4.774564499999999,51.3641833,67.02475489999999,..,..,..,..,..,..,..,..,..,0.375,..,..,..,..,0.7478271999999999,..,..,..,..,..,..,..,..,..,..,..,..,0.3333333,..,..,..,..,..,..,0.875
BHScc2002,"Bahamas, The",BHS,Latin America & Caribbean,High income,2002,cc,2,1.3263956,0.3486122,0.7546716,1.8981196,74.7031098,7.0564458,63.130538699999995,86.2756809,..,..,..,..,..,..,..,..,..,..,..,..,..,..,..,..,..,..,..,..,..,..,..,..,..,..,..,0.6666667,..,..,..,..,..,..,0.875
BIHcc2002,Bosnia and Herzegovina,BIH,Europe & Central Asia,Upper middle income,2002,cc,5,-0.3714306,0.2471174,-0.7767031,0.0338419,40.3365022,5.002034999999999,32.133164799999996,48.5398395,..,..,..,..,..,0.6551367,..,..,..,0.25,..,..,0.6666667,..,..,..,..,..,..,..,..,..,..,..,..,..,..,..,..,..,0.33799999999999997,..,..,..,0.5
BLRcc2002,Belarus,BLR,Europe & Central Asia,Upper middle income,2002,cc,5,-0.5177246,0.2869904,-0.9883888999999999,-0.0470603,37.3752871,5.8091266,27.848319399999998,46.902254799999994,..,..,..,..,..,0.7239,..,..,..,..,..,..,0.75,..,..,..,..,..,..,..,..,..,..,..,..,..,..,0.3333333,..,..,0.642,..,..,..,0.25
BLZcc2002,Belize,BLZ,Latin America & Caribbean,Upper middle income,2002,cc,1,-0.0682631,0.43525349999999996,-0.7820788,0.6455525999999999,46.473077599999996,8.8101983,32.0243524,60.9218027,..,..,..,..,..,..,..,..,..,..,..,..,..,..,..,..,..,..,..,..,..,..,..,..,..,..,..,..,..,..,..,..,..,..,0.5
BMUcc2002,Bermuda,BMU,North America,High income,2002,cc,1,1.3358417,0.43525349999999996,0.622026,2.0496574,74.8943134,8.8101983,60.445588199999996,89.34303849999999,..,..,..,..,..,..,..,..,..,..,..,..,..,..,..,..,..,..,..,..,..,..,..,..,..,..,..,..,..,..,..,..,..,..,0.875
BOLcc2002,Bolivia,BOL,Latin America & Caribbean,Lower middle income,2002,cc,6,-0.8366591999999999,0.217168,-1.1928147,-0.4805037,30.9195614,4.3958132999999995,23.710427499999998,38.128695199999996,..,..,..,..,..,..,..,..,..,0.125,..,..,..,..,0.2914187,..,..,..,..,..,..,..,..,0.75,..,..,..,0.3333333,..,..,0.27699999999999997,..,..,..,0.375
BRAcc2002,Brazil,BRA,Latin America & Caribbean,Upper middle income,2002,cc,7,0.0977714,0.19961569999999998,-0.22959829999999998,0.4251411,49.8338706,4.0405275,43.2074056,56.460335699999995,..,..,..,..,..,..,..,..,..,0.25,..,..,..,..,0.5067969999999999,..,..,..,..,..,..,..,..,0.38,..,..,..,0.6666667,..,..,0.45199999999999996,..,0.2891566,..,0.625
BRBcc2002,Barbados,BRB,Latin America & Caribbean,High income,2002,cc,2,1.4423347,0.3430487,0.8797347999999999,2.0049346,77.0498951,6.9438325,65.66200979999999,88.4377804,..,..,..,..,..,..,..,..,..,..,..,..,..,..,..,..,..,..,..,..,..,..,..,..,..,..,..,..,..,..,0.9129999999999999,..,..,..,0.875
BRNcc2002,Brunei Darussalam,BRN,East Asia & Pacific,High income,2002,cc,2,0.18455829999999998,0.3486122,-0.3871657,0.7562823,51.5905707,7.0564458,40.017999599999996,63.1631418,..,..,..,..,..,..,..,..,..,..,..,..,..,..,..,..,..,..,..,..,..,..,..,..,..,..,..,0.4166667,..,..,..,..,..,..,0.625
BTNcc2002,Bhutan,BTN,South Asia,Lower middle income,2002,cc,2,0.47761139999999996,0.3430487,-0.0849885,1.0402113,57.522415099999996,6.9438325,46.134529799999996,68.9103004,..,..,..,..,..,..,..,..,..,..,..,..,..,..,..,..,..,..,..,..,..,..,..,..,..,..,..,..,..,..,0.851,..,..,..,0.5
BWAcc2002,Botswana,BWA,Sub-Saharan Africa,Upper middle income,2002,cc,6,0.7836907,0.2116542,0.43657779999999996,1.1308036,63.7179298,4.2842059,56.6918321,70.7440276,..,0.61775,..,..,..,..,..,..,..,0.625,..,..,..,..,0.6502083,..,..,..,..,..,..,..,..,..,..,..,..,0.5,..,..,0.854,..,..,..,0.625
CAFcc2002,Central African Republic,CAF,Sub-Saharan Africa,Low income,2002,cc,2,-0.9751801999999999,0.3430487,-1.5377801,-0.41258029999999996,28.1156838,6.9438325,16.7277985,39.5035691,..,..,..,..,..,..,..,..,..,..,..,..,..,..,..,..,..,..,..,..,..,..,..,..,..,..,..,..,..,..,0.267,..,..,..,0.25
CANcc2002,Canada,CAN,North America,High income,2002,cc,6,1.8937597,0.1996623,1.5663135,2.2212058999999997,86.18742979999999,4.0414717,79.5594163,92.81544339999999,..,..,..,..,..,..,..,..,..,0.875,..,..,..,..,0.7953676,..,..,..,..,..,..,..,..,..,..,..,..,0.6666667,..,..,0.965,..,0.7463415,..,1
CHEcc2002,Switzerland,CHE,Europe & Central Asia,High income,2002,cc,6,1.9920292,0.1996623,1.664583,2.3194754,88.17655529999999,4.0414717,81.5485418,94.80456889999999,..,..,..,..,..,..,..,..,..,0.875,..,..,..,..,0.8219322,..,..,..,..,..,..,..,..,..,..,..,..,0.75,..,..,0.978,..,0.7684211,..,1
CHLcc2002,Chile,CHL,Latin America & Caribbean,High income,2002,cc,7,1.5532108,0.19961569999999998,1.2258411,1.8805805,79.2941975,4.0405275,72.66773239999999,85.9206626,..,..,..,..,..,..,..,..,..,0.75,..,..,..,..,0.7191574,..,..,..,..,..,..,..,..,0.85,..,..,..,0.6666667,..,..,0.939,..,0.6980392,..,0.875
CHNcc2002,China,CHN,East Asia & Pacific,Upper middle income,2002,cc,7,-0.5858007,0.1976658,-0.9099725999999999,-0.2616288,35.9973224,4.001059,29.435585699999997,42.5590591,..,..,..,0.5255795999999999,..,..,..,..,..,0.125,..,..,..,..,0.5996446,..,..,..,..,..,..,..,..,..,..,..,..,0.1666667,..,..,0.40199999999999997,..,0.25625,..,0.375
CIVcc2002,Côte d’Ivoire,CIV,Sub-Saharan Africa,Lower middle income,2002,cc,4,-0.7625117,0.2316749,-1.1424585,-0.3825649,32.4204206,4.689455,24.729714299999998,40.1111268,..,..,..,..,..,..,..,..,..,0,..,..,..,..,..,..,..,..,..,..,..,..,..,..,..,..,..,0.5,..,..,0.33199999999999996,..,..,..,0.375
CMRcc2002,Cameroon,CMR,Sub-Saharan Africa,Lower middle income,2002,cc,4,-1.3592621,0.2316749,-1.7392089,-0.9793153,20.341276699999998,4.6894551,12.6505704,28.031983,..,..,..,..,..,..,..,..,..,0,..,..,..,..,..,..,..,..,..,..,..,..,..,..,..,..,..,0.3333333,..,..,0.079,..,..,..,0.125
CODcc2002,"Congo, Dem. Rep.",COD,Sub-Saharan Africa,Low income,2002,cc,3,-1.606441,0.2955622,-2.091163,-1.121719,15.3379965,5.9826324,5.5264793999999995,25.1495136,..,..,..,..,..,..,..,..,..,..,..,..,..,..,..,..,..,..,..,..,..,..,..,..,..,..,..,0.1666667,..,..,0.063,..,..,..,0.125
COGcc2002,"Congo, Rep.",COG,Sub-Saharan Africa,Lower middle income,2002,cc,3,-1.0193486,0.2955622,-1.5040706,-0.5346266,27.221647599999997,5.9826324,17.410130499999998,37.0331647,..,..,..,..,..,..,..,..,..,..,..,..,..,..,..,..,..,..,..,..,..,..,..,..,..,..,..,0.3333333,..,..,0.16399999999999998,..,..,..,0.25
COLcc2002,Colombia,COL,Latin America & Caribbean,Upper middle income,2002,cc,7,-0.2334001,0.19961569999999998,-0.5607698,0.0939696,43.1304513,4.0405275,36.5039862,49.756916399999994,..,..,..,..,..,..,..,..,..,0.25,..,..,..,..,0.46115459999999997,..,..,..,..,..,..,..,..,0.7899999999999999,..,..,..,0.5,..,..,0.59,..,0.1909091,..,0.375
COMcc2002,Comoros,COM,Sub-Saharan Africa,Lower middle income,2002,cc,2,-0.6501245,0.3430487,-1.2127244,-0.0875246,34.6953099,6.9438325,23.307424599999997,46.0831953,..,..,..,..,..,..,..,..,..,..,..,..,..,..,..,..,..,..,..,..,..,..,..,..,..,..,..,..,..,..,0.29,..,..,..,0.375
CPVcc2002,Cabo Verde,CPV,Sub-Saharan Africa,Upper middle income,2002,cc,3,0.29846459999999997,0.3222739,-0.23006459999999998,0.8269938,53.896209,6.5233183,43.1979669,64.59445099999999,..,0.64525,..,..,..,..,..,..,..,..,..,..,..,..,..,..,..,..,..,..,..,..,..,..,..,..,..,..,..,..,0.7959999999999999,..,..,..,0.5
CRIcc2002,Costa Rica,CRI,Latin America & Caribbean,High income,2002,cc,6,0.45886839999999995,0.217168,0.1027129,0.8150238999999999,57.143027999999994,4.3958132999999995,49.9338942,64.3521619,..,..,..,..,..,..,..,..,..,0.5,..,..,..,..,0.4736798,..,..,..,..,..,..,..,..,0.74,..,..,..,0.4166667,..,..,0.824,..,..,..,0.625
CUBcc2002,Cuba,CUB,Latin America & Caribbean,Upper middle income,2002,cc,4,-0.12123139999999999,0.2316749,-0.5011782,0.2587154,45.400917899999996,4.6894551,37.7102116,53.0916242,..,..,..,..,..,..,..,..,..,0.25,..,..,..,..,..,..,..,..,..,..,..,..,..,..,..,..,..,0.4166667,..,..,0.421,..,..,..,0.625
CYMcc2002,Cayman Islands,CYM,Latin America & Caribbean,High income,2002,cc,1,1.3358417,0.43525349999999996,0.622026,2.0496574,74.8943134,8.8101983,60.445588199999996,89.34303849999999,..,..,..,..,..,..,..,..,..,..,..,..,..,..,..,..,..,..,..,..,..,..,..,..,..,..,..,..,..,..,..,..,..,..,0.875
CYPcc2002,Cyprus,CYP,Europe & Central Asia,High income,2002,cc,4,1.1770490999999998,0.2316749,0.7971022999999999,1.5569959,71.68010749999999,4.6894551,63.989401199999996,79.3708138,..,..,..,..,..,..,..,..,..,0.75,..,..,..,..,..,..,..,..,..,..,..,..,..,..,..,..,..,0.6666667,..,..,0.816,..,..,..,0.625
CZEcc2002,Czechia,CZE,Europe & Central Asia,High income,2002,cc,8,0.40831609999999996,0.1969562,0.08530789999999999,0.7313242999999999,56.119771899999996,3.9866960999999996,49.581590299999995,62.6579535,..,..,..,..,..,0.7775249999999999,..,..,..,0.5,..,..,0.4166667,..,0.44808149999999997,..,..,..,..,..,..,..,..,..,..,..,..,0.4166667,..,..,0.739,..,0.2638889,..,0.75
DEUcc2002,Germany,DEU,Europe & Central Asia,High income,2002,cc,6,1.8103023999999999,0.1996623,1.4828561999999998,2.1377486,84.498126,4.0414717,77.87011249999999,91.1261396,..,..,..,..,..,..,..,..,..,0.875,..,..,..,..,0.7356817,..,..,..,..,..,..,..,..,..,..,..,..,0.6666667,..,..,0.989,..,0.6627907,..,1
DJIcc2002,Djibouti,DJI,Middle East & North Africa,Lower middle income,2002,cc,2,-0.624761,0.3430487,-1.1873609,-0.0621611,35.2087061,6.9438325,23.8208208,46.5965914,..,..,..,..,..,..,..,..,..,..,..,..,..,..,..,..,..,..,..,..,..,..,..,..,..,..,..,..,..,..,0.307,..,..,..,0.375
DMAcc2002,Dominica,DMA,Latin America & Caribbean,Upper middle income,2002,cc,1,0.8678068,0.43525349999999996,0.1539911,1.5816225,65.4205688,8.8101983,50.9718436,79.8692939,..,..,..,..,..,..,..,..,..,..,..,..,..,..,..,..,..,..,..,..,..,..,..,..,..,..,..,..,..,..,..,..,..,..,0.75
DNKcc2002,Denmark,DNK,Europe & Central Asia,High income,2002,cc,6,2.2855282999999997,0.1996623,1.9580821,2.6129745,94.11742749999999,3.8142031,87.4894139,100.0,..,..,..,..,..,..,..,..,..,0.875,..,..,..,..,0.909581,..,..,..,..,..,..,..,..,..,..,..,..,0.9166667,..,..,0.998,..,0.9282051,..,1
DOMcc2002,Dominican Republic,DOM,Latin America & Caribbean,Upper middle income,2002,cc,5,-0.588125,0.21722799999999998,-0.9443788999999999,-0.2318711,35.950275,4.3970278,28.739149299999998,43.1614006,..,..,..,..,..,..,..,..,..,0.25,..,..,..,..,0.43029059999999997,..,..,..,..,..,..,..,..,..,..,..,..,0.3333333,..,..,0.217,..,..,..,0.375
DZAcc2002,Algeria,DZA,Middle East & North Africa,Upper middle income,2002,cc,4,-0.9941078,0.2316749,-1.3740546,-0.614161,27.732560099999997,4.6894551,20.0418538,35.423266399999996,..,..,..,..,..,..,..,..,..,0,..,..,..,..,..,..,..,..,..,..,..,..,..,..,..,..,..,0.25,..,..,0.34299999999999997,..,..,..,0.375
ECUcc2002,Ecuador,ECU,Latin America & Caribbean,Upper middle income,2002,cc,6,-0.8039929,0.217168,-1.1601484,-0.4478374,31.5807774,4.3958132999999995,24.3716436,38.7899113,..,..,..,..,..,..,..,..,..,0.125,..,..,..,..,0.2897243,..,..,..,..,..,..,..,..,0.72,..,..,..,0.5,..,..,0.296,..,..,..,0.25
EGYcc2002,"Egypt, Arab Rep.",EGY,Middle East & North Africa,Lower middle income,2002,cc,5,-0.6106491,0.21722799999999998,-0.966903,-0.2543952,35.4943526,4.3970278,28.283227,42.705478199999995,..,..,..,..,..,..,..,..,..,0.25,..,..,..,..,0.526969,..,..,..,..,..,..,..,..,..,..,..,..,0.25,..,..,0.16799999999999998,..,..,..,0.375
ERIcc2002,Eritrea,ERI,Sub-Saharan Africa,Low income,2002,cc,2,0.0850292,0.3430487,-0.47757069999999996,0.6476291,49.575948999999994,6.9438325,38.1880637,60.963834299999995,..,..,..,..,..,..,..,..,..,..,..,..,..,..,..,..,..,..,..,..,..,..,..,..,..,..,..,..,..,..,0.39299999999999996,..,..,..,0.625
ESPcc2002,Spain,ESP,Europe & Central Asia,High income,2002,cc,6,1.5119264,0.1996623,1.1844801999999999,1.8393726,78.4585379,4.0414717,71.8305244,85.0865515,..,..,..,..,..,..,..,..,..,0.875,..,..,..,..,0.681303,..,..,..,..,..,..,..,..,..,..,..,..,0.5833332999999999,..,..,0.961,..,0.5272726999999999,..,0.875
ESTcc2002,Estonia,EST,Europe & Central Asia,High income,2002,cc,8,0.7636453,0.1969562,0.4406371,1.0866535,63.3121802,3.9866960999999996,56.7739986,69.8503618,..,..,..,..,..,0.8272758,..,..,..,0.5,..,..,0.25,..,0.63688,..,..,..,..,..,..,..,..,..,..,..,..,0.5,..,..,0.946,..,0.49019609999999997,..,0.625
ETHcc2002,Ethiopia,ETH,Sub-Saharan Africa,,2002,cc,4,-0.7246524999999999,0.2316749,-1.1045992999999998,-0.3447057,33.1867489,4.689455,25.4960426,40.8774551,..,..,..,..,..,..,..,..,..,0,..,..,..,..,..,..,..,..,..,..,..,..,..,..,..,..,..,0.3333333,..,..,0.427,..,..,..,0.5
FINcc2002,Finland,FIN,Europe & Central Asia,High income,2002,cc,6,2.3615521999999998,0.1996623,2.034106,2.6889984,95.65626789999999,3.3450444,89.0282543,100.0,..,..,..,..,..,..,..,..,..,0.875,..,..,..,..,0.9254726999999999,..,..,..,..,..,..,..,..,..,..,..,..,1,..,..,0.985,..,0.9473684,..,1
FJIcc2002,Fiji,FJI,East Asia & Pacific,Upper middle income,2002,cc,2,0.5221766,0.3430487,-0.040423299999999995,1.0847765,58.4244832,6.9438325,47.036597799999996,69.81236849999999,..,..,..,..,..,..,..,..,..,..,..,..,..,..,..,..,..,..,..,..,..,..,..,..,..,..,..,..,..,..,0.6859999999999999,..,..,..,0.625
FRAcc2002,France,FRA,Europe & Central Asia,High income,2002,cc,6,1.2479232999999998,0.1996623,0.9204770999999999,1.5753694999999999,73.1147101,4.0414717,66.4866965,79.74272359999999,..,..,..,..,..,..,..,..,..,0.75,..,..,..,..,0.6298587999999999,..,..,..,..,..,..,..,..,..,..,..,..,0.5,..,..,0.939,..,0.5086419999999999,..,0.875
GABcc2002,Gabon,GAB,Sub-Saharan Africa,Upper middle income,2002,cc,4,-0.6977354,0.2316749,-1.0776822,-0.3177886,33.731592299999996,4.689455,26.040886,41.4222985,..,..,..,..,..,..,..,..,..,0.25,..,..,..,..,..,..,..,..,..,..,..,..,..,..,..,..,..,0.1666667,..,..,0.12,..,..,..,0.5
GBRcc2002,United Kingdom,GBR,Europe & Central Asia,High income,2002,cc,6,1.9357319,0.1996623,1.6082857,2.2631780999999997,87.0370116,4.0414717,80.408998,93.6650252,..,..,..,..,..,..,..,..,..,0.875,..,..,..,..,0.8138344,..,..,..,..,..,..,..,..,..,..,..,..,0.75,..,..,0.96,..,0.7055556,..,1
GEOcc2002,Georgia,GEO,Europe & Central Asia,Upper middle income,2002,cc,4,-1.5321825,0.3298432,-2.0731253,-0.9912397,16.841102499999998,6.6765319,5.8915901,27.7906148,..,..,..,..,..,0.574504,..,..,..,..,..,..,0.7916667,..,..,..,..,..,..,..,..,..,..,..,..,..,..,..,..,..,0.127,..,..,..,0.125
GHAcc2002,Ghana,GHA,Sub-Saharan Africa,Lower middle income,2002,cc,5,-0.3000833,0.2249486,-0.668999,0.0688324,41.780681,4.553304799999999,34.3132611,49.2481009,..,0.5257499999999999,..,..,..,..,..,..,..,0.375,..,..,..,..,..,..,..,..,..,..,..,..,..,..,..,..,..,0.4166667,..,..,0.369,..,..,..,0.375
GINcc2002,Guinea,GIN,Sub-Saharan Africa,Lower middle income,2002,cc,3,-0.8562871999999999,0.2955622,-1.3410092,-0.3715652,30.522260499999998,5.9826324,20.7107434,40.3337776,..,..,..,..,..,..,..,..,..,..,..,..,..,..,..,..,..,..,..,..,..,..,..,..,..,..,..,0.5,..,..,0.077,..,..,..,0.25
GMBcc2002,"Gambia, The",GMB,Sub-Saharan Africa,Low income,2002,cc,3,-0.24508729999999998,0.2955622,-0.7298093,0.23963469999999998,42.8938844,5.9826324,33.0823673,52.7054015,..,..,..,..,..,..,..,..,..,..,..,..,..,..,..,..,..,..,..,..,..,..,..,..,..,..,..,0.5,..,..,0.434,..,..,..,0.375
GNBcc2002,Guinea-Bissau,GNB,Sub-Saharan Africa,Low income,2002,cc,3,-1.088014,0.2955622,-1.572736,-0.6032919999999999,25.8317545,5.9826324,16.0202374,35.6432716,..,..,..,..,..,..,..,..,..,..,..,..,..,..,..,..,..,..,..,..,..,..,..,..,..,..,..,0.3333333,..,..,0.102,..,..,..,0.25
GNQcc2002,Equatorial Guinea,GNQ,Sub-Saharan Africa,Upper middle income,2002,cc,3,-1.4243318,0.2525267,-1.8384756,-1.0101879999999999,19.0241661,5.1115281,10.6412601,27.407072199999998,..,..,..,..,..,..,..,..,..,0,..,..,..,..,..,..,..,..,..,..,..,..,..,..,..,..,..,..,..,..,0.151,..,..,..,0.125
GRCcc2002,Greece,GRC,Europe & Central Asia,High income,2002,cc,6,0.45127999999999996,0.1996623,0.1238338,0.7787261999999999,56.989427199999994,4.0414717,50.3614136,63.617440699999996,..,..,..,..,..,..,..,..,..,0.5,..,..,..,..,0.5189292999999999,..,..,..,..,..,..,..,..,..,..,..,..,0.4166667,..,..,0.747,..,0.24687499999999998,..,0.75
GRDcc2002,Grenada,GRD,Latin America & Caribbean,Upper middle income,2002,cc,1,0.8678068,0.43525349999999996,0.1539911,1.5816225,65.4205688,8.8101983,50.9718436,79.8692939,..,..,..,..,..,..,..,..,..,..,..,..,..,..,..,..,..,..,..,..,..,..,..,..,..,..,..,..,..,..,..,..,..,..,0.75
GTMcc2002,Guatemala,GTM,Latin America & Caribbean,Upper middle income,2002,cc,6,-0.7996317,0.217168,-1.1557872,-0.4434762,31.669054799999998,4.3958134,24.4599209,38.878188699999995,..,..,..,..,..,..,..,..,..,0.25,..,..,..,..,0.28283169999999996,..,..,..,..,..,..,..,..,0.6699999999999999,..,..,..,0.25,..,..,0.181,..,..,..,0.375
GUFcc2002,French Guiana,GUF,,,2002,cc,1,0.8678068,0.43525349999999996,0.1539911,1.5816225,65.4205688,8.8101983,50.9718436,79.8692939,..,..,..,..,..,..,..,..,..,..,..,..,..,..,..,..,..,..,..,..,..,..,..,..,..,..,..,..,..,..,..,..,..,..,0.75
GUYcc2002,Guyana,GUY,Latin America & Caribbean,High income,2002,cc,3,-0.23733469999999998,0.2955622,-0.7220567,0.24738729999999998,43.0508089,5.9826324,33.2392918,52.862325999999996,..,..,..,..,..,..,..,..,..,..,..,..,..,..,..,..,..,..,..,..,..,..,..,..,..,..,..,0.5,..,..,0.441,..,..,..,0.375
HKGcc2002,"Hong Kong SAR, China",HKG,East Asia & Pacific,High income,2002,cc,7,1.3685458,0.1976658,1.0443738999999999,1.6927177,75.5562946,4.001059,68.9945578,82.1180313,..,..,..,0.6814509999999999,..,..,..,..,..,0.625,..,..,..,..,0.8094153,..,..,..,..,..,..,..,..,..,..,..,..,0.6666667,..,..,0.941,..,0.6952381,..,0.75
HNDcc2002,Honduras,HND,Latin America & Caribbean,Lower middle income,2002,cc,6,-1.1100832999999999,0.217168,-1.4662388,-0.7539277999999999,25.385037999999998,4.3958132999999995,18.175904199999998,32.5941719,..,..,..,..,..,..,..,..,..,0,..,..,..,..,0.3161316,..,..,..,..,..,..,..,..,0.73,..,..,..,0.4166667,..,..,0.156,..,..,..,0.25
HRVcc2002,Croatia,HRV,Europe & Central Asia,High income,2002,cc,7,0.4509738,0.213756,0.10041399999999999,0.8015336,56.9832292,4.3267489999999995,49.8873609,64.0790975,..,..,..,..,..,0.7457185,..,..,..,0.5,..,..,0.625,..,0.49657039999999997,..,..,..,..,..,..,..,..,..,..,..,..,0.5,..,..,0.712,..,..,..,0.625
HTIcc2002,Haiti,HTI,Latin America & Caribbean,Lower middle income,2002,cc,4,-1.5760189,0.2671864,-2.0142046,-1.1378332,15.9537865,5.4082628,7.084235499999999,24.823337499999997,..,..,..,..,..,..,..,..,..,..,..,..,..,..,0.20168219999999998,..,..,..,..,..,..,..,..,..,..,..,..,0.1666667,..,..,0.16999999999999998,..,..,..,0.125
HUNcc2002,Hungary,HUN,Europe & Central Asia,High income,2002,cc,8,0.5606715,0.1969562,0.2376633,0.8836797,59.203678999999994,3.9866960999999996,52.6654974,65.7418606,..,..,..,..,..,0.7889075,..,..,..,0.5,..,..,0.2916667,..,0.5844828,..,..,..,..,..,..,..,..,..,..,..,..,0.5,..,..,0.724,..,0.2666667,..,0.75
IDNcc2002,Indonesia,IDN,East Asia & Pacific,Upper middle income,2002,cc,6,-1.3407373999999999,0.1996623,-1.6681835999999999,-1.0132912,20.7162451,4.0414717,14.0882315,27.3442586,..,..,..,..,..,..,..,..,..,0,..,..,..,..,0.2507424,..,..,..,..,..,..,..,..,..,..,..,..,0.1666667,..,..,0.238,..,0.09999999999999999,..,0.125
INDcc2002,India,IND,South Asia,Lower middle income,2002,cc,6,-0.5564837,0.1996623,-0.8839298999999999,-0.22903749999999998,36.5907434,4.0414717,29.9627299,43.218757,..,..,..,..,..,..,..,..,..,0.25,..,..,..,..,0.38507969999999997,..,..,..,..,..,..,..,..,..,..,..,..,0.25,..,..,0.45199999999999996,..,0.1544554,..,0.375
IRLcc2002,Ireland,IRL,Europe & Central Asia,High income,2002,cc,6,1.4335105,0.1996623,1.1060643,1.7609567,76.8712798,4.0414717,70.2432662,83.49929329999999,..,..,..,..,..,..,..,..,..,0.75,..,..,..,..,0.7139826,..,..,..,..,..,..,..,..,..,..,..,..,0.5833332999999999,..,..,0.948,..,0.6070175,..,0.875
IRNcc2002,"Iran, Islamic Rep.",IRN,Middle East & North Africa,Upper middle income,2002,cc,4,-0.4882621,0.2316749,-0.8682089,-0.10831529999999999,37.9716533,4.6894551,30.280946999999998,45.662359599999995,..,..,..,..,..,..,..,..,..,0.125,..,..,..,..,..,..,..,..,..,..,..,..,..,..,..,..,..,0.3333333,..,..,0.484,..,..,..,0.5
IRQcc2002,Iraq,IRQ,Middle East & North Africa,Upper middle income,2002,cc,4,-1.6165482,0.2316749,-1.996495,-1.2366013999999999,15.1334112,4.689455,7.442704999999999,22.8241175,..,..,..,..,..,..,..,..,..,0,..,..,..,..,..,..,..,..,..,..,..,..,..,..,..,..,..,0.1666667,..,..,0.13,..,..,..,0
ISLcc2002,Iceland,ISL,Europe & Central Asia,High income,2002,cc,5,2.1184323,0.2363553,1.7308096,2.506055,90.735148,4.7841941,82.8890698,98.5812263,..,..,..,..,..,..,..,..,..,..,..,..,..,..,0.873591,..,..,..,..,..,..,..,..,..,..,..,..,0.8333332999999999,..,..,0.987,..,0.8372092999999999,..,1
ISRcc2002,Israel,ISR,Middle East & North Africa,High income,2002,cc,6,1.0503727,0.1996623,0.7229264999999999,1.3778188999999998,69.1159828,4.0414717,62.487969199999995,75.74399629999999,..,..,..,..,..,..,..,..,..,0.625,..,..,..,..,0.7414756,..,..,..,..,..,..,..,..,..,..,..,..,0.5,..,..,0.881,..,0.6599999999999999,..,0.625
ITAcc2002,Italy,ITA,Europe & Central Asia,High income,2002,cc,6,0.6844831,0.1996623,0.3570369,1.0119293,61.709815799999994,4.0414717,55.0818022,68.3378293,..,..,..,..,..,..,..,..,..,0.625,..,..,..,..,0.5827521999999999,..,..,..,..,..,..,..,..,..,..,..,..,0.4166667,..,..,0.728,..,0.32692309999999997,..,0.75
JAMcc2002,Jamaica,JAM,Latin America & Caribbean,Upper middle income,2002,cc,5,-0.3077318,0.21722799999999998,-0.6639857,0.0485221,41.625863599999995,4.3970278,34.414738,48.8369892,..,..,..,..,..,..,..,..,..,0.125,..,..,..,..,0.48096229999999995,..,..,..,..,..,..,..,..,..,..,..,..,0.25,..,..,0.831,..,..,..,0.5
JORcc2002,Jordan,JOR,Middle East & North Africa,Lower middle income,2002,cc,5,-0.0064713999999999995,0.21722799999999998,-0.3627253,0.3497825,47.723836399999996,4.3970278,40.5127108,54.934962,..,..,..,..,..,..,..,..,..,0.25,..,..,..,..,0.5327597,..,..,..,..,..,..,..,..,..,..,..,..,0.5,..,..,0.624,..,..,..,0.5
JPNcc2002,Japan,JPN,East Asia & Pacific,High income,2002,cc,6,0.8492287,0.1996623,0.5217824999999999,1.1766748999999999,65.04451949999999,4.0414717,58.416506,71.6725331,..,..,..,..,..,..,..,..,..,0.375,..,..,..,..,0.6339594,..,..,..,..,..,..,..,..,..,..,..,..,0.5833332999999999,..,..,0.891,..,0.5145455,..,0.875
KAZcc2002,Kazakhstan,KAZ,Europe & Central Asia,Upper middle income,2002,cc,7,-1.2720543,0.213756,-1.6226140999999998,-0.9214945,22.106496399999997,4.3267489999999995,15.0106281,29.2023647,..,..,..,..,..,0.6992155,..,..,..,0,..,..,0.875,..,0.29761899999999997,..,..,..,..,..,..,..,..,..,..,..,..,0.25,..,..,0.155,..,..,..,0.25
KENcc2002,Kenya,KEN,Sub-Saharan Africa,Lower middle income,2002,cc,5,-0.9730905,0.2249486,-1.3420062,-0.6041748,28.1579825,4.553304799999999,20.6905626,35.6254024,..,0.5912499999999999,..,..,..,..,..,..,..,0.125,..,..,..,..,..,..,..,..,..,..,..,..,..,..,..,..,..,0.3333333,..,..,0.158,..,..,..,0.25
KGZcc2002,Kyrgyz Republic,KGZ,Europe & Central Asia,Lower middle income,2002,cc,4,-1.0348308,0.3298432,-1.5757736,-0.493888,26.9082641,6.676532,15.958751699999999,37.8577765,..,..,..,..,..,0.5764779,..,..,..,..,..,..,0.8333332999999999,..,..,..,..,..,..,..,..,..,..,..,..,..,..,..,..,..,0.103,..,..,..,0.375
KHMcc2002,Cambodia,KHM,East Asia & Pacific,Lower middle income,2002,cc,3,-0.9132705999999999,0.2525267,-1.3274143999999999,-0.4991268,29.3688291,5.1115281,20.985923,37.7517351,..,..,..,..,..,..,..,..,..,0.125,..,..,..,..,..,..,..,..,..,..,..,..,..,..,..,..,..,..,..,..,0.103,..,..,..,0.375
KORcc2002,"Korea, Rep.",KOR,East Asia & Pacific,High income,2002,cc,6,0.28794729999999996,0.1996623,-0.039498899999999997,0.6153934999999999,53.6833227,4.0414717,47.055309099999995,60.3113363,..,..,..,..,..,..,..,..,..,0.375,..,..,..,..,0.5715787,..,..,..,..,..,..,..,..,..,..,..,..,0.3333333,..,..,0.7979999999999999,..,0.3672727,..,0.625
KWTcc2002,Kuwait,KWT,Middle East & North Africa,High income,2002,cc,5,0.5740394999999999,0.21722799999999998,0.2177856,0.9302933999999999,59.4742678,4.3970278,52.2631422,66.6853935,..,..,..,..,..,..,..,..,..,0.5,..,..,..,..,0.657825,..,..,..,..,..,..,..,..,..,..,..,..,0.3333333,..,..,0.497,..,..,..,0.875
LAOcc2002,Lao PDR,LAO,East Asia & Pacific,Lower middle income,2002,cc,2,-0.7471026,0.3430487,-1.3097025,-0.1845027,32.732324399999996,6.9438325,21.3444391,44.1202097,..,..,..,..,..,..,..,..,..,..,..,..,..,..,..,..,..,..,..,..,..,..,..,..,..,..,..,..,..,..,0.22499999999999998,..,..,..,0.375
LBNcc2002,Lebanon,LBN,Middle East & North Africa,Lower middle income,2002,cc,5,-0.6105956,0.21722799999999998,-0.9668494999999999,-0.2543417,35.4954355,4.3970278,28.2843099,42.706561199999996,..,..,..,..,..,..,..,..,..,0.25,..,..,..,..,0.4414299,..,..,..,..,..,..,..,..,..,..,..,..,0.1666667,..,..,0.204,..,..,..,0.5
LBRcc2002,Liberia,LBR,Sub-Saharan Africa,Low income,2002,cc,3,-1.1101642,0.2955622,-1.5948862,-0.6254422,25.3834005,5.9826324,15.571883399999999,35.1949176,..,..,..,..,..,..,..,..,..,..,..,..,..,..,..,..,..,..,..,..,..,..,..,..,..,..,..,0.3333333,..,..,0.08199999999999999,..,..,..,0.25
LBYcc2002,Libya,LBY,Middle East & North Africa,Upper middle income,2002,cc,4,-1.0539097,0.2316749,-1.4338564999999999,-0.6739628999999999,26.5220779,4.6894551,18.8313716,34.2127842,..,..,..,..,..,..,..,..,..,0,..,..,..,..,..,..,..,..,..,..,..,..,..,..,..,..,..,0.3333333,..,..,0.13799999999999998,..,..,..,0.375
LIEcc2002,Liechtenstein,LIE,Europe & Central Asia,High income,2002,cc,1,1.3358417,0.43525349999999996,0.622026,2.0496574,74.8943134,8.8101983,60.445588199999996,89.34303849999999,..,..,..,..,..,..,..,..,..,..,..,..,..,..,..,..,..,..,..,..,..,..,..,..,..,..,..,..,..,..,..,..,..,..,0.875
LKAcc2002,Sri Lanka,LKA,South Asia,Lower middle income,2002,cc,5,-0.1750525,0.21722799999999998,-0.5313064,0.18120139999999998,44.3114962,4.3970278,37.1003706,51.5226219,..,..,..,..,..,..,..,..,..,0.25,..,..,..,..,0.5042211999999999,..,..,..,..,..,..,..,..,..,..,..,..,0.5,..,..,0.575,..,..,..,0.375
LSOcc2002,Lesotho,LSO,Sub-Saharan Africa,Lower middle income,2002,cc,3,-0.4607172,0.3222739,-0.9892464,0.067812,38.5292044,6.5233183,27.8309623,49.2274464,..,0.63125,..,..,..,..,..,..,..,..,..,..,..,..,..,..,..,..,..,..,..,..,..,..,..,..,..,..,..,..,0.426,..,..,..,0.375
LTUcc2002,Lithuania,LTU,Europe & Central Asia,High income,2002,cc,7,0.22323289999999998,0.213756,-0.1273269,0.5737926999999999,52.3734039,4.3267489999999995,45.2775356,59.4692722,..,..,..,..,..,0.771146,..,..,..,0.25,..,..,0.4166667,..,0.6245665,..,..,..,..,..,..,..,..,..,..,..,..,0.4166667,..,..,0.8059999999999999,..,..,..,0.625
LUXcc2002,Luxembourg,LUX,Europe & Central Asia,High income,2002,cc,5,1.9689887,0.2363553,1.5813659999999998,2.3566114,87.71018029999999,4.7841941,79.864102,95.5562585,..,..,..,..,..,..,..,..,..,..,..,..,..,..,0.847619,..,..,..,..,..,..,..,..,..,..,..,..,0.8333332999999999,..,..,0.945,..,0.7348836999999999,..,1
LVAcc2002,Latvia,LVA,Europe & Central Asia,High income,2002,cc,7,0.11006429999999999,0.213756,-0.2404955,0.4606241,50.0826978,4.3267489999999995,42.9868295,57.1785661,..,..,..,..,..,0.7709035,..,..,..,0.375,..,..,0.4166667,..,0.4758095,..,..,..,..,..,..,..,..,..,..,..,..,0.3333333,..,..,0.83,..,..,..,0.5
MACcc2002,"Macao SAR, China",MAC,East Asia & Pacific,High income,2002,cc,1,-0.0682631,0.43525349999999996,-0.7820788,0.6455525999999999,46.473077599999996,8.8101983,32.0243524,60.9218027,..,..,..,..,..,..,..,..,..,..,..,..,..,..,..,..,..,..,..,..,..,..,..,..,..,..,..,..,..,..,..,..,..,..,0.5
MARcc2002,Morocco,MAR,Middle East & North Africa,Lower middle income,2002,cc,5,-0.123071,0.21722799999999998,-0.4793249,0.2331829,45.3636816,4.3970278,38.152556,52.574807199999995,..,..,..,..,..,..,..,..,..,0.375,..,..,..,..,0.4249203,..,..,..,..,..,..,..,..,..,..,..,..,0.5,..,..,0.282,..,..,..,0.5
MDAcc2002,Moldova,MDA,Europe & Central Asia,Upper middle income,2002,cc,6,-1.0149545,0.22747679999999998,-1.3880165,-0.6418925,27.310590899999998,4.6044801,19.7592435,34.8619383,..,..,..,..,..,0.6273397,..,..,..,0,..,..,0.875,..,..,..,..,..,..,..,..,..,..,..,..,..,..,0.25,..,..,0.174,..,..,..,0.5
MDGcc2002,Madagascar,MDG,Sub-Saharan Africa,Low income,2002,cc,3,-0.0393789,0.2955622,-0.5241009,0.4453431,47.057738099999995,5.9826324,37.246221,56.8692552,..,..,..,..,..,..,..,..,..,..,..,..,..,..,..,..,..,..,..,..,..,..,..,..,..,..,..,0.5,..,..,0.22999999999999998,..,..,..,0.625
MDVcc2002,Maldives,MDV,South Asia,Upper middle income,2002,cc,2,-0.1745737,0.3430487,-0.7371736,0.3880262,44.3211879,6.9438325,32.9333026,55.7090732,..,..,..,..,..,..,..,..,..,..,..,..,..,..,..,..,..,..,..,..,..,..,..,..,..,..,..,..,..,..,0.219,..,..,..,0.625
MEXcc2002,Mexico,MEX,Latin America & Caribbean,Upper middle income,2002,cc,7,-0.32311809999999996,0.19961569999999998,-0.6504878,0.0042515999999999995,41.3144213,4.0405275,34.687956199999995,47.9408864,..,..,..,..,..,..,..,..,..,0.25,..,..,..,..,0.4658419,..,..,..,..,..,..,..,..,0.38999999999999996,..,..,..,0.3333333,..,..,0.427,..,0.22,..,0.5
MKDcc2002,North Macedonia,MKD,Europe & Central Asia,Upper middle income,2002,cc,5,-0.8826737,0.2471174,-1.2879462,-0.47740119999999997,29.988157299999997,5.0020349,21.78482,38.1914946,..,..,..,..,..,0.7009481,..,..,..,0,..,..,0.75,..,..,..,..,..,..,..,..,..,..,..,..,..,..,..,..,..,0.446,..,..,..,0.375
MLIcc2002,Mali,MLI,Sub-Saharan Africa,Low income,2002,cc,4,-0.7363348,0.28196289999999996,-1.1987539999999999,-0.2739156,32.9502812,5.7073623,23.590207,42.3103554,..,0.424,..,..,..,..,..,..,..,..,..,..,..,..,..,..,..,..,..,..,..,..,..,..,..,..,..,0.5,..,..,0.148,..,..,..,0.375
MLTcc2002,Malta,MLT,Middle East & North Africa,High income,2002,cc,3,0.8354077,0.2955622,0.3506857,1.3201296999999999,64.7647613,5.9826324,54.9532442,74.57627839999999,..,..,..,..,..,..,..,..,..,..,..,..,..,..,..,..,..,..,..,..,..,..,..,..,..,..,..,0.5,..,..,0.825,..,..,..,0.75
MMRcc2002,Myanmar,MMR,East Asia & Pacific,Lower middle income,2002,cc,4,-1.4955136,0.2316749,-1.8754604,-1.1155667999999999,17.5833373,4.6894551,9.892631,25.2740436,..,..,..,..,..,..,..,..,..,0,..,..,..,..,..,..,..,..,..,..,..,..,..,..,..,..,..,0.1666667,..,..,0.11299999999999999,..,..,..,0.125
MNEcc2002,Montenegro,MNE,Europe & Central Asia,Upper middle income,2002,cc,1,-0.1806393,0.4936907,-0.990292,0.6290134,44.1984108,9.9930568,27.809797699999997,60.5870239,..,..,..,..,..,..,..,..,..,..,..,..,..,..,..,..,..,..,..,..,..,..,..,..,..,..,..,..,..,..,0.444,..,..,..,..
MNGcc2002,Mongolia,MNG,East Asia & Pacific,Upper middle income,2002,cc,3,-0.1359898,0.2955622,-0.6207117999999999,0.3487322,45.1021852,5.9826324,35.2906681,54.9137023,..,..,..,..,..,..,..,..,..,..,..,..,..,..,..,..,..,..,..,..,..,..,..,..,..,..,..,0.3333333,..,..,0.377,..,..,..,0.625
MOZcc2002,Mozambique,MOZ,Sub-Saharan Africa,Low income,2002,cc,5,-0.6641965999999999,0.2249486,-1.0331123,-0.2952809,34.4104691,4.553304799999999,26.943049199999997,41.877888899999995,..,0.57475,..,..,..,..,..,..,..,0.25,..,..,..,..,..,..,..,..,..,..,..,..,..,..,..,..,..,0.25,..,..,0.48,..,..,..,0.25
MRTcc2002,Mauritania,MRT,Sub-Saharan Africa,Lower middle income,2002,cc,2,-0.2834875,0.3430487,-0.8460873999999999,0.2791124,42.1166054,6.9438325,30.7287201,53.5044908,..,..,..,..,..,..,..,..,..,..,..,..,..,..,..,..,..,..,..,..,..,..,..,..,..,..,..,..,..,..,0.146,..,..,..,0.625
MTQcc2002,Martinique,MTQ,,,2002,cc,1,0.8678068,0.43525349999999996,0.1539911,1.5816225,65.4205688,8.8101983,50.9718436,79.8692939,..,..,..,..,..,..,..,..,..,..,..,..,..,..,..,..,..,..,..,..,..,..,..,..,..,..,..,..,..,..,..,..,..,..,0.75
MUScc2002,Mauritius,MUS,Sub-Saharan Africa,Upper middle income,2002,cc,4,0.4145757,0.2341337,0.0305964,0.798555,56.2464758,4.7392258,48.4741456,64.01880609999999,..,..,..,..,..,..,..,..,..,0.5,..,..,..,..,0.5268397,..,..,..,..,..,..,..,..,..,..,..,..,..,..,..,0.534,..,..,..,0.625
MWIcc2002,Malawi,MWI,Sub-Saharan Africa,Low income,2002,cc,5,-1.0735796,0.2249486,-1.4424953,-0.7046639,26.1239289,4.553304799999999,18.656509,33.5913488,..,0.50475,..,..,..,..,..,..,..,0,..,..,..,..,..,..,..,..,..,..,..,..,..,..,..,..,..,0.3333333,..,..,0.364,..,..,..,0.25
MYScc2002,Malaysia,MYS,East Asia & Pacific,Upper middle income,2002,cc,6,0.0229281,0.1996623,-0.3045181,0.35037429999999997,48.3189274,4.0414717,41.6909138,54.946940999999995,..,..,..,..,..,..,..,..,..,0.125,..,..,..,..,0.5910103,..,..,..,..,..,..,..,..,..,..,..,..,0.4166667,..,..,0.40599999999999997,..,0.45142859999999996,..,0.75
NAMcc2002,Namibia,NAM,Sub-Saharan Africa,Lower middle income,2002,cc,6,0.10078329999999999,0.2116542,-0.24632959999999998,0.44789619999999997,49.8948361,4.2842059,42.8687384,56.920933899999994,..,0.631,..,..,..,..,..,..,..,0.25,..,..,..,..,0.5434713,..,..,..,..,..,..,..,..,..,..,..,..,0.25,..,..,0.8099999999999999,..,..,..,0.75
NERcc2002,Niger,NER,Sub-Saharan Africa,Low income,2002,cc,3,-1.0018861,0.2955622,-1.4866081,-0.5171641,27.575115399999998,5.9826324,17.763598299999998,37.3866325,..,..,..,..,..,..,..,..,..,..,..,..,..,..,..,..,..,..,..,..,..,..,..,..,..,..,..,0.1666667,..,..,0.414,..,..,..,0.25
NGAcc2002,Nigeria,NGA,Sub-Saharan Africa,Lower middle income,2002,cc,6,-1.6883572,0.2116542,-2.0354701,-1.3412442999999998,13.6798869,4.2842059,6.6537891,20.7059846,..,0.48224999999999996,..,..,..,..,..,..,..,0,..,..,..,..,0.231261,..,..,..,..,..,..,..,..,..,..,..,..,0.1666667,..,..,0.066,..,..,..,0
NICcc2002,Nicaragua,NIC,Latin America & Caribbean,Lower middle income,2002,cc,6,-0.8248308999999999,0.217168,-1.1809863999999999,-0.46867539999999996,31.1589843,4.3958132999999995,23.9498505,38.3681182,..,..,..,..,..,..,..,..,..,0.125,..,..,..,..,0.3809051,..,..,..,..,..,..,..,..,0.58,..,..,..,0.4166667,..,..,0.264,..,..,..,0.25
NLDcc2002,Netherlands,NLD,Europe & Central Asia,High income,2002,cc,6,2.0243224,0.1996623,1.6968762,2.3517685999999998,88.8302193,4.0414717,82.2022057,95.45823279999999,..,..,..,..,..,..,..,..,..,0.875,..,..,..,..,0.806284,..,..,..,..,..,..,..,..,..,..,..,..,0.8333332999999999,..,..,0.978,..,0.7437499999999999,..,1
NORcc2002,Norway,NOR,Europe & Central Asia,High income,2002,cc,6,2.0686405999999997,0.1996623,1.7411944,2.3960868,89.7272876,4.0414717,83.0992741,96.3553012,..,..,..,..,..,..,..,..,..,0.875,..,..,..,..,0.807267,..,..,..,..,..,..,..,..,..,..,..,..,0.8333332999999999,..,..,0.994,..,0.7972973,..,1
NPLcc2002,Nepal,NPL,South Asia,Lower middle income,2002,cc,2,-0.5220089,0.3430487,-1.0846088,0.040590999999999995,37.2885663,6.9438325,25.900681,48.6764516,..,..,..,..,..,..,..,..,..,..,..,..,..,..,..,..,..,..,..,..,..,..,..,..,..,..,..,..,..,..,0.181,..,..,..,0.5
NZLcc2002,New Zealand,NZL,East Asia & Pacific,High income,2002,cc,6,2.2344037,0.1996623,1.9069574999999999,2.5618499,93.0825871,4.0414717,86.45457359999999,99.7106007,..,..,..,..,..,..,..,..,..,0.875,..,..,..,..,0.8626661,..,..,..,..,..,..,..,..,..,..,..,..,0.9166667,..,..,0.991,..,0.9039999999999999,..,1
OMNcc2002,Oman,OMN,Middle East & North Africa,High income,2002,cc,5,0.6811065,0.21722799999999998,0.3248526,1.0373603999999998,61.6414682,4.3970278,54.430342599999996,68.8525938,..,..,..,..,..,..,..,..,..,0.375,..,..,..,..,0.8851852,..,..,..,..,..,..,..,..,..,..,..,..,0.4166667,..,..,0.742,..,..,..,0.75
PAKcc2002,Pakistan,PAK,South Asia,Lower middle income,2002,cc,4,-0.9135441999999999,0.2316749,-1.293491,-0.5335974,29.363291,4.6894551,21.672584699999998,37.0539973,..,..,..,..,..,..,..,..,..,0.125,..,..,..,..,..,..,..,..,..,..,..,..,..,..,..,..,..,0.25,..,..,0.17099999999999999,..,..,..,0.375
PANcc2002,Panama,PAN,Latin America & Caribbean,High income,2002,cc,6,-0.47705939999999997,0.217168,-0.8332149,-0.1209039,38.198413099999996,4.3958132999999995,30.9892793,45.407547,..,..,..,..,..,..,..,..,..,0.25,..,..,..,..,0.41635239999999996,..,..,..,..,..,..,..,..,0.73,..,..,..,0.3333333,..,..,0.423,..,..,..,0.375
PERcc2002,Peru,PER,Latin America & Caribbean,Upper middle income,2002,cc,6,-0.2430338,0.217168,-0.5991892999999999,0.11312169999999999,42.9354504,4.3958132999999995,35.7263166,50.1445843,..,..,..,..,..,..,..,..,..,0.375,..,..,..,..,0.44720139999999997,..,..,..,..,..,..,..,..,0.71,..,..,..,0.3333333,..,..,0.484,..,..,..,0.375
PHLcc2002,Philippines,PHL,East Asia & Pacific,Lower middle income,2002,cc,7,-0.7011590999999999,0.1976658,-1.025331,-0.37698719999999997,33.6622913,4.001059,27.1005546,40.224028,..,..,..,0.6736671,..,..,..,..,..,0.25,..,..,..,..,0.2644768,..,..,..,..,..,..,..,..,..,..,..,..,0.25,..,..,0.251,..,0.1492063,..,0.375
PNGcc2002,Papua New Guinea,PNG,East Asia & Pacific,Lower middle income,2002,cc,4,-0.8510205,0.2316749,-1.2309672999999999,-0.4710737,30.6288666,4.689455,22.938160399999997,38.3195729,..,..,..,..,..,..,..,..,..,0.125,..,..,..,..,..,..,..,..,..,..,..,..,..,..,..,..,..,0.1666667,..,..,0.38,..,..,..,0.375
POLcc2002,Poland,POL,Europe & Central Asia,High income,2002,cc,8,0.3442164,0.1969562,0.0212082,0.6672246,54.8222956,3.9866960999999996,48.284113999999995,61.3604773,..,..,..,..,..,0.7226876,..,..,..,0.5,..,..,0.25,..,0.4168357,..,..,..,..,..,..,..,..,..,..,..,..,0.3333333,..,..,0.9179999999999999,..,0.1485714,..,0.75
PRIcc2002,Puerto Rico (U.S.),PRI,Latin America & Caribbean,High income,2002,cc,1,1.3358417,0.43525349999999996,0.622026,2.0496574,74.8943134,8.8101983,60.445588199999996,89.34303849999999,..,..,..,..,..,..,..,..,..,..,..,..,..,..,..,..,..,..,..,..,..,..,..,..,..,..,..,..,..,..,..,..,..,..,0.875
PRKcc2002,"Korea, Dem. People's Rep.",PRK,East Asia & Pacific,Low income,2002,cc,3,-1.1270343999999999,0.2955622,-1.6117564,-0.6423124,25.0419217,5.9826324,15.2304046,34.8534388,..,..,..,..,..,..,..,..,..,..,..,..,..,..,..,..,..,..,..,..,..,..,..,..,..,..,..,0.1666667,..,..,0.301,..,..,..,0.25
PRTcc2002,Portugal,PRT,Europe & Central Asia,High income,2002,cc,6,1.2667351999999998,0.1996623,0.9392889999999999,1.5941813999999999,73.4954918,4.0414717,66.8674782,80.12350529999999,..,..,..,..,..,..,..,..,..,0.75,..,..,..,..,0.7092592999999999,..,..,..,..,..,..,..,..,..,..,..,..,0.5833332999999999,..,..,0.9109999999999999,..,0.3888889,..,0.875
PRYcc2002,Paraguay,PRY,Latin America & Caribbean,Upper middle income,2002,cc,6,-1.6027924,0.217168,-1.9589478999999999,-1.2466369,15.4118497,4.3958132999999995,8.2027159,22.6209836,..,..,..,..,..,..,..,..,..,0,..,..,..,..,0.2729221,..,..,..,..,..,..,..,..,0.7799999999999999,..,..,..,0.1666667,..,..,0.128,..,..,..,0
PSEcc2002,West Bank and Gaza,PSE,Middle East & North Africa,Lower middle income,2002,cc,2,-0.3664561,0.3430487,-0.929056,0.19614379999999998,40.4371937,6.9438325,29.049308399999997,51.825078999999995,..,..,..,..,..,..,..,..,..,..,..,..,..,..,..,..,..,..,..,..,..,..,..,..,..,..,..,..,..,..,0.6749999999999999,..,..,..,0.25
QATcc2002,Qatar,QAT,Middle East & North Africa,High income,2002,cc,5,0.5957195,0.21722799999999998,0.2394656,0.9519734,59.9131043,4.3970278,52.7019787,67.1242299,..,..,..,..,..,..,..,..,..,0.5,..,..,..,..,0.7489669,..,..,..,..,..,..,..,..,..,..,..,..,0.3333333,..,..,0.607,..,..,..,0.75
ROUcc2002,Romania,ROU,Europe & Central Asia,High income,2002,cc,7,-0.565959,0.213756,-0.9165188,-0.21539919999999999,36.3989488,4.3267489999999995,29.3030805,43.4948171,..,..,..,..,..,0.6185054,..,..,..,0.25,..,..,0.5833332999999999,..,0.3422693,..,..,..,..,..,..,..,..,..,..,..,..,0.3333333,..,..,0.219,..,..,..,0.5
RUScc2002,Russian Federation,RUS,Europe & Central Asia,High income,2002,cc,8,-1.1090206,0.1969562,-1.4320287999999999,-0.7860123999999999,25.4065487,3.9866960999999996,18.8683671,31.9447303,..,..,..,..,..,0.7061331,..,..,..,0,..,..,0.7916667,..,0.4152558,..,..,..,..,..,..,..,..,..,..,..,..,0.1666667,..,..,0.215,..,0.15643559999999998,..,0.25
RWAcc2002,Rwanda,RWA,Sub-Saharan Africa,Low income,2002,cc,2,-0.7155773,0.3430487,-1.2781772,-0.15297739999999999,33.3704448,6.9438325,21.9825595,44.758330099999995,..,..,..,..,..,..,..,..,..,..,..,..,..,..,..,..,..,..,..,..,..,..,..,..,..,..,..,..,..,..,0.441,..,..,..,0.25
SAUcc2002,Saudi Arabia,SAU,Middle East & North Africa,High income,2002,cc,5,-0.0396103,0.21722799999999998,-0.3958642,0.31664359999999997,47.0530542,4.3970278,39.841928599999996,54.2641798,..,..,..,..,..,..,..,..,..,0.125,..,..,..,..,0.5181781,..,..,..,..,..,..,..,..,..,..,..,..,0.3333333,..,..,0.528,..,..,..,0.875
SDNcc2002,Sudan,SDN,Sub-Saharan Africa,Low income,2002,cc,4,-1.1833566,0.2316749,-1.5633034,-0.8034098,23.901874,4.6894551,16.2111677,31.592580299999998,..,..,..,..,..,..,..,..,..,0,..,..,..,..,..,..,..,..,..,..,..,..,..,..,..,..,..,0.1666667,..,..,0.182,..,..,..,0.375
SENcc2002,Senegal,SEN,Sub-Saharan Africa,Lower middle income,2002,cc,5,0.3635809,0.2249486,-0.0053348,0.7324965999999999,55.2142628,4.553304799999999,47.7468429,62.681682699999996,..,0.53275,..,..,..,..,..,..,..,0.625,..,..,..,..,..,..,..,..,..,..,..,..,..,..,..,..,..,0.4166667,..,..,0.622,..,..,..,0.5
SGPcc2002,Singapore,SGP,East Asia & Pacific,High income,2002,cc,6,2.1109511999999997,0.1996623,1.783505,2.4383974,90.5837191,4.0414717,83.9557055,97.2117327,..,..,..,..,..,..,..,..,..,0.875,..,..,..,..,0.8838026999999999,..,..,..,..,..,..,..,..,..,..,..,..,0.75,..,..,0.991,..,0.875,..,1
SLBcc2002,Solomon Islands,SLB,East Asia & Pacific,Lower middle income,2002,cc,1,-0.0632192,0.4936907,-0.8728718999999999,0.7464335,46.575173899999996,9.9930567,30.1865608,62.963786899999995,..,..,..,..,..,..,..,..,..,..,..,..,..,..,..,..,..,..,..,..,..,..,..,..,..,..,..,..,..,..,0.482,..,..,..,..
SLEcc2002,Sierra Leone,SLE,Sub-Saharan Africa,Low income,2002,cc,3,-0.8043632,0.2955622,-1.2890852,-0.31964119999999996,31.573282,5.9826324,21.7617649,41.384799099999995,..,..,..,..,..,..,..,..,..,..,..,..,..,..,..,..,..,..,..,..,..,..,..,..,..,..,..,0.4166667,..,..,0.241,..,..,..,0.25
SLVcc2002,El Salvador,SLV,Latin America & Caribbean,Upper middle income,2002,cc,6,-0.7260707,0.217168,-1.0822262,-0.3699152,33.1580423,4.3958132999999995,25.948908499999998,40.367176199999996,..,..,..,..,..,..,..,..,..,0.125,..,..,..,..,0.4839003,..,..,..,..,..,..,..,..,0.83,..,..,..,0.4166667,..,..,0.27999999999999997,..,..,..,0.25
SOMcc2002,Federal Republic of Somalia,SOM,Sub-Saharan Africa,Low income,2002,cc,3,-1.3939435999999998,0.2955622,-1.8786656,-0.9092216,19.6392699,5.9826324,9.827752799999999,29.4507871,..,..,..,..,..,..,..,..,..,..,..,..,..,..,..,..,..,..,..,..,..,..,..,..,..,..,..,0.1666667,..,..,0.06,..,..,..,0.25
SRBcc2002,Serbia,SRB,Europe & Central Asia,Upper middle income,2002,cc,6,-1.165171,0.22747679999999998,-1.538233,-0.792109,24.2699784,4.6044801,16.7186311,31.8213258,..,..,..,..,..,0.7244586,..,..,..,0,..,..,0.6666667,..,..,..,..,..,..,..,..,..,..,..,..,..,..,0.1666667,..,..,0.381,..,..,..,0.25
STPcc2002,São Tomé and Príncipe,STP,Sub-Saharan Africa,Lower middle income,2002,cc,2,0.21054869999999998,0.3430487,-0.3520512,0.7731486,52.116656299999995,6.9438325,40.7287709,63.504541599999996,..,..,..,..,..,..,..,..,..,..,..,..,..,..,..,..,..,..,..,..,..,..,..,..,..,..,..,..,..,..,0.6719999999999999,..,..,..,0.5
SURcc2002,Suriname,SUR,Latin America & Caribbean,Upper middle income,2002,cc,3,0.32694809999999996,0.2955622,-0.1577739,0.8116701,54.4727587,5.9826324,44.6612416,64.2842758,..,..,..,..,..,..,..,..,..,..,..,..,..,..,..,..,..,..,..,..,..,..,..,..,..,..,..,0.3333333,..,..,0.7949999999999999,..,..,..,0.625
SVKcc2002,Slovak Republic,SVK,Europe & Central Asia,High income,2002,cc,8,0.041061799999999996,0.1969562,-0.2819464,0.36407,48.685981299999995,3.9866960999999996,42.1477997,55.224163,..,..,..,..,..,0.6601758999999999,..,..,..,0.375,..,..,0.375,..,0.43595239999999996,..,..,..,..,..,..,..,..,..,..,..,..,0.4166667,..,..,0.6819999999999999,..,0.1536232,..,0.625
SVNcc2002,Slovenia,SVN,Europe & Central Asia,High income,2002,cc,8,0.7811224999999999,0.1969562,0.4581143,1.1041307,63.6659455,3.9866960999999996,57.1277639,70.2041272,..,..,..,..,..,0.8365241,..,..,..,0.5,..,..,0.1666667,..,0.6618453999999999,..,..,..,..,..,..,..,..,..,..,..,..,0.5,..,..,0.89,..,0.37425739999999996,..,0.75
SWEcc2002,Sweden,SWE,Europe & Central Asia,High income,2002,cc,6,2.3170466999999997,0.1996623,1.9896004999999999,2.6444929,94.7554083,3.6196967,88.1273947,100.0,..,..,..,..,..,..,..,..,..,1,..,..,..,..,0.8046736999999999,..,..,..,..,..,..,..,..,..,..,..,..,0.9166667,..,..,0.996,..,0.8622951,..,1
SWZcc2002,Eswatini,SWZ,Sub-Saharan Africa,Lower middle income,2002,cc,2,-0.0371185,0.3430487,-0.5997184,0.5254814,47.1034921,6.9438325,35.715606799999996,58.4913774,..,..,..,..,..,..,..,..,..,..,..,..,..,..,..,..,..,..,..,..,..,..,..,..,..,..,..,..,..,..,0.506,..,..,..,0.5
SYCcc2002,Seychelles,SYC,Sub-Saharan Africa,High income,2002,cc,2,0.6681958,0.3430487,0.10559589999999999,1.2307957,61.3801358,6.9438325,49.9922505,72.7680211,..,..,..,..,..,..,..,..,..,..,..,..,..,..,..,..,..,..,..,..,..,..,..,..,..,..,..,..,..,..,0.589,..,..,..,0.75
SYRcc2002,Syrian Arab Republic,SYR,Middle East & North Africa,Low income,2002,cc,4,-0.7522829999999999,0.2316749,-1.1322298,-0.3723362,32.6274651,4.689455,24.936758899999997,40.3181714,..,..,..,..,..,..,..,..,..,0.125,..,..,..,..,..,..,..,..,..,..,..,..,..,..,..,..,..,0.3333333,..,..,0.096,..,..,..,0.5
TCDcc2002,Chad,TCD,Sub-Saharan Africa,Low income,2002,cc,2,-1.3093816,0.3430487,-1.8719815,-0.7467817,21.3509346,6.9438325,9.9630493,32.738819899999996,..,..,..,..,..,..,..,..,..,..,..,..,..,..,..,..,..,..,..,..,..,..,..,..,..,..,..,..,..,..,0.043,..,..,..,0.25
TGOcc2002,Togo,TGO,Sub-Saharan Africa,Low income,2002,cc,3,-0.9011180999999999,0.2955622,-1.3858401,-0.4163961,29.6148143,5.9826324,19.8032972,39.426331399999995,..,..,..,..,..,..,..,..,..,..,..,..,..,..,..,..,..,..,..,..,..,..,..,..,..,..,..,0.25,..,..,0.193,..,..,..,0.375
THAcc2002,Thailand,THA,East Asia & Pacific,Upper middle income,2002,cc,7,-0.5285957,0.1976658,-0.8527676,-0.2044238,37.1552394,4.001059,30.593502599999997,43.7169761,..,..,..,0.48040079999999996,..,..,..,..,..,0.125,..,..,..,..,0.5139271,..,..,..,..,..,..,..,..,..,..,..,..,0.25,..,..,0.323,..,0.2759494,..,0.5
TJKcc2002,Tajikistan,TJK,Europe & Central Asia,Lower middle income,2002,cc,4,-1.3167668,0.3298432,-1.8577096,-0.775824,21.2014468,6.676532,10.2519344,32.150959199999996,..,..,..,..,..,0.613194,..,..,..,..,..,..,0.8333332999999999,..,..,..,..,..,..,..,..,..,..,..,..,..,..,..,..,..,0.078,..,..,..,0.25
TKMcc2002,Turkmenistan,TKM,Europe & Central Asia,Upper middle income,2002,cc,3,-0.9945333999999999,0.33859839999999997,-1.5498348,-0.43923199999999996,27.7239453,6.8537514999999996,16.4837928,38.9640978,..,..,..,..,..,..,..,..,..,..,..,..,0.875,..,..,..,..,..,..,..,..,..,..,..,..,..,..,..,..,..,0.095,..,..,..,0.375
TLScc2002,Timor-Leste,TLS,East Asia & Pacific,Lower middle income,2002,cc,2,-0.0548282,0.3430487,-0.6174280999999999,0.5077716999999999,46.7450206,6.9438325,35.357135299999996,58.1329059,..,..,..,..,..,..,..,..,..,..,..,..,..,..,..,..,..,..,..,..,..,..,..,..,..,..,..,..,..,..,0.689,..,..,..,0.375
TTOcc2002,Trinidad and Tobago,TTO,Latin America & Caribbean,High income,2002,cc,5,0.2514787,0.21722799999999998,-0.1047752,0.6077326,52.9451423,4.3970278,45.7340166,60.156267899999996,..,..,..,..,..,..,..,..,..,0.375,..,..,..,..,0.492983,..,..,..,..,..,..,..,..,..,..,..,..,0.3333333,..,..,0.857,..,..,..,0.625
TUNcc2002,Tunisia,TUN,Middle East & North Africa,Lower middle income,2002,cc,5,-0.0488823,0.21722799999999998,-0.4051362,0.30737159999999997,46.8653747,4.3970278,39.6542491,54.0765003,..,..,..,..,..,..,..,..,..,0.375,..,..,..,..,0.6645147,..,..,..,..,..,..,..,..,..,..,..,..,0.3333333,..,..,0.127,..,..,..,0.625
TURcc2002,Türkiye,TUR,Europe & Central Asia,Upper middle income,2002,cc,7,-0.36212859999999997,0.1978208,-0.6865547,-0.0377025,40.5247889,4.0041964,33.957906799999996,47.091671,..,..,..,..,..,0.7313919999999999,..,..,..,0.25,..,..,..,..,0.34526039999999997,..,..,..,..,..,..,..,..,..,..,..,..,0.3333333,..,..,0.482,..,0.228125,..,0.5
TWNcc2002,"Taiwan, China",TWN,East Asia & Pacific,High income,2002,cc,7,0.8603626,0.1976658,0.5361907,1.1845345,65.2698868,4.001059,58.708149999999996,71.83162349999999,..,..,..,0.6338739,..,..,..,..,..,0.625,..,..,..,..,0.6689471,..,..,..,..,..,..,..,..,..,..,..,..,0.5,..,..,0.6789999999999999,..,0.4578947,..,0.75
TZAcc2002,Tanzania,TZA,Sub-Saharan Africa,Lower middle income,2002,cc,5,-0.7577636999999999,0.2249486,-1.1266794,-0.38884799999999997,32.5165274,4.553304799999999,25.049107499999998,39.983947199999996,..,0.5585,..,..,..,..,..,..,..,0.125,..,..,..,..,..,..,..,..,..,..,..,..,..,..,..,..,..,0.3333333,..,..,0.521,..,..,..,0.25
UGAcc2002,Uganda,UGA,Sub-Saharan Africa,Low income,2002,cc,5,-1.1472765,0.2249486,-1.5161921999999999,-0.7783608,24.632190599999998,4.553304799999999,17.1647707,32.0996105,..,0.5479999999999999,..,..,..,..,..,..,..,0,..,..,..,..,..,..,..,..,..,..,..,..,..,..,..,..,..,0.3333333,..,..,0.213,..,..,..,0.25
UKRcc2002,Ukraine,UKR,Europe & Central Asia,Upper middle income,2002,cc,7,-1.3131065,0.213756,-1.6636662999999998,-0.9625467,21.2755369,4.3267489999999995,14.1796686,28.371405199999998,..,..,..,..,..,0.64718,..,..,..,0,..,..,0.7916667,..,0.3609715,..,..,..,..,..,..,..,..,..,..,..,..,0.1666667,..,..,0.127,..,..,..,0.25
URYcc2002,Uruguay,URY,Latin America & Caribbean,High income,2002,cc,6,1.0087146,0.217168,0.6525591,1.3648700999999999,68.2727589,4.3958132999999995,61.063624999999995,75.4818927,..,..,..,..,..,..,..,..,..,0.5,..,..,..,..,0.6790054,..,..,..,..,..,..,..,..,0.86,..,..,..,0.5,..,..,0.958,..,..,..,0.875
USAcc2002,United States,USA,North America,High income,2002,cc,6,1.8239200999999998,0.1996623,1.4964739,2.1513663,84.77376919999999,4.0414717,78.1457556,91.4017827,..,..,..,..,..,..,..,..,..,0.875,..,..,..,..,0.749966,..,..,..,..,..,..,..,..,..,..,..,..,0.6666667,..,..,0.943,..,0.7038462,..,1
UZBcc2002,Uzbekistan,UZB,Europe & Central Asia,Lower middle income,2002,cc,5,-1.0900414,0.2471174,-1.4953139,-0.6847689,25.7907168,5.0020349,17.5873795,33.9940541,..,..,..,..,..,0.7629986999999999,..,..,..,0,..,..,0.8333332999999999,..,..,..,..,..,..,..,..,..,..,..,..,..,..,..,..,..,0.16399999999999998,..,..,..,0.375
VENcc2002,"Venezuela, RB",VEN,Latin America & Caribbean,,2002,cc,7,-1.0638596,0.19961569999999998,-1.3912293,-0.7364898999999999,26.3206766,4.0405275,19.694211499999998,32.947141699999996,..,..,..,..,..,..,..,..,..,0.125,..,..,..,..,0.3193861,..,..,..,..,..,..,..,..,0.7,..,..,..,0.25,..,..,0.095,..,0.09999999999999999,..,0.25
VNMcc2002,Viet Nam,VNM,East Asia & Pacific,Lower middle income,2002,cc,5,-0.8009421999999999,0.21722799999999998,-1.1571961,-0.4446883,31.6425283,4.3970278,24.4314026,38.8536539,..,..,..,..,..,..,..,..,..,0.125,..,..,..,..,0.44582819999999995,..,..,..,..,..,..,..,..,..,..,..,..,0.25,..,..,0.443,..,..,..,0.25
VUTcc2002,Vanuatu,VUT,East Asia & Pacific,Lower middle income,2002,cc,1,0.13145089999999998,0.4936907,-0.6782018,0.9411035999999999,50.515595399999995,9.9930568,34.1269823,66.9042085,..,..,..,..,..,..,..,..,..,..,..,..,..,..,..,..,..,..,..,..,..,..,..,..,..,..,..,..,..,..,0.5449999999999999,..,..,..,..
WSMcc2002,Samoa,WSM,East Asia & Pacific,Upper middle income,2002,cc,1,-0.0682631,0.43525349999999996,-0.7820788,0.6455525999999999,46.473077599999996,8.8101983,32.0243524,60.9218027,..,..,..,..,..,..,..,..,..,..,..,..,..,..,..,..,..,..,..,..,..,..,..,..,..,..,..,..,..,..,..,..,..,..,0.5
XKXcc2002,Kosovo,XKX,Europe & Central Asia,Upper middle income,2002,cc,1,0.3137609,0.4936907,-0.4958918,1.1234136,54.205829599999994,9.9930568,37.8172165,70.5944427,..,..,..,..,..,..,..,..,..,..,..,..,..,..,..,..,..,..,..,..,..,..,..,..,..,..,..,..,..,..,0.604,..,..,..,..
YEMcc2002,"Yemen, Rep.",YEM,Middle East & North Africa,Low income,2002,cc,4,-1.0702407999999999,0.2316749,-1.4501876,-0.690294,26.1915114,4.689455,18.5008051,33.8822176,..,..,..,..,..,..,..,..,..,0,..,..,..,..,..,..,..,..,..,..,..,..,..,..,..,..,..,0.3333333,..,..,0.11399999999999999,..,..,..,0.375
ZAFcc2002,South Africa,ZAF,Sub-Saharan Africa,Upper middle income,2002,cc,7,0.20117639999999998,0.1953084,-0.1191294,0.5214822,51.9269465,3.9533419999999997,45.443465599999996,58.410427399999996,..,0.62125,..,..,..,..,..,..,..,0.5,..,..,..,..,0.5978762,..,..,..,..,..,..,..,..,..,..,..,..,0.4166667,..,..,0.567,..,0.2821918,..,0.5
ZMBcc2002,Zambia,ZMB,Sub-Saharan Africa,Lower middle income,2002,cc,5,-0.8018168,0.2249486,-1.1707325,-0.4329011,31.624824999999998,4.553304799999999,24.1574051,39.0922449,..,0.56775,..,..,..,..,..,..,..,0,..,..,..,..,..,..,..,..,..,..,..,..,..,..,..,..,..,0.3333333,..,..,0.735,..,..,..,0.25
ZWEcc2002,Zimbabwe,ZWE,Sub-Saharan Africa,Lower middle income,2002,cc,6,-1.3673206999999998,0.2116542,-1.7144336,-1.0202077999999999,20.1781583,4.2842059,13.1520605,27.204255999999997,..,0.609,..,..,..,..,..,..,..,0,..,..,..,..,0.3470758,..,..,..,..,..,..,..,..,..,..,..,..,0,..,..,0.216,..,..,..,0.25
ADOcc2003,Andorra,ADO,,,2003,cc,1,1.332687,0.43525349999999996,0.6188713,2.0465027,74.8304574,8.8101983,60.381732299999996,89.2791826,..,..,..,..,..,..,..,..,..,..,..,..,..,..,..,..,..,..,..,..,..,..,..,..,..,..,..,..,..,..,..,..,..,..,0.875
AFGcc2003,Afghanistan,AFG,South Asia,Low income,2003,cc,2,-1.5453868,0.3430487,-2.1079867,-0.9827868999999999,16.5738272,6.9438325,5.1859418999999995,27.961712499999997,..,..,..,..,..,..,..,..,..,..,..,..,..,..,..,..,..,..,..,..,..,..,..,..,..,..,..,..,..,..,0.081,..,..,..,0.125
AGOcc2003,Angola,AGO,Sub-Saharan Africa,Lower middle income,2003,cc,5,-1.3231498,0.21722799999999998,-1.6794037,-0.9668958999999999,21.0722451,4.3970278,13.8611195,28.2833707,..,..,..,..,..,..,..,..,..,0,..,..,..,..,0.2979995,..,..,..,..,..,..,..,..,..,..,..,..,0.3333333,..,..,0.13599999999999998,..,..,..,0.125
ALBcc2003,Albania,ALB,Europe & Central Asia,Upper middle income,2003,cc,5,-1.0079715,0.2869904,-1.4786358,-0.5373072,27.4519375,5.8091266,17.9249699,36.9789052,..,..,..,..,..,0.5169633,..,..,..,..,..,..,0.7083332999999999,..,..,..,..,..,..,..,..,..,..,..,..,..,..,0.3333333,..,..,0.255,..,..,..,0.25
AREcc2003,United Arab Emirates,ARE,Middle East & North Africa,High income,2003,cc,5,0.8866525,0.21722799999999998,0.5303985999999999,1.2429063999999999,65.8020347,4.3970278,58.5909091,73.0131603,..,..,..,..,..,..,..,..,..,0.5,..,..,..,..,0.7758729999999999,..,..,..,..,..,..,..,..,..,..,..,..,0.3333333,..,..,0.864,..,..,..,0.875
ARGcc2003,Argentina,ARG,Latin America & Caribbean,Upper middle income,2003,cc,7,-0.5482237999999999,0.19961569999999998,-0.8755934999999999,-0.2208541,36.7579365,4.0405275,30.1314714,43.3844016,..,..,..,..,..,..,..,..,..,0.25,..,..,..,..,0.3141064,..,..,..,..,..,..,..,..,0.7999999999999999,..,..,..,0.4166667,..,..,0.445,..,0.0654762,..,0.375
ARMcc2003,Armenia,ARM,Europe & Central Asia,Upper middle income,2003,cc,5,-0.9414129999999999,0.2869904,-1.4120773,-0.47074869999999996,28.7991837,5.8091266,19.272216,38.3261514,..,..,..,..,..,0.7970094999999999,..,..,..,..,..,..,0.7916667,..,..,..,..,..,..,..,..,..,..,..,..,..,..,0.25,..,..,0.13499999999999998,..,..,..,0.375
ATGcc2003,Antigua and Barbuda,ATG,Latin America & Caribbean,High income,2003,cc,1,0.8646520999999999,0.43525349999999996,0.15083639999999998,1.5784677999999999,65.3567128,8.8101983,50.9079877,79.805438,..,..,..,..,..,..,..,..,..,..,..,..,..,..,..,..,..,..,..,..,..,..,..,..,..,..,..,..,..,..,..,..,..,..,0.75
AUScc2003,Australia,AUS,East Asia & Pacific,High income,2003,cc,6,2.0294771,0.1996623,1.7020309,2.3569233,88.93455829999999,4.0414717,82.30654469999999,95.5625719,..,..,..,..,..,..,..,..,..,0.875,..,..,..,..,0.8425925999999999,..,..,..,..,..,..,..,..,..,..,..,..,0.75,..,..,0.966,..,0.8140351,..,1
AUTcc2003,Austria,AUT,Europe & Central Asia,High income,2003,cc,6,1.9819107999999999,0.1996623,1.6544645999999998,2.309357,87.9717434,4.0414717,81.34372979999999,94.599757,..,..,..,..,..,..,..,..,..,0.875,..,..,..,..,0.7460872,..,..,..,..,..,..,..,..,..,..,..,..,0.8333332999999999,..,..,0.9229999999999999,..,0.7836065999999999,..,1
AZEcc2003,Azerbaijan,AZE,Europe & Central Asia,Upper middle income,2003,cc,6,-1.2648082999999999,0.22747679999999998,-1.6378703,-0.8917463,22.2531666,4.6044801,14.7018192,29.8045139,..,..,..,..,..,0.6868728,..,..,..,0,..,..,0.875,..,..,..,..,..,..,..,..,..,..,..,..,..,..,0.3333333,..,..,0.041999999999999996,..,..,..,0.25
BDIcc2003,Burundi,BDI,Sub-Saharan Africa,Low income,2003,cc,2,-0.7026173,0.3430487,-1.2652172,-0.1400174,33.632775099999996,6.9438325,22.2448898,45.0206604,..,..,..,..,..,..,..,..,..,..,..,..,..,..,..,..,..,..,..,..,..,..,..,..,..,..,..,..,..,..,0.45099999999999996,..,..,..,0.25
BELcc2003,Belgium,BEL,Europe & Central Asia,High income,2003,cc,6,1.4560895999999999,0.1996623,1.1286433999999999,1.7835358,77.3283154,4.0414717,70.70030179999999,83.956329,..,..,..,..,..,..,..,..,..,0.75,..,..,..,..,0.6811195,..,..,..,..,..,..,..,..,..,..,..,..,0.6666667,..,..,0.969,..,0.5701493,..,0.875
BENcc2003,Benin,BEN,Sub-Saharan Africa,Lower middle income,2003,cc,2,-0.8428625,0.3430487,-1.4054624,-0.2802626,30.7939971,6.9438325,19.406111799999998,42.1818824,..,..,..,..,..,..,..,..,..,..,..,..,..,..,..,..,..,..,..,..,..,..,..,..,..,..,..,..,..,..,0.357,..,..,..,0.25
BFAcc2003,Burkina Faso,BFA,Sub-Saharan Africa,Low income,2003,cc,3,-0.0366614,0.2955622,-0.5213833999999999,0.4480606,47.1127445,5.9826324,37.301227399999995,56.924261599999994,..,..,..,..,..,..,..,..,..,..,..,..,..,..,..,..,..,..,..,..,..,..,..,..,..,..,..,0.3333333,..,..,0.46799999999999997,..,..,..,0.625
BGDcc2003,Bangladesh,BGD,South Asia,Lower middle income,2003,cc,5,-1.4630794999999999,0.21722799999999998,-1.8193333999999999,-1.1068255999999999,18.2398532,4.3970278,11.0287276,25.4509789,..,..,..,..,..,..,..,..,..,0.125,..,..,..,..,0.2098058,..,..,..,..,..,..,..,..,..,..,..,..,0.1666667,..,..,0.158,..,..,..,0
BGRcc2003,Bulgaria,BGR,Europe & Central Asia,High income,2003,cc,7,-0.0561659,0.213756,-0.40672569999999997,0.2943939,46.7179435,4.3267489999999995,39.6220752,53.813811799999996,..,..,..,..,..,0.6466459,..,..,..,0.375,..,..,0.5416667,..,0.47707049999999995,..,..,..,..,..,..,..,..,..,..,..,..,0.3333333,..,..,0.613,..,..,..,0.5
BHRcc2003,Bahrain,BHR,Middle East & North Africa,High income,2003,cc,5,0.3727252,0.22963789999999998,-0.003881,0.7493314,55.3993575,4.648224,47.7762701,63.022444899999996,..,..,..,..,..,..,..,0.4047619,..,0.375,..,..,..,..,0.7478271999999999,..,..,..,..,..,..,..,..,..,..,..,..,0.3333333,..,..,..,..,..,..,0.75
BHScc2003,"Bahamas, The",BHS,Latin America & Caribbean,High income,2003,cc,2,1.3243719,0.3486122,0.7526478999999999,1.8960959,74.66214699999999,7.0564458,63.0895759,86.2347181,..,..,..,..,..,..,..,..,..,..,..,..,..,..,..,..,..,..,..,..,..,..,..,..,..,..,..,0.6666667,..,..,..,..,..,..,0.875
BIHcc2003,Bosnia and Herzegovina,BIH,Europe & Central Asia,Upper middle income,2003,cc,5,-0.36780759999999996,0.2471174,-0.7730800999999999,0.037464899999999995,40.4098372,5.0020349,32.2064999,48.6131745,..,..,..,..,..,0.6551367,..,..,..,0.25,..,..,0.625,..,..,..,..,..,..,..,..,..,..,..,..,..,..,..,..,..,0.33799999999999997,..,..,..,0.5
BLRcc2003,Belarus,BLR,Europe & Central Asia,Upper middle income,2003,cc,5,-0.5190961,0.2869904,-0.9897604,-0.0484318,37.3475258,5.8091266,27.8205581,46.8744935,..,..,..,..,..,0.7239,..,..,..,..,..,..,0.75,..,..,..,..,..,..,..,..,..,..,..,..,..,..,0.3333333,..,..,0.642,..,..,..,0.25
BLZcc2003,Belize,BLZ,Latin America & Caribbean,Upper middle income,2003,cc,1,-0.0714178,0.43525349999999996,-0.7852334999999999,0.6423979,46.409221599999995,8.8101983,31.960496499999998,60.8579468,..,..,..,..,..,..,..,..,..,..,..,..,..,..,..,..,..,..,..,..,..,..,..,..,..,..,..,..,..,..,..,..,..,..,0.5
BMUcc2003,Bermuda,BMU,North America,High income,2003,cc,1,1.332687,0.43525349999999996,0.6188713,2.0465027,74.8304574,8.8101983,60.381732299999996,89.2791826,..,..,..,..,..,..,..,..,..,..,..,..,..,..,..,..,..,..,..,..,..,..,..,..,..,..,..,..,..,..,..,..,..,..,0.875
BOLcc2003,Bolivia,BOL,Latin America & Caribbean,Lower middle income,2003,cc,6,-0.8453814,0.217168,-1.2015369,-0.4892259,30.7430107,4.3958132999999995,23.533876799999998,37.952144499999996,..,..,..,..,..,..,..,..,..,0.125,..,..,..,..,0.2758017,..,..,..,..,..,..,..,..,0.7799999999999999,..,..,..,0.3333333,..,..,0.283,..,..,..,0.375
BRAcc2003,Brazil,BRA,Latin America & Caribbean,Upper middle income,2003,cc,7,0.0538006,0.19961569999999998,-0.2735691,0.38117029999999996,48.9438342,4.0405275,42.3173691,55.570299299999995,..,..,..,..,..,..,..,..,..,0.25,..,..,..,..,0.473665,..,..,..,..,..,..,..,..,0.43,..,..,..,0.6666667,..,..,0.45199999999999996,..,0.2555556,..,0.625
BRBcc2003,Barbados,BRB,Latin America & Caribbean,High income,2003,cc,2,1.440375,0.3430487,0.8777750999999999,2.0029749,77.0102278,6.9438325,65.6223425,88.39811309999999,..,..,..,..,..,..,..,..,..,..,..,..,..,..,..,..,..,..,..,..,..,..,..,..,..,..,..,..,..,..,0.9129999999999999,..,..,..,0.875
BRNcc2003,Brunei Darussalam,BRN,East Asia & Pacific,High income,2003,cc,2,0.1825345,0.3486122,-0.38918949999999997,0.7542584999999999,51.549605899999996,7.0564458,39.9770348,63.122177,..,..,..,..,..,..,..,..,..,..,..,..,..,..,..,..,..,..,..,..,..,..,..,..,..,..,..,0.4166667,..,..,..,..,..,..,0.625
BTNcc2003,Bhutan,BTN,South Asia,Lower middle income,2003,cc,2,1.0675763,0.3430487,0.5049764,1.6301762,69.46421,6.9438325,58.0763247,80.8520953,..,..,..,..,..,..,..,..,..,..,..,..,..,..,..,..,..,..,..,..,..,..,..,..,..,..,..,..,..,..,0.858,..,..,..,0.75
BWAcc2003,Botswana,BWA,Sub-Saharan Africa,Upper middle income,2003,cc,6,1.2396806999999999,0.2116542,0.8925677999999999,1.5867936,72.94786719999999,4.2842059,65.9217694,79.9739649,..,0.61775,..,..,..,..,..,..,..,0.875,..,..,..,..,0.671685,..,..,..,..,..,..,..,..,..,..,..,..,0.5,..,..,0.854,..,..,..,0.75
CAFcc2003,Central African Republic,CAF,Sub-Saharan Africa,Low income,2003,cc,2,-1.1427486,0.3430487,-1.7053485,-0.5801487,24.7238422,6.9438325,13.3359569,36.1117275,..,..,..,..,..,..,..,..,..,..,..,..,..,..,..,..,..,..,..,..,..,..,..,..,..,..,..,..,..,..,0.156,..,..,..,0.25
CANcc2003,Canada,CAN,North America,High income,2003,cc,6,1.9616148,0.1996623,1.6341686,2.289061,87.5609212,4.0414717,80.9329076,94.1889348,..,..,..,..,..,..,..,..,..,0.875,..,..,..,..,0.6873437,..,..,..,..,..,..,..,..,..,..,..,..,0.8333332999999999,..,..,0.965,..,0.7804878,..,1
CHEcc2003,Switzerland,CHE,Europe & Central Asia,High income,2003,cc,6,1.9749082999999998,0.1996623,1.6474620999999998,2.3023545,87.830002,4.0414717,81.2019885,94.4580156,..,..,..,..,..,..,..,..,..,0.875,..,..,..,..,0.8199229,..,..,..,..,..,..,..,..,..,..,..,..,0.75,..,..,0.978,..,0.745679,..,1
CHLcc2003,Chile,CHL,Latin America & Caribbean,High income,2003,cc,7,1.175906,0.19961569999999998,0.8485362999999999,1.5032756999999999,71.6569694,4.0405275,65.0305043,78.2834345,..,..,..,..,..,..,..,..,..,0.75,..,..,..,..,0.6222293999999999,..,..,..,..,..,..,..,..,0.9299999999999999,..,..,..,0.4166667,..,..,0.939,..,0.49310339999999997,..,0.875
CHNcc2003,China,CHN,East Asia & Pacific,Upper middle income,2003,cc,7,-0.5215173,0.1976658,-0.8456891999999999,-0.1973454,37.298517,4.001059,30.7367803,43.8602537,..,..,..,0.5255795999999999,..,..,..,..,..,0.125,..,..,..,..,0.5361172,..,..,..,..,..,..,..,..,..,..,..,..,0.3333333,..,..,0.40199999999999997,..,0.242,..,0.375
CIVcc2003,Côte d’Ivoire,CIV,Sub-Saharan Africa,Lower middle income,2003,cc,4,-0.8817182,0.2316749,-1.261665,-0.5017714,30.0074981,4.689455,22.3167918,37.6982043,..,..,..,..,..,..,..,..,..,0,..,..,..,..,..,..,..,..,..,..,..,..,..,..,..,..,..,0.5,..,..,0.353,..,..,..,0.25
CMRcc2003,Cameroon,CMR,Sub-Saharan Africa,Lower middle income,2003,cc,5,-1.0642977,0.21722799999999998,-1.4205516,-0.7080438,26.311808799999998,4.3970278,19.1006832,33.5229344,..,..,..,..,..,..,..,..,..,0.125,..,..,..,..,0.30132559999999997,..,..,..,..,..,..,..,..,..,..,..,..,0.3333333,..,..,0.079,..,..,..,0.25
CODcc2003,"Congo, Dem. Rep.",COD,Sub-Saharan Africa,Low income,2003,cc,3,-1.6067882,0.2955622,-2.0915102,-1.1220662,15.330968599999999,5.9826324,5.5194515,25.142485699999998,..,..,..,..,..,..,..,..,..,..,..,..,..,..,..,..,..,..,..,..,..,..,..,..,..,..,..,0.1666667,..,..,0.064,..,..,..,0.125
COGcc2003,"Congo, Rep.",COG,Sub-Saharan Africa,Lower middle income,2003,cc,3,-1.0208032999999999,0.2955622,-1.5055253,-0.5360813,27.1922022,5.9826324,17.3806851,37.0037193,..,..,..,..,..,..,..,..,..,..,..,..,..,..,..,..,..,..,..,..,..,..,..,..,..,..,..,0.3333333,..,..,0.16399999999999998,..,..,..,0.25
COLcc2003,Colombia,COL,Latin America & Caribbean,Upper middle income,2003,cc,7,-0.17824109999999999,0.19961569999999998,-0.5056108,0.1491286,44.246954099999996,4.0405275,37.620489,50.8734192,..,..,..,..,..,..,..,..,..,0.25,..,..,..,..,0.44507779999999997,..,..,..,..,..,..,..,..,0.87,..,..,..,0.5,..,..,0.59,..,0.28823529999999997,..,0.375
COMcc2003,Comoros,COM,Sub-Saharan Africa,Lower middle income,2003,cc,2,-0.6520842,0.3430487,-1.2146841,-0.0894843,34.6556426,6.9438325,23.2677573,46.0435279,..,..,..,..,..,..,..,..,..,..,..,..,..,..,..,..,..,..,..,..,..,..,..,..,..,..,..,..,..,..,0.29,..,..,..,0.375
CPVcc2003,Cabo Verde,CPV,Sub-Saharan Africa,Upper middle income,2003,cc,3,0.2967351,0.3222739,-0.2317941,0.8252643,53.8612012,6.5233183,43.162959199999996,64.5594433,..,0.64525,..,..,..,..,..,..,..,..,..,..,..,..,..,..,..,..,..,..,..,..,..,..,..,..,..,..,..,..,0.7959999999999999,..,..,..,0.5
CRIcc2003,Costa Rica,CRI,Latin America & Caribbean,High income,2003,cc,6,0.4825793,0.217168,0.1264238,0.8387348,57.622972999999995,4.3958132999999995,50.4138392,64.8321069,..,..,..,..,..,..,..,..,..,0.5,..,..,..,..,0.49928859999999997,..,..,..,..,..,..,..,..,0.82,..,..,..,0.4166667,..,..,0.827,..,..,..,0.625
CUBcc2003,Cuba,CUB,Latin America & Caribbean,Upper middle income,2003,cc,4,-0.12212519999999999,0.2316749,-0.502072,0.2578216,45.382826,4.6894551,37.6921197,53.0735323,..,..,..,..,..,..,..,..,..,0.25,..,..,..,..,..,..,..,..,..,..,..,..,..,..,..,..,..,0.4166667,..,..,0.421,..,..,..,0.625
CYMcc2003,Cayman Islands,CYM,Latin America & Caribbean,High income,2003,cc,1,1.332687,0.43525349999999996,0.6188713,2.0465027,74.8304574,8.8101983,60.381732299999996,89.2791826,..,..,..,..,..,..,..,..,..,..,..,..,..,..,..,..,..,..,..,..,..,..,..,..,..,..,..,..,..,..,..,..,..,..,0.875
CYPcc2003,Cyprus,CYP,Europe & Central Asia,High income,2003,cc,4,1.111154,0.2316749,0.7312072,1.4911008,70.3462895,4.689455,62.655583299999996,78.0369958,..,..,..,..,..,..,..,..,..,0.625,..,..,..,..,..,..,..,..,..,..,..,..,..,..,..,..,..,0.6666667,..,..,0.816,..,..,..,0.75
CZEcc2003,Czechia,CZE,Europe & Central Asia,High income,2003,cc,8,0.5110948,0.1969562,0.1880866,0.8341029999999999,58.2001705,3.9866960999999996,51.6619889,64.7383522,..,..,..,..,..,0.7775249999999999,..,..,..,0.5,..,..,0.4166667,..,0.4768811,..,..,..,..,..,..,..,..,..,..,..,..,0.4166667,..,..,0.739,..,0.2465116,..,0.875
DEUcc2003,Germany,DEU,Europe & Central Asia,High income,2003,cc,6,1.8885223,0.1996623,1.5610761,2.2159685,86.0814168,4.0414717,79.45340329999999,92.7094304,..,..,..,..,..,..,..,..,..,0.875,..,..,..,..,0.7668224,..,..,..,..,..,..,..,..,..,..,..,..,0.75,..,..,0.989,..,0.6609524,..,1
DJIcc2003,Djibouti,DJI,Middle East & North Africa,Lower middle income,2003,cc,2,-0.6267207,0.3430487,-1.1893205999999998,-0.06412079999999999,35.169038799999996,6.9438325,23.7811535,46.556924099999996,..,..,..,..,..,..,..,..,..,..,..,..,..,..,..,..,..,..,..,..,..,..,..,..,..,..,..,..,..,..,0.307,..,..,..,0.375
DMAcc2003,Dominica,DMA,Latin America & Caribbean,Upper middle income,2003,cc,1,0.8646520999999999,0.43525349999999996,0.15083639999999998,1.5784677999999999,65.3567128,8.8101983,50.9079877,79.805438,..,..,..,..,..,..,..,..,..,..,..,..,..,..,..,..,..,..,..,..,..,..,..,..,..,..,..,..,..,..,..,..,..,..,0.75
DNKcc2003,Denmark,DNK,Europe & Central Asia,High income,2003,cc,6,2.3034255999999997,0.1996623,1.9759794,2.6308718,94.4796963,3.7037552999999996,87.8516827,100.0,..,..,..,..,..,..,..,..,..,0.875,..,..,..,..,0.9201564999999999,..,..,..,..,..,..,..,..,..,..,..,..,0.9166667,..,..,0.998,..,0.9454545,..,1
DOMcc2003,Dominican Republic,DOM,Latin America & Caribbean,Upper middle income,2003,cc,5,-0.8571186,0.21722799999999998,-1.2133725,-0.5008646999999999,30.5054317,4.3970278,23.2943061,37.7165573,..,..,..,..,..,..,..,..,..,0,..,..,..,..,0.3833282,..,..,..,..,..,..,..,..,..,..,..,..,0.3333333,..,..,0.217,..,..,..,0.5
DZAcc2003,Algeria,DZA,Middle East & North Africa,Upper middle income,2003,cc,5,-0.8163111,0.21722799999999998,-1.1725649999999999,-0.4600572,31.3314381,4.3970278,24.120312499999997,38.542563799999996,..,..,..,..,..,..,..,..,..,0,..,..,..,..,0.4279762,..,..,..,..,..,..,..,..,..,..,..,..,0.25,..,..,0.34299999999999997,..,..,..,0.5
ECUcc2003,Ecuador,ECU,Latin America & Caribbean,Upper middle income,2003,cc,6,-0.6704346,0.217168,-1.0265901,-0.3142791,34.2842024,4.3958132999999995,27.0750685,41.4933362,..,..,..,..,..,..,..,..,..,0.125,..,..,..,..,0.3167454,..,..,..,..,..,..,..,..,0.84,..,..,..,0.5,..,..,0.284,..,..,..,0.375
EGYcc2003,"Egypt, Arab Rep.",EGY,Middle East & North Africa,Lower middle income,2003,cc,5,-0.630474,0.21722799999999998,-0.9867279,-0.27422009999999997,35.093066199999996,4.3970278,27.8819406,42.3041918,..,..,..,..,..,..,..,..,..,0.25,..,..,..,..,0.5030188999999999,..,..,..,..,..,..,..,..,..,..,..,..,0.25,..,..,0.16799999999999998,..,..,..,0.375
ERIcc2003,Eritrea,ERI,Sub-Saharan Africa,Low income,2003,cc,2,-0.018384499999999998,0.3430487,-0.5809844,0.5442154,47.482696999999995,6.9438325,36.0948117,58.870582299999995,..,..,..,..,..,..,..,..,..,..,..,..,..,..,..,..,..,..,..,..,..,..,..,..,..,..,..,..,..,..,0.325,..,..,..,0.625
ESPcc2003,Spain,ESP,Europe & Central Asia,High income,2003,cc,6,1.5377703999999999,0.1996623,1.2103241999999999,1.8652166,78.9816601,4.0414717,72.35364659999999,85.6096737,..,..,..,..,..,..,..,..,..,0.875,..,..,..,..,0.6686179999999999,..,..,..,..,..,..,..,..,..,..,..,..,0.5833332999999999,..,..,0.961,..,0.58,..,0.875
ESTcc2003,Estonia,EST,Europe & Central Asia,High income,2003,cc,8,0.8598443,0.1969562,0.5368360999999999,1.1828524999999999,65.25939559999999,3.9866960999999996,58.721213899999995,71.79757719999999,..,..,..,..,..,0.8272758,..,..,..,0.5,..,..,0.25,..,0.6404679,..,..,..,..,..,..,..,..,..,..,..,..,0.5,..,..,0.945,..,0.48888889999999996,..,0.75
ETHcc2003,Ethiopia,ETH,Sub-Saharan Africa,,2003,cc,5,-0.839374,0.21722799999999998,-1.1956278999999999,-0.4831201,30.8646097,4.3970278,23.653484,38.0757353,..,..,..,..,..,..,..,..,..,0,..,..,..,..,0.3942637,..,..,..,..,..,..,..,..,..,..,..,..,0.3333333,..,..,0.427,..,..,..,0.375
FINcc2003,Finland,FIN,Europe & Central Asia,High income,2003,cc,6,2.3542543,0.1996623,2.0268081,2.6817005,95.5085472,3.3900812,88.88053359999999,100.0,..,..,..,..,..,..,..,..,..,0.875,..,..,..,..,0.8982876,..,..,..,..,..,..,..,..,..,..,..,..,1,..,..,0.985,..,0.9648648999999999,..,1
FJIcc2003,Fiji,FJI,East Asia & Pacific,Upper middle income,2003,cc,2,0.2294766,0.3430487,-0.3331233,0.7920765,52.499786,6.9438325,41.1119007,63.887671299999994,..,..,..,..,..,..,..,..,..,..,..,..,..,..,..,..,..,..,..,..,..,..,..,..,..,..,..,..,..,..,0.6859999999999999,..,..,..,0.5
FRAcc2003,France,FRA,Europe & Central Asia,High income,2003,cc,6,1.34057,0.1996623,1.0131238,1.6680161999999998,74.9900214,4.0414717,68.3620079,81.61803499999999,..,..,..,..,..,..,..,..,..,0.75,..,..,..,..,0.6713671,..,..,..,..,..,..,..,..,..,..,..,..,0.5,..,..,0.939,..,0.6071428999999999,..,0.875
GABcc2003,Gabon,GAB,Sub-Saharan Africa,Upper middle income,2003,cc,4,-0.6986292,0.2316749,-1.078576,-0.3186824,33.7135004,4.6894551,26.0227941,41.404206699999996,..,..,..,..,..,..,..,..,..,0.25,..,..,..,..,..,..,..,..,..,..,..,..,..,..,..,..,..,0.1666667,..,..,0.12,..,..,..,0.5
GBRcc2003,United Kingdom,GBR,Europe & Central Asia,High income,2003,cc,6,1.9558107999999998,0.1996623,1.6283645999999998,2.283257,87.4434393,4.0414717,80.8154258,94.0714529,..,..,..,..,..,..,..,..,..,0.875,..,..,..,..,0.7899016999999999,..,..,..,..,..,..,..,..,..,..,..,..,0.75,..,..,0.96,..,0.7609756,..,1
GEOcc2003,Georgia,GEO,Europe & Central Asia,Upper middle income,2003,cc,4,-0.9964196999999999,0.3298432,-1.5373625,-0.45547689999999996,27.6857637,6.676532,16.7362513,38.6352761,..,..,..,..,..,0.574504,..,..,..,..,..,..,0.7916667,..,..,..,..,..,..,..,..,..,..,..,..,..,..,..,..,..,0.127,..,..,..,0.375
GHAcc2003,Ghana,GHA,Sub-Saharan Africa,Lower middle income,2003,cc,6,-0.3194152,0.2116542,-0.6665281,0.0276977,41.3893737,4.2842059,34.3632759,48.4154714,..,0.5257499999999999,..,..,..,..,..,..,..,0.375,..,..,..,..,0.4308415,..,..,..,..,..,..,..,..,..,..,..,..,0.4166667,..,..,0.369,..,..,..,0.375
GINcc2003,Guinea,GIN,Sub-Saharan Africa,Lower middle income,2003,cc,3,-0.8577419,0.2955622,-1.3424639,-0.37301989999999996,30.4928152,5.9826324,20.6812981,40.3043323,..,..,..,..,..,..,..,..,..,..,..,..,..,..,..,..,..,..,..,..,..,..,..,..,..,..,..,0.5,..,..,0.077,..,..,..,0.25
GMBcc2003,"Gambia, The",GMB,Sub-Saharan Africa,Low income,2003,cc,4,-0.1573975,0.2671864,-0.5955832,0.2807882,44.6688605,5.4082628,35.7993096,53.538411499999995,..,..,..,..,..,..,..,..,..,..,..,..,..,..,0.5377309,..,..,..,..,..,..,..,..,..,..,..,..,0.5,..,..,0.434,..,..,..,0.375
GNBcc2003,Guinea-Bissau,GNB,Sub-Saharan Africa,Low income,2003,cc,3,-1.1082963,0.2955622,-1.5930183,-0.6235743,25.421209599999997,5.9826324,15.6096925,35.2327267,..,..,..,..,..,..,..,..,..,..,..,..,..,..,..,..,..,..,..,..,..,..,..,..,..,..,..,0.3333333,..,..,0.08499999999999999,..,..,..,0.25
GNQcc2003,Equatorial Guinea,GNQ,Sub-Saharan Africa,Upper middle income,2003,cc,3,-1.4253936999999999,0.2525267,-1.8395374999999998,-1.0112499,19.0026717,5.1115281,10.6197656,27.3855777,..,..,..,..,..,..,..,..,..,0,..,..,..,..,..,..,..,..,..,..,..,..,..,..,..,..,..,..,..,..,0.151,..,..,..,0.125
GRCcc2003,Greece,GRC,Europe & Central Asia,High income,2003,cc,6,0.4370156,0.1996623,0.1095694,0.7644618,56.700693799999996,4.0414717,50.072680299999995,63.3287074,..,..,..,..,..,..,..,..,..,0.5,..,..,..,..,0.48931739999999996,..,..,..,..,..,..,..,..,..,..,..,..,0.4166667,..,..,0.747,..,0.256338,..,0.75
GRDcc2003,Grenada,GRD,Latin America & Caribbean,Upper middle income,2003,cc,1,0.8646520999999999,0.43525349999999996,0.15083639999999998,1.5784677999999999,65.3567128,8.8101983,50.9079877,79.805438,..,..,..,..,..,..,..,..,..,..,..,..,..,..,..,..,..,..,..,..,..,..,..,..,..,..,..,..,..,..,..,..,..,..,0.75
GTMcc2003,Guatemala,GTM,Latin America & Caribbean,Upper middle income,2003,cc,7,-0.8119333,0.2122676,-1.1600522,-0.46381439999999996,31.4200515,4.2966223999999995,24.3735908,38.4665123,..,..,..,..,..,..,..,0.35297619999999996,..,0.25,..,..,..,..,0.2698146,..,..,..,..,..,..,..,..,0.88,..,..,..,0.25,..,..,0.181,..,..,..,0.375
GUFcc2003,French Guiana,GUF,,,2003,cc,1,0.8646520999999999,0.43525349999999996,0.15083639999999998,1.5784677999999999,65.3567128,8.8101983,50.9079877,79.805438,..,..,..,..,..,..,..,..,..,..,..,..,..,..,..,..,..,..,..,..,..,..,..,..,..,..,..,..,..,..,..,..,..,..,0.75
GUYcc2003,Guyana,GUY,Latin America & Caribbean,High income,2003,cc,3,-0.23878939999999999,0.2955622,-0.7235113999999999,0.2459326,43.0213636,5.9826324,33.2098465,52.8328807,..,..,..,..,..,..,..,..,..,..,..,..,..,..,..,..,..,..,..,..,..,..,..,..,..,..,..,0.5,..,..,0.441,..,..,..,0.375
HKGcc2003,"Hong Kong SAR, China",HKG,East Asia & Pacific,High income,2003,cc,7,1.7286408,0.1976658,1.4044689,2.0528127,82.8451699,4.001059,76.28343319999999,89.4069066,..,..,..,0.6814509999999999,..,..,..,..,..,0.75,..,..,..,..,0.7859725,..,..,..,..,..,..,..,..,..,..,..,..,0.6666667,..,..,0.941,..,0.7555556,..,1
HNDcc2003,Honduras,HND,Latin America & Caribbean,Lower middle income,2003,cc,6,-1.0387997,0.217168,-1.3949551999999998,-0.6826441999999999,26.827927499999998,4.3958132999999995,19.6187936,34.0370613,..,..,..,..,..,..,..,..,..,0,..,..,..,..,0.2561117,..,..,..,..,..,..,..,..,0.84,..,..,..,0.4166667,..,..,0.156,..,..,..,0.375
HRVcc2003,Croatia,HRV,Europe & Central Asia,High income,2003,cc,7,0.3959679,0.213756,0.0454081,0.7465277,55.869825399999996,4.3267489999999995,48.7739571,62.965693699999996,..,..,..,..,..,0.7457185,..,..,..,0.5,..,..,0.625,..,0.44190229999999997,..,..,..,..,..,..,..,..,..,..,..,..,0.5,..,..,0.691,..,..,..,0.625
HTIcc2003,Haiti,HTI,Latin America & Caribbean,Lower middle income,2003,cc,5,-1.5162349,0.25821469999999996,-1.9397069999999998,-1.0927628,17.1639064,5.2266617,8.592181199999999,25.7356315,..,..,..,..,..,..,..,0.4011905,..,..,..,..,..,..,0.1955556,..,..,..,..,..,..,..,..,..,..,..,..,0.1666667,..,..,0.16999999999999998,..,..,..,0.125
HUNcc2003,Hungary,HUN,Europe & Central Asia,High income,2003,cc,8,0.5628628,0.1969562,0.2398546,0.885871,59.2480343,3.9866960999999996,52.7098526,65.7862159,..,..,..,..,..,0.7889075,..,..,..,0.5,..,..,0.2916667,..,0.5753294999999999,..,..,..,..,..,..,..,..,..,..,..,..,0.5,..,..,0.726,..,0.2787879,..,0.75
IDNcc2003,Indonesia,IDN,East Asia & Pacific,Upper middle income,2003,cc,7,-1.2216426,0.19583399999999998,-1.5428104,-0.9004747999999999,23.126906599999998,3.9639811999999996,16.625977499999998,29.6278357,..,..,..,..,..,..,..,0.3517857,..,0,..,..,..,..,0.43103769999999997,..,..,..,..,..,..,..,..,..,..,..,..,0.1666667,..,..,0.238,..,0.0836364,..,0.125
INDcc2003,India,IND,South Asia,Lower middle income,2003,cc,6,-0.5475555999999999,0.1996623,-0.8750017999999999,-0.22010939999999998,36.7714619,4.0414717,30.1434483,43.3994754,..,..,..,..,..,..,..,..,..,0.25,..,..,..,..,0.39702519999999997,..,..,..,..,..,..,..,..,..,..,..,..,0.25,..,..,0.45199999999999996,..,0.1568182,..,0.375
IRLcc2003,Ireland,IRL,Europe & Central Asia,High income,2003,cc,6,1.4666734,0.1996623,1.1392271999999999,1.7941196,77.5425478,4.0414717,70.91453419999999,84.1705613,..,..,..,..,..,..,..,..,..,0.875,..,..,..,..,0.6480057,..,..,..,..,..,..,..,..,..,..,..,..,0.5833332999999999,..,..,0.948,..,0.5037037,..,0.875
IRNcc2003,"Iran, Islamic Rep.",IRN,Middle East & North Africa,Upper middle income,2003,cc,4,-0.5007237999999999,0.2316749,-0.8806706,-0.120777,37.719409399999996,4.6894551,30.028703099999998,45.4101157,..,..,..,..,..,..,..,..,..,0.125,..,..,..,..,..,..,..,..,..,..,..,..,..,..,..,..,..,0.3333333,..,..,0.46699999999999997,..,..,..,0.5
IRQcc2003,Iraq,IRQ,Middle East & North Africa,Upper middle income,2003,cc,4,-0.9576834999999999,0.2316749,-1.3376303,-0.5777367,28.4698438,4.689455,20.7791376,36.1605501,..,..,..,..,..,..,..,..,..,0,..,..,..,..,..,..,..,..,..,..,..,..,..,..,..,..,..,0.6666667,..,..,0.20199999999999999,..,..,..,0.125
ISLcc2003,Iceland,ISL,Europe & Central Asia,High income,2003,cc,5,2.101196,0.2363553,1.7135733,2.4888187,90.3862589,4.7841941,82.5401806,98.23233719999999,..,..,..,..,..,..,..,..,..,..,..,..,..,..,0.8847041999999999,..,..,..,..,..,..,..,..,..,..,..,..,0.75,..,..,0.987,..,0.8975609999999999,..,1
ISRcc2003,Israel,ISR,Middle East & North Africa,High income,2003,cc,6,1.0439559,0.1996623,0.7165096999999999,1.3714020999999998,68.98609689999999,4.0414717,62.3580833,75.6141104,..,..,..,..,..,..,..,..,..,0.5,..,..,..,..,0.7103535999999999,..,..,..,..,..,..,..,..,..,..,..,..,0.6666667,..,..,0.881,..,0.5772727,..,0.75
ITAcc2003,Italy,ITA,Europe & Central Asia,High income,2003,cc,6,0.5080671999999999,0.1996623,0.180621,0.8355134,58.1388872,4.0414717,51.5108737,64.7669008,..,..,..,..,..,..,..,..,..,0.5,..,..,..,..,0.5119805,..,..,..,..,..,..,..,..,..,..,..,..,0.4166667,..,..,0.728,..,0.3548387,..,0.75
JAMcc2003,Jamaica,JAM,Latin America & Caribbean,Upper middle income,2003,cc,5,-0.3888064,0.21722799999999998,-0.7450603,-0.0325525,39.984789299999996,4.3970278,32.7736637,47.1959149,..,..,..,..,..,..,..,..,..,0.125,..,..,..,..,0.37996379999999996,..,..,..,..,..,..,..,..,..,..,..,..,0.25,..,..,0.831,..,..,..,0.5
JORcc2003,Jordan,JOR,Middle East & North Africa,Lower middle income,2003,cc,7,0.2951936,0.19583399999999998,-0.0259742,0.6163614,53.8299989,3.9639811999999996,47.3290698,60.330928,..,..,..,..,..,..,..,0.4166667,..,0.25,..,..,..,..,0.6783201999999999,..,..,..,..,..,..,..,..,..,..,..,..,0.5,..,..,0.624,..,0.4885714,..,0.625
JPNcc2003,Japan,JPN,East Asia & Pacific,High income,2003,cc,7,0.8804847,0.1976658,0.5563127999999999,1.2046565999999999,65.67718889999999,4.001059,59.1154522,72.2389256,..,..,..,0.6720315,..,..,..,..,..,0.375,..,..,..,..,0.6250023,..,..,..,..,..,..,..,..,..,..,..,..,0.5833332999999999,..,..,0.891,..,0.5584906,..,0.875
KAZcc2003,Kazakhstan,KAZ,Europe & Central Asia,Upper middle income,2003,cc,7,-1.2728152,0.213756,-1.623375,-0.9222554,22.091094599999998,4.3267489999999995,14.995226299999999,29.186962899999997,..,..,..,..,..,0.6992155,..,..,..,0,..,..,0.875,..,0.29761899999999997,..,..,..,..,..,..,..,..,..,..,..,..,0.25,..,..,0.155,..,..,..,0.25
KENcc2003,Kenya,KEN,Sub-Saharan Africa,Lower middle income,2003,cc,7,-0.7526162,0.20710989999999999,-1.0922764,-0.412956,32.6207207,4.1922217,25.745476999999998,39.4959643,..,0.5912499999999999,..,..,..,..,..,0.5428571,..,0.125,..,..,..,..,0.27485339999999997,..,..,..,..,..,..,..,..,..,..,..,..,0.5833332999999999,..,..,0.188,..,..,..,0.25
KGZcc2003,Kyrgyz Republic,KGZ,Europe & Central Asia,Lower middle income,2003,cc,4,-1.0366425,0.3298432,-1.5775853,-0.49569969999999997,26.8715925,6.676532,15.922080099999999,37.8211049,..,..,..,..,..,0.5764779,..,..,..,..,..,..,0.8333332999999999,..,..,..,..,..,..,..,..,..,..,..,..,..,..,..,..,..,0.103,..,..,..,0.375
KHMcc2003,Cambodia,KHM,East Asia & Pacific,Lower middle income,2003,cc,4,-0.9440919,0.24491169999999998,-1.3457470999999999,-0.5424367,28.744958699999998,4.9573887999999995,20.6148411,36.875076299999996,..,..,..,..,..,..,..,0.3017857,..,0.125,..,..,..,..,..,..,..,..,..,..,..,..,..,..,..,..,..,..,..,..,0.103,..,..,..,0.375
KORcc2003,"Korea, Rep.",KOR,East Asia & Pacific,High income,2003,cc,7,0.4162143,0.1976658,0.0920424,0.7403862,56.2796436,4.001059,49.717906899999996,62.8413803,..,..,..,0.5458836,..,..,..,..,..,0.375,..,..,..,..,0.6034617,..,..,..,..,..,..,..,..,..,..,..,..,0.5,..,..,0.855,..,0.34285709999999997,..,0.625
KWTcc2003,Kuwait,KWT,Middle East & North Africa,High income,2003,cc,5,0.4566733,0.21722799999999998,0.10041939999999999,0.8129272,57.0985958,4.3970278,49.887470199999996,64.3097215,..,..,..,..,..,..,..,..,..,0.5,..,..,..,..,0.657825,..,..,..,..,..,..,..,..,..,..,..,..,0.3333333,..,..,0.497,..,..,..,0.75
LAOcc2003,Lao PDR,LAO,East Asia & Pacific,Lower middle income,2003,cc,2,-0.7490623,0.3430487,-1.3116622,-0.1864624,32.6926571,6.9438325,21.3047717,44.0805424,..,..,..,..,..,..,..,..,..,..,..,..,..,..,..,..,..,..,..,..,..,..,..,..,..,..,..,..,..,..,0.22499999999999998,..,..,..,0.375
LBNcc2003,Lebanon,LBN,Middle East & North Africa,Lower middle income,2003,cc,5,-0.6113814,0.21722799999999998,-0.9676353,-0.2551275,35.4795297,4.3970278,28.268404099999998,42.6906554,..,..,..,..,..,..,..,..,..,0.25,..,..,..,..,0.4414299,..,..,..,..,..,..,..,..,..,..,..,..,0.1666667,..,..,0.204,..,..,..,0.5
LBRcc2003,Liberia,LBR,Sub-Saharan Africa,Low income,2003,cc,3,-1.1116188999999999,0.2955622,-1.5963409,-0.6268969,25.3539551,5.9826324,15.542437999999999,35.165472199999996,..,..,..,..,..,..,..,..,..,..,..,..,..,..,..,..,..,..,..,..,..,..,..,..,..,..,..,0.3333333,..,..,0.08199999999999999,..,..,..,0.25
LBYcc2003,Libya,LBY,Middle East & North Africa,Upper middle income,2003,cc,4,-1.0548034,0.2316749,-1.4347501999999999,-0.6748565999999999,26.503988,4.6894551,18.813281699999997,34.1946943,..,..,..,..,..,..,..,..,..,0,..,..,..,..,..,..,..,..,..,..,..,..,..,..,..,..,..,0.3333333,..,..,0.13799999999999998,..,..,..,0.375
LIEcc2003,Liechtenstein,LIE,Europe & Central Asia,High income,2003,cc,1,1.332687,0.43525349999999996,0.6188713,2.0465027,74.8304574,8.8101983,60.381732299999996,89.2791826,..,..,..,..,..,..,..,..,..,..,..,..,..,..,..,..,..,..,..,..,..,..,..,..,..,..,..,..,..,..,..,..,..,..,0.875
LKAcc2003,Sri Lanka,LKA,South Asia,Lower middle income,2003,cc,6,-0.2136698,0.2123236,-0.5618805,0.1345409,43.5298228,4.2977554,36.4815039,50.578141699999996,..,..,..,..,..,..,..,0.5666667,..,0.25,..,..,..,..,0.391657,..,..,..,..,..,..,..,..,..,..,..,..,0.5,..,..,0.575,..,..,..,0.375
LSOcc2003,Lesotho,LSO,Sub-Saharan Africa,Lower middle income,2003,cc,3,-0.4519129,0.3222739,-0.9804421,0.0766163,38.7074169,6.5233184,28.0091748,49.405659,..,0.63125,..,..,..,..,..,..,..,..,..,..,..,..,..,..,..,..,..,..,..,..,..,..,..,..,..,..,..,..,0.434,..,..,..,0.375
LTUcc2003,Lithuania,LTU,Europe & Central Asia,High income,2003,cc,7,0.3131684,0.213756,-0.0373914,0.6637282,54.193836499999996,4.3267489999999995,47.0979682,61.289704799999996,..,..,..,..,..,0.771146,..,..,..,0.375,..,..,0.4166667,..,0.5306275,..,..,..,..,..,..,..,..,..,..,..,..,0.4166667,..,..,0.7969999999999999,..,..,..,0.625
LUXcc2003,Luxembourg,LUX,Europe & Central Asia,High income,2003,cc,5,1.697981,0.2363553,1.3103582999999999,2.0856037,82.22456849999999,4.7841941,74.3784903,90.07064679999999,..,..,..,..,..,..,..,..,..,..,..,..,..,..,0.7834458,..,..,..,..,..,..,..,..,..,..,..,..,0.8333332999999999,..,..,0.945,..,0.6578946999999999,..,0.875
LVAcc2003,Latvia,LVA,Europe & Central Asia,High income,2003,cc,7,0.2740176,0.213756,-0.07654219999999999,0.6245774,53.401364199999996,4.3267489999999995,46.3054959,60.497232499999996,..,..,..,..,..,0.7709035,..,..,..,0.375,..,..,0.4166667,..,0.5393819,..,..,..,..,..,..,..,..,..,..,..,..,0.3333333,..,..,0.835,..,..,..,0.625
MACcc2003,"Macao SAR, China",MAC,East Asia & Pacific,High income,2003,cc,1,0.8646520999999999,0.43525349999999996,0.15083639999999998,1.5784677999999999,65.3567128,8.8101983,50.9079877,79.805438,..,..,..,..,..,..,..,..,..,..,..,..,..,..,..,..,..,..,..,..,..,..,..,..,..,..,..,..,..,..,..,..,..,..,0.75
MARcc2003,Morocco,MAR,Middle East & North Africa,Lower middle income,2003,cc,6,-0.3936459,0.2123236,-0.7418566,-0.045435199999999995,39.8868304,4.2977554,32.838511499999996,46.9351493,..,..,..,..,..,..,..,0.2202381,..,0.25,..,..,..,..,0.4058909,..,..,..,..,..,..,..,..,..,..,..,..,0.5,..,..,0.282,..,..,..,0.5
MDAcc2003,Moldova,MDA,Europe & Central Asia,Upper middle income,2003,cc,6,-1.0158162,0.22747679999999998,-1.3888782,-0.6427541999999999,27.293148799999997,4.6044801,19.7418014,34.8444961,..,..,..,..,..,0.6273397,..,..,..,0,..,..,0.875,..,..,..,..,..,..,..,..,..,..,..,..,..,..,0.25,..,..,0.174,..,..,..,0.5
MDGcc2003,Madagascar,MDG,Sub-Saharan Africa,Low income,2003,cc,4,0.0792649,0.2671864,-0.3589208,0.5174506,49.4592707,5.4082628,40.589719699999996,58.3288217,..,..,..,..,..,..,..,..,..,..,..,..,..,..,0.2688004,..,..,..,..,..,..,..,..,..,..,..,..,0.6666667,..,..,0.23399999999999999,..,..,..,0.75
MDVcc2003,Maldives,MDV,South Asia,Upper middle income,2003,cc,2,-0.17653339999999998,0.3430487,-0.7391333,0.3860665,44.2815206,6.9438325,32.8936352,55.6694059,..,..,..,..,..,..,..,..,..,..,..,..,..,..,..,..,..,..,..,..,..,..,..,..,..,..,..,..,..,..,0.219,..,..,..,0.625
MEXcc2003,Mexico,MEX,Latin America & Caribbean,Upper middle income,2003,cc,7,-0.32173589999999996,0.19961569999999998,-0.6491056,0.0056338,41.3423991,4.0405275,34.715934,47.9688642,..,..,..,..,..,..,..,..,..,0.25,..,..,..,..,0.49546049999999997,..,..,..,..,..,..,..,..,0.45999999999999996,..,..,..,0.3333333,..,..,0.39199999999999996,..,0.2171429,..,0.5
MKDcc2003,North Macedonia,MKD,Europe & Central Asia,Upper middle income,2003,cc,6,-0.9069408999999999,0.22980299999999998,-1.2838178,-0.530064,29.4969519,4.6515651,21.868385099999998,37.1255187,..,..,..,..,..,0.7009481,..,..,..,0,..,..,0.75,..,0.3315991,..,..,..,..,..,..,..,..,..,..,..,..,..,..,..,0.45799999999999996,..,..,..,0.375
MLIcc2003,Mali,MLI,Sub-Saharan Africa,Low income,2003,cc,5,-0.7017145,0.2570134,-1.1232164999999998,-0.2802125,33.651049199999996,5.2023459,25.1192019,42.1828965,..,0.424,..,..,..,..,..,..,..,..,..,..,..,..,0.2738568,..,..,..,..,..,..,..,..,..,..,..,..,0.5,..,..,0.149,..,..,..,0.5
MLTcc2003,Malta,MLT,Middle East & North Africa,High income,2003,cc,4,0.8904217999999999,0.2671864,0.4522361,1.3286075,65.8783311,5.4082628,57.008780099999996,74.7478821,..,..,..,..,..,..,..,..,..,..,..,..,..,..,0.6747903,..,..,..,..,..,..,..,..,..,..,..,..,0.5,..,..,0.825,..,..,..,0.75
MMRcc2003,Myanmar,MMR,East Asia & Pacific,Lower middle income,2003,cc,4,-1.4964073999999998,0.2316749,-1.8763542,-1.1164606,17.5652454,4.6894551,9.8745391,25.255951699999997,..,..,..,..,..,..,..,..,..,0,..,..,..,..,..,..,..,..,..,..,..,..,..,..,..,..,..,0.1666667,..,..,0.11299999999999999,..,..,..,0.125
MNEcc2003,Montenegro,MNE,Europe & Central Asia,Upper middle income,2003,cc,2,-0.26154269999999996,0.4806953,-1.049883,0.5267976,42.5608019,9.7300106,26.6035845,58.5180193,..,..,..,..,..,..,..,..,..,..,..,..,0.7083332999999999,..,..,..,..,..,..,..,..,..,..,..,..,..,..,..,..,..,0.444,..,..,..,..
MNGcc2003,Mongolia,MNG,East Asia & Pacific,Upper middle income,2003,cc,4,-0.33077239999999997,0.2891991,-0.8050588999999999,0.1435141,41.1594865,5.8538333,31.5591999,50.7597731,..,..,..,0.6021103999999999,..,..,..,..,..,..,..,..,..,..,..,..,..,..,..,..,..,..,..,..,..,..,..,0.3333333,..,..,0.377,..,..,..,0.5
MOZcc2003,Mozambique,MOZ,Sub-Saharan Africa,Low income,2003,cc,6,-0.6145358,0.2116542,-0.9616486999999999,-0.26742289999999996,35.4156798,4.2842059,28.3895821,42.441777599999995,..,0.57475,..,..,..,..,..,..,..,0.25,..,..,..,..,0.32026709999999997,..,..,..,..,..,..,..,..,..,..,..,..,0.25,..,..,0.48,..,..,..,0.375
MRTcc2003,Mauritania,MRT,Sub-Saharan Africa,Lower middle income,2003,cc,2,-0.2854472,0.3430487,-0.8480470999999999,0.2771527,42.0769381,6.9438325,30.6890528,53.4648234,..,..,..,..,..,..,..,..,..,..,..,..,..,..,..,..,..,..,..,..,..,..,..,..,..,..,..,..,..,..,0.146,..,..,..,0.625
MTQcc2003,Martinique,MTQ,,,2003,cc,1,0.8646520999999999,0.43525349999999996,0.15083639999999998,1.5784677999999999,65.3567128,8.8101983,50.9079877,79.805438,..,..,..,..,..,..,..,..,..,..,..,..,..,..,..,..,..,..,..,..,..,..,..,..,..,..,..,..,..,..,..,..,..,..,0.75
MUScc2003,Mauritius,MUS,Sub-Saharan Africa,Upper middle income,2003,cc,4,0.34925259999999997,0.2341337,-0.0347267,0.7332318999999999,54.924236,4.7392258,47.151905799999994,62.6965663,..,..,..,..,..,..,..,..,..,0.5,..,..,..,..,0.4570938,..,..,..,..,..,..,..,..,..,..,..,..,..,..,..,0.534,..,..,..,0.625
MWIcc2003,Malawi,MWI,Sub-Saharan Africa,Low income,2003,cc,6,-0.9516688,0.2116542,-1.2987817,-0.6045558999999999,28.5915906,4.2842059,21.565492799999998,35.6176883,..,0.50475,..,..,..,..,..,..,..,0,..,..,..,..,0.5004303999999999,..,..,..,..,..,..,..,..,..,..,..,..,0.3333333,..,..,0.364,..,..,..,0.25
MYScc2003,Malaysia,MYS,East Asia & Pacific,Upper middle income,2003,cc,7,0.1430371,0.19583399999999998,-0.1781307,0.4642049,50.7501179,3.9639811999999996,44.2491888,57.251047,..,..,..,..,..,..,..,0.33035709999999996,..,0.25,..,..,..,..,0.5896849,..,..,..,..,..,..,..,..,..,..,..,..,0.4166667,..,..,0.40199999999999997,..,0.4945055,..,0.75
NAMcc2003,Namibia,NAM,Sub-Saharan Africa,Lower middle income,2003,cc,6,0.0648883,0.2116542,-0.2822246,0.41200119999999996,49.1682662,4.2842059,42.1421685,56.194364,..,0.631,..,..,..,..,..,..,..,0.25,..,..,..,..,0.49689639999999996,..,..,..,..,..,..,..,..,..,..,..,..,0.25,..,..,0.8099999999999999,..,..,..,0.75
NERcc2003,Niger,NER,Sub-Saharan Africa,Low income,2003,cc,3,-1.0033408,0.2955622,-1.4880628,-0.5186187999999999,27.545669999999998,5.9826324,17.734152899999998,37.3571871,..,..,..,..,..,..,..,..,..,..,..,..,..,..,..,..,..,..,..,..,..,..,..,..,..,..,..,0.1666667,..,..,0.414,..,..,..,0.25
NGAcc2003,Nigeria,NGA,Sub-Saharan Africa,Lower middle income,2003,cc,7,-1.5156767,0.20710989999999999,-1.8553369,-1.1760165,17.1752052,4.1922217999999996,10.2999615,24.0504489,..,0.48224999999999996,..,..,..,..,..,0.4285714,..,0,..,..,..,..,0.2436005,..,..,..,..,..,..,..,..,..,..,..,..,0.1666667,..,..,0.066,..,..,..,0.125
NICcc2003,Nicaragua,NIC,Latin America & Caribbean,Lower middle income,2003,cc,7,-0.7451009,0.2122676,-1.0932198,-0.396982,32.772841899999996,4.2966223999999995,25.726381099999998,39.8193026,..,..,..,..,..,..,..,0.38452379999999997,..,0.125,..,..,..,..,0.3326321,..,..,..,..,..,..,..,..,0.58,..,..,..,0.4166667,..,..,0.264,..,..,..,0.375
NLDcc2003,Netherlands,NLD,Europe & Central Asia,High income,2003,cc,6,2.0071151,0.1996623,1.6796689,2.3345613,88.48191709999999,4.0414717,81.8539035,95.10993069999999,..,..,..,..,..,..,..,..,..,0.875,..,..,..,..,0.8012657999999999,..,..,..,..,..,..,..,..,..,..,..,..,0.8333332999999999,..,..,0.984,..,0.7193548,..,1
NORcc2003,Norway,NOR,Europe & Central Asia,High income,2003,cc,6,2.0211967,0.1996623,1.6937505,2.3486428999999998,88.76695029999999,4.0414717,82.1389367,95.3949639,..,..,..,..,..,..,..,..,..,0.875,..,..,..,..,0.7667316,..,..,..,..,..,..,..,..,..,..,..,..,0.8333332999999999,..,..,0.994,..,0.7678571,..,1
NPLcc2003,Nepal,NPL,South Asia,Lower middle income,2003,cc,3,-0.3414469,0.3246519,-0.873876,0.1909822,40.9434183,6.5714524999999995,30.1662362,51.7206003,..,..,..,..,..,..,..,0.5446428999999999,..,..,..,..,..,..,..,..,..,..,..,..,..,..,..,..,..,..,..,..,..,..,0.222,..,..,..,0.5
NZLcc2003,New Zealand,NZL,East Asia & Pacific,High income,2003,cc,6,2.2516947,0.1996623,1.9242484999999998,2.5791409,93.43258349999999,4.022997,86.80456989999999,100.0,..,..,..,..,..,..,..,..,..,0.875,..,..,..,..,0.8690954,..,..,..,..,..,..,..,..,..,..,..,..,0.9166667,..,..,0.991,..,0.9245283,..,1
OMNcc2003,Oman,OMN,Middle East & North Africa,High income,2003,cc,5,0.5541684,0.21722799999999998,0.1979145,0.9104222999999999,59.0720463,4.3970278,51.8609207,66.2831719,..,..,..,..,..,..,..,..,..,0.375,..,..,..,..,0.8851852,..,..,..,..,..,..,..,..,..,..,..,..,0.4166667,..,..,0.726,..,..,..,0.625
PAKcc2003,Pakistan,PAK,South Asia,Lower middle income,2003,cc,6,-0.9225643,0.2123236,-1.270775,-0.5743536,29.180710299999998,4.2977554,22.1323914,36.2290292,..,..,..,..,..,..,..,0.302381,..,0.125,..,..,..,..,0.4091274,..,..,..,..,..,..,..,..,..,..,..,..,0.25,..,..,0.133,..,..,..,0.375
PANcc2003,Panama,PAN,Latin America & Caribbean,High income,2003,cc,6,-0.41148569999999995,0.217168,-0.7676411999999999,-0.055330199999999996,39.5257255,4.3958132999999995,32.316591599999995,46.7348593,..,..,..,..,..,..,..,..,..,0.25,..,..,..,..,0.350999,..,..,..,..,..,..,..,..,0.7899999999999999,..,..,..,0.3333333,..,..,0.423,..,..,..,0.5
PERcc2003,Peru,PER,Latin America & Caribbean,Upper middle income,2003,cc,6,-0.057581,0.217168,-0.4137365,0.29857449999999996,46.6892997,4.3958132999999995,39.4801658,53.898433499999996,..,..,..,..,..,..,..,..,..,0.375,..,..,..,..,0.44088839999999996,..,..,..,..,..,..,..,..,0.87,..,..,..,0.4166667,..,..,0.484,..,..,..,0.5
PHLcc2003,Philippines,PHL,East Asia & Pacific,Lower middle income,2003,cc,7,-0.6453601999999999,0.1976658,-0.9695321,-0.3211883,34.7917467,4.001059,28.23001,41.353483399999995,..,..,..,0.6736671,..,..,..,..,..,0.25,..,..,..,..,0.2683811,..,..,..,..,..,..,..,..,..,..,..,..,0.3333333,..,..,0.251,..,0.1428571,..,0.375
PNGcc2003,Papua New Guinea,PNG,East Asia & Pacific,Lower middle income,2003,cc,4,-0.8519142,0.2316749,-1.2318609999999999,-0.4719674,30.6107768,4.689455,22.920070499999998,38.301483,..,..,..,..,..,..,..,..,..,0.125,..,..,..,..,..,..,..,..,..,..,..,..,..,..,..,..,..,0.1666667,..,..,0.38,..,..,..,0.375
POLcc2003,Poland,POL,Europe & Central Asia,High income,2003,cc,8,0.3611585,0.1969562,0.0381503,0.6841667,55.1652297,3.9866960999999996,48.627048099999996,61.7034114,..,..,..,..,..,0.7226876,..,..,..,0.5,..,..,0.25,..,0.4610203,..,..,..,..,..,..,..,..,..,..,..,..,0.3333333,..,..,0.9179999999999999,..,0.13111109999999998,..,0.75
PRIcc2003,Puerto Rico (U.S.),PRI,Latin America & Caribbean,High income,2003,cc,1,1.332687,0.43525349999999996,0.6188713,2.0465027,74.8304574,8.8101983,60.381732299999996,89.2791826,..,..,..,..,..,..,..,..,..,..,..,..,..,..,..,..,..,..,..,..,..,..,..,..,..,..,..,..,..,..,..,..,..,..,0.875
PRKcc2003,"Korea, Dem. People's Rep.",PRK,East Asia & Pacific,Low income,2003,cc,3,-1.5601289999999999,0.2955622,-2.044851,-1.075407,16.2754224,5.9826324,6.4639052999999995,26.0869395,..,..,..,..,..,..,..,..,..,..,..,..,..,..,..,..,..,..,..,..,..,..,..,..,..,..,..,0.1666667,..,..,0.301,..,..,..,0
PRTcc2003,Portugal,PRT,Europe & Central Asia,High income,2003,cc,6,1.2252619999999999,0.1996623,0.8978157999999999,1.5527081999999999,72.6560106,4.0414717,66.027997,79.2840241,..,..,..,..,..,..,..,..,..,0.75,..,..,..,..,0.6630296,..,..,..,..,..,..,..,..,..,..,..,..,0.5833332999999999,..,..,0.9109999999999999,..,0.37419349999999996,..,0.875
PRYcc2003,Paraguay,PRY,Latin America & Caribbean,Upper middle income,2003,cc,6,-1.5857991999999999,0.217168,-1.9419547,-1.2296437,15.755818199999998,4.3958132999999995,8.546684299999999,22.964952,..,..,..,..,..,..,..,..,..,0,..,..,..,..,0.2614448,..,..,..,..,..,..,..,..,0.7999999999999999,..,..,..,0.1666667,..,..,0.172,..,..,..,0
PSEcc2003,West Bank and Gaza,PSE,Middle East & North Africa,Lower middle income,2003,cc,2,-0.36841579999999996,0.3430487,-0.9310157,0.1941841,40.397526299999996,6.9438325,29.009641,51.785411599999996,..,..,..,..,..,..,..,..,..,..,..,..,..,..,..,..,..,..,..,..,..,..,..,..,..,..,..,..,..,..,0.6749999999999999,..,..,..,0.25
QATcc2003,Qatar,QAT,Middle East & North Africa,High income,2003,cc,5,0.5949337,0.21722799999999998,0.2386798,0.9511875999999999,59.897198499999995,4.3970278,52.6860729,67.10832409999999,..,..,..,..,..,..,..,..,..,0.5,..,..,..,..,0.7489669,..,..,..,..,..,..,..,..,..,..,..,..,0.3333333,..,..,0.607,..,..,..,0.75
ROUcc2003,Romania,ROU,Europe & Central Asia,High income,2003,cc,8,-0.5530621,0.1969562,-0.8760703,-0.23005389999999998,36.6600019,3.9866960999999996,30.1218202,43.1981835,..,..,..,..,..,0.6185054,..,..,..,0.25,..,..,0.5833332999999999,..,0.2854594,..,..,..,..,..,..,..,..,..,..,..,..,0.4166667,..,..,0.219,..,0.14526319999999998,..,0.5
RUScc2003,Russian Federation,RUS,Europe & Central Asia,High income,2003,cc,8,-1.0015646,0.1969562,-1.3245727999999999,-0.6785564,27.581623,3.9866960999999996,21.0434414,34.119804699999996,..,..,..,..,..,0.7061331,..,..,..,0,..,..,0.7916667,..,0.3721081,..,..,..,..,..,..,..,..,..,..,..,..,0.25,..,..,0.215,..,0.129927,..,0.375
RWAcc2003,Rwanda,RWA,Sub-Saharan Africa,Low income,2003,cc,2,-0.717537,0.3430487,-1.2801369,-0.1549371,33.330777499999996,6.9438325,21.9428922,44.7186628,..,..,..,..,..,..,..,..,..,..,..,..,..,..,..,..,..,..,..,..,..,..,..,..,..,..,..,..,..,..,0.441,..,..,..,0.25
SAUcc2003,Saudi Arabia,SAU,Middle East & North Africa,High income,2003,cc,5,-0.2735569,0.21722799999999998,-0.6298108,0.08269699999999999,42.317616,4.3970278,35.1064904,49.5287417,..,..,..,..,..,..,..,..,..,0.125,..,..,..,..,0.5181781,..,..,..,..,..,..,..,..,..,..,..,..,0.3333333,..,..,0.528,..,..,..,0.625
SDNcc2003,Sudan,SDN,Sub-Saharan Africa,Low income,2003,cc,4,-1.3168528,0.2316749,-1.6967995999999999,-0.9369059999999999,21.199706,4.689455,13.5089998,28.890412299999998,..,..,..,..,..,..,..,..,..,0,..,..,..,..,..,..,..,..,..,..,..,..,..,..,..,..,..,0.1666667,..,..,0.182,..,..,..,0.25
SENcc2003,Senegal,SEN,Sub-Saharan Africa,Lower middle income,2003,cc,6,-0.16464979999999999,0.2116542,-0.5117627,0.1824631,44.522062899999995,4.2842059,37.4959651,51.548160599999996,..,0.53275,..,..,..,..,..,..,..,0.25,..,..,..,..,0.3663557,..,..,..,..,..,..,..,..,..,..,..,..,0.4166667,..,..,0.622,..,..,..,0.625
SGPcc2003,Singapore,SGP,East Asia & Pacific,High income,2003,cc,6,2.1045873999999998,0.1996623,1.7771412,2.4320336,90.454906,4.0414717,83.8268925,97.0829196,..,..,..,..,..,..,..,..,..,0.875,..,..,..,..,0.8916744999999999,..,..,..,..,..,..,..,..,..,..,..,..,0.75,..,..,0.991,..,0.8584615,..,1
SLBcc2003,Solomon Islands,SLB,East Asia & Pacific,Lower middle income,2003,cc,1,-0.0672779,0.4936907,-0.8769306,0.7423748,46.493019499999996,9.9930568,30.1044064,62.881632599999996,..,..,..,..,..,..,..,..,..,..,..,..,..,..,..,..,..,..,..,..,..,..,..,..,..,..,..,..,..,..,0.482,..,..,..,..
SLEcc2003,Sierra Leone,SLE,Sub-Saharan Africa,Low income,2003,cc,4,-0.8124904,0.2835514,-1.2775147,-0.3474661,31.408775,5.7395154999999995,21.995969499999998,40.821580399999995,..,..,..,..,..,..,..,0.4297619,..,..,..,..,..,..,..,..,..,..,..,..,..,..,..,..,..,..,..,0.4166667,..,..,0.19499999999999998,..,..,..,0.25
SLVcc2003,El Salvador,SLV,Latin America & Caribbean,Upper middle income,2003,cc,6,-0.5478229,0.217168,-0.9039784,-0.1916674,36.7660513,4.3958132999999995,29.556917499999997,43.9751852,..,..,..,..,..,..,..,..,..,0.125,..,..,..,..,0.5636987,..,..,..,..,..,..,..,..,0.7999999999999999,..,..,..,0.4166667,..,..,0.27999999999999997,..,..,..,0.375
SOMcc2003,Federal Republic of Somalia,SOM,Sub-Saharan Africa,Low income,2003,cc,3,-1.6112183,0.2955622,-2.0959403,-1.1264963,15.2412966,5.9826324,5.4297794999999995,25.052813699999998,..,..,..,..,..,..,..,..,..,..,..,..,..,..,..,..,..,..,..,..,..,..,..,..,..,..,..,0.1666667,..,..,0.06,..,..,..,0.125
SRBcc2003,Serbia,SRB,Europe & Central Asia,Upper middle income,2003,cc,7,-0.749599,0.213756,-1.1001588,-0.3990392,32.6817934,4.3267489999999995,25.585925099999997,39.777661699999996,..,..,..,..,..,0.7244586,..,..,..,0,..,..,0.6666667,..,0.39527809999999997,..,..,..,..,..,..,..,..,..,..,..,..,0.3333333,..,..,0.381,..,..,..,0.5
STPcc2003,São Tomé and Príncipe,STP,Sub-Saharan Africa,Lower middle income,2003,cc,2,-0.0821514,0.3430487,-0.6447512999999999,0.4804485,46.191957099999996,6.9438325,34.804071799999996,57.5798424,..,..,..,..,..,..,..,..,..,..,..,..,..,..,..,..,..,..,..,..,..,..,..,..,..,..,..,..,..,..,0.6719999999999999,..,..,..,0.375
SURcc2003,Suriname,SUR,Latin America & Caribbean,Upper middle income,2003,cc,3,0.3254934,0.2955622,-0.1592286,0.8102153999999999,54.4433134,5.9826324,44.6317963,64.2548305,..,..,..,..,..,..,..,..,..,..,..,..,..,..,..,..,..,..,..,..,..,..,..,..,..,..,..,0.3333333,..,..,0.7949999999999999,..,..,..,0.625
SVKcc2003,Slovak Republic,SVK,Europe & Central Asia,High income,2003,cc,8,0.2910522,0.1969562,-0.031956,0.6140604,53.7461706,3.9866960999999996,47.207989,60.284352299999995,..,..,..,..,..,0.6601758999999999,..,..,..,0.5,..,..,0.375,..,0.44194639999999996,..,..,..,..,..,..,..,..,..,..,..,..,0.4166667,..,..,0.6819999999999999,..,0.1661017,..,0.75
SVNcc2003,Slovenia,SVN,Europe & Central Asia,High income,2003,cc,8,0.7897525,0.1969562,0.4667443,1.1127607,63.84063,3.9866960999999996,57.302448299999995,70.37881159999999,..,..,..,..,..,0.8365241,..,..,..,0.5,..,..,0.1666667,..,0.6172141,..,..,..,..,..,..,..,..,..,..,..,..,0.5,..,..,0.891,..,0.432967,..,0.75
SWEcc2003,Sweden,SWE,Europe & Central Asia,High income,2003,cc,6,2.1571808999999997,0.1996623,1.8297347,2.4846271,91.51947919999999,4.0414717,84.89146559999999,98.1474927,..,..,..,..,..,..,..,..,..,0.875,..,..,..,..,0.8410717,..,..,..,..,..,..,..,..,..,..,..,..,0.9166667,..,..,0.996,..,0.8067797,..,1
SWZcc2003,Eswatini,SWZ,Sub-Saharan Africa,Lower middle income,2003,cc,2,-0.0390781,0.3430487,-0.6016779999999999,0.5235217999999999,47.0638268,6.9438325,35.6759415,58.451712099999995,..,..,..,..,..,..,..,..,..,..,..,..,..,..,..,..,..,..,..,..,..,..,..,..,..,..,..,..,..,..,0.506,..,..,..,0.5
SYCcc2003,Seychelles,SYC,Sub-Saharan Africa,High income,2003,cc,2,0.7274069999999999,0.3430487,0.16480709999999998,1.2900068999999998,62.578661399999994,6.9438325,51.1907761,73.9665467,..,..,..,..,..,..,..,..,..,..,..,..,..,..,..,..,..,..,..,..,..,..,..,..,..,..,..,..,..,..,0.63,..,..,..,0.75
SYRcc2003,Syrian Arab Republic,SYR,Middle East & North Africa,Low income,2003,cc,4,-0.9507806,0.2316749,-1.3307274,-0.5708338,28.609569099999998,4.6894551,20.9188628,36.3002754,..,..,..,..,..,..,..,..,..,0,..,..,..,..,..,..,..,..,..,..,..,..,..,..,..,..,..,0.3333333,..,..,0.096,..,..,..,0.5
TCDcc2003,Chad,TCD,Sub-Saharan Africa,Low income,2003,cc,3,-1.4853792,0.30071939999999997,-1.978559,-0.9921994,17.7884731,6.0870219,7.805757099999999,27.771189,..,..,..,..,..,..,..,..,..,..,..,..,..,..,0.1875249,..,..,..,..,..,..,..,..,..,..,..,..,..,..,..,0.043,..,..,..,0.25
TGOcc2003,Togo,TGO,Sub-Saharan Africa,Low income,2003,cc,3,-0.9025728,0.2955622,-1.3872947999999998,-0.41785079999999997,29.585369,5.9826324,19.7738519,39.396886099999996,..,..,..,..,..,..,..,..,..,..,..,..,..,..,..,..,..,..,..,..,..,..,..,..,..,..,..,0.25,..,..,0.193,..,..,..,0.375
THAcc2003,Thailand,THA,East Asia & Pacific,Upper middle income,2003,cc,7,-0.55629,0.1976658,-0.8804618999999999,-0.2321181,36.5946642,4.001059,30.0329275,43.1564009,..,..,..,0.48040079999999996,..,..,..,..,..,0,..,..,..,..,0.5494405,..,..,..,..,..,..,..,..,..,..,..,..,0.25,..,..,0.323,..,0.2711864,..,0.625
TJKcc2003,Tajikistan,TJK,Europe & Central Asia,Lower middle income,2003,cc,4,-1.3185784999999999,0.3298432,-1.8595213,-0.7776356999999999,21.164775199999998,6.676532,10.2152628,32.1142876,..,..,..,..,..,0.613194,..,..,..,..,..,..,0.8333332999999999,..,..,..,..,..,..,..,..,..,..,..,..,..,..,..,..,..,0.078,..,..,..,0.25
TKMcc2003,Turkmenistan,TKM,Europe & Central Asia,Upper middle income,2003,cc,3,-0.9964425,0.33859839999999997,-1.5517439,-0.44114109999999995,27.6853022,6.8537514999999996,16.445149699999998,38.925454699999996,..,..,..,..,..,..,..,..,..,..,..,..,0.875,..,..,..,..,..,..,..,..,..,..,..,..,..,..,..,..,..,0.095,..,..,..,0.375
TLScc2003,Timor-Leste,TLS,East Asia & Pacific,Lower middle income,2003,cc,3,-0.1590887,0.3246519,-0.6915178,0.37334039999999996,44.6346281,6.5714524999999995,33.857445999999996,55.4118101,..,..,..,..,..,..,..,0.3452381,..,..,..,..,..,..,..,..,..,..,..,..,..,..,..,..,..,..,..,..,..,..,0.689,..,..,..,0.375
TTOcc2003,Trinidad and Tobago,TTO,Latin America & Caribbean,High income,2003,cc,5,0.19903939999999998,0.21722799999999998,-0.15721449999999998,0.5552933,51.8836904,4.3970278,44.672564699999995,59.094815999999994,..,..,..,..,..,..,..,..,..,0.375,..,..,..,..,0.428006,..,..,..,..,..,..,..,..,..,..,..,..,0.3333333,..,..,0.857,..,..,..,0.625
TUNcc2003,Tunisia,TUN,Middle East & North Africa,Lower middle income,2003,cc,5,-0.2307968,0.21722799999999998,-0.5870506999999999,0.1254571,43.183146099999995,4.3970278,35.9720205,50.3942717,..,..,..,..,..,..,..,..,..,0.25,..,..,..,..,0.6552047,..,..,..,..,..,..,..,..,..,..,..,..,0.3333333,..,..,0.127,..,..,..,0.625
TURcc2003,Türkiye,TUR,Europe & Central Asia,Upper middle income,2003,cc,7,-0.1638257,0.1978208,-0.48825179999999996,0.1606004,44.5387439,4.0041964,37.9718618,51.105626,..,..,..,..,..,0.7313919999999999,..,..,..,0.25,..,..,..,..,0.40128949999999997,..,..,..,..,..,..,..,..,..,..,..,..,0.4166667,..,..,0.482,..,0.23921569999999998,..,0.625
TWNcc2003,"Taiwan, China",TWN,East Asia & Pacific,High income,2003,cc,7,0.8758503999999999,0.1976658,0.5516785,1.2000222999999999,65.58338359999999,4.001059,59.0216469,72.1451203,..,..,..,0.6338739,..,..,..,..,..,0.625,..,..,..,..,0.6922188,..,..,..,..,..,..,..,..,..,..,..,..,0.5,..,..,0.6789999999999999,..,0.4591549,..,0.75
TZAcc2003,Tanzania,TZA,Sub-Saharan Africa,Lower middle income,2003,cc,6,-0.7197376,0.2116542,-1.0668505,-0.3726247,33.286234,4.2842059,26.260136199999998,40.3123317,..,0.5585,..,..,..,..,..,..,..,0.125,..,..,..,..,0.4372798,..,..,..,..,..,..,..,..,..,..,..,..,0.3333333,..,..,0.521,..,..,..,0.25
UGAcc2003,Uganda,UGA,Sub-Saharan Africa,Low income,2003,cc,7,-1.0880722,0.20710989999999999,-1.4277324,-0.748412,25.8305765,4.1922217,18.9553328,32.7058201,..,0.5479999999999999,..,..,..,..,..,0.5380952,..,0,..,..,..,..,0.3043902,..,..,..,..,..,..,..,..,..,..,..,..,0.3333333,..,..,0.213,..,..,..,0.25
UKRcc2003,Ukraine,UKR,Europe & Central Asia,Upper middle income,2003,cc,7,-1.3389776,0.213756,-1.6895373999999999,-0.9884177999999999,20.751866099999997,4.3267489999999995,13.6559978,27.8477344,..,..,..,..,..,0.64718,..,..,..,0,..,..,0.7916667,..,0.3351229,..,..,..,..,..,..,..,..,..,..,..,..,0.1666667,..,..,0.118,..,..,..,0.25
URYcc2003,Uruguay,URY,Latin America & Caribbean,High income,2003,cc,6,0.9941983,0.217168,0.6380428,1.3503538,67.9789267,4.3958134,60.7697928,75.1880606,..,..,..,..,..,..,..,..,..,0.5,..,..,..,..,0.6609819,..,..,..,..,..,..,..,..,0.88,..,..,..,0.5,..,..,0.958,..,..,..,0.875
USAcc2003,United States,USA,North America,High income,2003,cc,6,1.5264422,0.1996623,1.198996,1.8538884,78.75236,4.0414717,72.1243464,85.3803736,..,..,..,..,..,..,..,..,..,0.75,..,..,..,..,0.7216085999999999,..,..,..,..,..,..,..,..,..,..,..,..,0.6666667,..,..,0.943,..,0.654902,..,0.875
UZBcc2003,Uzbekistan,UZB,Europe & Central Asia,Lower middle income,2003,cc,5,-1.1057682,0.2471174,-1.5110407,-0.7004956999999999,25.4723823,5.0020349,17.269045,33.6757196,..,..,..,..,..,0.7629986999999999,..,..,..,0,..,..,0.8333332999999999,..,..,..,..,..,..,..,..,..,..,..,..,..,..,..,..,..,0.145,..,..,..,0.375
VENcc2003,"Venezuela, RB",VEN,Latin America & Caribbean,,2003,cc,8,-1.072741,0.1957901,-1.3938367999999999,-0.7516452,26.1409035,3.9630924999999997,19.6414317,32.6403752,..,..,..,..,..,..,..,0.4125,..,0.125,..,..,..,..,0.2838484,..,..,..,..,..,..,..,..,0.74,..,..,..,0.25,..,..,0.095,..,0.0851064,..,0.25
VNMcc2003,Viet Nam,VNM,East Asia & Pacific,Lower middle income,2003,cc,6,-0.6741923,0.2123236,-1.022403,-0.3259816,34.2081407,4.2977555,27.1598218,41.2564597,..,..,..,..,..,..,..,0.34940479999999996,..,0.125,..,..,..,..,0.47879669999999996,..,..,..,..,..,..,..,..,..,..,..,..,0.25,..,..,0.443,..,..,..,0.375
VUTcc2003,Vanuatu,VUT,East Asia & Pacific,Lower middle income,2003,cc,1,0.12739219999999998,0.4936907,-0.6822604999999999,0.9370449,50.433441099999996,9.9930568,34.044827999999995,66.8220542,..,..,..,..,..,..,..,..,..,..,..,..,..,..,..,..,..,..,..,..,..,..,..,..,..,..,..,..,..,..,0.5449999999999999,..,..,..,..
WSMcc2003,Samoa,WSM,East Asia & Pacific,Upper middle income,2003,cc,1,-0.0714178,0.43525349999999996,-0.7852334999999999,0.6423979,46.409221599999995,8.8101983,31.960496499999998,60.8579468,..,..,..,..,..,..,..,..,..,..,..,..,..,..,..,..,..,..,..,..,..,..,..,..,..,..,..,..,..,..,..,..,..,..,0.5
XKXcc2003,Kosovo,XKX,Europe & Central Asia,Upper middle income,2003,cc,2,0.154503,0.4806953,-0.6338372999999999,0.9428432999999999,50.9822053,9.7300106,35.0249879,66.9394227,..,..,..,..,..,..,..,..,..,..,..,..,0.8333332999999999,..,..,..,..,..,..,..,..,..,..,..,..,..,..,..,..,..,0.604,..,..,..,..
YEMcc2003,"Yemen, Rep.",YEM,Middle East & North Africa,Low income,2003,cc,5,-1.1136511999999998,0.2257527,-1.4838856,-0.7434168,25.3128182,4.5695806999999995,17.8187058,32.8069306,..,..,..,..,..,..,..,0.2636905,..,0,..,..,..,..,..,..,..,..,..,..,..,..,..,..,..,..,..,0.3333333,..,..,0.10099999999999999,..,..,..,0.375
ZAFcc2003,South Africa,ZAF,Sub-Saharan Africa,Upper middle income,2003,cc,7,0.13744779999999998,0.1953084,-0.182858,0.4577536,50.636981899999995,3.9533419999999997,44.1535009,57.1204628,..,0.62125,..,..,..,..,..,..,..,0.5,..,..,..,..,0.5509464,..,..,..,..,..,..,..,..,..,..,..,..,0.3333333,..,..,0.567,..,0.3194805,..,0.5
ZMBcc2003,Zambia,ZMB,Sub-Saharan Africa,Lower middle income,2003,cc,6,-0.8093897999999999,0.2116542,-1.1565026999999999,-0.4622769,31.4715359,4.2842059,24.4454381,38.4976336,..,0.56775,..,..,..,..,..,..,..,0,..,..,..,..,0.3701621,..,..,..,..,..,..,..,..,..,..,..,..,0.3333333,..,..,0.735,..,..,..,0.25
ZWEcc2003,Zimbabwe,ZWE,Sub-Saharan Africa,Lower middle income,2003,cc,7,-1.4178283999999999,0.20710989999999999,-1.7574885999999998,-1.0781682,19.1558049,4.1922217,12.280561299999999,26.0310486,..,0.609,..,..,..,..,..,0.2660714,..,0,..,..,..,..,0.31959489999999996,..,..,..,..,..,..,..,..,..,..,..,..,0,..,..,0.189,..,..,..,0.25
ABWcc2004,Aruba,ABW,Latin America & Caribbean,High income,2004,cc,1,0.9662856,0.43525349999999996,0.25246989999999997,1.6801013,67.4139308,8.8101983,52.9652057,81.862656,..,..,..,..,..,..,..,..,..,..,..,..,..,..,..,..,..,..,..,..,..,..,..,..,..,..,..,..,..,..,..,..,..,..,0.7777778
ADOcc2004,Andorra,ADO,,,2004,cc,1,0.9284646,0.43525349999999996,0.2146489,1.6422803,66.6483757,8.8101983,52.1996506,81.0971009,..,..,..,..,..,..,..,..,..,..,..,..,..,..,..,..,..,..,..,..,..,..,..,..,..,..,..,..,..,..,..,..,..,..,0.7676767999999999
AFGcc2004,Afghanistan,AFG,South Asia,Low income,2004,cc,6,-1.50732,0.2135251,-1.8575012,-1.1571388,17.3443576,4.322076099999999,10.256152799999999,24.4325625,..,..,..,..,..,..,0.09999999999999999,..,..,0,..,..,..,0.5104167,..,..,..,..,..,..,0.33399999999999996,..,..,..,..,..,..,..,..,..,0.06899999999999999,..,..,..,0.18181819999999999
AGOcc2004,Angola,AGO,Sub-Saharan Africa,Lower middle income,2004,cc,8,-1.2228664,0.1881246,-1.5313907,-0.9143420999999999,23.102135,3.8079300999999997,16.857129699999998,29.3471403,..,..,..,..,..,..,0.09999999999999999,0.31845239999999997,..,0.125,..,..,..,..,0.3488948,..,..,..,..,..,0.156,..,..,..,..,..,..,0.3333333,..,..,0.13599999999999998,..,..,..,0.2525253
AIAcc2004,Anguilla,AIA,,,2004,cc,1,0.7015384,0.43525349999999996,-0.0122773,1.4153540999999998,62.0550412,8.8101983,47.6063161,76.5037664,..,..,..,..,..,..,..,..,..,..,..,..,..,..,..,..,..,..,..,..,..,..,..,..,..,..,..,..,..,..,..,..,..,..,0.7070706999999999
ALBcc2004,Albania,ALB,Europe & Central Asia,Upper middle income,2004,cc,8,-0.7554331,0.23317,-1.1378319,-0.3730343,32.563702299999996,4.7197186,24.8233638,40.304040799999996,..,..,..,..,..,0.5169633,0.39999999999999997,..,..,..,..,..,0.7083332999999999,0.5512094,..,..,..,..,..,..,0.5559999999999999,..,..,..,..,..,..,0.3333333,..,..,0.255,..,..,..,0.3131313
ANTcc2004,Netherlands Antilles (former),ANT,,,2004,cc,1,0.5124335999999999,0.43525349999999996,-0.20138209999999998,1.2262492999999999,58.227269899999996,8.8101983,43.7785447,72.675995,..,..,..,..,..,..,..,..,..,..,..,..,..,..,..,..,..,..,..,..,..,..,..,..,..,..,..,..,..,..,..,..,..,..,0.6565656999999999
AREcc2004,United Arab Emirates,ARE,Middle East & North Africa,High income,2004,cc,6,0.7749326999999999,0.1971568,0.4515955,1.0982699,63.540654499999995,3.9907567999999998,56.995813399999996,70.0854956,..,..,..,..,..,..,0.6,..,..,0.5,..,..,..,..,0.8149896,..,..,..,..,..,..,..,..,..,..,..,..,0.3333333,..,..,0.864,..,..,..,0.8383838
ARGcc2004,Argentina,ARG,Latin America & Caribbean,Upper middle income,2004,cc,10,-0.4054833,0.1786052,-0.6983958,-0.1125708,39.6472232,3.615243,33.7182248,45.5762217,..,..,..,..,..,..,0.5,..,..,0.25,..,..,..,0.33187649999999996,0.41085659999999996,..,..,..,..,..,0.622,..,..,0.8099999999999999,..,..,..,0.4166667,..,..,0.445,..,0.06543209999999999,..,0.3939394
ARMcc2004,Armenia,ARM,Europe & Central Asia,Upper middle income,2004,cc,7,-0.6721623999999999,0.23430689999999998,-1.0564257,-0.28789909999999996,34.249229,4.742731,26.4711502,42.0273079,..,..,..,..,..,0.7970094999999999,0.5,..,..,..,..,..,0.7916667,..,..,..,..,..,..,..,0.5559999999999999,..,..,..,..,..,..,0.25,..,..,0.13499999999999998,..,..,..,0.38383839999999997
ASMcc2004,American Samoa,ASM,East Asia & Pacific,High income,2004,cc,1,0.6637174,0.43525349999999996,-0.0500983,1.3775331,61.2894861,8.8101983,46.840761,75.7382113,..,..,..,..,..,..,..,..,..,..,..,..,..,..,..,..,..,..,..,..,..,..,..,..,..,..,..,..,..,..,..,..,..,..,0.6969696999999999
ATGcc2004,Antigua and Barbuda,ATG,Latin America & Caribbean,High income,2004,cc,2,0.6191511,0.3829798,-0.008935799999999999,1.2472379999999998,60.3873958,7.7520992,47.6739532,73.1008385,..,..,..,..,..,..,..,..,..,..,..,..,..,..,..,..,..,..,..,..,0.6,..,..,..,..,..,..,..,..,..,..,..,..,..,0.7272727
AUScc2004,Australia,AUS,East Asia & Pacific,High income,2004,cc,6,1.7734223999999998,0.1996623,1.4459762,2.1008686,83.7516182,4.0414717,77.1236047,90.3796318,..,..,..,..,..,..,..,..,..,0.625,..,..,..,..,0.8286163,..,..,..,..,..,..,..,..,..,..,..,..,0.8333332999999999,..,..,0.966,..,0.8441558,..,0.959596
AUTcc2004,Austria,AUT,Europe & Central Asia,High income,2004,cc,7,1.9296818999999998,0.19895739999999998,1.6033918,2.255972,86.9145503,4.0272026,80.309938,93.5191626,..,..,..,..,..,..,..,..,..,0.875,..,..,..,0.6202797,0.7829552999999999,..,..,..,..,..,..,..,..,..,..,..,..,0.8333332999999999,..,..,0.9069999999999999,..,0.8222222,..,0.8888889
AZEcc2004,Azerbaijan,AZE,Europe & Central Asia,Upper middle income,2004,cc,8,-1.2455967,0.19842279999999998,-1.5710100999999999,-0.9201832999999999,22.642038799999998,4.016382,16.0551723,29.2289054,..,..,..,..,..,0.6868728,0.3,..,..,0,..,..,0.875,..,..,..,..,..,..,..,0.422,..,..,..,..,..,..,0.3333333,..,..,0.041999999999999996,..,..,..,0.19191919999999998
BDIcc2004,Burundi,BDI,Sub-Saharan Africa,Low income,2004,cc,5,-0.958209,0.2432975,-1.3572168999999998,-0.5592011,28.459206899999998,4.924714799999999,20.3826747,36.5357391,0.39999999999999997,..,..,..,..,..,0.19999999999999998,..,..,..,..,..,..,..,..,..,..,..,..,..,0.356,..,..,..,..,..,..,..,..,..,0.431,..,..,..,0.2727273
BELcc2004,Belgium,BEL,Europe & Central Asia,High income,2004,cc,6,1.4030257,0.1996623,1.0755795,1.7304719,76.2542206,4.0414717,69.6262071,82.8822342,..,..,..,..,..,..,..,..,..,0.75,..,..,..,..,0.722248,..,..,..,..,..,..,..,..,..,..,..,..,0.6666667,..,..,0.969,..,0.5288136,..,0.8080807999999999
BENcc2004,Benin,BEN,Sub-Saharan Africa,Lower middle income,2004,cc,5,-0.5094063,0.2432975,-0.9084142,-0.1103984,37.5436623,4.9247147,29.4671301,45.620194399999995,0.5,..,..,..,..,..,0.5,..,..,..,..,..,..,..,..,..,..,..,..,..,0.5599999999999999,..,..,..,..,..,..,..,..,..,0.357,..,..,..,0.2626263
BFAcc2004,Burkina Faso,BFA,Sub-Saharan Africa,Low income,2004,cc,7,-0.2919893,0.21908629999999998,-0.6512908,0.0673122,41.944516,4.4346425,34.6717022,49.2173297,0.6,..,..,..,..,..,0.3,0.4595238,..,..,..,..,..,..,..,..,..,..,..,..,0.6,..,..,..,..,..,..,0.3333333,..,..,0.46799999999999997,..,..,..,0.5454545
BGDcc2004,Bangladesh,BGD,South Asia,Lower middle income,2004,cc,8,-1.5156931,0.1881246,-1.8242174,-1.2071688,17.1748732,3.80793,10.929867999999999,23.4198785,..,..,..,..,..,..,0.09999999999999999,0.37023809999999996,..,0,..,..,..,..,0.21394,..,..,..,..,..,0.356,..,..,..,..,..,..,0.25,..,..,0.158,..,..,..,0.0808081
BGRcc2004,Bulgaria,BGR,Europe & Central Asia,High income,2004,cc,9,0.1341795,0.19389779999999998,-0.1838129,0.45217189999999996,50.570826499999995,3.9247891,44.134172299999996,57.0074806,..,..,..,..,..,0.6466459,0.6,..,..,0.375,..,..,0.5,0.3834988,0.5281376,..,..,..,..,..,..,..,..,..,..,..,..,0.3333333,..,..,0.613,..,..,..,0.6565656999999999
BHRcc2004,Bahrain,BHR,Middle East & North Africa,High income,2004,cc,6,0.2241191,0.2062945,-0.1142039,0.5624421,52.391341999999995,4.1757175,45.5431653,59.2395187,..,..,..,..,..,..,0.6,0.29566329999999996,..,0.375,..,..,..,..,0.6633561,..,..,..,..,..,..,..,..,..,..,..,..,0.3333333,..,..,..,..,..,..,0.7171717
BHScc2004,"Bahamas, The",BHS,Latin America & Caribbean,High income,2004,cc,2,1.1621103,0.3486122,0.5903862999999999,1.7338342999999998,71.37772319999999,7.0564458,59.805152199999995,82.9502943,..,..,..,..,..,..,..,..,..,..,..,..,..,..,..,..,..,..,..,..,..,..,..,..,..,..,..,0.6666667,..,..,..,..,..,..,0.8080807999999999
BIHcc2004,Bosnia and Herzegovina,BIH,Europe & Central Asia,Upper middle income,2004,cc,9,-0.43860679999999996,0.19925299999999999,-0.7653816999999999,-0.1118319,38.9767528,4.033186199999999,32.3623274,45.591178199999995,..,..,..,..,..,0.6551367,0.39999999999999997,..,..,0.25,..,..,0.5833332999999999,0.4108446,0.42449719999999996,..,..,..,..,..,0.6,..,..,..,..,..,..,..,..,..,0.319,..,..,..,0.46464649999999996
BLRcc2004,Belarus,BLR,Europe & Central Asia,Upper middle income,2004,cc,6,-0.3473571,0.24488249999999998,-0.7489644,0.0542502,40.8237867,4.9567976,32.6946387,48.9529348,..,..,..,..,..,0.7239,0.6,..,..,..,..,..,0.8333332999999999,..,..,..,..,..,..,..,..,..,..,..,..,..,..,0.3333333,..,..,0.642,..,..,..,0.22222219999999998
BLZcc2004,Belize,BLZ,Latin America & Caribbean,Upper middle income,2004,cc,2,-0.1006888,0.3829798,-0.7287756999999999,0.5273981,45.8167316,7.7520992,33.103289,58.5301743,..,..,..,..,..,..,..,..,..,..,..,..,..,..,..,..,..,..,..,..,0.522,..,..,..,..,..,..,..,..,..,..,..,..,..,0.5151515
BMUcc2004,Bermuda,BMU,North America,High income,2004,cc,1,1.0797485,0.43525349999999996,0.3659328,1.7935641999999998,69.710594,8.8101983,55.261868899999996,84.1593192,..,..,..,..,..,..,..,..,..,..,..,..,..,..,..,..,..,..,..,..,..,..,..,..,..,..,..,..,..,..,..,..,..,..,0.8080807999999999
BOLcc2004,Bolivia,BOL,Latin America & Caribbean,Lower middle income,2004,cc,11,-0.6249148,0.1865851,-0.9309143999999999,-0.3189152,35.205593,3.7767692,29.011691499999998,41.399494399999995,..,..,..,..,..,..,0.39999999999999997,0.44345239999999997,..,0.125,..,..,..,0.37700239999999996,0.3447616,..,..,..,..,..,0.566,..,..,0.7899999999999999,..,..,..,0.3333333,..,0.3266667,0.33199999999999996,..,..,..,0.4343434
BRAcc2004,Brazil,BRA,Latin America & Caribbean,Upper middle income,2004,cc,10,-0.10416929999999999,0.1786052,-0.3970818,0.1887432,45.746280999999996,3.615243,39.8172825,51.675279499999995,..,..,..,..,..,..,0.6,..,..,0.25,..,..,..,0.3049145,0.5443553,..,..,..,..,..,0.588,..,..,0.44999999999999996,..,..,..,0.3333333,..,..,0.45199999999999996,..,0.2510638,..,0.6060606
BRBcc2004,Barbados,BRB,Latin America & Caribbean,High income,2004,cc,3,1.1585946,0.3156483,0.6409313999999999,1.6762578,71.3065601,6.3892058,60.828262499999994,81.7848576,..,..,..,..,..,..,..,..,..,..,..,..,..,..,..,..,..,..,..,..,0.6659999999999999,..,..,..,..,..,..,..,..,..,0.9129999999999999,..,..,..,0.8080807999999999
BRNcc2004,Brunei Darussalam,BRN,East Asia & Pacific,High income,2004,cc,2,0.20830649999999998,0.3486122,-0.3634175,0.7800305,52.0712707,7.0564458,40.498699599999995,63.6438418,..,..,..,..,..,..,..,..,..,..,..,..,..,..,..,..,..,..,..,..,..,..,..,..,..,..,..,0.4166667,..,..,..,..,..,..,0.6363635999999999
BTNcc2004,Bhutan,BTN,South Asia,Lower middle income,2004,cc,4,0.7450914,0.301141,0.2512202,1.2389626,62.9366208,6.0955555,52.939909799999995,72.9333317,..,..,..,..,..,..,..,0.5125,..,..,..,..,..,..,..,..,..,..,..,..,0.6659999999999999,..,..,..,..,..,..,..,..,..,0.863,..,..,..,0.6464646
BWAcc2004,Botswana,BWA,Sub-Saharan Africa,Upper middle income,2004,cc,8,0.9443982999999999,0.18765859999999998,0.6366381999999999,1.2521584,66.9708983,3.798498,60.7413616,73.200435,..,0.61775,..,..,..,..,0.7999999999999999,..,..,0.75,..,..,..,..,0.6189914999999999,..,..,..,..,..,0.622,..,..,..,..,..,..,0.5,..,..,0.854,..,..,..,0.6666667
CAFcc2004,Central African Republic,CAF,Sub-Saharan Africa,Low income,2004,cc,5,-1.3134546999999999,0.2432975,-1.7124625999999998,-0.9144468,21.2684888,4.924714799999999,13.1919566,29.345021,0.266,..,..,..,..,..,0.3,..,..,..,..,..,..,..,..,..,..,..,..,..,0.19999999999999998,..,..,..,..,..,..,..,..,..,0.11499999999999999,..,..,..,0.22222219999999998
CANcc2004,Canada,CAN,North America,High income,2004,cc,7,1.7241735999999999,0.19895739999999998,1.3978834999999998,2.0504637,82.7547469,4.0272027,76.1501346,89.3593593,..,..,..,..,..,..,..,..,..,0.875,..,..,..,0.5453768,0.7288565,..,..,..,..,..,..,..,..,..,..,..,..,0.6666667,..,..,0.965,..,0.7472222,..,0.8585859
CHEcc2004,Switzerland,CHE,Europe & Central Asia,High income,2004,cc,7,1.8671879,0.19895739999999998,1.5408978,2.193478,85.6495758,4.0272027,79.0449635,92.2541882,..,..,..,..,..,..,..,..,..,0.875,..,..,..,0.6542152,0.8374792,..,..,..,..,..,..,..,..,..,..,..,..,0.75,..,..,0.978,..,0.75,..,0.8484847999999999
CHLcc2004,Chile,CHL,Latin America & Caribbean,High income,2004,cc,9,1.2679675,0.17911459999999998,0.9742196,1.5617154,73.5204354,3.6255538,67.57452719999999,79.4663437,..,..,..,..,..,..,0.8999999999999999,..,..,0.75,..,..,..,..,0.7280837,..,..,..,..,..,0.7,..,..,0.89,..,..,..,0.4166667,..,..,0.939,..,0.5882353,..,0.8080807999999999
CHNcc2004,China,CHN,East Asia & Pacific,Upper middle income,2004,cc,10,-0.6390924,0.1749869,-0.9260708999999999,-0.3521139,34.9186166,3.5420032,29.109731399999998,40.7275018,..,..,..,0.5255795999999999,..,..,0.3,0.3160714,..,0.125,..,..,..,..,0.5407493,..,..,..,..,..,0.644,..,..,..,..,..,..,0.3333333,..,..,0.40199999999999997,..,0.1166667,..,0.36363639999999997
CIVcc2004,Côte d’Ivoire,CIV,Sub-Saharan Africa,Lower middle income,2004,cc,7,-1.167954,0.1923521,-1.4834113999999998,-0.8524965999999999,24.2136462,3.8935011,17.8283044,30.5989881,0.19999999999999998,..,..,..,..,..,0.19999999999999998,..,..,0,..,..,..,..,..,..,..,..,..,..,0.39999999999999997,..,..,..,..,..,..,0.3333333,..,..,0.353,..,..,..,0.2525253
CMRcc2004,Cameroon,CMR,Sub-Saharan Africa,Lower middle income,2004,cc,9,-1.1561621,0.18328999999999998,-1.4567577,-0.8555665,24.4523324,3.7100709,18.3678162,30.5368486,0.26,..,..,..,..,..,0.19999999999999998,..,..,0.125,..,..,..,0.3419499,0.30132559999999997,..,..,..,..,..,0.39999999999999997,..,..,..,..,..,..,0.3333333,..,..,0.079,..,..,..,0.2626263
CODcc2004,"Congo, Dem. Rep.",COD,Sub-Saharan Africa,Low income,2004,cc,7,-1.529402,0.1923521,-1.8448593999999998,-1.2139446,16.8973841,3.8935011,10.5120422,23.2827259,0.39999999999999997,..,..,..,..,..,0.09999999999999999,..,..,0,..,..,..,..,..,..,..,..,..,..,0.19999999999999998,..,..,..,..,..,..,0.1666667,..,..,0.064,..,..,..,0.1717172
COGcc2004,"Congo, Rep.",COG,Sub-Saharan Africa,Lower middle income,2004,cc,5,-0.9621535,0.2555788,-1.3813027,-0.5430043,28.379364199999998,5.1733066999999995,19.895141199999998,36.8635872,0.39999999999999997,..,..,..,..,..,..,..,..,..,..,..,..,..,..,..,..,..,..,..,0.3,..,..,..,..,..,..,0.3333333,..,..,0.16399999999999998,..,..,..,0.3232323
COLcc2004,Colombia,COL,Latin America & Caribbean,Upper middle income,2004,cc,11,-0.07388159999999999,0.17557689999999998,-0.3618277,0.2140645,46.3593505,3.5539457,40.5308796,52.1878214,..,..,..,..,..,..,0.5,0.5398809999999999,..,0.25,..,..,..,..,0.5057469,..,..,..,..,..,0.622,..,..,0.89,..,..,..,0.5,..,0.2666667,0.59,..,0.26818179999999997,..,0.42424239999999996
COMcc2004,Comoros,COM,Sub-Saharan Africa,Lower middle income,2004,cc,4,-0.7728661,0.2844483,-1.2393612999999999,-0.3063709,32.2108316,5.7576699,22.7682529,41.6534103,0.19999999999999998,..,..,..,..,..,..,..,..,..,..,..,..,..,..,..,..,..,..,..,0.422,..,..,..,..,..,..,..,..,..,0.29,..,..,..,0.4545455
CPVcc2004,Cabo Verde,CPV,Sub-Saharan Africa,Upper middle income,2004,cc,5,0.22457749999999999,0.272265,-0.2219371,0.6710921,52.4006207,5.5110614,43.36248,61.4387614,0.6,0.64525,..,..,..,..,..,..,..,..,..,..,..,..,..,..,..,..,..,..,0.622,..,..,..,..,..,..,..,..,..,0.7959999999999999,..,..,..,0.4747475
CRIcc2004,Costa Rica,CRI,Latin America & Caribbean,High income,2004,cc,10,0.3790831,0.18988719999999998,0.0676681,0.6904981,55.5280511,3.8436082,49.224533699999995,61.8315686,..,..,..,..,..,..,0.7,..,..,0.5,..,..,..,0.3392308,0.5685721,..,..,..,..,..,0.6659999999999999,..,..,0.71,..,..,..,0.4166667,..,0.2533333,0.827,..,..,..,0.4141414
CUBcc2004,Cuba,CUB,Latin America & Caribbean,Upper middle income,2004,cc,6,-0.20824389999999998,0.2011906,-0.5381965,0.12170869999999999,43.6396514,4.0724067,36.9609044,50.3183983,..,..,..,..,..,..,0.39999999999999997,..,..,0.25,..,..,..,..,..,..,..,..,..,..,0.644,..,..,..,..,..,..,0.4166667,..,..,0.421,..,..,..,0.5858586
CYMcc2004,Cayman Islands,CYM,Latin America & Caribbean,High income,2004,cc,1,1.0419275,0.43525349999999996,0.3281118,1.7557432,68.945039,8.8101983,54.496313799999996,83.3937641,..,..,..,..,..,..,..,..,..,..,..,..,..,..,..,..,..,..,..,..,..,..,..,..,..,..,..,..,..,..,..,..,..,..,0.7979798
CYPcc2004,Cyprus,CYP,Europe & Central Asia,High income,2004,cc,5,0.9137833,0.21722799999999998,0.5575294,1.2700372,66.3512037,4.3970278,59.1400781,73.5623293,..,..,..,..,..,..,..,..,..,0.5,..,..,..,..,0.6330180999999999,..,..,..,..,..,..,..,..,..,..,..,..,0.6666667,..,..,0.862,..,..,..,0.7272727
CZEcc2004,Czechia,CZE,Europe & Central Asia,High income,2004,cc,10,0.4510277,0.1810978,0.1540273,0.7480281,56.9843202,3.6656975,50.9725764,62.9960641,..,..,..,..,..,0.7775249999999999,0.7,..,..,0.5,..,..,0.4166667,0.5074415,0.47870409999999997,..,..,..,..,..,..,..,..,..,..,..,..,0.4166667,..,..,0.739,..,0.25,..,0.7474746999999999
DEUcc2004,Germany,DEU,Europe & Central Asia,High income,2004,cc,7,1.7933497999999999,0.19895739999999998,1.4670596999999999,2.1196398999999997,84.1549794,4.0272026,77.5503671,90.7595917,..,..,..,..,..,..,..,..,..,0.875,..,..,..,0.5915307,0.7914034,..,..,..,..,..,..,..,..,..,..,..,..,0.75,..,..,0.989,..,0.6382609,..,0.8888889
DJIcc2004,Djibouti,DJI,Middle East & North Africa,Lower middle income,2004,cc,4,-0.422042,0.2844483,-0.8885371999999999,0.0444532,39.3120498,5.75767,29.869470999999997,48.754628499999995,0.5,..,..,..,..,..,..,..,..,..,..,..,..,..,..,..,..,..,..,..,0.488,..,..,..,..,..,..,..,..,..,0.307,..,..,..,0.46464649999999996
DMAcc2004,Dominica,DMA,Latin America & Caribbean,Upper middle income,2004,cc,2,0.5605873,0.3829798,-0.06749959999999999,1.1886742,59.201974699999994,7.7520992,46.488532,71.9154173,..,..,..,..,..,..,..,..,..,..,..,..,..,..,..,..,..,..,..,..,0.6,..,..,..,..,..,..,..,..,..,..,..,..,..,0.7070706999999999
DNKcc2004,Denmark,DNK,Europe & Central Asia,High income,2004,cc,7,2.2298815999999997,0.19895739999999998,1.9035914999999999,2.5561716999999997,92.9910529,4.0272026,86.3864406,99.5956652,..,..,..,..,..,..,..,..,..,0.875,..,..,..,0.7792152,0.9273912999999999,..,..,..,..,..,..,..,..,..,..,..,..,0.9166667,..,..,0.998,..,0.9119048,..,0.9191919
DOMcc2004,Dominican Republic,DOM,Latin America & Caribbean,Upper middle income,2004,cc,9,-0.7185712999999999,0.1904997,-1.0309907999999999,-0.4061518,33.3098417,3.8560062,26.9859916,39.6336918,..,..,..,..,..,..,0.19999999999999998,..,..,0.25,..,..,..,..,0.4085451,..,..,..,..,..,0.5439999999999999,..,..,0.69,..,..,..,0.3333333,..,0.19999999999999998,0.217,..,..,..,0.38383839999999997
DZAcc2004,Algeria,DZA,Middle East & North Africa,Upper middle income,2004,cc,8,-0.8390331,0.1881246,-1.1475574,-0.5305088,30.871509999999997,3.8079300999999997,24.626504699999998,37.116515299999996,..,..,..,..,..,..,0.19999999999999998,0.3690476,..,0,..,..,..,..,0.4900118,..,..,..,..,..,0.5559999999999999,..,..,..,..,..,..,0.25,..,..,0.34299999999999997,..,..,..,0.5050505
