ID variable (economy code/ gov. dimension/ year),Economy (name),Economy (code),Region,Income classification,Year,Governance dimension,Number of sources,Governance estimate (approx. -2.5 to +2.5),Standard error (estimate),Lower threshold (90% conf. int. estimate),Upper threshold (90% conf. int. estimate),Governance score (0-100),Standard error (gov. score),Lower threshold (90% conf. int. score),Upper threshold (90% conf. int. score),ADB mean,AFR mean,ARB mean,ASB mean,ASD mean,BPS mean,BTI mean,CCR mean,EBR mean,EIU mean,EQI mean,EUB mean,FRH mean,GCB mean,GCS mean,GII mean,GWP mean,HER mean,HRM mean,HUM mean,IFD mean,IJT mean,IRP mean,LBO mean,MSI mean,OBI mean,PIA mean,PRS mean,RSF mean,VAB mean,VDM mean,WBS mean,WCY mean,WJP mean,WMO mean
ADOge1996,Andorra,ADO,,,1996,ge,1,0.7592137,0.44396919999999995,0.0311042,1.4873231999999998,66.1026449,8.6325462,51.9452692,80.26002059999999,..,..,..,..,..,..,..,..,..,..,..,..,..,..,..,..,..,..,..,..,..,..,..,..,..,..,..,..,..,..,..,..,..,..,0.75
AFGge1996,Afghanistan,AFG,South Asia,Low income,1996,ge,1,-2.3386312,0.44396919999999995,-3.0667407,-1.6105216999999998,5.8680866,6.1053239,0.0,20.025462299999997,..,..,..,..,..,..,..,..,..,..,..,..,..,..,..,..,..,..,..,..,..,..,..,..,..,..,..,..,..,..,..,..,..,..,0
AGOge1996,Angola,AGO,Sub-Saharan Africa,Lower middle income,1996,ge,3,-0.5703424,0.30123469999999997,-1.0643673,-0.0763175,40.2507295,5.8572134,30.6448994,49.856559499999996,..,..,..,..,..,..,..,..,..,0,..,..,..,..,..,..,..,..,..,..,..,..,..,..,..,..,..,0.75,..,..,..,..,..,..,0.375
ALBge1996,Albania,ALB,Europe & Central Asia,Upper middle income,1996,ge,2,-0.9700687,0.3587892,-1.5584829999999998,-0.3816544,32.478443299999995,6.9763044999999995,21.037303899999998,43.9195827,..,..,..,..,..,..,..,..,..,..,..,..,..,..,..,..,..,..,..,..,..,..,..,..,..,..,..,0.25,..,..,..,..,..,..,0.375
AREge1996,United Arab Emirates,ARE,Middle East & North Africa,High income,1996,ge,3,0.47262119999999996,0.30123469999999997,-0.021403699999999998,0.9666461,60.5301346,5.8572134,50.9243045,70.1359646,..,..,..,..,..,..,..,..,..,0.5,..,..,..,..,..,..,..,..,..,..,..,..,..,..,..,..,..,0.5,..,..,..,..,..,..,0.75
ARGge1996,Argentina,ARG,Latin America & Caribbean,Upper middle income,1996,ge,6,0.19945739999999998,0.25192929999999997,-0.2137067,0.6126214999999999,55.2187322,4.8985189,47.185161199999996,63.2523032,..,..,..,..,..,..,..,..,..,0.75,..,..,..,..,0.4333333,..,..,..,..,..,..,..,..,0.19999999999999998,..,..,..,0.5,..,..,..,..,0.46459999999999996,..,0.5
ARMge1996,Armenia,ARM,Europe & Central Asia,Upper middle income,1996,ge,1,-0.2734013,0.44396919999999995,-1.0015108,0.4547082,46.0244582,8.6325462,31.8670825,60.181833899999994,..,..,..,..,..,..,..,..,..,..,..,..,..,..,..,..,..,..,..,..,..,..,..,..,..,..,..,..,..,..,..,..,..,..,0.5
ATGge1996,Antigua and Barbuda,ATG,Latin America & Caribbean,High income,1996,ge,1,0.7592137,0.44396919999999995,0.0311042,1.4873231999999998,66.1026449,8.6325462,51.9452692,80.26002059999999,..,..,..,..,..,..,..,..,..,..,..,..,..,..,..,..,..,..,..,..,..,..,..,..,..,..,..,..,..,..,..,..,..,..,0.75
AUSge1996,Australia,AUS,East Asia & Pacific,High income,1996,ge,5,1.6011521,0.2527495,1.1866429,2.0156613,82.47331199999999,4.9144666,74.41358679999999,90.5330372,..,..,..,..,..,..,..,..,..,0.75,..,..,..,..,0.6725,..,..,..,..,..,..,..,..,..,..,..,..,1,..,..,..,..,0.5395,..,1
AUTge1996,Austria,AUT,Europe & Central Asia,High income,1996,ge,5,1.7877178,0.2527495,1.3732086,2.2022269999999997,86.1008992,4.9144666,78.041174,94.16062439999999,..,..,..,..,..,..,..,..,..,1,..,..,..,..,0.7483333,..,..,..,..,..,..,..,..,..,..,..,..,1,..,..,..,..,0.5999333,..,0.875
AZEge1996,Azerbaijan,AZE,Europe & Central Asia,Upper middle income,1996,ge,2,-1.3618337999999999,0.3465764,-1.9302191,-0.7934485,24.8609548,6.7388385,13.8092597,35.91265,..,..,..,..,..,..,..,..,..,0,..,..,..,..,..,..,..,..,..,..,..,..,..,..,..,..,..,..,..,..,..,..,..,..,0.25
BDIge1996,Burundi,BDI,Sub-Saharan Africa,Low income,1996,ge,1,-1.8223236999999999,0.44396919999999995,-2.5504332,-1.0942142,15.907179999999999,8.6325462,1.7498042999999999,30.0645557,..,..,..,..,..,..,..,..,..,..,..,..,..,..,..,..,..,..,..,..,..,..,..,..,..,..,..,..,..,..,..,..,..,..,0.125
BELge1996,Belgium,BEL,Europe & Central Asia,High income,1996,ge,5,1.6779564,0.2527495,1.2634471999999999,2.0924655999999997,83.96669639999999,4.9144666,75.9069712,92.0264215,..,..,..,..,..,..,..,..,..,1,..,..,..,..,0.6883332999999999,..,..,..,..,..,..,..,..,..,..,..,..,1,..,..,..,..,0.5550667,..,0.875
BENge1996,Benin,BEN,Sub-Saharan Africa,Lower middle income,1996,ge,1,-0.7897088,0.44396919999999995,-1.5178182999999998,-0.061599299999999996,35.9853648,8.6325462,21.8279891,50.142740499999995,..,..,..,..,..,..,..,..,..,..,..,..,..,..,..,..,..,..,..,..,..,..,..,..,..,..,..,..,..,..,..,..,..,..,0.375
BFAge1996,Burkina Faso,BFA,Sub-Saharan Africa,Low income,1996,ge,2,-0.9700687,0.3587892,-1.5584829999999998,-0.3816544,32.478443299999995,6.9763044999999995,21.037303899999998,43.9195827,..,..,..,..,..,..,..,..,..,..,..,..,..,..,..,..,..,..,..,..,..,..,..,..,..,..,..,0.25,..,..,..,..,..,..,0.375
BGDge1996,Bangladesh,BGD,South Asia,Lower middle income,1996,ge,3,-0.81117,0.30123469999999997,-1.3051949,-0.3171451,35.568072799999996,5.8572134,25.962242699999997,45.1739028,..,..,..,..,..,..,..,..,..,0.25,..,..,..,..,..,..,..,..,..,..,..,..,..,..,..,..,..,0.25,..,..,..,..,..,..,0.375
BGRge1996,Bulgaria,BGR,Europe & Central Asia,High income,1996,ge,3,-0.6031664999999999,0.30123469999999997,-1.0971914,-0.10914159999999999,39.612497,5.8572134,30.006667,49.218327099999996,..,..,..,..,..,..,..,..,..,0,..,..,..,..,..,..,..,..,..,..,..,..,..,..,..,..,..,0.5,..,..,..,..,..,..,0.5
BHRge1996,Bahrain,BHR,Middle East & North Africa,High income,1996,ge,3,0.47262119999999996,0.30123469999999997,-0.021403699999999998,0.9666461,60.5301346,5.8572134,50.9243045,70.1359646,..,..,..,..,..,..,..,..,..,0.5,..,..,..,..,..,..,..,..,..,..,..,..,..,..,..,..,..,0.5,..,..,..,..,..,..,0.75
BHSge1996,"Bahamas, The",BHS,Latin America & Caribbean,High income,1996,ge,2,1.1462335,0.3587892,0.5578192,1.7346477999999999,73.62786559999999,6.9763044999999995,62.186726199999995,85.0690051,..,..,..,..,..,..,..,..,..,..,..,..,..,..,..,..,..,..,..,..,..,..,..,..,..,..,..,0.75,..,..,..,..,..,..,0.875
BIHge1996,Bosnia and Herzegovina,BIH,Europe & Central Asia,Upper middle income,1996,ge,2,-1.3618337999999999,0.3465764,-1.9302191,-0.7934485,24.8609548,6.7388385,13.8092597,35.91265,..,..,..,..,..,..,..,..,..,0,..,..,..,..,..,..,..,..,..,..,..,..,..,..,..,..,..,..,..,..,..,..,..,..,0.25
BLRge1996,Belarus,BLR,Europe & Central Asia,Upper middle income,1996,ge,1,-0.7897088,0.44396919999999995,-1.5178182999999998,-0.061599299999999996,35.9853648,8.6325462,21.8279891,50.142740499999995,..,..,..,..,..,..,..,..,..,..,..,..,..,..,..,..,..,..,..,..,..,..,..,..,..,..,..,..,..,..,..,..,..,..,0.375
BLZge1996,Belize,BLZ,Latin America & Caribbean,Upper middle income,1996,ge,1,-0.2734013,0.44396919999999995,-1.0015108,0.4547082,46.0244582,8.6325462,31.8670825,60.181833899999994,..,..,..,..,..,..,..,..,..,..,..,..,..,..,..,..,..,..,..,..,..,..,..,..,..,..,..,..,..,..,..,..,..,..,0.5
BMUge1996,Bermuda,BMU,North America,High income,1996,ge,1,0.7592137,0.44396919999999995,0.0311042,1.4873231999999998,66.1026449,8.6325462,51.9452692,80.26002059999999,..,..,..,..,..,..,..,..,..,..,..,..,..,..,..,..,..,..,..,..,..,..,..,..,..,..,..,..,..,..,..,..,..,..,0.75
BOLge1996,Bolivia,BOL,Latin America & Caribbean,Lower middle income,1996,ge,4,-0.296272,0.2998489,-0.7880242,0.1954802,45.5797598,5.830267999999999,36.0181202,55.1413994,..,..,..,..,..,..,..,..,..,0.5,..,..,..,..,..,..,..,..,..,..,..,..,..,0.21,..,..,..,0.25,..,..,..,..,..,..,0.5
BRAge1996,Brazil,BRA,Latin America & Caribbean,Upper middle income,1996,ge,6,0.017567299999999998,0.25192929999999997,-0.39559679999999997,0.4307314,51.6820575,4.8985189,43.648486399999996,59.715628499999994,..,..,..,..,..,..,..,..,..,0.25,..,..,..,..,0.3125,..,..,..,..,..,..,..,..,0.24,..,..,..,0.75,..,..,..,..,0.4689,..,0.625
BRBge1996,Barbados,BRB,Latin America & Caribbean,High income,1996,ge,1,0.7592137,0.44396919999999995,0.0311042,1.4873231999999998,66.1026449,8.6325462,51.9452692,80.26002059999999,..,..,..,..,..,..,..,..,..,..,..,..,..,..,..,..,..,..,..,..,..,..,..,..,..,..,..,..,..,..,..,..,..,..,0.75
BRNge1996,Brunei Darussalam,BRN,East Asia & Pacific,High income,1996,ge,2,0.6637232,0.3587892,0.0753089,1.2521375,64.2459257,6.9763044999999995,52.804786299999996,75.6870651,..,..,..,..,..,..,..,..,..,..,..,..,..,..,..,..,..,..,..,..,..,..,..,..,..,..,..,0.875,..,..,..,..,..,..,0.625
BTNge1996,Bhutan,BTN,South Asia,Lower middle income,1996,ge,1,0.2429062,0.44396919999999995,-0.4852033,0.9710156999999999,56.063551499999996,8.6325462,41.9061758,70.22092719999999,..,..,..,..,..,..,..,..,..,..,..,..,..,..,..,..,..,..,..,..,..,..,..,..,..,..,..,..,..,..,..,..,..,..,0.625
BWAge1996,Botswana,BWA,Sub-Saharan Africa,Upper middle income,1996,ge,3,0.2349301,0.30123469999999997,-0.2590948,0.728955,55.908464099999996,5.8572134,46.302634,65.5142941,..,..,..,..,..,..,..,..,..,0.5,..,..,..,..,..,..,..,..,..,..,..,..,..,..,..,..,..,0.5,..,..,..,..,..,..,0.625
CAFge1996,Central African Republic,CAF,Sub-Saharan Africa,Low income,1996,ge,1,-1.3060162,0.44396919999999995,-2.0341256999999997,-0.5779067,25.9462734,8.6325462,11.7888977,40.1036491,..,..,..,..,..,..,..,..,..,..,..,..,..,..,..,..,..,..,..,..,..,..,..,..,..,..,..,..,..,..,..,..,..,..,0.25
CANge1996,Canada,CAN,North America,High income,1996,ge,5,1.7771104,0.2527495,1.3626011999999998,2.1916196,85.89464869999999,4.9144666,77.8349235,93.9543739,..,..,..,..,..,..,..,..,..,1,..,..,..,..,0.7424999999999999,..,..,..,..,..,..,..,..,..,..,..,..,1,..,..,..,..,0.5956332999999999,..,0.875
CHEge1996,Switzerland,CHE,Europe & Central Asia,High income,1996,ge,5,1.8360870999999999,0.2527495,1.4215779,2.2505962999999998,87.04139289999999,4.9144666,78.9816677,95.101118,..,..,..,..,..,..,..,..,..,1,..,..,..,..,0.8383333,..,..,..,..,..,..,..,..,..,..,..,..,1,..,..,..,..,0.5541332999999999,..,0.875
CHLge1996,Chile,CHL,Latin America & Caribbean,High income,1996,ge,6,1.002894,0.25192929999999997,0.5897298999999999,1.4160580999999999,70.8407695,4.8985189,62.8071985,78.8743406,..,..,..,..,..,..,..,..,..,0.75,..,..,..,..,0.3675,..,..,..,..,..,..,..,..,0.5,..,..,..,0.75,..,..,..,..,0.6049667,..,0.875
CHNge1996,China,CHN,East Asia & Pacific,Upper middle income,1996,ge,5,-0.31282889999999997,0.2527495,-0.7273381,0.1016803,45.2578271,4.9144666,37.1981019,53.317552299999996,..,..,..,..,..,..,..,..,..,0.5,..,..,..,..,0.42666669999999995,..,..,..,..,..,..,..,..,..,..,..,..,0.5,..,..,..,..,0.32126669999999996,..,0.375
CIVge1996,Côte d’Ivoire,CIV,Sub-Saharan Africa,Lower middle income,1996,ge,3,0.2677542,0.30123469999999997,-0.2262707,0.7617790999999999,56.546696499999996,5.8572134,46.9408665,66.1525266,..,..,..,..,..,..,..,..,..,0.5,..,..,..,..,..,..,..,..,..,..,..,..,..,..,..,..,..,0.75,..,..,..,..,..,..,0.5
CMRge1996,Cameroon,CMR,Sub-Saharan Africa,Lower middle income,1996,ge,3,-0.8080335,0.30123469999999997,-1.3020584,-0.31400859999999997,35.629059,5.8572134,26.0232289,45.234888999999995,..,..,..,..,..,..,..,..,..,0,..,..,..,..,..,..,..,..,..,..,..,..,..,..,..,..,..,0.75,..,..,..,..,..,..,0.25
CODge1996,"Congo, Dem. Rep.",COD,Sub-Saharan Africa,Low income,1996,ge,2,-1.6444592999999998,0.3587892,-2.2328736,-1.056045,19.365579,6.9763044999999995,7.9244395,30.806718399999998,..,..,..,..,..,..,..,..,..,..,..,..,..,..,..,..,..,..,..,..,..,..,..,..,..,..,..,0.25,..,..,..,..,..,..,0.125
COGge1996,"Congo, Rep.",COG,Sub-Saharan Africa,Lower middle income,1996,ge,2,-1.307264,0.3587892,-1.8956783,-0.7188496999999999,25.9220111,6.9763044999999995,14.4808717,37.3631506,..,..,..,..,..,..,..,..,..,..,..,..,..,..,..,..,..,..,..,..,..,..,..,..,..,..,..,0.25,..,..,..,..,..,..,0.25
COLge1996,Colombia,COL,Latin America & Caribbean,Upper middle income,1996,ge,6,-0.0528413,0.25192929999999997,-0.46600539999999996,0.3603228,50.3130312,4.8985189,42.279460199999995,58.3466023,..,..,..,..,..,..,..,..,..,0.5,..,..,..,..,0.46249999999999997,..,..,..,..,..,..,..,..,0.18,..,..,..,0.75,..,..,..,..,0.37329999999999997,..,0.375
COMge1996,Comoros,COM,Sub-Saharan Africa,Lower middle income,1996,ge,1,-1.8223236999999999,0.44396919999999995,-2.5504332,-1.0942142,15.907179999999999,8.6325462,1.7498042999999999,30.0645557,..,..,..,..,..,..,..,..,..,..,..,..,..,..,..,..,..,..,..,..,..,..,..,..,..,..,..,..,..,..,..,..,..,..,0.125
CRIge1996,Costa Rica,CRI,Latin America & Caribbean,High income,1996,ge,5,-0.0237363,0.27177789999999996,-0.4694521,0.4219795,50.878949399999996,5.2844555,42.212442499999995,59.5454564,..,..,..,..,..,..,..,..,..,0.5,..,..,..,..,0.33999999999999997,..,..,..,..,..,..,..,..,0.18,..,..,..,0.5,..,..,..,..,..,..,0.625
CUBge1996,Cuba,CUB,Latin America & Caribbean,Upper middle income,1996,ge,3,-1.048861,0.30123469999999997,-1.5428859,-0.5548360999999999,30.9464042,5.8572134,21.3405742,40.552234299999995,..,..,..,..,..,..,..,..,..,0.25,..,..,..,..,..,..,..,..,..,..,..,..,..,..,..,..,..,0.25,..,..,..,..,..,..,0.25
CYMge1996,Cayman Islands,CYM,Latin America & Caribbean,High income,1996,ge,1,1.7918285999999999,0.44396919999999995,1.0637191,2.5199381,86.18082969999999,8.529434799999999,72.023454,100.0,..,..,..,..,..,..,..,..,..,..,..,..,..,..,..,..,..,..,..,..,..,..,..,..,..,..,..,..,..,..,..,..,..,..,1
CYPge1996,Cyprus,CYP,Europe & Central Asia,High income,1996,ge,3,1.1785967,0.30123469999999997,0.6845718,1.6726215999999998,74.2571364,5.8572134,64.6513063,83.86296639999999,..,..,..,..,..,..,..,..,..,0.75,..,..,..,..,..,..,..,..,..,..,..,..,..,..,..,..,..,0.875,..,..,..,..,..,..,0.75
CZEge1996,Czechia,CZE,Europe & Central Asia,High income,1996,ge,5,0.6593897,0.2527495,0.2448805,1.0738988999999999,64.161665,4.9144666,56.1019399,72.2213902,..,..,..,..,..,..,..,..,..,0.5,..,..,..,..,0.5416667,..,..,..,..,..,..,..,..,..,..,..,..,0.75,..,..,..,..,0.4747667,..,0.75
DEUge1996,Germany,DEU,Europe & Central Asia,High income,1996,ge,5,1.778071,0.2527495,1.3635618,2.1925802,85.91332659999999,4.9144666,77.8536015,93.9730518,..,..,..,..,..,..,..,..,..,1,..,..,..,..,0.7983332999999999,..,..,..,..,..,..,..,..,..,..,..,..,1,..,..,..,..,0.5389667,..,0.875
DJIge1996,Djibouti,DJI,Middle East & North Africa,Lower middle income,1996,ge,1,-1.3060162,0.44396919999999995,-2.0341256999999997,-0.5779067,25.9462734,8.6325462,11.7888977,40.1036491,..,..,..,..,..,..,..,..,..,..,..,..,..,..,..,..,..,..,..,..,..,..,..,..,..,..,..,..,..,..,..,..,..,..,0.25
DMAge1996,Dominica,DMA,Latin America & Caribbean,Upper middle income,1996,ge,1,0.7592137,0.44396919999999995,0.0311042,1.4873231999999998,66.1026449,8.6325462,51.9452692,80.26002059999999,..,..,..,..,..,..,..,..,..,..,..,..,..,..,..,..,..,..,..,..,..,..,..,..,..,..,..,..,..,..,..,..,..,..,0.75
DNKge1996,Denmark,DNK,Europe & Central Asia,High income,1996,ge,5,1.7792325,0.2527495,1.3647232999999999,2.1937417,85.9359109,4.9144666,77.8761857,93.9956361,..,..,..,..,..,..,..,..,..,1,..,..,..,..,0.6908333,..,..,..,..,..,..,..,..,..,..,..,..,1,..,..,..,..,0.651,..,0.875
DOMge1996,Dominican Republic,DOM,Latin America & Caribbean,Upper middle income,1996,ge,3,-0.3029637,0.30123469999999997,-0.7969885999999999,0.1910612,45.4496463,5.8572134,35.8438162,55.055476299999995,..,..,..,..,..,..,..,..,..,0.25,..,..,..,..,..,..,..,..,..,..,..,..,..,..,..,..,..,0.5,..,..,..,..,..,..,0.5
DZAge1996,Algeria,DZA,Middle East & North Africa,Upper middle income,1996,ge,3,-0.7486581999999999,0.30123469999999997,-1.2426831,-0.2546333,36.7835535,5.8572134,27.177723399999998,46.3893835,..,..,..,..,..,..,..,..,..,0.5,..,..,..,..,..,..,..,..,..,..,..,..,..,..,..,..,..,0.25,..,..,..,..,..,..,0.25
ECUge1996,Ecuador,ECU,Latin America & Caribbean,Upper middle income,1996,ge,4,-0.8312202,0.2998489,-1.3229724,-0.339468,35.178216299999995,5.830267999999999,25.6165767,44.739855899999995,..,..,..,..,..,..,..,..,..,0,..,..,..,..,..,..,..,..,..,..,..,..,..,0.35,..,..,..,0.5,..,..,..,..,..,..,0.375
EGYge1996,"Egypt, Arab Rep.",EGY,Middle East & North Africa,Lower middle income,1996,ge,4,0.0724351,0.2728086,-0.374971,0.5198412,52.748908099999994,5.3044958,44.0495349,61.4482812,..,..,..,..,..,..,..,..,..,0.5,..,..,..,..,0.7125,..,..,..,..,..,..,..,..,..,..,..,..,0.5,..,..,..,..,..,..,0.375
ERIge1996,Eritrea,ERI,Sub-Saharan Africa,Low income,1996,ge,1,-1.3060162,0.44396919999999995,-2.0341256999999997,-0.5779067,25.9462734,8.6325462,11.7888977,40.1036491,..,..,..,..,..,..,..,..,..,..,..,..,..,..,..,..,..,..,..,..,..,..,..,..,..,..,..,..,..,..,..,..,..,..,0.25
ESPge1996,Spain,ESP,Europe & Central Asia,High income,1996,ge,5,1.3661955,0.2527495,0.9516863,1.7807047,77.9048112,4.9144666,69.845086,85.9645364,..,..,..,..,..,..,..,..,..,1,..,..,..,..,0.5441667,..,..,..,..,..,..,..,..,..,..,..,..,0.875,..,..,..,..,0.49316669999999996,..,0.875
ESTge1996,Estonia,EST,Europe & Central Asia,High income,1996,ge,2,0.37681139999999996,0.3465764,-0.1915739,0.9451967,58.6672069,6.7388385,47.6155118,69.7189021,..,..,..,..,..,..,..,..,..,0.5,..,..,..,..,..,..,..,..,..,..,..,..,..,..,..,..,..,..,..,..,..,..,..,..,0.625
ETHge1996,Ethiopia,ETH,Sub-Saharan Africa,,1996,ge,3,-1.3490638,0.30123469999999997,-1.8430887,-0.8550388999999999,25.109254999999997,5.8572134,15.503424899999999,34.715085,..,..,..,..,..,..,..,..,..,0,..,..,..,..,..,..,..,..,..,..,..,..,..,..,..,..,..,0.25,..,..,..,..,..,..,0.25
FINge1996,Finland,FIN,Europe & Central Asia,High income,1996,ge,5,1.6663302999999998,0.2527495,1.2518211,2.0808394999999997,83.74063819999999,4.9144666,75.6809131,91.8003634,..,..,..,..,..,..,..,..,..,1,..,..,..,..,0.7266667,..,..,..,..,..,..,..,..,..,..,..,..,0.875,..,..,..,..,0.5968333,..,0.875
FJIge1996,Fiji,FJI,East Asia & Pacific,Upper middle income,1996,ge,1,0.2429062,0.44396919999999995,-0.4852033,0.9710156999999999,56.063551499999996,8.6325462,41.9061758,70.22092719999999,..,..,..,..,..,..,..,..,..,..,..,..,..,..,..,..,..,..,..,..,..,..,..,..,..,..,..,..,..,..,..,..,..,..,0.625
FRAge1996,France,FRA,Europe & Central Asia,High income,1996,ge,5,1.5259154,0.2527495,1.1114062,1.9404245999999998,81.01040809999999,4.9144666,72.95068289999999,89.0701333,..,..,..,..,..,..,..,..,..,1,..,..,..,..,0.7925,..,..,..,..,..,..,..,..,..,..,..,..,0.875,..,..,..,..,0.5550999999999999,..,0.75
GABge1996,Gabon,GAB,Sub-Saharan Africa,Upper middle income,1996,ge,3,-0.3326513,0.30123469999999997,-0.8266762,0.1613736,44.8724,5.8572134,35.2665699,54.478229999999996,..,..,..,..,..,..,..,..,..,0,..,..,..,..,..,..,..,..,..,..,..,..,..,..,..,..,..,0.75,..,..,..,..,..,..,0.5
GBRge1996,United Kingdom,GBR,Europe & Central Asia,High income,1996,ge,5,1.6594734999999998,0.2527495,1.2449643,2.0739826999999997,83.6073145,4.9144666,75.5475893,91.66703969999999,..,..,..,..,..,..,..,..,..,1,..,..,..,..,0.49,..,..,..,..,..,..,..,..,..,..,..,..,1,..,..,..,..,0.5789333,..,1
GEOge1996,Georgia,GEO,Europe & Central Asia,Upper middle income,1996,ge,1,-1.3060162,0.44396919999999995,-2.0341256999999997,-0.5779067,25.9462734,8.6325462,11.7888977,40.1036491,..,..,..,..,..,..,..,..,..,..,..,..,..,..,..,..,..,..,..,..,..,..,..,..,..,..,..,..,..,..,..,..,..,..,0.25
GHAge1996,Ghana,GHA,Sub-Saharan Africa,Lower middle income,1996,ge,3,-0.0324486,0.30123469999999997,-0.5264734999999999,0.4615763,50.7095473,5.8572134,41.1037172,60.315377299999994,..,..,..,..,..,..,..,..,..,0.25,..,..,..,..,..,..,..,..,..,..,..,..,..,..,..,..,..,0.75,..,..,..,..,..,..,0.5
GINge1996,Guinea,GIN,Sub-Saharan Africa,Lower middle income,1996,ge,2,-1.307264,0.3587892,-1.8956783,-0.7188496999999999,25.9220111,6.9763044999999995,14.4808717,37.3631506,..,..,..,..,..,..,..,..,..,..,..,..,..,..,..,..,..,..,..,..,..,..,..,..,..,..,..,0.25,..,..,..,..,..,..,0.25
GMBge1996,"Gambia, The",GMB,Sub-Saharan Africa,Low income,1996,ge,2,-0.5863082,0.3587892,-1.1747225,0.0021061,39.9402901,6.9763044999999995,28.499150699999998,51.3814296,..,..,..,..,..,..,..,..,..,..,..,..,..,..,..,..,..,..,..,..,..,..,..,..,..,..,..,0.5,..,..,..,..,..,..,0.375
GNBge1996,Guinea-Bissau,GNB,Sub-Saharan Africa,Low income,1996,ge,2,-1.307264,0.3587892,-1.8956783,-0.7188496999999999,25.9220111,6.9763044999999995,14.4808717,37.3631506,..,..,..,..,..,..,..,..,..,..,..,..,..,..,..,..,..,..,..,..,..,..,..,..,..,..,..,0.25,..,..,..,..,..,..,0.25
GNQge1996,Equatorial Guinea,GNQ,Sub-Saharan Africa,Upper middle income,1996,ge,2,-1.3618337999999999,0.3465764,-1.9302191,-0.7934485,24.8609548,6.7388385,13.8092597,35.91265,..,..,..,..,..,..,..,..,..,0,..,..,..,..,..,..,..,..,..,..,..,..,..,..,..,..,..,..,..,..,..,..,..,..,0.25
GRCge1996,Greece,GRC,Europe & Central Asia,High income,1996,ge,5,0.5079684,0.2527495,0.09345919999999999,0.9224776,61.2174263,4.9144666,53.1577011,69.2771514,..,..,..,..,..,..,..,..,..,0.75,..,..,..,..,0.3933333,..,..,..,..,..,..,..,..,..,..,..,..,0.75,..,..,..,..,0.4377,..,0.625
GRDge1996,Grenada,GRD,Latin America & Caribbean,Upper middle income,1996,ge,1,0.7592137,0.44396919999999995,0.0311042,1.4873231999999998,66.1026449,8.6325462,51.9452692,80.26002059999999,..,..,..,..,..,..,..,..,..,..,..,..,..,..,..,..,..,..,..,..,..,..,..,..,..,..,..,..,..,..,..,..,..,..,0.75
GTMge1996,Guatemala,GTM,Latin America & Caribbean,Upper middle income,1996,ge,5,-0.9449991999999999,0.27177789999999996,-1.390715,-0.4992834,32.9658951,5.2844555,24.2993882,41.6324021,..,..,..,..,..,..,..,..,..,0.25,..,..,..,..,0.26999999999999996,..,..,..,..,..,..,..,..,0.27999999999999997,..,..,..,0.25,..,..,..,..,..,..,0.375
GUFge1996,French Guiana,GUF,,,1996,ge,1,0.7592137,0.44396919999999995,0.0311042,1.4873231999999998,66.1026449,8.6325462,51.9452692,80.26002059999999,..,..,..,..,..,..,..,..,..,..,..,..,..,..,..,..,..,..,..,..,..,..,..,..,..,..,..,..,..,..,..,..,..,..,0.75
GUYge1996,Guyana,GUY,Latin America & Caribbean,High income,1996,ge,2,-0.2491129,0.3587892,-0.8375271999999999,0.3393014,46.496722299999995,6.9763044999999995,35.0555829,57.9378617,..,..,..,..,..,..,..,..,..,..,..,..,..,..,..,..,..,..,..,..,..,..,..,..,..,..,..,0.5,..,..,..,..,..,..,0.5
HKGge1996,"Hong Kong SAR, China",HKG,East Asia & Pacific,High income,1996,ge,5,1.5961231999999999,0.2527495,1.181614,2.0106324,82.37553,4.9144666,74.3158048,90.4352552,..,..,..,..,..,..,..,..,..,0.75,..,..,..,..,0.7366667,..,..,..,..,..,..,..,..,..,..,..,..,0.875,..,..,..,..,0.7238,..,0.875
HNDge1996,Honduras,HND,Latin America & Caribbean,Lower middle income,1996,ge,5,-1.1801635,0.27177789999999996,-1.6258793,-0.7344476999999999,28.3933558,5.2844554,19.7268489,37.0598627,..,..,..,..,..,..,..,..,..,0,..,..,..,..,0.27749999999999997,..,..,..,..,..,..,..,..,0.27999999999999997,..,..,..,0.25,..,..,..,..,..,..,0.375
HRVge1996,Croatia,HRV,Europe & Central Asia,High income,1996,ge,2,-0.335196,0.3465764,-0.9035812999999999,0.2331893,44.8229208,6.7388385,33.7712256,55.874615899999995,..,..,..,..,..,..,..,..,..,0.25,..,..,..,..,..,..,..,..,..,..,..,..,..,..,..,..,..,..,..,..,..,..,..,..,0.5
HTIge1996,Haiti,HTI,Latin America & Caribbean,Lower middle income,1996,ge,2,-1.3538291999999998,0.3587892,-1.9422435,-0.7654149,25.016596399999997,6.9763044999999995,13.575457,36.457735899999996,..,..,..,..,..,..,..,..,..,..,..,..,..,..,..,..,..,..,..,..,..,..,..,..,..,..,..,0,..,..,..,..,..,..,0.375
HUNge1996,Hungary,HUN,Europe & Central Asia,High income,1996,ge,5,0.8135893,0.2527495,0.3990801,1.2280985,67.1599252,4.9144666,59.100199999999994,75.2196503,..,..,..,..,..,..,..,..,..,0.5,..,..,..,..,0.5533333,..,..,..,..,..,..,..,..,..,..,..,..,0.875,..,..,..,..,0.5201,..,0.75
IDNge1996,Indonesia,IDN,East Asia & Pacific,Upper middle income,1996,ge,5,-0.2559615,0.2527495,-0.6704707,0.15854769999999999,46.363558,4.9144666,38.303832799999995,54.4232832,..,..,..,..,..,..,..,..,..,0.5,..,..,..,..,0.4766667,..,..,..,..,..,..,..,..,..,..,..,..,0.5,..,..,..,..,0.4877667,..,0.25
INDge1996,India,IND,South Asia,Lower middle income,1996,ge,5,-0.2447752,0.2527495,-0.6592844,0.169734,46.5810646,4.9144666,38.521339399999995,54.6407898,..,..,..,..,..,..,..,..,..,0.25,..,..,..,..,0.4275,..,..,..,..,..,..,..,..,..,..,..,..,0.75,..,..,..,..,0.4069333,..,0.375
IRLge1996,Ireland,IRL,Europe & Central Asia,High income,1996,ge,5,1.4635692,0.2527495,1.0490599999999999,1.8780784,79.79814739999999,4.9144666,71.7384222,87.8578725,..,..,..,..,..,..,..,..,..,0.75,..,..,..,..,0.6558333,..,..,..,..,..,..,..,..,..,..,..,..,1,..,..,..,..,0.5856333,..,0.875
IRNge1996,"Iran, Islamic Rep.",IRN,Middle East & North Africa,Upper middle income,1996,ge,3,-0.2701396,0.30123469999999997,-0.7641644999999999,0.22388529999999998,46.0878787,5.8572134,36.4820487,55.693708799999996,..,..,..,..,..,..,..,..,..,0.25,..,..,..,..,..,..,..,..,..,..,..,..,..,..,..,..,..,0.75,..,..,..,..,..,..,0.375
IRQge1996,Iraq,IRQ,Middle East & North Africa,Upper middle income,1996,ge,3,-1.8244459,0.30123469999999997,-2.3184708,-1.3304209999999999,15.8659159,5.8572134,6.2600859,25.471746,..,..,..,..,..,..,..,..,..,0,..,..,..,..,..,..,..,..,..,..,..,..,..,..,..,..,..,0.25,..,..,..,..,..,..,0
ISLge1996,Iceland,ISL,Europe & Central Asia,High income,1996,ge,4,1.2973276,0.2839605,0.8316323999999999,1.7630228,76.56574239999999,5.5213334,67.5107556,85.62072909999999,..,..,..,..,..,..,..,..,..,..,..,..,..,..,0.3958333,..,..,..,..,..,..,..,..,..,..,..,..,1,..,..,..,..,0.5911666999999999,..,1
ISRge1996,Israel,ISR,Middle East & North Africa,High income,1996,ge,5,1.3619807,0.2527495,0.9474714999999999,1.7764898999999998,77.8228585,4.9144666,69.76313329999999,85.8825837,..,..,..,..,..,..,..,..,..,1,..,..,..,..,0.6,..,..,..,..,..,..,..,..,..,..,..,..,0.875,..,..,..,..,0.5942333,..,0.75
ITAge1996,Italy,ITA,Europe & Central Asia,High income,1996,ge,5,0.7278188,0.2527495,0.31330959999999997,1.142328,65.4922018,4.9144666,57.432476699999995,73.55192699999999,..,..,..,..,..,..,..,..,..,0.75,..,..,..,..,0.38999999999999996,..,..,..,..,..,..,..,..,..,..,..,..,0.875,..,..,..,..,0.39959999999999996,..,0.75
JAMge1996,Jamaica,JAM,Latin America & Caribbean,Upper middle income,1996,ge,3,-0.0324486,0.30123469999999997,-0.5264734999999999,0.4615763,50.7095473,5.8572134,41.1037172,60.315377299999994,..,..,..,..,..,..,..,..,..,0.25,..,..,..,..,..,..,..,..,..,..,..,..,..,..,..,..,..,0.75,..,..,..,..,..,..,0.5
JORge1996,Jordan,JOR,Middle East & North Africa,Lower middle income,1996,ge,4,0.2009393,0.2728086,-0.24646679999999999,0.6483454,55.247546299999996,5.3044959,46.5481731,63.9469195,..,..,..,..,..,..,..,..,..,0.5,..,..,..,..,0.4791667,..,..,..,..,..,..,..,..,..,..,..,..,0.75,..,..,..,..,..,..,0.5
JPNge1996,Japan,JPN,East Asia & Pacific,High income,1996,ge,5,1.1249251999999998,0.2527495,0.7104159999999999,1.5394344,73.2135466,4.9144666,65.1538214,81.2732718,..,..,..,..,..,..,..,..,..,0.75,..,..,..,..,0.7333333,..,..,..,..,..,..,..,..,..,..,..,..,0.875,..,..,..,..,0.43166669999999996,..,0.75
KAZge1996,Kazakhstan,KAZ,Europe & Central Asia,Upper middle income,1996,ge,2,-1.3618337999999999,0.3465764,-1.9302191,-0.7934485,24.8609548,6.7388385,13.8092597,35.91265,..,..,..,..,..,..,..,..,..,0,..,..,..,..,..,..,..,..,..,..,..,..,..,..,..,..,..,..,..,..,..,..,..,..,0.25
KENge1996,Kenya,KEN,Sub-Saharan Africa,Lower middle income,1996,ge,3,-0.2701396,0.30123469999999997,-0.7641644999999999,0.22388529999999998,46.0878787,5.8572134,36.4820487,55.693708799999996,..,..,..,..,..,..,..,..,..,0.25,..,..,..,..,..,..,..,..,..,..,..,..,..,..,..,..,..,0.75,..,..,..,..,..,..,0.375
KGZge1996,Kyrgyz Republic,KGZ,Europe & Central Asia,Lower middle income,1996,ge,1,-0.2734013,0.44396919999999995,-1.0015108,0.4547082,46.0244582,8.6325462,31.8670825,60.181833899999994,..,..,..,..,..,..,..,..,..,..,..,..,..,..,..,..,..,..,..,..,..,..,..,..,..,..,..,..,..,..,..,..,..,..,0.5
KHMge1996,Cambodia,KHM,East Asia & Pacific,Lower middle income,1996,ge,2,-1.0472033,0.3465764,-1.6155886,-0.47881799999999997,30.978636599999998,6.7388385,19.9269414,42.0303317,..,..,..,..,..,..,..,..,..,0,..,..,..,..,..,..,..,..,..,..,..,..,..,..,..,..,..,..,..,..,..,..,..,..,0.375
KORge1996,"Korea, Rep.",KOR,East Asia & Pacific,High income,1996,ge,5,0.6958006999999999,0.2527495,0.28129149999999997,1.1103098999999998,64.8696413,4.9144666,56.809916099999995,72.92936639999999,..,..,..,..,..,..,..,..,..,0.75,..,..,..,..,0.4791667,..,..,..,..,..,..,..,..,..,..,..,..,0.875,..,..,..,..,0.4392333,..,0.625
KWTge1996,Kuwait,KWT,Middle East & North Africa,High income,1996,ge,3,-0.002761,0.30123469999999997,-0.4967859,0.4912639,51.286793599999996,5.8572134,41.6809635,60.8926236,..,..,..,..,..,..,..,..,..,0.5,..,..,..,..,..,..,..,..,..,..,..,..,..,..,..,..,..,0.5,..,..,..,..,..,..,0.5
LAOge1996,Lao PDR,LAO,East Asia & Pacific,Lower middle income,1996,ge,1,-0.7897088,0.44396919999999995,-1.5178182999999998,-0.061599299999999996,35.9853648,8.6325462,21.8279891,50.142740499999995,..,..,..,..,..,..,..,..,..,..,..,..,..,..,..,..,..,..,..,..,..,..,..,..,..,..,..,..,..,..,..,..,..,..,0.375
LBNge1996,Lebanon,LBN,Middle East & North Africa,Lower middle income,1996,ge,3,-0.27327609999999997,0.30123469999999997,-0.767301,0.2207488,46.0268926,5.8572134,36.4210625,55.6327226,..,..,..,..,..,..,..,..,..,0.5,..,..,..,..,..,..,..,..,..,..,..,..,..,..,..,..,..,0.25,..,..,..,..,..,..,0.5
LBRge1996,Liberia,LBR,Sub-Saharan Africa,Low income,1996,ge,2,-2.0282198,0.3587892,-2.6166340999999997,-1.4398054999999998,11.9037321,6.9763044999999995,0.46259269999999997,23.3448715,..,..,..,..,..,..,..,..,..,..,..,..,..,..,..,..,..,..,..,..,..,..,..,..,..,..,..,0,..,..,..,..,..,..,0.125
LBYge1996,Libya,LBY,Middle East & North Africa,Upper middle income,1996,ge,3,-1.0785486,0.30123469999999997,-1.5725734999999998,-0.5845237,30.369157899999998,5.8572134,20.7633279,39.974987999999996,..,..,..,..,..,..,..,..,..,0,..,..,..,..,..,..,..,..,..,..,..,..,..,..,..,..,..,0.5,..,..,..,..,..,..,0.25
LIEge1996,Liechtenstein,LIE,Europe & Central Asia,High income,1996,ge,1,1.2755211,0.44396919999999995,0.5474116,2.0036305999999997,76.14173629999999,8.6325462,61.984360599999995,90.299112,..,..,..,..,..,..,..,..,..,..,..,..,..,..,..,..,..,..,..,..,..,..,..,..,..,..,..,..,..,..,..,..,..,..,0.875
LKAge1996,Sri Lanka,LKA,South Asia,Lower middle income,1996,ge,3,-0.3029637,0.30123469999999997,-0.7969885999999999,0.1910612,45.4496463,5.8572134,35.8438162,55.055476299999995,..,..,..,..,..,..,..,..,..,0.25,..,..,..,..,..,..,..,..,..,..,..,..,..,..,..,..,..,0.5,..,..,..,..,..,..,0.5
LSOge1996,Lesotho,LSO,Sub-Saharan Africa,Lower middle income,1996,ge,1,0.2429062,0.44396919999999995,-0.4852033,0.9710156999999999,56.063551499999996,8.6325462,41.9061758,70.22092719999999,..,..,..,..,..,..,..,..,..,..,..,..,..,..,..,..,..,..,..,..,..,..,..,..,..,..,..,..,..,..,..,..,..,..,0.625
LTUge1996,Lithuania,LTU,Europe & Central Asia,High income,1996,ge,2,-0.0205655,0.3465764,-0.5889508,0.5478198,50.9406025,6.7388385,39.8889074,61.992297699999995,..,..,..,..,..,..,..,..,..,0.25,..,..,..,..,..,..,..,..,..,..,..,..,..,..,..,..,..,..,..,..,..,..,..,..,0.625
LUXge1996,Luxembourg,LUX,Europe & Central Asia,High income,1996,ge,4,1.8145116,0.2839605,1.3488164,2.2802067999999998,86.6218784,5.5213334,77.56689159999999,95.6768652,..,..,..,..,..,..,..,..,..,..,..,..,..,..,0.7083332999999999,..,..,..,..,..,..,..,..,..,..,..,..,1,..,..,..,..,0.6673333,..,1
LVAge1996,Latvia,LVA,Europe & Central Asia,High income,1996,ge,2,-0.4179424,0.3465764,-0.9863276999999999,0.1504429,43.2139981,6.7388385,32.162303,54.265693299999995,..,..,..,..,..,..,..,..,..,0,..,..,..,..,..,..,..,..,..,..,..,..,..,..,..,..,..,..,..,..,..,..,..,..,0.625
MACge1996,"Macao SAR, China",MAC,East Asia & Pacific,High income,1996,ge,1,0.2429062,0.44396919999999995,-0.4852033,0.9710156999999999,56.063551499999996,8.6325462,41.9061758,70.22092719999999,..,..,..,..,..,..,..,..,..,..,..,..,..,..,..,..,..,..,..,..,..,..,..,..,..,..,..,..,..,..,..,..,..,..,0.625
MARge1996,Morocco,MAR,Middle East & North Africa,Lower middle income,1996,ge,3,-0.002761,0.30123469999999997,-0.4967859,0.4912639,51.286793599999996,5.8572134,41.6809635,60.8926236,..,..,..,..,..,..,..,..,..,0.5,..,..,..,..,..,..,..,..,..,..,..,..,..,..,..,..,..,0.5,..,..,..,..,..,..,0.5
MDAge1996,Moldova,MDA,Europe & Central Asia,Upper middle income,1996,ge,2,-0.7325729,0.3465764,-1.3009582,-0.1641876,37.0963164,6.7388385,26.044621199999998,48.148011499999996,..,..,..,..,..,..,..,..,..,0,..,..,..,..,..,..,..,..,..,..,..,..,..,..,..,..,..,..,..,..,..,..,..,..,0.5
MDGge1996,Madagascar,MDG,Sub-Saharan Africa,Low income,1996,ge,2,-0.9700687,0.3587892,-1.5584829999999998,-0.3816544,32.478443299999995,6.9763044999999995,21.037303899999998,43.9195827,..,..,..,..,..,..,..,..,..,..,..,..,..,..,..,..,..,..,..,..,..,..,..,..,..,..,..,0.25,..,..,..,..,..,..,0.375
MDVge1996,Maldives,MDV,South Asia,Upper middle income,1996,ge,1,0.7592137,0.44396919999999995,0.0311042,1.4873231999999998,66.1026449,8.6325462,51.9452692,80.26002059999999,..,..,..,..,..,..,..,..,..,..,..,..,..,..,..,..,..,..,..,..,..,..,..,..,..,..,..,..,..,..,..,..,..,..,0.75
MEXge1996,Mexico,MEX,Latin America & Caribbean,Upper middle income,1996,ge,6,-0.4136033,0.25192929999999997,-0.8267673999999999,-0.0004392,43.2983677,4.8985189,35.2647966,51.331938699999995,..,..,..,..,..,..,..,..,..,0.25,..,..,..,..,0.3266667,..,..,..,..,..,..,..,..,0.16999999999999998,..,..,..,0.5,..,..,..,..,0.38963329999999996,..,0.5
MKDge1996,North Macedonia,MKD,Europe & Central Asia,Upper middle income,1996,ge,2,-0.6498263999999999,0.3465764,-1.2182117,-0.0814411,38.705241,6.7388385,27.6535458,49.7569361,..,..,..,..,..,..,..,..,..,0.25,..,..,..,..,..,..,..,..,..,..,..,..,..,..,..,..,..,..,..,..,..,..,..,..,0.375
MLIge1996,Mali,MLI,Sub-Saharan Africa,Low income,1996,ge,2,-1.3538291999999998,0.3587892,-1.9422435,-0.7654149,25.016596399999997,6.9763044999999995,13.575457,36.457735899999996,..,..,..,..,..,..,..,..,..,..,..,..,..,..,..,..,..,..,..,..,..,..,..,..,..,..,..,0,..,..,..,..,..,..,0.375
MLTge1996,Malta,MLT,Middle East & North Africa,High income,1996,ge,2,1.0009185,0.3587892,0.4125042,1.5893328,70.80235789999999,6.9763044999999995,59.3612184,82.2434973,..,..,..,..,..,..,..,..,..,..,..,..,..,..,..,..,..,..,..,..,..,..,..,..,..,..,..,0.875,..,..,..,..,..,..,0.75
MMRge1996,Myanmar,MMR,East Asia & Pacific,Lower middle income,1996,ge,3,-1.3490638,0.30123469999999997,-1.8430887,-0.8550388999999999,25.109254999999997,5.8572134,15.503424899999999,34.715085,..,..,..,..,..,..,..,..,..,0,..,..,..,..,..,..,..,..,..,..,..,..,..,..,..,..,..,0.25,..,..,..,..,..,..,0.25
MNGge1996,Mongolia,MNG,East Asia & Pacific,Upper middle income,1996,ge,2,-0.5863082,0.3587892,-1.1747225,0.0021061,39.9402901,6.9763044999999995,28.499150699999998,51.3814296,..,..,..,..,..,..,..,..,..,..,..,..,..,..,..,..,..,..,..,..,..,..,..,..,..,..,..,0.5,..,..,..,..,..,..,0.375
MOZge1996,Mozambique,MOZ,Sub-Saharan Africa,Low income,1996,ge,3,-0.0652727,0.30123469999999997,-0.5592976,0.42875219999999997,50.071314799999996,5.8572134,40.4654848,59.677144899999995,..,..,..,..,..,..,..,..,..,0.25,..,..,..,..,..,..,..,..,..,..,..,..,..,..,..,..,..,0.5,..,..,..,..,..,..,0.625
MRTge1996,Mauritania,MRT,Sub-Saharan Africa,Lower middle income,1996,ge,1,-0.2734013,0.44396919999999995,-1.0015108,0.4547082,46.0244582,8.6325462,31.8670825,60.181833899999994,..,..,..,..,..,..,..,..,..,..,..,..,..,..,..,..,..,..,..,..,..,..,..,..,..,..,..,..,..,..,..,..,..,..,0.5
MTQge1996,Martinique,MTQ,,,1996,ge,1,0.7592137,0.44396919999999995,0.0311042,1.4873231999999998,66.1026449,8.6325462,51.9452692,80.26002059999999,..,..,..,..,..,..,..,..,..,..,..,..,..,..,..,..,..,..,..,..,..,..,..,..,..,..,..,..,..,..,..,..,..,..,0.75
MUSge1996,Mauritius,MUS,Sub-Saharan Africa,Upper middle income,1996,ge,1,0.4731933,0.49107649999999997,-0.3321722,1.2785587999999999,60.5412585,9.5485018,44.8817156,76.2008014,..,..,..,..,..,..,..,..,..,0.5,..,..,..,..,..,..,..,..,..,..,..,..,..,..,..,..,..,..,..,..,..,..,..,..,..
MWIge1996,Malawi,MWI,Sub-Saharan Africa,Low income,1996,ge,3,-0.8736817,0.30123469999999997,-1.3677066,-0.37965679999999996,34.352593999999996,5.8572134,24.746764,43.958424099999995,..,..,..,..,..,..,..,..,..,0,..,..,..,..,..,..,..,..,..,..,..,..,..,..,..,..,..,0.25,..,..,..,..,..,..,0.5
MYSge1996,Malaysia,MYS,East Asia & Pacific,Upper middle income,1996,ge,5,0.7731110999999999,0.2527495,0.3586019,1.1876202999999999,66.37286619999999,4.9144666,58.313140999999995,74.43259139999999,..,..,..,..,..,..,..,..,..,0.5,..,..,..,..,0.6033333,..,..,..,..,..,..,..,..,..,..,..,..,0.75,..,..,..,..,0.6845333,..,0.625
NAMge1996,Namibia,NAM,Sub-Saharan Africa,Lower middle income,1996,ge,3,0.8783939,0.30123469999999997,0.38436899999999996,1.3724188,68.4199871,5.8572134,58.814157099999996,78.0258171,..,..,..,..,..,..,..,..,..,0.5,..,..,..,..,..,..,..,..,..,..,..,..,..,..,..,..,..,0.875,..,..,..,..,..,..,0.75
NERge1996,Niger,NER,Sub-Saharan Africa,Low income,1996,ge,2,-1.307264,0.3587892,-1.8956783,-0.7188496999999999,25.9220111,6.9763044999999995,14.4808717,37.3631506,..,..,..,..,..,..,..,..,..,..,..,..,..,..,..,..,..,..,..,..,..,..,..,..,..,..,..,0.25,..,..,..,..,..,..,0.25
NGAge1996,Nigeria,NGA,Sub-Saharan Africa,Lower middle income,1996,ge,3,-1.0785486,0.30123469999999997,-1.5725734999999998,-0.5845237,30.369157899999998,5.8572134,20.7633279,39.974987999999996,..,..,..,..,..,..,..,..,..,0,..,..,..,..,..,..,..,..,..,..,..,..,..,..,..,..,..,0.5,..,..,..,..,..,..,0.25
NICge1996,Nicaragua,NIC,Latin America & Caribbean,Lower middle income,1996,ge,5,-1.2089067999999998,0.27177789999999996,-1.6546226,-0.763191,27.8344705,5.2844554,19.1679636,36.5009774,..,..,..,..,..,..,..,..,..,0,..,..,..,..,0.2475,..,..,..,..,..,..,..,..,0.32999999999999996,..,..,..,0.25,..,..,..,..,..,..,0.375
NLDge1996,Netherlands,NLD,Europe & Central Asia,High income,1996,ge,5,1.9299902999999998,0.2527495,1.5154811,2.3444995,88.8672486,4.9144666,80.8075234,96.92697369999999,..,..,..,..,..,..,..,..,..,1,..,..,..,..,0.7016667,..,..,..,..,..,..,..,..,..,..,..,..,1,..,..,..,..,0.6236999999999999,..,1
NORge1996,Norway,NOR,Europe & Central Asia,High income,1996,ge,5,1.8969616999999999,0.2527495,1.4824525,2.3114708999999998,88.22503979999999,4.9144666,80.1653146,96.284765,..,..,..,..,..,..,..,..,..,1,..,..,..,..,0.625,..,..,..,..,..,..,..,..,..,..,..,..,1,..,..,..,..,0.6706667,..,1
NPLge1996,Nepal,NPL,South Asia,Lower middle income,1996,ge,1,-0.7897088,0.44396919999999995,-1.5178182999999998,-0.061599299999999996,35.9853648,8.6325462,21.8279891,50.142740499999995,..,..,..,..,..,..,..,..,..,..,..,..,..,..,..,..,..,..,..,..,..,..,..,..,..,..,..,..,..,..,..,..,..,..,0.375
NZLge1996,New Zealand,NZL,East Asia & Pacific,High income,1996,ge,5,1.9844191,0.2527495,1.5699098999999999,2.3989282999999997,89.9255632,4.9144666,81.86583809999999,97.9852884,..,..,..,..,..,..,..,..,..,1,..,..,..,..,0.6325,..,..,..,..,..,..,..,..,..,..,..,..,1,..,..,..,..,0.748,..,1
OMNge1996,Oman,OMN,Middle East & North Africa,High income,1996,ge,3,0.2677542,0.30123469999999997,-0.2262707,0.7617790999999999,56.546696499999996,5.8572134,46.9408665,66.1525266,..,..,..,..,..,..,..,..,..,0.5,..,..,..,..,..,..,..,..,..,..,..,..,..,..,..,..,..,0.75,..,..,..,..,..,..,0.5
PAKge1996,Pakistan,PAK,South Asia,Lower middle income,1996,ge,3,-0.5406548,0.30123469999999997,-1.0346796999999999,-0.046629899999999995,40.8279758,5.8572134,31.2221457,50.433805799999995,..,..,..,..,..,..,..,..,..,0.25,..,..,..,..,..,..,..,..,..,..,..,..,..,..,..,..,..,0.5,..,..,..,..,..,..,0.375
PANge1996,Panama,PAN,Latin America & Caribbean,High income,1996,ge,4,-0.3601687,0.2998489,-0.8519209,0.1315835,44.3373511,5.830267999999999,34.7757115,53.8989907,..,..,..,..,..,..,..,..,..,0.25,..,..,..,..,..,..,..,..,..,..,..,..,..,0.19999999999999998,..,..,..,0.25,..,..,..,..,..,..,0.625
PERge1996,Peru,PER,Latin America & Caribbean,Upper middle income,1996,ge,5,-0.4545375,0.27177789999999996,-0.9002532999999999,-0.0088217,42.5024423,5.2844555,33.835935299999996,51.1689492,..,..,..,..,..,..,..,..,..,0.5,..,..,..,..,0.2866667,..,..,..,..,..,..,..,..,0.48,..,..,..,0.25,..,..,..,..,..,..,0.5
PHLge1996,Philippines,PHL,East Asia & Pacific,Lower middle income,1996,ge,5,-0.1678317,0.2527495,-0.5823408999999999,0.2466775,48.0771556,4.9144666,40.017430399999995,56.1368808,..,..,..,..,..,..,..,..,..,0.5,..,..,..,..,0.3858333,..,..,..,..,..,..,..,..,..,..,..,..,0.5,..,..,..,..,0.5044333,..,0.375
PNGge1996,Papua New Guinea,PNG,East Asia & Pacific,Lower middle income,1996,ge,3,-0.2701396,0.30123469999999997,-0.7641644999999999,0.22388529999999998,46.0878787,5.8572134,36.4820487,55.693708799999996,..,..,..,..,..,..,..,..,..,0.25,..,..,..,..,..,..,..,..,..,..,..,..,..,..,..,..,..,0.75,..,..,..,..,..,..,0.375
POLge1996,Poland,POL,Europe & Central Asia,High income,1996,ge,5,0.6954068,0.2527495,0.28089759999999997,1.109916,64.8619823,4.9144666,56.8022571,72.9217074,..,..,..,..,..,..,..,..,..,0.75,..,..,..,..,0.4491667,..,..,..,..,..,..,..,..,..,..,..,..,0.875,..,..,..,..,0.4698,..,0.625
PRIge1996,Puerto Rico (U.S.),PRI,Latin America & Caribbean,High income,1996,ge,1,1.2755211,0.44396919999999995,0.5474116,2.0036305999999997,76.14173629999999,8.6325462,61.984360599999995,90.299112,..,..,..,..,..,..,..,..,..,..,..,..,..,..,..,..,..,..,..,..,..,..,..,..,..,..,..,..,..,..,..,..,..,..,0.875
PRKge1996,"Korea, Dem. People's Rep.",PRK,East Asia & Pacific,Low income,1996,ge,2,-1.9816546,0.3587892,-2.5700689,-1.3932403,12.809146799999999,6.9763044999999995,1.3680074,24.250286199999998,..,..,..,..,..,..,..,..,..,..,..,..,..,..,..,..,..,..,..,..,..,..,..,..,..,..,..,0.25,..,..,..,..,..,..,0
PRTge1996,Portugal,PRT,Europe & Central Asia,High income,1996,ge,5,0.7222584,0.2527495,0.3077492,1.1367676,65.3840853,4.9144666,57.3243601,73.4438105,..,..,..,..,..,..,..,..,..,0.75,..,..,..,..,0.40833329999999995,..,..,..,..,..,..,..,..,..,..,..,..,0.75,..,..,..,..,0.4679,..,0.75
PRYge1996,Paraguay,PRY,Latin America & Caribbean,Upper middle income,1996,ge,4,-0.8214262999999999,0.2998489,-1.3131785,-0.32967409999999997,35.3686491,5.830267999999999,25.8070095,44.9302887,..,..,..,..,..,..,..,..,..,0,..,..,..,..,..,..,..,..,..,..,..,..,..,0.39999999999999997,..,..,..,0.5,..,..,..,..,..,..,0.375
PSEge1996,West Bank and Gaza,PSE,Middle East & North Africa,Lower middle income,1996,ge,1,-1.3060162,0.44396919999999995,-2.0341256999999997,-0.5779067,25.9462734,8.6325462,11.7888977,40.1036491,..,..,..,..,..,..,..,..,..,..,..,..,..,..,..,..,..,..,..,..,..,..,..,..,..,..,..,..,..,..,..,..,..,..,0.25
QATge1996,Qatar,QAT,Middle East & North Africa,High income,1996,ge,3,0.2349301,0.30123469999999997,-0.2590948,0.728955,55.908464099999996,5.8572134,46.302634,65.5142941,..,..,..,..,..,..,..,..,..,0.5,..,..,..,..,..,..,..,..,..,..,..,..,..,..,..,..,..,0.5,..,..,..,..,..,..,0.625
ROUge1996,Romania,ROU,Europe & Central Asia,High income,1996,ge,3,-0.8736817,0.30123469999999997,-1.3677066,-0.37965679999999996,34.352593999999996,5.8572134,24.746764,43.958424099999995,..,..,..,..,..,..,..,..,..,0,..,..,..,..,..,..,..,..,..,..,..,..,..,..,..,..,..,0.25,..,..,..,..,..,..,0.5
RUSge1996,Russian Federation,RUS,Europe & Central Asia,High income,1996,ge,5,-0.7345119,0.2527495,-1.1490211,-0.3200027,37.058614399999996,4.9144666,28.998889199999997,45.1183396,..,..,..,..,..,..,..,..,..,0,..,..,..,..,0.4658333,..,..,..,..,..,..,..,..,..,..,..,..,0.5,..,..,..,..,0.2818333,..,0.375
RWAge1996,Rwanda,RWA,Sub-Saharan Africa,Low income,1996,ge,1,-1.3060162,0.44396919999999995,-2.0341256999999997,-0.5779067,25.9462734,8.6325462,11.7888977,40.1036491,..,..,..,..,..,..,..,..,..,..,..,..,..,..,..,..,..,..,..,..,..,..,..,..,..,..,..,..,..,..,..,..,..,..,0.25
SAUge1996,Saudi Arabia,SAU,Middle East & North Africa,High income,1996,ge,3,-0.3029637,0.30123469999999997,-0.7969885999999999,0.1910612,45.4496463,5.8572134,35.8438162,55.055476299999995,..,..,..,..,..,..,..,..,..,0.25,..,..,..,..,..,..,..,..,..,..,..,..,..,..,..,..,..,0.5,..,..,..,..,..,..,0.5
SDNge1996,Sudan,SDN,Sub-Saharan Africa,Low income,1996,ge,3,-1.1113727,0.30123469999999997,-1.6053975999999999,-0.6173478,29.730925499999998,5.8572134,20.1250954,39.336755499999995,..,..,..,..,..,..,..,..,..,0,..,..,..,..,..,..,..,..,..,..,..,..,..,..,..,..,..,0.25,..,..,..,..,..,..,0.375
SENge1996,Senegal,SEN,Sub-Saharan Africa,Lower middle income,1996,ge,3,-0.3029637,0.30123469999999997,-0.7969885999999999,0.1910612,45.4496463,5.8572134,35.8438162,55.055476299999995,..,..,..,..,..,..,..,..,..,0.25,..,..,..,..,..,..,..,..,..,..,..,..,..,..,..,..,..,0.5,..,..,..,..,..,..,0.5
SGPge1996,Singapore,SGP,East Asia & Pacific,High income,1996,ge,5,2.2336614999999997,0.2527495,1.8191522999999998,2.6481707,94.77183749999999,4.0511853,86.7121123,100.0,..,..,..,..,..,..,..,..,..,1,..,..,..,..,0.9166667,..,..,..,..,..,..,..,..,..,..,..,..,0.875,..,..,..,..,0.7898999999999999,..,1
SLEge1996,Sierra Leone,SLE,Sub-Saharan Africa,Low income,1996,ge,2,-1.6444592999999998,0.3587892,-2.2328736,-1.056045,19.365579,6.9763044999999995,7.9244395,30.806718399999998,..,..,..,..,..,..,..,..,..,..,..,..,..,..,..,..,..,..,..,..,..,..,..,..,..,..,..,0.25,..,..,..,..,..,..,0.125
SLVge1996,El Salvador,SLV,Latin America & Caribbean,Upper middle income,1996,ge,5,-1.1084762,0.27177789999999996,-1.554192,-0.6627603999999999,29.7872451,5.2844555,21.1207381,38.453752,..,..,..,..,..,..,..,..,..,0,..,..,..,..,0.3333333,..,..,..,..,..,..,..,..,0.3,..,..,..,0.25,..,..,..,..,..,..,0.375
SOMge1996,Federal Republic of Somalia,SOM,Sub-Saharan Africa,Low income,1996,ge,2,-2.0282198,0.3587892,-2.6166340999999997,-1.4398054999999998,11.9037321,6.9763044999999995,0.46259269999999997,23.3448715,..,..,..,..,..,..,..,..,..,..,..,..,..,..,..,..,..,..,..,..,..,..,..,..,..,..,..,0,..,..,..,..,..,..,0.125
SRBge1996,Serbia,SRB,Europe & Central Asia,Upper middle income,1996,ge,3,-0.5406548,0.30123469999999997,-1.0346796999999999,-0.046629899999999995,40.8279758,5.8572134,31.2221457,50.433805799999995,..,..,..,..,..,..,..,..,..,0.25,..,..,..,..,..,..,..,..,..,..,..,..,..,..,..,..,..,0.5,..,..,..,..,..,..,0.375
STPge1996,São Tomé and Príncipe,STP,Sub-Saharan Africa,Lower middle income,1996,ge,1,-0.7897088,0.44396919999999995,-1.5178182999999998,-0.061599299999999996,35.9853648,8.6325462,21.8279891,50.142740499999995,..,..,..,..,..,..,..,..,..,..,..,..,..,..,..,..,..,..,..,..,..,..,..,..,..,..,..,..,..,..,..,..,..,..,0.375
SURge1996,Suriname,SUR,Latin America & Caribbean,Upper middle income,1996,ge,2,-0.6328733999999999,0.3587892,-1.2212877,-0.0444591,39.0348755,6.9763044999999995,27.593736,50.476014899999996,..,..,..,..,..,..,..,..,..,..,..,..,..,..,..,..,..,..,..,..,..,..,..,..,..,..,..,0.25,..,..,..,..,..,..,0.5
SVKge1996,Slovak Republic,SVK,Europe & Central Asia,High income,1996,ge,4,0.4972183,0.2728086,0.0498122,0.9446243999999999,61.0084011,5.3044959,52.3090279,69.7077743,..,..,..,..,..,..,..,..,..,0.5,..,..,..,..,0.6291667,..,..,..,..,..,..,..,..,..,..,..,..,0.875,..,..,..,..,..,..,0.5
SVNge1996,Slovenia,SVN,Europe & Central Asia,High income,1996,ge,2,0.7741882999999999,0.3465764,0.20580299999999999,1.3425736,66.3938113,6.7388385,55.3421162,77.4455065,..,..,..,..,..,..,..,..,..,0.75,..,..,..,..,..,..,..,..,..,..,..,..,..,..,..,..,..,..,..,..,..,..,..,..,0.625
SWEge1996,Sweden,SWE,Europe & Central Asia,High income,1996,ge,5,1.7578832,0.2527495,1.3433739999999998,2.1723924,85.5207947,4.9144666,77.4610695,93.58051979999999,..,..,..,..,..,..,..,..,..,1,..,..,..,..,0.615,..,..,..,..,..,..,..,..,..,..,..,..,1,..,..,..,..,0.5457,..,1
SWZge1996,Eswatini,SWZ,Sub-Saharan Africa,Lower middle income,1996,ge,1,-0.2734013,0.44396919999999995,-1.0015108,0.4547082,46.0244582,8.6325462,31.8670825,60.181833899999994,..,..,..,..,..,..,..,..,..,..,..,..,..,..,..,..,..,..,..,..,..,..,..,..,..,..,..,..,..,..,..,..,..,..,0.5
SYCge1996,Seychelles,SYC,Sub-Saharan Africa,High income,1996,ge,1,0.7592137,0.44396919999999995,0.0311042,1.4873231999999998,66.1026449,8.6325462,51.9452692,80.26002059999999,..,..,..,..,..,..,..,..,..,..,..,..,..,..,..,..,..,..,..,..,..,..,..,..,..,..,..,..,..,..,..,..,..,..,0.75
SYRge1996,Syrian Arab Republic,SYR,Middle East & North Africa,Low income,1996,ge,3,-1.0785486,0.30123469999999997,-1.5725734999999998,-0.5845237,30.369157899999998,5.8572134,20.7633279,39.974987999999996,..,..,..,..,..,..,..,..,..,0,..,..,..,..,..,..,..,..,..,..,..,..,..,..,..,..,..,0.5,..,..,..,..,..,..,0.25
TCDge1996,Chad,TCD,Sub-Saharan Africa,Low income,1996,ge,1,-0.7897088,0.44396919999999995,-1.5178182999999998,-0.061599299999999996,35.9853648,8.6325462,21.8279891,50.142740499999995,..,..,..,..,..,..,..,..,..,..,..,..,..,..,..,..,..,..,..,..,..,..,..,..,..,..,..,..,..,..,..,..,..,..,0.375
TGOge1996,Togo,TGO,Sub-Saharan Africa,Low income,1996,ge,2,-0.9700687,0.3587892,-1.5584829999999998,-0.3816544,32.478443299999995,6.9763044999999995,21.037303899999998,43.9195827,..,..,..,..,..,..,..,..,..,..,..,..,..,..,..,..,..,..,..,..,..,..,..,..,..,..,..,0.25,..,..,..,..,..,..,0.375
THAge1996,Thailand,THA,East Asia & Pacific,Upper middle income,1996,ge,5,0.40568139999999997,0.2527495,-0.0088278,0.8201906,59.228555799999995,4.9144666,51.1688306,67.288281,..,..,..,..,..,..,..,..,..,0.5,..,..,..,..,0.4358333,..,..,..,..,..,..,..,..,..,..,..,..,0.75,..,..,..,..,0.49993329999999997,..,0.625
TJKge1996,Tajikistan,TJK,Europe & Central Asia,Lower middle income,1996,ge,1,-1.3060162,0.44396919999999995,-2.0341256999999997,-0.5779067,25.9462734,8.6325462,11.7888977,40.1036491,..,..,..,..,..,..,..,..,..,..,..,..,..,..,..,..,..,..,..,..,..,..,..,..,..,..,..,..,..,..,..,..,..,..,0.25
TKMge1996,Turkmenistan,TKM,Europe & Central Asia,Upper middle income,1996,ge,1,-1.3060162,0.44396919999999995,-2.0341256999999997,-0.5779067,25.9462734,8.6325462,11.7888977,40.1036491,..,..,..,..,..,..,..,..,..,..,..,..,..,..,..,..,..,..,..,..,..,..,..,..,..,..,..,..,..,..,..,..,..,..,0.25
TTOge1996,Trinidad and Tobago,TTO,Latin America & Caribbean,High income,1996,ge,3,-0.002761,0.30123469999999997,-0.4967859,0.4912639,51.286793599999996,5.8572134,41.6809635,60.8926236,..,..,..,..,..,..,..,..,..,0.5,..,..,..,..,..,..,..,..,..,..,..,..,..,..,..,..,..,0.5,..,..,..,..,..,..,0.5
TUNge1996,Tunisia,TUN,Middle East & North Africa,Lower middle income,1996,ge,3,0.5351329,0.30123469999999997,0.041108,1.0291578,61.745613299999995,5.8572134,52.1397833,71.3514434,..,..,..,..,..,..,..,..,..,0.75,..,..,..,..,..,..,..,..,..,..,..,..,..,..,..,..,..,0.5,..,..,..,..,..,..,0.625
TURge1996,Türkiye,TUR,Europe & Central Asia,Upper middle income,1996,ge,5,0.14341669999999998,0.2527495,-0.2710925,0.5579259,54.129075699999994,4.9144666,46.0693505,62.1888009,..,..,..,..,..,..,..,..,..,0.25,..,..,..,..,0.5516667,..,..,..,..,..,..,..,..,..,..,..,..,0.75,..,..,..,..,0.49366669999999996,..,0.5
TWNge1996,"Taiwan, China",TWN,East Asia & Pacific,High income,1996,ge,5,0.9489255999999999,0.2527495,0.5344164,1.3634347999999998,69.7914069,4.9144666,61.731681699999996,77.8511321,..,..,..,..,..,..,..,..,..,0.75,..,..,..,..,0.565,..,..,..,..,..,..,..,..,..,..,..,..,0.875,..,..,..,..,0.5969,..,0.625
TZAge1996,Tanzania,TZA,Sub-Saharan Africa,Lower middle income,1996,ge,3,-1.1113727,0.30123469999999997,-1.6053975999999999,-0.6173478,29.730925499999998,5.8572134,20.1250954,39.336755499999995,..,..,..,..,..,..,..,..,..,0,..,..,..,..,..,..,..,..,..,..,..,..,..,..,..,..,..,0.25,..,..,..,..,..,..,0.375
UGAge1996,Uganda,UGA,Sub-Saharan Africa,Low income,1996,ge,3,-0.81117,0.30123469999999997,-1.3051949,-0.3171451,35.568072799999996,5.8572134,25.962242699999997,45.1739028,..,..,..,..,..,..,..,..,..,0.25,..,..,..,..,..,..,..,..,..,..,..,..,..,..,..,..,..,0.25,..,..,..,..,..,..,0.375
UKRge1996,Ukraine,UKR,Europe & Central Asia,Upper middle income,1996,ge,3,-1.1664349,0.30511689999999997,-1.6668265999999998,-0.6660432,28.660294999999998,5.9326989,18.9306687,38.389921199999996,..,..,..,..,..,..,..,..,..,0,..,..,..,..,0.4225,..,..,..,..,..,..,..,..,..,..,..,..,..,..,..,..,..,..,..,0.25
URYge1996,Uruguay,URY,Latin America & Caribbean,High income,1996,ge,4,0.7382326,0.2998489,0.2464804,1.2299848,65.694688,5.830267999999999,56.1330484,75.25632759999999,..,..,..,..,..,..,..,..,..,0.5,..,..,..,..,..,..,..,..,..,..,..,..,..,0.35,..,..,..,0.75,..,..,..,..,..,..,0.75
USAge1996,United States,USA,North America,High income,1996,ge,5,1.7415488,0.2527495,1.3270396,2.156058,85.2031883,4.9144666,77.14346309999999,93.2629134,..,..,..,..,..,..,..,..,..,1,..,..,..,..,0.6775,..,..,..,..,..,..,..,..,..,..,..,..,1,..,..,..,..,0.6281,..,0.875
UZBge1996,Uzbekistan,UZB,Europe & Central Asia,Lower middle income,1996,ge,1,-1.1224394,0.49107649999999997,-1.9278049,-0.31707389999999996,29.515744299999998,9.5485018,13.8562014,45.1752873,..,..,..,..,..,..,..,..,..,0,..,..,..,..,..,..,..,..,..,..,..,..,..,..,..,..,..,..,..,..,..,..,..,..,..
VENge1996,"Venezuela, RB",VEN,Latin America & Caribbean,,1996,ge,6,-0.7295317,0.25192929999999997,-1.1426958,-0.31636759999999997,37.155449499999996,4.8985189,29.121878499999998,45.1890206,..,..,..,..,..,..,..,..,..,0,..,..,..,..,0.31666669999999997,..,..,..,..,..,..,..,..,0.16,..,..,..,0.5,..,..,..,..,0.29756669999999996,..,0.5
VNMge1996,Viet Nam,VNM,East Asia & Pacific,Lower middle income,1996,ge,4,-0.5650656,0.2728086,-1.0124716999999999,-0.1176595,40.3533317,5.3044958,31.653958499999998,49.0527048,..,..,..,..,..,..,..,..,..,0.25,..,..,..,..,0.3958333,..,..,..,..,..,..,..,..,..,..,..,..,0.5,..,..,..,..,..,..,0.375
WSMge1996,Samoa,WSM,East Asia & Pacific,Upper middle income,1996,ge,1,-0.2734013,0.44396919999999995,-1.0015108,0.4547082,46.0244582,8.6325462,31.8670825,60.181833899999994,..,..,..,..,..,..,..,..,..,..,..,..,..,..,..,..,..,..,..,..,..,..,..,..,..,..,..,..,..,..,..,..,..,..,0.5
YEMge1996,"Yemen, Rep.",YEM,Middle East & North Africa,Low income,1996,ge,3,-0.8408576,0.30123469999999997,-1.3348825,-0.3468327,34.9908265,5.8572134,25.3849965,44.596656599999996,..,..,..,..,..,..,..,..,..,0,..,..,..,..,..,..,..,..,..,..,..,..,..,..,..,..,..,0.5,..,..,..,..,..,..,0.375
ZAFge1996,South Africa,ZAF,Sub-Saharan Africa,Upper middle income,1996,ge,5,0.6157009999999999,0.2527495,0.2011918,1.0302102,63.3121811,4.9144666,55.252455899999994,71.37190629999999,..,..,..,..,..,..,..,..,..,0.5,..,..,..,..,0.41333329999999996,..,..,..,..,..,..,..,..,..,..,..,..,0.75,..,..,..,..,0.5646667,..,0.75
ZMBge1996,Zambia,ZMB,Sub-Saharan Africa,Lower middle income,1996,ge,3,-1.3490638,0.30123469999999997,-1.8430887,-0.8550388999999999,25.109254999999997,5.8572134,15.503424899999999,34.715085,..,..,..,..,..,..,..,..,..,0,..,..,..,..,..,..,..,..,..,..,..,..,..,..,..,..,..,0.25,..,..,..,..,..,..,0.25
ZWEge1996,Zimbabwe,ZWE,Sub-Saharan Africa,Lower middle income,1996,ge,4,-0.0112993,0.2728086,-0.4587054,0.43610679999999996,51.1207747,5.3044959,42.421401499999995,59.820147899999995,..,..,..,..,..,..,..,..,..,0.25,..,..,..,..,0.5066667,..,..,..,..,..,..,..,..,..,..,..,..,0.75,..,..,..,..,..,..,0.5
ADOge1998,Andorra,ADO,,,1998,ge,1,0.7500861,0.44396919999999995,0.0219766,1.4781955999999998,65.9251677,8.6325462,51.767792,80.08254339999999,..,..,..,..,..,..,..,..,..,..,..,..,..,..,..,..,..,..,..,..,..,..,..,..,..,..,..,..,..,..,..,..,..,..,0.75
AFGge1998,Afghanistan,AFG,South Asia,Low income,1998,ge,1,-2.3477587,0.44396919999999995,-3.0758682,-1.6196492,5.6906113,6.0512155,0.0,19.847987,..,..,..,..,..,..,..,..,..,..,..,..,..,..,..,..,..,..,..,..,..,..,..,..,..,..,..,..,..,..,..,..,..,..,0
AGOge1998,Angola,AGO,Sub-Saharan Africa,Lower middle income,1998,ge,3,-1.1155747999999999,0.30123469999999997,-1.6095997,-0.6215499,29.649219799999997,5.8572134,20.0433897,39.255049799999995,..,..,..,..,..,..,..,..,..,0,..,..,..,..,..,..,..,..,..,..,..,..,..,..,..,..,..,0.25,..,..,..,..,..,..,0.375
ALBge1998,Albania,ALB,Europe & Central Asia,Upper middle income,1998,ge,2,-0.9760298,0.3587892,-1.5644441,-0.3876155,32.3625355,6.9763044999999995,20.9213961,43.803675,..,..,..,..,..,..,..,..,..,..,..,..,..,..,..,..,..,..,..,..,..,..,..,..,..,..,..,0.25,..,..,..,..,..,..,0.375
AREge1998,United Arab Emirates,ARE,Middle East & North Africa,High income,1998,ge,3,0.7389342999999999,0.30123469999999997,0.2449094,1.2329592,65.7083318,5.8572134,56.1025018,75.3141619,..,..,..,..,..,..,..,..,..,0.5,..,..,..,..,..,..,..,..,..,..,..,..,..,..,..,..,..,0.75,..,..,..,..,..,..,0.75
ARGge1998,Argentina,ARG,Latin America & Caribbean,Upper middle income,1998,ge,6,0.0657575,0.25192929999999997,-0.3474066,0.4789216,52.6190687,4.8985189,44.5854976,60.652639699999995,..,..,..,..,..,..,..,..,..,0.5,..,..,..,..,0.4116667,..,..,..,..,..,..,..,..,0.19999999999999998,..,..,..,0.75,..,..,..,..,0.37926,..,0.5
ARMge1998,Armenia,ARM,Europe & Central Asia,Upper middle income,1998,ge,2,-0.6388345,0.3587892,-1.2272488,-0.0504202,38.918967699999996,6.9763044999999995,27.4778283,50.3601071,..,..,..,..,..,..,..,..,..,..,..,..,..,..,..,..,..,..,..,..,..,..,..,..,..,..,..,0.25,..,..,..,..,..,..,0.5
ATGge1998,Antigua and Barbuda,ATG,Latin America & Caribbean,High income,1998,ge,1,0.7500861,0.44396919999999995,0.0219766,1.4781955999999998,65.9251677,8.6325462,51.767792,80.08254339999999,..,..,..,..,..,..,..,..,..,..,..,..,..,..,..,..,..,..,..,..,..,..,..,..,..,..,..,..,..,..,..,..,..,..,0.75
AUSge1998,Australia,AUS,East Asia & Pacific,High income,1998,ge,5,1.6647151999999998,0.2527495,1.250206,2.0792243999999998,83.7092342,4.9144666,75.649509,91.7689594,..,..,..,..,..,..,..,..,..,0.75,..,..,..,..,0.7133333,..,..,..,..,..,..,..,..,..,..,..,..,1,..,..,..,..,0.56208,..,1
AUTge1998,Austria,AUT,Europe & Central Asia,High income,1998,ge,5,1.7780737,0.2527495,1.3635644999999998,2.1925829,85.9133791,4.9144666,77.85365399999999,93.9731043,..,..,..,..,..,..,..,..,..,1,..,..,..,..,0.7783333,..,..,..,..,..,..,..,..,..,..,..,..,1,..,..,..,..,0.56248,..,0.875
AZEge1998,Azerbaijan,AZE,Europe & Central Asia,Upper middle income,1998,ge,3,-1.3532658,0.30123469999999997,-1.8472906999999998,-0.8592409,25.027551199999998,5.8572134,15.421721199999999,34.633381299999996,..,..,..,..,..,..,..,..,..,0,..,..,..,..,..,..,..,..,..,..,..,..,..,..,..,..,..,0.25,..,..,..,..,..,..,0.25
BDIge1998,Burundi,BDI,Sub-Saharan Africa,Low income,1998,ge,1,-1.8314511999999998,0.44396919999999995,-2.5595607,-1.1033416999999999,15.7297047,8.6325462,1.5723289999999999,29.8870804,..,..,..,..,..,..,..,..,..,..,..,..,..,..,..,..,..,..,..,..,..,..,..,..,..,..,..,..,..,..,..,..,..,..,0.125
BELge1998,Belgium,BEL,Europe & Central Asia,High income,1998,ge,5,1.6348532999999998,0.2527495,1.2203441,2.0493625,83.12859879999999,4.9144666,75.0688736,91.188324,..,..,..,..,..,..,..,..,..,1,..,..,..,..,0.755,..,..,..,..,..,..,..,..,..,..,..,..,1,..,..,..,..,0.44723999999999997,..,0.875
BENge1998,Benin,BEN,Sub-Saharan Africa,Lower middle income,1998,ge,1,-0.7988362999999999,0.44396919999999995,-1.5269458,-0.07072679999999999,35.8078895,8.6325462,21.6505138,49.9652652,..,..,..,..,..,..,..,..,..,..,..,..,..,..,..,..,..,..,..,..,..,..,..,..,..,..,..,..,..,..,..,..,..,..,0.375
BFAge1998,Burkina Faso,BFA,Sub-Saharan Africa,Low income,1998,ge,2,-0.9760298,0.3587892,-1.5644441,-0.3876155,32.3625355,6.9763044999999995,20.9213961,43.803675,..,..,..,..,..,..,..,..,..,..,..,..,..,..,..,..,..,..,..,..,..,..,..,..,..,..,..,0.25,..,..,..,..,..,..,0.375
BGDge1998,Bangladesh,BGD,South Asia,Lower middle income,1998,ge,3,-0.5448568,0.30123469999999997,-1.0388817,-0.0508319,40.746272,5.8572134,31.1404419,50.352101999999995,..,..,..,..,..,..,..,..,..,0.25,..,..,..,..,..,..,..,..,..,..,..,..,..,..,..,..,..,0.5,..,..,..,..,..,..,0.375
BGRge1998,Bulgaria,BGR,Europe & Central Asia,High income,1998,ge,3,-0.3071658,0.30123469999999997,-0.8011906999999999,0.1868591,45.3679406,5.8572134,35.7621105,54.973770599999995,..,..,..,..,..,..,..,..,..,0.25,..,..,..,..,..,..,..,..,..,..,..,..,..,..,..,..,..,0.5,..,..,..,..,..,..,0.5
BHRge1998,Bahrain,BHR,Middle East & North Africa,High income,1998,ge,3,0.4684191,0.30123469999999997,-0.025605799999999998,0.962444,60.448428899999996,5.8572134,50.8425988,70.0542589,..,..,..,..,..,..,..,..,..,0.5,..,..,..,..,..,..,..,..,..,..,..,..,..,..,..,..,..,0.5,..,..,..,..,..,..,0.75
BHSge1998,"Bahamas, The",BHS,Latin America & Caribbean,High income,1998,ge,2,1.1402724,0.3587892,0.5518581,1.7286867,73.5119579,6.9763044999999995,62.070818499999994,84.9530973,..,..,..,..,..,..,..,..,..,..,..,..,..,..,..,..,..,..,..,..,..,..,..,..,..,..,..,0.75,..,..,..,..,..,..,0.875
BIHge1998,Bosnia and Herzegovina,BIH,Europe & Central Asia,Upper middle income,1998,ge,2,-1.3673959999999998,0.3465764,-1.9357813,-0.7990107,24.7528033,6.7388385,13.7011082,35.8044985,..,..,..,..,..,..,..,..,..,0,..,..,..,..,..,..,..,..,..,..,..,..,..,..,..,..,..,..,..,..,..,..,..,..,0.25
BLRge1998,Belarus,BLR,Europe & Central Asia,Upper middle income,1998,ge,2,-0.9760298,0.3587892,-1.5644441,-0.3876155,32.3625355,6.9763044999999995,20.9213961,43.803675,..,..,..,..,..,..,..,..,..,..,..,..,..,..,..,..,..,..,..,..,..,..,..,..,..,..,..,0.25,..,..,..,..,..,..,0.375
BLZge1998,Belize,BLZ,Latin America & Caribbean,Upper middle income,1998,ge,1,-0.28252879999999997,0.44396919999999995,-1.0106382999999999,0.4455807,45.8469829,8.6325462,31.689607199999998,60.004358599999996,..,..,..,..,..,..,..,..,..,..,..,..,..,..,..,..,..,..,..,..,..,..,..,..,..,..,..,..,..,..,..,..,..,..,0.5
BMUge1998,Bermuda,BMU,North America,High income,1998,ge,1,0.7500861,0.44396919999999995,0.0219766,1.4781955999999998,65.9251677,8.6325462,51.767792,80.08254339999999,..,..,..,..,..,..,..,..,..,..,..,..,..,..,..,..,..,..,..,..,..,..,..,..,..,..,..,..,..,..,..,..,..,..,0.75
BOLge1998,Bolivia,BOL,Latin America & Caribbean,Lower middle income,1998,ge,4,-0.0324037,0.2998489,-0.5241559,0.4593485,50.710420299999996,5.8302681,41.148780699999996,60.272059999999996,..,..,..,..,..,..,..,..,..,0.5,..,..,..,..,..,..,..,..,..,..,..,..,..,0.21,..,..,..,0.5,..,..,..,..,..,..,0.5
BRAge1998,Brazil,BRA,Latin America & Caribbean,Upper middle income,1998,ge,6,-0.1804286,0.25192929999999997,-0.5935927,0.23273549999999998,47.8322212,4.8985189,39.7986502,55.865792199999994,..,..,..,..,..,..,..,..,..,0.25,..,..,..,..,0.2733333,..,..,..,..,..,..,..,..,0.24,..,..,..,0.5,..,..,..,..,0.50358,..,0.625
BRBge1998,Barbados,BRB,Latin America & Caribbean,High income,1998,ge,1,0.7500861,0.44396919999999995,0.0219766,1.4781955999999998,65.9251677,8.6325462,51.767792,80.08254339999999,..,..,..,..,..,..,..,..,..,..,..,..,..,..,..,..,..,..,..,..,..,..,..,..,..,..,..,..,..,..,..,..,..,..,0.75
BRNge1998,Brunei Darussalam,BRN,East Asia & Pacific,High income,1998,ge,2,0.46588179999999996,0.3587892,-0.12253249999999999,1.0542961,60.3990936,6.9763044999999995,48.957954099999995,71.840233,..,..,..,..,..,..,..,..,..,..,..,..,..,..,..,..,..,..,..,..,..,..,..,..,..,..,..,0.75,..,..,..,..,..,..,0.625
BTNge1998,Bhutan,BTN,South Asia,Lower middle income,1998,ge,1,0.2337786,0.44396919999999995,-0.49433089999999996,0.9618880999999999,55.8860743,8.6325462,41.7286986,70.04344999999999,..,..,..,..,..,..,..,..,..,..,..,..,..,..,..,..,..,..,..,..,..,..,..,..,..,..,..,..,..,..,..,..,..,..,0.625
BWAge1998,Botswana,BWA,Sub-Saharan Africa,Upper middle income,1998,ge,3,0.2307281,0.30123469999999997,-0.2632968,0.724753,55.8267603,5.8572134,46.2209303,65.4325904,..,..,..,..,..,..,..,..,..,0.5,..,..,..,..,..,..,..,..,..,..,..,..,..,..,..,..,..,0.5,..,..,..,..,..,..,0.625
CAFge1998,Central African Republic,CAF,Sub-Saharan Africa,Low income,1998,ge,1,-1.3151438,0.44396919999999995,-2.0432533,-0.5870343,25.7687961,8.6325462,11.6114204,39.9261718,..,..,..,..,..,..,..,..,..,..,..,..,..,..,..,..,..,..,..,..,..,..,..,..,..,..,..,..,..,..,..,..,..,..,0.25
CANge1998,Canada,CAN,North America,High income,1998,ge,5,1.8073898,0.2527495,1.3928806,2.221899,86.483402,4.9144666,78.4236768,94.5431272,..,..,..,..,..,..,..,..,..,1,..,..,..,..,0.7308333,..,..,..,..,..,..,..,..,..,..,..,..,1,..,..,..,..,0.64,..,0.875
CHEge1998,Switzerland,CHE,Europe & Central Asia,High income,1998,ge,5,1.8844128999999998,0.2527495,1.4699037,2.2989221,87.9810407,4.9144666,79.92131549999999,96.0407659,..,..,..,..,..,..,..,..,..,1,..,..,..,..,0.845,..,..,..,..,..,..,..,..,..,..,..,..,1,..,..,..,..,0.59714,..,0.875
CHLge1998,Chile,CHL,Latin America & Caribbean,High income,1998,ge,6,0.8947771999999999,0.25192929999999997,0.48161309999999996,1.3079413,68.7385443,4.8985189,60.7049733,76.7721153,..,..,..,..,..,..,..,..,..,0.75,..,..,..,..,0.3916667,..,..,..,..,..,..,..,..,0.5,..,..,..,0.75,..,..,..,..,0.47706,..,0.875
CHNge1998,China,CHN,East Asia & Pacific,Upper middle income,1998,ge,5,-0.43816839999999996,0.2527495,-0.8526775999999999,-0.0236592,42.8207234,4.9144666,34.760998199999996,50.8804486,..,..,..,..,..,..,..,..,..,0.25,..,..,..,..,0.36916669999999996,..,..,..,..,..,..,..,..,..,..,..,..,0.5,..,..,..,..,0.46712,..,0.375
CIVge1998,Côte d’Ivoire,CIV,Sub-Saharan Africa,Lower middle income,1998,ge,3,-0.3071658,0.30123469999999997,-0.8011906999999999,0.1868591,45.3679406,5.8572134,35.7621105,54.973770599999995,..,..,..,..,..,..,..,..,..,0.25,..,..,..,..,..,..,..,..,..,..,..,..,..,..,..,..,..,0.5,..,..,..,..,..,..,0.5
CMRge1998,Cameroon,CMR,Sub-Saharan Africa,Lower middle income,1998,ge,3,-1.0530629999999999,0.30123469999999997,-1.5470879,-0.5590381,30.864700499999998,5.8572134,21.2588704,40.470530499999995,..,..,..,..,..,..,..,..,..,0.25,..,..,..,..,..,..,..,..,..,..,..,..,..,..,..,..,..,0.25,..,..,..,..,..,..,0.25
CODge1998,"Congo, Dem. Rep.",COD,Sub-Saharan Africa,Low income,1998,ge,2,-2.0341809,0.3587892,-2.6225951999999997,-1.4457666,11.7878244,6.9763044999999995,0.34668489999999996,23.2289638,..,..,..,..,..,..,..,..,..,..,..,..,..,..,..,..,..,..,..,..,..,..,..,..,..,..,..,0,..,..,..,..,..,..,0.125
COGge1998,"Congo, Rep.",COG,Sub-Saharan Africa,Lower middle income,1998,ge,2,-1.3132251,0.3587892,-1.9016393999999999,-0.7248108,25.806103399999998,6.9763044999999995,14.3649639,37.247242799999995,..,..,..,..,..,..,..,..,..,..,..,..,..,..,..,..,..,..,..,..,..,..,..,..,..,..,..,0.25,..,..,..,..,..,..,0.25
COLge1998,Colombia,COL,Latin America & Caribbean,Upper middle income,1998,ge,6,-0.4557812,0.25192929999999997,-0.8689452999999999,-0.0426171,42.478259699999995,4.8985189,34.4446887,50.5118308,..,..,..,..,..,..,..,..,..,0.5,..,..,..,..,0.33999999999999997,..,..,..,..,..,..,..,..,0.18,..,..,..,0.5,..,..,..,..,0.2933,..,0.375
COMge1998,Comoros,COM,Sub-Saharan Africa,Lower middle income,1998,ge,1,-1.8314511999999998,0.44396919999999995,-2.5595607,-1.1033416999999999,15.7297047,8.6325462,1.5723289999999999,29.8870804,..,..,..,..,..,..,..,..,..,..,..,..,..,..,..,..,..,..,..,..,..,..,..,..,..,..,..,..,..,..,..,..,..,..,0.125
CRIge1998,Costa Rica,CRI,Latin America & Caribbean,High income,1998,ge,5,-0.0271567,0.27177789999999996,-0.4728725,0.41855909999999996,50.812443099999996,5.2844554,42.1459362,59.47895,..,..,..,..,..,..,..,..,..,0.5,..,..,..,..,0.33999999999999997,..,..,..,..,..,..,..,..,0.18,..,..,..,0.5,..,..,..,..,..,..,0.625
CUBge1998,Cuba,CUB,Latin America & Caribbean,Upper middle income,1998,ge,3,-0.7825479,0.30123469999999997,-1.2765727999999998,-0.288523,36.1246015,5.8572134,26.5187714,45.730431499999995,..,..,..,..,..,..,..,..,..,0.25,..,..,..,..,..,..,..,..,..,..,..,..,..,..,..,..,..,0.5,..,..,..,..,..,..,0.25
CYMge1998,Cayman Islands,CYM,Latin America & Caribbean,High income,1998,ge,1,1.7827009999999999,0.44396919999999995,1.0545915,2.5108105,86.00335249999999,8.5835437,71.8459768,100.0,..,..,..,..,..,..,..,..,..,..,..,..,..,..,..,..,..,..,..,..,..,..,..,..,..,..,..,..,..,..,..,..,..,..,1
CYPge1998,Cyprus,CYP,Europe & Central Asia,High income,1998,ge,3,1.3096522,0.30123469999999997,0.8156272999999999,1.8036770999999998,76.8053821,5.8572134,67.19955209999999,86.4112122,..,..,..,..,..,..,..,..,..,0.75,..,..,..,..,..,..,..,..,..,..,..,..,..,..,..,..,..,1,..,..,..,..,..,..,0.75
CZEge1998,Czechia,CZE,Europe & Central Asia,High income,1998,ge,5,0.5470419,0.2527495,0.1325327,0.9615511,61.9771722,4.9144666,53.917446999999996,70.0368974,..,..,..,..,..,..,..,..,..,0.5,..,..,..,..,0.535,..,..,..,..,..,..,..,..,..,..,..,..,0.75,..,..,..,..,0.37523999999999996,..,0.75
DEUge1998,Germany,DEU,Europe & Central Asia,High income,1998,ge,6,1.6538925999999998,0.2479226,1.2472995,2.0604857,83.4987994,4.8206124,75.592995,91.4046037,..,..,..,..,..,..,..,..,..,1,..,0.182,..,..,0.8366667,..,..,..,..,..,..,..,..,..,..,..,..,1,..,..,..,..,0.49857999999999997,..,0.875
DJIge1998,Djibouti,DJI,Middle East & North Africa,Lower middle income,1998,ge,1,-1.3151438,0.44396919999999995,-2.0432533,-0.5870343,25.7687961,8.6325462,11.6114204,39.9261718,..,..,..,..,..,..,..,..,..,..,..,..,..,..,..,..,..,..,..,..,..,..,..,..,..,..,..,..,..,..,..,..,..,..,0.25
DMAge1998,Dominica,DMA,Latin America & Caribbean,Upper middle income,1998,ge,1,0.7500861,0.44396919999999995,0.0219766,1.4781955999999998,65.9251677,8.6325462,51.767792,80.08254339999999,..,..,..,..,..,..,..,..,..,..,..,..,..,..,..,..,..,..,..,..,..,..,..,..,..,..,..,..,..,..,..,..,..,..,0.75
DNKge1998,Denmark,DNK,Europe & Central Asia,High income,1998,ge,5,1.8439552,0.2527495,1.429446,2.2584644,87.1943804,4.9144666,79.1346552,95.2541055,..,..,..,..,..,..,..,..,..,1,..,..,..,..,0.7675,..,..,..,..,..,..,..,..,..,..,..,..,1,..,..,..,..,0.63774,..,0.875
DOMge1998,Dominican Republic,DOM,Latin America & Caribbean,Upper middle income,1998,ge,3,-0.8778836999999999,0.30123469999999997,-1.3719086,-0.3838588,34.2708903,5.8572134,24.6650602,43.876720299999995,..,..,..,..,..,..,..,..,..,0,..,..,..,..,..,..,..,..,..,..,..,..,..,..,..,..,..,0.25,..,..,..,..,..,..,0.5
DZAge1998,Algeria,DZA,Middle East & North Africa,Upper middle income,1998,ge,3,-0.7825479,0.30123469999999997,-1.2765727999999998,-0.288523,36.1246015,5.8572134,26.5187714,45.730431499999995,..,..,..,..,..,..,..,..,..,0.25,..,..,..,..,..,..,..,..,..,..,..,..,..,..,..,..,..,0.5,..,..,..,..,..,..,0.25
ECUge1998,Ecuador,ECU,Latin America & Caribbean,Upper middle income,1998,ge,4,-0.5379366999999999,0.2998489,-1.0296889,-0.046184499999999996,40.8808266,5.8302681,31.3191869,50.4424662,..,..,..,..,..,..,..,..,..,0.25,..,..,..,..,..,..,..,..,..,..,..,..,..,0.35,..,..,..,0.5,..,..,..,..,..,..,0.375
EGYge1998,"Egypt, Arab Rep.",EGY,Middle East & North Africa,Lower middle income,1998,ge,4,-0.2224136,0.2728086,-0.6698197,0.22499249999999998,47.015864,5.3044958,38.3164909,55.7152372,..,..,..,..,..,..,..,..,..,0.5,..,..,..,..,0.4766667,..,..,..,..,..,..,..,..,..,..,..,..,0.5,..,..,..,..,..,..,0.375
ERIge1998,Eritrea,ERI,Sub-Saharan Africa,Low income,1998,ge,1,-1.3151438,0.44396919999999995,-2.0432533,-0.5870343,25.7687961,8.6325462,11.6114204,39.9261718,..,..,..,..,..,..,..,..,..,..,..,..,..,..,..,..,..,..,..,..,..,..,..,..,..,..,..,..,..,..,..,..,..,..,0.25
ESPge1998,Spain,ESP,Europe & Central Asia,High income,1998,ge,6,1.3047026,0.2479226,0.8981095,1.7112957,76.709142,4.8206124,68.80333759999999,84.6149464,..,..,..,..,..,..,..,..,..,1,..,0.2095,..,..,0.5983333,..,..,..,..,..,..,..,..,..,..,..,..,0.75,..,..,..,..,0.56696,..,0.875
ESTge1998,Estonia,EST,Europe & Central Asia,High income,1998,ge,3,0.20104049999999998,0.30123469999999997,-0.2929844,0.6950653999999999,55.249514,5.8572134,45.643684,64.8553441,..,..,..,..,..,..,..,..,..,0.25,..,..,..,..,..,..,..,..,..,..,..,..,..,..,..,..,..,0.75,..,..,..,..,..,..,0.625
ETHge1998,Ethiopia,ETH,Sub-Saharan Africa,,1998,ge,3,-1.3532658,0.30123469999999997,-1.8472906999999998,-0.8592409,25.027551199999998,5.8572134,15.421721199999999,34.633381299999996,..,..,..,..,..,..,..,..,..,0,..,..,..,..,..,..,..,..,..,..,..,..,..,..,..,..,..,0.25,..,..,..,..,..,..,0.25
FINge1998,Finland,FIN,Europe & Central Asia,High income,1998,ge,5,1.9201103,0.2527495,1.5056011,2.3346195,88.67514159999999,4.9144666,80.6154165,96.73486679999999,..,..,..,..,..,..,..,..,..,1,..,..,..,..,0.7766666999999999,..,..,..,..,..,..,..,..,..,..,..,..,1,..,..,..,..,0.70236,..,0.875
FJIge1998,Fiji,FJI,East Asia & Pacific,Upper middle income,1998,ge,1,0.2337786,0.44396919999999995,-0.49433089999999996,0.9618880999999999,55.8860743,8.6325462,41.7286986,70.04344999999999,..,..,..,..,..,..,..,..,..,..,..,..,..,..,..,..,..,..,..,..,..,..,..,..,..,..,..,..,..,..,..,..,..,..,0.625
FRAge1998,France,FRA,Europe & Central Asia,High income,1998,ge,6,1.4602861999999999,0.2479226,1.0536931,1.8668793,79.7343126,4.8206124,71.8285083,87.64011699999999,..,..,..,..,..,..,..,..,..,1,..,0.1845,..,..,0.7916667,..,..,..,..,..,..,..,..,..,..,..,..,1,..,..,..,..,0.51116,..,0.75
GABge1998,Gabon,GAB,Sub-Saharan Africa,Upper middle income,1998,ge,3,-0.6073685,0.30123469999999997,-1.1013933999999999,-0.11334359999999999,39.5307932,5.8572134,29.924963199999997,49.1366233,..,..,..,..,..,..,..,..,..,0,..,..,..,..,..,..,..,..,..,..,..,..,..,..,..,..,..,0.5,..,..,..,..,..,..,0.5
GBRge1998,United Kingdom,GBR,Europe & Central Asia,High income,1998,ge,6,1.6595597,0.2479226,1.2529666,2.0661528,83.6089906,4.8206124,75.70318619999999,91.5147949,..,..,..,..,..,..,..,..,..,1,..,0.1885,..,..,0.5941666999999999,..,..,..,..,..,..,..,..,..,..,..,..,1,..,..,..,..,0.5894199999999999,..,1
GEOge1998,Georgia,GEO,Europe & Central Asia,Upper middle income,1998,ge,1,-1.3151438,0.44396919999999995,-2.0432533,-0.5870343,25.7687961,8.6325462,11.6114204,39.9261718,..,..,..,..,..,..,..,..,..,..,..,..,..,..,..,..,..,..,..,..,..,..,..,..,..,..,..,..,..,..,..,..,..,..,0.25
GHAge1998,Ghana,GHA,Sub-Saharan Africa,Lower middle income,1998,ge,3,-0.3071658,0.30123469999999997,-0.8011906999999999,0.1868591,45.3679406,5.8572134,35.7621105,54.973770599999995,..,..,..,..,..,..,..,..,..,0.25,..,..,..,..,..,..,..,..,..,..,..,..,..,..,..,..,..,0.5,..,..,..,..,..,..,0.5
GINge1998,Guinea,GIN,Sub-Saharan Africa,Lower middle income,1998,ge,2,-0.9294646,0.3587892,-1.5178789,-0.3410503,33.2679502,6.9763044999999995,21.8268108,44.7090897,..,..,..,..,..,..,..,..,..,..,..,..,..,..,..,..,..,..,..,..,..,..,..,..,..,..,..,0.5,..,..,..,..,..,..,0.25
GMBge1998,"Gambia, The",GMB,Sub-Saharan Africa,Low income,1998,ge,2,-0.5922693,0.3587892,-1.1806836,-0.003855,39.8243824,6.9763044999999995,28.383243,51.265521799999995,..,..,..,..,..,..,..,..,..,..,..,..,..,..,..,..,..,..,..,..,..,..,..,..,..,..,..,0.5,..,..,..,..,..,..,0.375
GNBge1998,Guinea-Bissau,GNB,Sub-Saharan Africa,Low income,1998,ge,2,-1.3132251,0.3587892,-1.9016393999999999,-0.7248108,25.806103399999998,6.9763044999999995,14.3649639,37.247242799999995,..,..,..,..,..,..,..,..,..,..,..,..,..,..,..,..,..,..,..,..,..,..,..,..,..,..,..,0.25,..,..,..,..,..,..,0.25
GNQge1998,Equatorial Guinea,GNQ,Sub-Saharan Africa,Upper middle income,1998,ge,2,-1.3673959999999998,0.3465764,-1.9357813,-0.7990107,24.7528033,6.7388385,13.7011082,35.8044985,..,..,..,..,..,..,..,..,..,0,..,..,..,..,..,..,..,..,..,..,..,..,..,..,..,..,..,..,..,..,..,..,..,..,0.25
GRCge1998,Greece,GRC,Europe & Central Asia,High income,1998,ge,5,0.2820447,0.2527495,-0.13246449999999999,0.6965539,56.8245613,4.9144666,48.7648361,64.8842865,..,..,..,..,..,..,..,..,..,0.5,..,..,..,..,0.4125,..,..,..,..,..,..,..,..,..,..,..,..,0.75,..,..,..,..,0.40662,..,0.625
GRDge1998,Grenada,GRD,Latin America & Caribbean,Upper middle income,1998,ge,1,0.7500861,0.44396919999999995,0.0219766,1.4781955999999998,65.9251677,8.6325462,51.767792,80.08254339999999,..,..,..,..,..,..,..,..,..,..,..,..,..,..,..,..,..,..,..,..,..,..,..,..,..,..,..,..,..,..,..,..,..,..,0.75
GTMge1998,Guatemala,GTM,Latin America & Caribbean,Upper middle income,1998,ge,5,-0.7282234999999999,0.27177789999999996,-1.1739393,-0.2825077,37.180886199999996,5.2844554,28.514379299999998,45.8473931,..,..,..,..,..,..,..,..,..,0.25,..,..,..,..,0.26999999999999996,..,..,..,..,..,..,..,..,0.27999999999999997,..,..,..,0.5,..,..,..,..,..,..,0.375
GUFge1998,French Guiana,GUF,,,1998,ge,1,0.7500861,0.44396919999999995,0.0219766,1.4781955999999998,65.9251677,8.6325462,51.767792,80.08254339999999,..,..,..,..,..,..,..,..,..,..,..,..,..,..,..,..,..,..,..,..,..,..,..,..,..,..,..,..,..,..,..,..,..,..,0.75
GUYge1998,Guyana,GUY,Latin America & Caribbean,High income,1998,ge,2,0.12868649999999998,0.3587892,-0.45972779999999996,0.7171008,53.8426614,6.9763044999999995,42.401522,65.2838008,..,..,..,..,..,..,..,..,..,..,..,..,..,..,..,..,..,..,..,..,..,..,..,..,..,..,..,0.75,..,..,..,..,..,..,0.5
HKGge1998,"Hong Kong SAR, China",HKG,East Asia & Pacific,High income,1998,ge,5,1.4518974,0.2527495,1.0373881999999999,1.8664066,79.5712006,4.9144666,71.5114755,87.6309258,..,..,..,..,..,..,..,..,..,0.75,..,..,..,..,0.7666666999999999,..,..,..,..,..,..,..,..,..,..,..,..,0.75,..,..,..,..,0.64806,..,0.875
HNDge1998,Honduras,HND,Latin America & Caribbean,Lower middle income,1998,ge,5,-0.9633877,0.27177789999999996,-1.4091034999999998,-0.5176719,32.6083488,5.2844555,23.9418418,41.274855699999996,..,..,..,..,..,..,..,..,..,0,..,..,..,..,0.27749999999999997,..,..,..,..,..,..,..,..,0.27999999999999997,..,..,..,0.5,..,..,..,..,..,..,0.375
HRVge1998,Croatia,HRV,Europe & Central Asia,High income,1998,ge,3,-0.3071658,0.30123469999999997,-0.8011906999999999,0.1868591,45.3679406,5.8572134,35.7621105,54.973770599999995,..,..,..,..,..,..,..,..,..,0.25,..,..,..,..,..,..,..,..,..,..,..,..,..,..,..,..,..,0.5,..,..,..,..,..,..,0.5
HTIge1998,Haiti,HTI,Latin America & Caribbean,Lower middle income,1998,ge,2,-1.3597903,0.3587892,-1.9482046,-0.771376,24.9006887,6.9763044999999995,13.459549299999999,36.3418281,..,..,..,..,..,..,..,..,..,..,..,..,..,..,..,..,..,..,..,..,..,..,..,..,..,..,..,0,..,..,..,..,..,..,0.375
HUNge1998,Hungary,HUN,Europe & Central Asia,High income,1998,ge,5,0.8444668,0.2527495,0.4299576,1.2589759999999999,67.7603079,4.9144666,59.7005827,75.8200331,..,..,..,..,..,..,..,..,..,0.5,..,..,..,..,0.5241667,..,..,..,..,..,..,..,..,..,..,..,..,1,..,..,..,..,0.49047999999999997,..,0.75
IDNge1998,Indonesia,IDN,East Asia & Pacific,Upper middle income,1998,ge,5,-0.7423177999999999,0.2527495,-1.156827,-0.3278086,36.906836399999996,4.9144666,28.847111199999997,44.9665615,..,..,..,..,..,..,..,..,..,0.25,..,..,..,..,0.31666669999999997,..,..,..,..,..,..,..,..,..,..,..,..,0.5,..,..,..,..,0.3882,..,0.25
INDge1998,India,IND,South Asia,Lower middle income,1998,ge,5,-0.4484838,0.2527495,-0.862993,-0.0339746,42.6201505,4.9144666,34.5604253,50.6798757,..,..,..,..,..,..,..,..,..,0.25,..,..,..,..,0.30666669999999996,..,..,..,..,..,..,..,..,..,..,..,..,0.75,..,..,..,..,0.33632,..,0.375
IRLge1998,Ireland,IRL,Europe & Central Asia,High income,1998,ge,5,1.4716166,0.2527495,1.0571074,1.8861257999999999,79.95462119999999,4.9144666,71.894896,88.0143463,..,..,..,..,..,..,..,..,..,0.75,..,..,..,..,0.6599999999999999,..,..,..,..,..,..,..,..,..,..,..,..,1,..,..,..,..,0.59204,..,0.875
IRNge1998,"Iran, Islamic Rep.",IRN,Middle East & North Africa,Upper middle income,1998,ge,3,-0.5448568,0.30123469999999997,-1.0388817,-0.0508319,40.746272,5.8572134,31.1404419,50.352101999999995,..,..,..,..,..,..,..,..,..,0.25,..,..,..,..,..,..,..,..,..,..,..,..,..,..,..,..,..,0.5,..,..,..,..,..,..,0.375
IRQge1998,Iraq,IRQ,Middle East & North Africa,Upper middle income,1998,ge,3,-2.0991630999999997,0.30123469999999997,-2.593188,-1.6051381999999998,10.5243092,5.8572134,0.9184791,20.1301392,..,..,..,..,..,..,..,..,..,0,..,..,..,..,..,..,..,..,..,..,..,..,..,..,..,..,..,0,..,..,..,..,..,..,0
ISLge1998,Iceland,ISL,Europe & Central Asia,High income,1998,ge,4,1.5652165,0.2839605,1.0995213,2.0309117,81.7745795,5.5213334,72.71959269999999,90.8295663,..,..,..,..,..,..,..,..,..,..,..,..,..,..,0.605,..,..,..,..,..,..,..,..,..,..,..,..,1,..,..,..,..,0.5847,..,1
ISRge1998,Israel,ISR,Middle East & North Africa,High income,1998,ge,5,1.3774283999999999,0.2527495,0.9629192,1.7919376,78.1232239,4.9144666,70.0634987,86.1829491,..,..,..,..,..,..,..,..,..,1,..,..,..,..,0.6158332999999999,..,..,..,..,..,..,..,..,..,..,..,..,1,..,..,..,..,0.50318,..,0.75
ITAge1998,Italy,ITA,Europe & Central Asia,High income,1998,ge,6,0.5762609,0.2479226,0.16966779999999998,0.982854,62.545306999999994,4.8206124,54.6395026,70.4511114,..,..,..,..,..,..,..,..,..,0.75,..,0.156,..,..,0.41,..,..,..,..,..,..,..,..,..,..,..,..,0.75,..,..,..,..,0.41209999999999997,..,0.75
JAMge1998,Jamaica,JAM,Latin America & Caribbean,Upper middle income,1998,ge,3,-0.0366506,0.30123469999999997,-0.5306755,0.45737429999999996,50.6278435,5.8572134,41.0220135,60.233673599999996,..,..,..,..,..,..,..,..,..,0.25,..,..,..,..,..,..,..,..,..,..,..,..,..,..,..,..,..,0.75,..,..,..,..,..,..,0.5
JORge1998,Jordan,JOR,Middle East & North Africa,Lower middle income,1998,ge,4,0.0652065,0.2728086,-0.3821996,0.5126126,52.608354999999996,5.3044959,43.9089818,61.3077282,..,..,..,..,..,..,..,..,..,0.5,..,..,..,..,0.5516667,..,..,..,..,..,..,..,..,..,..,..,..,0.5,..,..,..,..,..,..,0.5
JPNge1998,Japan,JPN,East Asia & Pacific,High income,1998,ge,5,1.1788166,0.2527495,0.7643074,1.5933258,74.2614121,4.9144666,66.2016869,82.32113729999999,..,..,..,..,..,..,..,..,..,0.75,..,..,..,..,0.7258333,..,..,..,..,..,..,..,..,..,..,..,..,1,..,..,..,..,0.40208,..,0.75
KAZge1998,Kazakhstan,KAZ,Europe & Central Asia,Upper middle income,1998,ge,3,-1.0827506999999998,0.30123469999999997,-1.5767756,-0.5887258,30.287452199999997,5.8572134,20.6816222,39.893282299999996,..,..,..,..,..,..,..,..,..,0,..,..,..,..,..,..,..,..,..,..,..,..,..,..,..,..,..,0.5,..,..,..,..,..,..,0.25
KENge1998,Kenya,KEN,Sub-Saharan Africa,Lower middle income,1998,ge,3,-0.8450595999999999,0.30123469999999997,-1.3390845,-0.3510347,34.9091227,5.8572134,25.3032927,44.514952799999996,..,..,..,..,..,..,..,..,..,0,..,..,..,..,..,..,..,..,..,..,..,..,..,..,..,..,..,0.5,..,..,..,..,..,..,0.375
KGZge1998,Kyrgyz Republic,KGZ,Europe & Central Asia,Lower middle income,1998,ge,1,-0.28252879999999997,0.44396919999999995,-1.0106382999999999,0.4455807,45.8469829,8.6325462,31.689607199999998,60.004358599999996,..,..,..,..,..,..,..,..,..,..,..,..,..,..,..,..,..,..,..,..,..,..,..,..,..,..,..,..,..,..,..,..,..,..,0.5
KHMge1998,Cambodia,KHM,East Asia & Pacific,Lower middle income,1998,ge,2,-1.0527655,0.3465764,-1.6211508,-0.4843802,30.8704851,6.7388385,19.8187899,41.9221802,..,..,..,..,..,..,..,..,..,0,..,..,..,..,..,..,..,..,..,..,..,..,..,..,..,..,..,..,..,..,..,..,..,..,0.375
KORge1998,"Korea, Rep.",KOR,East Asia & Pacific,High income,1998,ge,5,0.3167817,0.2527495,-0.0977275,0.7312909,57.4999882,4.9144666,49.440263099999996,65.55971339999999,..,..,..,..,..,..,..,..,..,0.5,..,..,..,..,0.5033333,..,..,..,..,..,..,..,..,..,..,..,..,0.75,..,..,..,..,0.3467,..,0.625
KWTge1998,Kuwait,KWT,Middle East & North Africa,High income,1998,ge,3,-0.3071658,0.30123469999999997,-0.8011906999999999,0.1868591,45.3679406,5.8572134,35.7621105,54.973770599999995,..,..,..,..,..,..,..,..,..,0.25,..,..,..,..,..,..,..,..,..,..,..,..,..,..,..,..,..,0.5,..,..,..,..,..,..,0.5
LAOge1998,Lao PDR,LAO,East Asia & Pacific,Lower middle income,1998,ge,1,-0.7988362999999999,0.44396919999999995,-1.5269458,-0.07072679999999999,35.8078895,8.6325462,21.6505138,49.9652652,..,..,..,..,..,..,..,..,..,..,..,..,..,..,..,..,..,..,..,..,..,..,..,..,..,..,..,..,..,..,..,..,..,..,0.375
LBNge1998,Lebanon,LBN,Middle East & North Africa,Lower middle income,1998,ge,3,-0.006963,0.30123469999999997,-0.5009878999999999,0.4870619,51.205089799999996,5.8572134,41.5992598,60.810919899999995,..,..,..,..,..,..,..,..,..,0.5,..,..,..,..,..,..,..,..,..,..,..,..,..,..,..,..,..,0.5,..,..,..,..,..,..,0.5
LBRge1998,Liberia,LBR,Sub-Saharan Africa,Low income,1998,ge,2,-2.0341809,0.3587892,-2.6225951999999997,-1.4457666,11.7878244,6.9763044999999995,0.34668489999999996,23.2289638,..,..,..,..,..,..,..,..,..,..,..,..,..,..,..,..,..,..,..,..,..,..,..,..,..,..,..,0,..,..,..,..,..,..,0.125
LBYge1998,Libya,LBY,Middle East & North Africa,Upper middle income,1998,ge,3,-1.3532658,0.30123469999999997,-1.8472906999999998,-0.8592409,25.027551199999998,5.8572134,15.421721199999999,34.633381299999996,..,..,..,..,..,..,..,..,..,0,..,..,..,..,..,..,..,..,..,..,..,..,..,..,..,..,..,0.25,..,..,..,..,..,..,0.25
LIEge1998,Liechtenstein,LIE,Europe & Central Asia,High income,1998,ge,1,1.2663936,0.44396919999999995,0.5382840999999999,1.9945031,75.964261,8.6325462,61.8068853,90.1216367,..,..,..,..,..,..,..,..,..,..,..,..,..,..,..,..,..,..,..,..,..,..,..,..,..,..,..,..,..,..,..,..,..,..,0.875
LKAge1998,Sri Lanka,LKA,South Asia,Lower middle income,1998,ge,3,-0.6073685,0.30123469999999997,-1.1013933999999999,-0.11334359999999999,39.5307932,5.8572134,29.924963199999997,49.1366233,..,..,..,..,..,..,..,..,..,0,..,..,..,..,..,..,..,..,..,..,..,..,..,..,..,..,..,0.5,..,..,..,..,..,..,0.5
LSOge1998,Lesotho,LSO,Sub-Saharan Africa,Lower middle income,1998,ge,1,0.2337786,0.44396919999999995,-0.49433089999999996,0.9618880999999999,55.8860743,8.6325462,41.7286986,70.04344999999999,..,..,..,..,..,..,..,..,..,..,..,..,..,..,..,..,..,..,..,..,..,..,..,..,..,..,..,..,..,..,..,..,..,..,0.625
LTUge1998,Lithuania,LTU,Europe & Central Asia,High income,1998,ge,3,-0.0694747,0.30123469999999997,-0.5634996,0.4245502,49.9896111,5.8572134,40.383781,59.595441099999995,..,..,..,..,..,..,..,..,..,0.25,..,..,..,..,..,..,..,..,..,..,..,..,..,..,..,..,..,0.5,..,..,..,..,..,..,0.625
LUXge1998,Luxembourg,LUX,Europe & Central Asia,High income,1998,ge,4,1.8414119,0.2839605,1.3757167,2.3071071,87.1449284,5.5213334,78.0899416,96.19991519999999,..,..,..,..,..,..,..,..,..,..,..,..,..,..,0.7641667,..,..,..,..,..,..,..,..,..,..,..,..,1,..,..,..,..,0.63334,..,1
LVAge1998,Latvia,LVA,Europe & Central Asia,High income,1998,ge,3,-0.0694747,0.30123469999999997,-0.5634996,0.4245502,49.9896111,5.8572134,40.383781,59.595441099999995,..,..,..,..,..,..,..,..,..,0.25,..,..,..,..,..,..,..,..,..,..,..,..,..,..,..,..,..,0.5,..,..,..,..,..,..,0.625
MACge1998,"Macao SAR, China",MAC,East Asia & Pacific,High income,1998,ge,1,0.2337786,0.44396919999999995,-0.49433089999999996,0.9618880999999999,55.8860743,8.6325462,41.7286986,70.04344999999999,..,..,..,..,..,..,..,..,..,..,..,..,..,..,..,..,..,..,..,..,..,..,..,..,..,..,..,..,..,..,..,..,..,..,0.625
MARge1998,Morocco,MAR,Middle East & North Africa,Lower middle income,1998,ge,3,-0.006963,0.30123469999999997,-0.5009878999999999,0.4870619,51.205089799999996,5.8572134,41.5992598,60.810919899999995,..,..,..,..,..,..,..,..,..,0.5,..,..,..,..,..,..,..,..,..,..,..,..,..,..,..,..,..,0.5,..,..,..,..,..,..,0.5
MDAge1998,Moldova,MDA,Europe & Central Asia,Upper middle income,1998,ge,3,-0.6073685,0.30123469999999997,-1.1013933999999999,-0.11334359999999999,39.5307932,5.8572134,29.924963199999997,49.1366233,..,..,..,..,..,..,..,..,..,0,..,..,..,..,..,..,..,..,..,..,..,..,..,..,..,..,..,0.5,..,..,..,..,..,..,0.5
MDGge1998,Madagascar,MDG,Sub-Saharan Africa,Low income,1998,ge,2,-0.9760298,0.3587892,-1.5644441,-0.3876155,32.3625355,6.9763044999999995,20.9213961,43.803675,..,..,..,..,..,..,..,..,..,..,..,..,..,..,..,..,..,..,..,..,..,..,..,..,..,..,..,0.25,..,..,..,..,..,..,0.375
MDVge1998,Maldives,MDV,South Asia,Upper middle income,1998,ge,1,0.7500861,0.44396919999999995,0.0219766,1.4781955999999998,65.9251677,8.6325462,51.767792,80.08254339999999,..,..,..,..,..,..,..,..,..,..,..,..,..,..,..,..,..,..,..,..,..,..,..,..,..,..,..,..,..,..,..,..,..,..,0.75
MEXge1998,Mexico,MEX,Latin America & Caribbean,Upper middle income,1998,ge,6,0.0376533,0.25192929999999997,-0.3755108,0.4508174,52.07261,4.8985189,44.039038999999995,60.1061811,..,..,..,..,..,..,..,..,..,0.5,..,..,..,..,0.3358333,..,..,..,..,..,..,..,..,0.16999999999999998,..,..,..,0.75,..,..,..,..,0.43404,..,0.5
MKDge1998,North Macedonia,MKD,Europe & Central Asia,Upper middle income,1998,ge,2,-1.0527655,0.3465764,-1.6211508,-0.4843802,30.8704851,6.7388385,19.8187899,41.9221802,..,..,..,..,..,..,..,..,..,0,..,..,..,..,..,..,..,..,..,..,..,..,..,..,..,..,..,..,..,..,..,..,..,..,0.375
MLIge1998,Mali,MLI,Sub-Saharan Africa,Low income,1998,ge,2,-1.3597903,0.3587892,-1.9482046,-0.771376,24.9006887,6.9763044999999995,13.459549299999999,36.3418281,..,..,..,..,..,..,..,..,..,..,..,..,..,..,..,..,..,..,..,..,..,..,..,..,..,..,..,0,..,..,..,..,..,..,0.375
MLTge1998,Malta,MLT,Middle East & North Africa,High income,1998,ge,2,0.8030771,0.3587892,0.2146628,1.3914914,66.9555257,6.9763044999999995,55.5143863,78.3966652,..,..,..,..,..,..,..,..,..,..,..,..,..,..,..,..,..,..,..,..,..,..,..,..,..,..,..,0.75,..,..,..,..,..,..,0.75
MMRge1998,Myanmar,MMR,East Asia & Pacific,Lower middle income,1998,ge,3,-1.3532658,0.30123469999999997,-1.8472906999999998,-0.8592409,25.027551199999998,5.8572134,15.421721199999999,34.633381299999996,..,..,..,..,..,..,..,..,..,0,..,..,..,..,..,..,..,..,..,..,..,..,..,..,..,..,..,0.25,..,..,..,..,..,..,0.25
MNGge1998,Mongolia,MNG,East Asia & Pacific,Upper middle income,1998,ge,2,-0.5922693,0.3587892,-1.1806836,-0.003855,39.8243824,6.9763044999999995,28.383243,51.265521799999995,..,..,..,..,..,..,..,..,..,..,..,..,..,..,..,..,..,..,..,..,..,..,..,..,..,..,..,0.5,..,..,..,..,..,..,0.375
MOZge1998,Mozambique,MOZ,Sub-Saharan Africa,Low income,1998,ge,3,-0.610505,0.30123469999999997,-1.1045299,-0.11648009999999999,39.4698071,5.8572134,29.863977,49.075637099999994,..,..,..,..,..,..,..,..,..,0.25,..,..,..,..,..,..,..,..,..,..,..,..,..,..,..,..,..,0,..,..,..,..,..,..,0.625
MRTge1998,Mauritania,MRT,Sub-Saharan Africa,Lower middle income,1998,ge,1,-0.28252879999999997,0.44396919999999995,-1.0106382999999999,0.4455807,45.8469829,8.6325462,31.689607199999998,60.004358599999996,..,..,..,..,..,..,..,..,..,..,..,..,..,..,..,..,..,..,..,..,..,..,..,..,..,..,..,..,..,..,..,..,..,..,0.5
MTQge1998,Martinique,MTQ,,,1998,ge,1,0.7500861,0.44396919999999995,0.0219766,1.4781955999999998,65.9251677,8.6325462,51.767792,80.08254339999999,..,..,..,..,..,..,..,..,..,..,..,..,..,..,..,..,..,..,..,..,..,..,..,..,..,..,..,..,..,..,..,..,..,..,0.75
MUSge1998,Mauritius,MUS,Sub-Saharan Africa,Upper middle income,1998,ge,1,0.4620261,0.49107649999999997,-0.34333939999999996,1.2673915999999998,60.3241233,9.5485018,44.6645803,75.9836662,..,..,..,..,..,..,..,..,..,0.5,..,..,..,..,..,..,..,..,..,..,..,..,..,..,..,..,..,..,..,..,..,..,..,..,..
MWIge1998,Malawi,MWI,Sub-Saharan Africa,Low income,1998,ge,3,-0.6073685,0.30123469999999997,-1.1013933999999999,-0.11334359999999999,39.5307932,5.8572134,29.924963199999997,49.1366233,..,..,..,..,..,..,..,..,..,0,..,..,..,..,..,..,..,..,..,..,..,..,..,..,..,..,..,0.5,..,..,..,..,..,..,0.5
MYSge1998,Malaysia,MYS,East Asia & Pacific,Upper middle income,1998,ge,5,0.7309536999999999,0.2527495,0.31644449999999996,1.1454628999999998,65.55315689999999,4.9144666,57.493431699999995,73.6128821,..,..,..,..,..,..,..,..,..,0.5,..,..,..,..,0.6508333,..,..,..,..,..,..,..,..,..,..,..,..,0.75,..,..,..,..,0.5973999999999999,..,0.625
NAMge1998,Namibia,NAM,Sub-Saharan Africa,Lower middle income,1998,ge,3,0.4684191,0.30123469999999997,-0.025605799999999998,0.962444,60.448428899999996,5.8572134,50.8425988,70.0542589,..,..,..,..,..,..,..,..,..,0.5,..,..,..,..,..,..,..,..,..,..,..,..,..,..,..,..,..,0.5,..,..,..,..,..,..,0.75
NERge1998,Niger,NER,Sub-Saharan Africa,Low income,1998,ge,2,-1.3132251,0.3587892,-1.9016393999999999,-0.7248108,25.806103399999998,6.9763044999999995,14.3649639,37.247242799999995,..,..,..,..,..,..,..,..,..,..,..,..,..,..,..,..,..,..,..,..,..,..,..,..,..,..,..,0.25,..,..,..,..,..,..,0.25
NGAge1998,Nigeria,NGA,Sub-Saharan Africa,Lower middle income,1998,ge,3,-1.3235782,0.30123469999999997,-1.8176031,-0.8295532999999999,25.6047975,5.8572134,15.9989674,35.2106275,..,..,..,..,..,..,..,..,..,0.25,..,..,..,..,..,..,..,..,..,..,..,..,..,..,..,..,..,0,..,..,..,..,..,..,0.25
NICge1998,Nicaragua,NIC,Latin America & Caribbean,Lower middle income,1998,ge,5,-1.2123272,0.27177789999999996,-1.658043,-0.7666113999999999,27.767964199999998,5.2844555,19.1014572,36.434471099999996,..,..,..,..,..,..,..,..,..,0,..,..,..,..,0.2475,..,..,..,..,..,..,..,..,0.32999999999999996,..,..,..,0.25,..,..,..,..,..,..,0.375
NLDge1998,Netherlands,NLD,Europe & Central Asia,High income,1998,ge,5,1.9940894999999998,0.2527495,1.5795803,2.4085986999999998,90.1135947,4.9144666,82.05386949999999,98.1733199,..,..,..,..,..,..,..,..,..,1,..,..,..,..,0.7383333,..,..,..,..,..,..,..,..,..,..,..,..,1,..,..,..,..,0.6511,..,1
NORge1998,Norway,NOR,Europe & Central Asia,High income,1998,ge,5,1.8079836,0.2527495,1.3934744,2.2224928,86.49494779999999,4.9144666,78.4352227,94.554673,..,..,..,..,..,..,..,..,..,1,..,..,..,..,0.5833332999999999,..,..,..,..,..,..,..,..,..,..,..,..,1,..,..,..,..,0.62998,..,1
NPLge1998,Nepal,NPL,South Asia,Lower middle income,1998,ge,1,-0.7988362999999999,0.44396919999999995,-1.5269458,-0.07072679999999999,35.8078895,8.6325462,21.6505138,49.9652652,..,..,..,..,..,..,..,..,..,..,..,..,..,..,..,..,..,..,..,..,..,..,..,..,..,..,..,..,..,..,..,..,..,..,0.375
NZLge1998,New Zealand,NZL,East Asia & Pacific,High income,1998,ge,5,1.8920971999999998,0.2527495,1.477588,2.3066063999999997,88.13045439999999,4.9144666,80.0707292,96.1901795,..,..,..,..,..,..,..,..,..,1,..,..,..,..,0.6475,..,..,..,..,..,..,..,..,..,..,..,..,1,..,..,..,..,0.6456,..,1
OMNge1998,Oman,OMN,Middle East & North Africa,High income,1998,ge,3,-0.006963,0.30123469999999997,-0.5009878999999999,0.4870619,51.205089799999996,5.8572134,41.5992598,60.810919899999995,..,..,..,..,..,..,..,..,..,0.5,..,..,..,..,..,..,..,..,..,..,..,..,..,..,..,..,..,0.5,..,..,..,..,..,..,0.5
PAKge1998,Pakistan,PAK,South Asia,Lower middle income,1998,ge,3,-0.5448568,0.30123469999999997,-1.0388817,-0.0508319,40.746272,5.8572134,31.1404419,50.352101999999995,..,..,..,..,..,..,..,..,..,0.25,..,..,..,..,..,..,..,..,..,..,..,..,..,..,..,..,..,0.5,..,..,..,..,..,..,0.375
PANge1998,Panama,PAN,Latin America & Caribbean,High income,1998,ge,4,0.17173149999999998,0.2998489,-0.3200207,0.6634837,54.6796292,5.8302681,45.1179896,64.2412689,..,..,..,..,..,..,..,..,..,0.25,..,..,..,..,..,..,..,..,..,..,..,..,..,0.19999999999999998,..,..,..,0.75,..,..,..,..,..,..,0.625
PERge1998,Peru,PER,Latin America & Caribbean,Upper middle income,1998,ge,5,-0.2306083,0.27177789999999996,-0.6763241,0.21510749999999998,46.856526099999996,5.2844555,38.190019199999995,55.5230331,..,..,..,..,..,..,..,..,..,0.5,..,..,..,..,0.2925,..,..,..,..,..,..,..,..,0.48,..,..,..,0.5,..,..,..,..,..,..,0.5
PHLge1998,Philippines,PHL,East Asia & Pacific,Lower middle income,1998,ge,5,-0.031148199999999997,0.2527495,-0.4456574,0.383361,50.7348323,4.9144666,42.6751071,58.794557499999996,..,..,..,..,..,..,..,..,..,0.5,..,..,..,..,0.38749999999999996,..,..,..,..,..,..,..,..,..,..,..,..,0.75,..,..,..,..,0.4533,..,0.375
PNGge1998,Papua New Guinea,PNG,East Asia & Pacific,Lower middle income,1998,ge,3,-0.5448568,0.30123469999999997,-1.0388817,-0.0508319,40.746272,5.8572134,31.1404419,50.352101999999995,..,..,..,..,..,..,..,..,..,0.25,..,..,..,..,..,..,..,..,..,..,..,..,..,..,..,..,..,0.5,..,..,..,..,..,..,0.375
POLge1998,Poland,POL,Europe & Central Asia,High income,1998,ge,5,0.39370459999999996,0.2527495,-0.0208046,0.8082138,58.9956786,4.9144666,50.9359535,67.0554038,..,..,..,..,..,..,..,..,..,0.5,..,..,..,..,0.4333333,..,..,..,..,..,..,..,..,..,..,..,..,0.75,..,..,..,..,0.49373999999999996,..,0.625
PRIge1998,Puerto Rico (U.S.),PRI,Latin America & Caribbean,High income,1998,ge,1,1.2663936,0.44396919999999995,0.5382840999999999,1.9945031,75.964261,8.6325462,61.8068853,90.1216367,..,..,..,..,..,..,..,..,..,..,..,..,..,..,..,..,..,..,..,..,..,..,..,..,..,..,..,..,..,..,..,..,..,..,0.875
PRKge1998,"Korea, Dem. People's Rep.",PRK,East Asia & Pacific,Low income,1998,ge,2,-2.3713762,0.3587892,-2.9597905,-1.7829618999999999,5.2313922,5.0830889,0.0,16.6725316,..,..,..,..,..,..,..,..,..,..,..,..,..,..,..,..,..,..,..,..,..,..,..,..,..,..,..,0,..,..,..,..,..,..,0
PRTge1998,Portugal,PRT,Europe & Central Asia,High income,1998,ge,5,0.6994226,0.2527495,0.2849134,1.1139318,64.9400656,4.9144666,56.880340399999994,72.99979069999999,..,..,..,..,..,..,..,..,..,0.75,..,..,..,..,0.3941667,..,..,..,..,..,..,..,..,..,..,..,..,0.75,..,..,..,..,0.46318,..,0.75
PRYge1998,Paraguay,PRY,Latin America & Caribbean,Upper middle income,1998,ge,4,-1.0936215999999999,0.2998489,-1.5853738,-0.6018694,30.076078199999998,5.8302681,20.5144386,39.6377179,..,..,..,..,..,..,..,..,..,0,..,..,..,..,..,..,..,..,..,..,..,..,..,0.39999999999999997,..,..,..,0.25,..,..,..,..,..,..,0.375
PSEge1998,West Bank and Gaza,PSE,Middle East & North Africa,Lower middle income,1998,ge,1,-1.3151438,0.44396919999999995,-2.0432533,-0.5870343,25.7687961,8.6325462,11.6114204,39.9261718,..,..,..,..,..,..,..,..,..,..,..,..,..,..,..,..,..,..,..,..,..,..,..,..,..,..,..,..,..,..,..,..,..,..,0.25
QATge1998,Qatar,QAT,Middle East & North Africa,High income,1998,ge,3,0.2307281,0.30123469999999997,-0.2632968,0.724753,55.8267603,5.8572134,46.2209303,65.4325904,..,..,..,..,..,..,..,..,..,0.5,..,..,..,..,..,..,..,..,..,..,..,..,..,..,..,..,..,0.5,..,..,..,..,..,..,0.625
ROUge1998,Romania,ROU,Europe & Central Asia,High income,1998,ge,3,-0.8778836999999999,0.30123469999999997,-1.3719086,-0.3838588,34.2708903,5.8572134,24.6650602,43.876720299999995,..,..,..,..,..,..,..,..,..,0,..,..,..,..,..,..,..,..,..,..,..,..,..,..,..,..,..,0.25,..,..,..,..,..,..,0.5
RUSge1998,Russian Federation,RUS,Europe & Central Asia,High income,1998,ge,5,-0.8671569,0.2527495,-1.2816661,-0.4526477,34.479462399999996,4.9144666,26.4197372,42.5391876,..,..,..,..,..,..,..,..,..,0,..,..,..,..,0.49416669999999996,..,..,..,..,..,..,..,..,..,..,..,..,0.25,..,..,..,..,0.3117,..,0.375
RWAge1998,Rwanda,RWA,Sub-Saharan Africa,Low income,1998,ge,1,-1.3151438,0.44396919999999995,-2.0432533,-0.5870343,25.7687961,8.6325462,11.6114204,39.9261718,..,..,..,..,..,..,..,..,..,..,..,..,..,..,..,..,..,..,..,..,..,..,..,..,..,..,..,..,..,..,..,..,..,..,0.25
SAUge1998,Saudi Arabia,SAU,Middle East & North Africa,High income,1998,ge,3,-0.3071658,0.30123469999999997,-0.8011906999999999,0.1868591,45.3679406,5.8572134,35.7621105,54.973770599999995,..,..,..,..,..,..,..,..,..,0.25,..,..,..,..,..,..,..,..,..,..,..,..,..,..,..,..,..,0.5,..,..,..,..,..,..,0.5
SDNge1998,Sudan,SDN,Sub-Saharan Africa,Low income,1998,ge,3,-1.1155747999999999,0.30123469999999997,-1.6095997,-0.6215499,29.649219799999997,5.8572134,20.0433897,39.255049799999995,..,..,..,..,..,..,..,..,..,0,..,..,..,..,..,..,..,..,..,..,..,..,..,..,..,..,..,0.25,..,..,..,..,..,..,0.375
SENge1998,Senegal,SEN,Sub-Saharan Africa,Lower middle income,1998,ge,3,-0.5776808999999999,0.30123469999999997,-1.0717058,-0.083656,40.1080395,5.8572134,30.5022095,49.713869599999995,..,..,..,..,..,..,..,..,..,0.25,..,..,..,..,..,..,..,..,..,..,..,..,..,..,..,..,..,0.25,..,..,..,..,..,..,0.5
SGPge1998,Singapore,SGP,East Asia & Pacific,High income,1998,ge,5,2.3094802,0.2527495,1.894971,2.7239894,96.2460578,3.6017278999999998,88.1863326,100.0,..,..,..,..,..,..,..,..,..,1,..,..,..,..,0.9025,..,..,..,..,..,..,..,..,..,..,..,..,1,..,..,..,..,0.78852,..,1
SLEge1998,Sierra Leone,SLE,Sub-Saharan Africa,Low income,1998,ge,2,-2.0341809,0.3587892,-2.6225951999999997,-1.4457666,11.7878244,6.9763044999999995,0.34668489999999996,23.2289638,..,..,..,..,..,..,..,..,..,..,..,..,..,..,..,..,..,..,..,..,..,..,..,..,..,..,..,0,..,..,..,..,..,..,0.125
SLVge1998,El Salvador,SLV,Latin America & Caribbean,Upper middle income,1998,ge,5,-0.8917004,0.27177789999999996,-1.3374161999999998,-0.44598459999999995,34.0022381,5.2844555,25.3357311,42.668745,..,..,..,..,..,..,..,..,..,0,..,..,..,..,0.3333333,..,..,..,..,..,..,..,..,0.3,..,..,..,0.5,..,..,..,..,..,..,0.375
SOMge1998,Federal Republic of Somalia,SOM,Sub-Saharan Africa,Low income,1998,ge,2,-2.0341809,0.3587892,-2.6225951999999997,-1.4457666,11.7878244,6.9763044999999995,0.34668489999999996,23.2289638,..,..,..,..,..,..,..,..,..,..,..,..,..,..,..,..,..,..,..,..,..,..,..,..,..,..,..,0,..,..,..,..,..,..,0.125
SRBge1998,Serbia,SRB,Europe & Central Asia,Upper middle income,1998,ge,3,-0.8450595999999999,0.30123469999999997,-1.3390845,-0.3510347,34.9091227,5.8572134,25.3032927,44.514952799999996,..,..,..,..,..,..,..,..,..,0,..,..,..,..,..,..,..,..,..,..,..,..,..,..,..,..,..,0.5,..,..,..,..,..,..,0.375
STPge1998,São Tomé and Príncipe,STP,Sub-Saharan Africa,Lower middle income,1998,ge,1,-0.7988362999999999,0.44396919999999995,-1.5269458,-0.07072679999999999,35.8078895,8.6325462,21.6505138,49.9652652,..,..,..,..,..,..,..,..,..,..,..,..,..,..,..,..,..,..,..,..,..,..,..,..,..,..,..,..,..,..,..,..,..,..,0.375
SURge1998,Suriname,SUR,Latin America & Caribbean,Upper middle income,1998,ge,2,-0.25507399999999997,0.3587892,-0.8434883,0.3333403,46.3808146,6.9763044999999995,34.939675099999995,57.821954,..,..,..,..,..,..,..,..,..,..,..,..,..,..,..,..,..,..,..,..,..,..,..,..,..,..,..,0.5,..,..,..,..,..,..,0.5
SVKge1998,Slovak Republic,SVK,Europe & Central Asia,High income,1998,ge,4,0.35606519999999997,0.2728086,-0.0913409,0.8034713,58.2638174,5.3044959,49.5644442,66.96319059999999,..,..,..,..,..,..,..,..,..,0.5,..,..,..,..,0.6074999999999999,..,..,..,..,..,..,..,..,..,..,..,..,0.75,..,..,..,..,..,..,0.5
SVNge1998,Slovenia,SVN,Europe & Central Asia,High income,1998,ge,3,0.5012432,0.30123469999999997,0.0072182999999999995,0.9952681,61.086661299999996,5.8572134,51.4808313,70.6924914,..,..,..,..,..,..,..,..,..,0.5,..,..,..,..,..,..,..,..,..,..,..,..,..,..,..,..,..,0.75,..,..,..,..,..,..,0.625
SWEge1998,Sweden,SWE,Europe & Central Asia,High income,1998,ge,5,1.7775736999999998,0.2527495,1.3630645,2.1920829,85.90365709999999,4.9144666,77.843932,93.96338229999999,..,..,..,..,..,..,..,..,..,1,..,..,..,..,0.6425,..,..,..,..,..,..,..,..,..,..,..,..,1,..,..,..,..,0.53936,..,1
SWZge1998,Eswatini,SWZ,Sub-Saharan Africa,Lower middle income,1998,ge,1,-0.28252879999999997,0.44396919999999995,-1.0106382999999999,0.4455807,45.8469829,8.6325462,31.689607199999998,60.004358599999996,..,..,..,..,..,..,..,..,..,..,..,..,..,..,..,..,..,..,..,..,..,..,..,..,..,..,..,..,..,..,..,..,..,..,0.5
SYCge1998,Seychelles,SYC,Sub-Saharan Africa,High income,1998,ge,1,0.7500861,0.44396919999999995,0.0219766,1.4781955999999998,65.9251677,8.6325462,51.767792,80.08254339999999,..,..,..,..,..,..,..,..,..,..,..,..,..,..,..,..,..,..,..,..,..,..,..,..,..,..,..,..,..,..,..,..,..,..,0.75
SYRge1998,Syrian Arab Republic,SYR,Middle East & North Africa,Low income,1998,ge,3,-1.3532658,0.30123469999999997,-1.8472906999999998,-0.8592409,25.027551199999998,5.8572134,15.421721199999999,34.633381299999996,..,..,..,..,..,..,..,..,..,0,..,..,..,..,..,..,..,..,..,..,..,..,..,..,..,..,..,0.25,..,..,..,..,..,..,0.25
TCDge1998,Chad,TCD,Sub-Saharan Africa,Low income,1998,ge,1,-0.7988362999999999,0.44396919999999995,-1.5269458,-0.07072679999999999,35.8078895,8.6325462,21.6505138,49.9652652,..,..,..,..,..,..,..,..,..,..,..,..,..,..,..,..,..,..,..,..,..,..,..,..,..,..,..,..,..,..,..,..,..,..,0.375
TGOge1998,Togo,TGO,Sub-Saharan Africa,Low income,1998,ge,2,-1.3597903,0.3587892,-1.9482046,-0.771376,24.9006887,6.9763044999999995,13.459549299999999,36.3418281,..,..,..,..,..,..,..,..,..,..,..,..,..,..,..,..,..,..,..,..,..,..,..,..,..,..,..,0,..,..,..,..,..,..,0.375
THAge1998,Thailand,THA,East Asia & Pacific,Upper middle income,1998,ge,5,0.09243459999999999,0.2527495,-0.3220746,0.5069437999999999,53.1377787,4.9144666,45.078053499999996,61.197503899999994,..,..,..,..,..,..,..,..,..,0.5,..,..,..,..,0.445,..,..,..,..,..,..,..,..,..,..,..,..,0.5,..,..,..,..,0.3739,..,0.625
TJKge1998,Tajikistan,TJK,Europe & Central Asia,Lower middle income,1998,ge,1,-1.3151438,0.44396919999999995,-2.0432533,-0.5870343,25.7687961,8.6325462,11.6114204,39.9261718,..,..,..,..,..,..,..,..,..,..,..,..,..,..,..,..,..,..,..,..,..,..,..,..,..,..,..,..,..,..,..,..,..,..,0.25
TKMge1998,Turkmenistan,TKM,Europe & Central Asia,Upper middle income,1998,ge,1,-1.3151438,0.44396919999999995,-2.0432533,-0.5870343,25.7687961,8.6325462,11.6114204,39.9261718,..,..,..,..,..,..,..,..,..,..,..,..,..,..,..,..,..,..,..,..,..,..,..,..,..,..,..,..,..,..,..,..,..,..,0.25
TTOge1998,Trinidad and Tobago,TTO,Latin America & Caribbean,High income,1998,ge,3,0.2635522,0.30123469999999997,-0.2304727,0.7575771,56.4649928,5.8572134,46.8591627,66.0708228,..,..,..,..,..,..,..,..,..,0.5,..,..,..,..,..,..,..,..,..,..,..,..,..,..,..,..,..,0.75,..,..,..,..,..,..,0.5
TUNge1998,Tunisia,TUN,Middle East & North Africa,Lower middle income,1998,ge,3,0.5309307999999999,0.30123469999999997,0.0369059,1.0249557,61.663907599999995,5.8572134,52.0580776,71.2697377,..,..,..,..,..,..,..,..,..,0.75,..,..,..,..,..,..,..,..,..,..,..,..,..,..,..,..,..,0.5,..,..,..,..,..,..,0.625
TURge1998,Türkiye,TUR,Europe & Central Asia,Upper middle income,1998,ge,5,-0.2913524,0.2527495,-0.7058616,0.1231568,45.6754166,4.9144666,37.615691399999996,53.7351418,..,..,..,..,..,..,..,..,..,0.25,..,..,..,..,0.4216667,..,..,..,..,..,..,..,..,..,..,..,..,0.5,..,..,..,..,0.39299999999999996,..,0.5
TWNge1998,"Taiwan, China",TWN,East Asia & Pacific,High income,1998,ge,5,0.8598905,0.2527495,0.4453813,1.2743997,68.0602066,4.9144666,60.0004814,76.1199318,..,..,..,..,..,..,..,..,..,0.75,..,..,..,..,0.64,..,..,..,..,..,..,..,..,..,..,..,..,0.75,..,..,..,..,0.52842,..,0.625
TZAge1998,Tanzania,TZA,Sub-Saharan Africa,Lower middle income,1998,ge,3,-0.815372,0.30123469999999997,-1.3093968999999999,-0.3213471,35.486368999999996,5.8572134,25.880539,45.092199099999995,..,..,..,..,..,..,..,..,..,0.25,..,..,..,..,..,..,..,..,..,..,..,..,..,..,..,..,..,0.25,..,..,..,..,..,..,0.375
UGAge1998,Uganda,UGA,Sub-Saharan Africa,Low income,1998,ge,3,-0.5448568,0.30123469999999997,-1.0388817,-0.0508319,40.746272,5.8572134,31.1404419,50.352101999999995,..,..,..,..,..,..,..,..,..,0.25,..,..,..,..,..,..,..,..,..,..,..,..,..,..,..,..,..,0.5,..,..,..,..,..,..,0.375
UKRge1998,Ukraine,UKR,Europe & Central Asia,Upper middle income,1998,ge,4,-1.1883009,0.2728086,-1.635707,-0.7408948,28.235132,5.3044958,19.535758899999998,36.9345052,..,..,..,..,..,..,..,..,..,0,..,..,..,..,0.4308333,..,..,..,..,..,..,..,..,..,..,..,..,0.25,..,..,..,..,..,..,0.25
URYge1998,Uruguay,URY,Latin America & Caribbean,High income,1998,ge,4,0.4660373,0.2998489,-0.0257149,0.9577895,60.4021171,5.830267999999999,50.8404775,69.96375669999999,..,..,..,..,..,..,..,..,..,0.5,..,..,..,..,..,..,..,..,..,..,..,..,..,0.35,..,..,..,0.5,..,..,..,..,..,..,0.75
USAge1998,United States,USA,North America,High income,1998,ge,5,1.7051915,0.2527495,1.2906822999999998,2.1197007,84.49625619999999,4.9144666,76.436531,92.5559814,..,..,..,..,..,..,..,..,..,1,..,..,..,..,0.6675,..,..,..,..,..,..,..,..,..,..,..,..,1,..,..,..,..,0.6059289999999999,..,0.875
UZBge1998,Uzbekistan,UZB,Europe & Central Asia,Lower middle income,1998,ge,1,-1.1336066,0.49107649999999997,-1.9389721,-0.3282411,29.2986091,9.5485018,13.6390662,44.958152,..,..,..,..,..,..,..,..,..,0,..,..,..,..,..,..,..,..,..,..,..,..,..,..,..,..,..,..,..,..,..,..,..,..,..
VENge1998,"Venezuela, RB",VEN,Latin America & Caribbean,,1998,ge,6,-0.921342,0.25192929999999997,-1.3345061,-0.5081779,33.4258862,4.8985189,25.3923152,41.4594573,..,..,..,..,..,..,..,..,..,0,..,..,..,..,0.295,..,..,..,..,..,..,..,..,0.16,..,..,..,0.25,..,..,..,..,0.3202487,..,0.5
VNMge1998,Viet Nam,VNM,East Asia & Pacific,Lower middle income,1998,ge,4,-0.45421639999999996,0.2728086,-0.9016225,-0.0068103,42.5086857,5.3044958,33.8093126,51.2080589,..,..,..,..,..,..,..,..,..,0.25,..,..,..,..,0.48833329999999997,..,..,..,..,..,..,..,..,..,..,..,..,0.5,..,..,..,..,..,..,0.375
WSMge1998,Samoa,WSM,East Asia & Pacific,Upper middle income,1998,ge,1,-0.28252879999999997,0.44396919999999995,-1.0106382999999999,0.4455807,45.8469829,8.6325462,31.689607199999998,60.004358599999996,..,..,..,..,..,..,..,..,..,..,..,..,..,..,..,..,..,..,..,..,..,..,..,..,..,..,..,..,..,..,..,..,..,..,0.5
YEMge1998,"Yemen, Rep.",YEM,Middle East & North Africa,Low income,1998,ge,3,-1.1155747999999999,0.30123469999999997,-1.6095997,-0.6215499,29.649219799999997,5.8572134,20.0433897,39.255049799999995,..,..,..,..,..,..,..,..,..,0,..,..,..,..,..,..,..,..,..,..,..,..,..,..,..,..,..,0.25,..,..,..,..,..,..,0.375
ZAFge1998,South Africa,ZAF,Sub-Saharan Africa,Upper middle income,1998,ge,5,0.3061487,0.2527495,-0.1083605,0.7206579,57.29324,4.9144666,49.233514799999995,65.3529652,..,..,..,..,..,..,..,..,..,0.5,..,..,..,..,0.4016667,..,..,..,..,..,..,..,..,..,..,..,..,0.5,..,..,..,..,0.46371999999999997,..,0.75
ZMBge1998,Zambia,ZMB,Sub-Saharan Africa,Lower middle income,1998,ge,3,-1.3532658,0.30123469999999997,-1.8472906999999998,-0.8592409,25.027551199999998,5.8572134,15.421721199999999,34.633381299999996,..,..,..,..,..,..,..,..,..,0,..,..,..,..,..,..,..,..,..,..,..,..,..,..,..,..,..,0.25,..,..,..,..,..,..,0.25
ZWEge1998,Zimbabwe,ZWE,Sub-Saharan Africa,Lower middle income,1998,ge,4,-0.2953075,0.2728086,-0.7427136,0.1520986,45.5985136,5.3044958,36.8991404,54.2978867,..,..,..,..,..,..,..,..,..,0.25,..,..,..,..,0.4591667,..,..,..,..,..,..,..,..,..,..,..,..,0.5,..,..,..,..,..,..,0.5
ADOge2000,Andorra,ADO,,,2000,ge,1,0.7532430999999999,0.44396919999999995,0.0251336,1.4813526,65.9865524,8.6325462,51.8291767,80.1439281,..,..,..,..,..,..,..,..,..,..,..,..,..,..,..,..,..,..,..,..,..,..,..,..,..,..,..,..,..,..,..,..,..,..,0.75
AFGge2000,Afghanistan,AFG,South Asia,Low income,2000,ge,1,-2.3446016999999997,0.44396919999999995,-3.0727111999999996,-1.6164922,5.7519960999999995,6.0699304,0.0,19.9093718,..,..,..,..,..,..,..,..,..,..,..,..,..,..,..,..,..,..,..,..,..,..,..,..,..,..,..,..,..,..,..,..,..,..,0
AGOge2000,Angola,AGO,Sub-Saharan Africa,Lower middle income,2000,ge,3,-1.1141214,0.30123469999999997,-1.6081463,-0.6200964999999999,29.6774797,5.8572134,20.0716497,39.2833098,..,..,..,..,..,..,..,..,..,0,..,..,..,..,..,..,..,..,..,..,..,..,..,..,..,..,..,0.25,..,..,..,..,..,..,0.375
ALBge2000,Albania,ALB,Europe & Central Asia,Upper middle income,2000,ge,3,-1.1093724,0.3565056,-1.6940415999999998,-0.5247031999999999,29.7698194,6.9319022,18.4014997,41.138138999999995,..,..,..,..,..,0.33954449999999997,..,..,..,..,..,..,..,..,..,..,..,..,..,..,..,..,..,..,..,..,..,0.25,..,..,..,..,..,..,0.375
AREge2000,United Arab Emirates,ARE,Middle East & North Africa,High income,2000,ge,3,0.7403877,0.30123469999999997,0.2463628,1.2344126,65.7365918,5.8572134,56.1307617,75.3424218,..,..,..,..,..,..,..,..,..,0.5,..,..,..,..,..,..,..,..,..,..,..,..,..,..,..,..,..,0.75,..,..,..,..,..,..,0.75
ARGge2000,Argentina,ARG,Latin America & Caribbean,Upper middle income,2000,ge,6,0.0107824,0.25192929999999997,-0.4023817,0.4239465,51.550131699999994,4.8985189,43.5165607,59.5837028,..,..,..,..,..,..,..,..,..,0.5,..,..,..,..,0.40833329999999995,..,..,..,..,..,..,..,..,0.19999999999999998,..,..,..,0.75,..,..,..,..,0.32788,..,0.5
ARMge2000,Armenia,ARM,Europe & Central Asia,Upper middle income,2000,ge,3,-0.6449406999999999,0.3565056,-1.2296099,-0.0602715,38.8002386,6.9319022,27.431918999999997,50.1685583,..,..,..,..,..,0.736,..,..,..,..,..,..,..,..,..,..,..,..,..,..,..,..,..,..,..,..,..,0.25,..,..,..,..,..,..,0.5
ATGge2000,Antigua and Barbuda,ATG,Latin America & Caribbean,High income,2000,ge,1,0.7532430999999999,0.44396919999999995,0.0251336,1.4813526,65.9865524,8.6325462,51.8291767,80.1439281,..,..,..,..,..,..,..,..,..,..,..,..,..,..,..,..,..,..,..,..,..,..,..,..,..,..,..,..,..,..,..,..,..,..,0.75
AUSge2000,Australia,AUS,East Asia & Pacific,High income,2000,ge,5,1.7893043,0.2527495,1.3747951,2.2038135,86.13174719999999,4.9144666,78.07202199999999,94.1914723,..,..,..,..,..,..,..,..,..,0.75,..,..,..,..,0.7916667,..,..,..,..,..,..,..,..,..,..,..,..,1,..,..,..,..,0.6014605,..,1
AUTge2000,Austria,AUT,Europe & Central Asia,High income,2000,ge,5,1.9747909,0.2527495,1.5602817,2.3893001,89.7383523,4.9144666,81.6786271,97.79807749999999,..,..,..,..,..,..,..,..,..,1,..,..,..,..,0.9333332999999999,..,..,..,..,..,..,..,..,..,..,..,..,1,..,..,..,..,0.5929266,..,0.875
AZEge2000,Azerbaijan,AZE,Europe & Central Asia,Upper middle income,2000,ge,4,-1.3849616999999999,0.29987939999999996,-1.8767638999999998,-0.8931595,24.4112555,5.830860899999999,14.848643699999998,33.9738673,..,..,..,..,..,0.5920398,..,..,..,0,..,..,..,..,..,..,..,..,..,..,..,..,..,..,..,..,..,0.25,..,..,..,..,..,..,0.25
BDIge2000,Burundi,BDI,Sub-Saharan Africa,Low income,2000,ge,1,-1.8282942,0.44396919999999995,-2.5564036999999997,-1.1001847,15.7910895,8.6325462,1.6337138,29.948465199999998,..,..,..,..,..,..,..,..,..,..,..,..,..,..,..,..,..,..,..,..,..,..,..,..,..,..,..,..,..,..,..,..,..,..,0.125
BELge2000,Belgium,BEL,Europe & Central Asia,High income,2000,ge,5,1.7838968,0.2527495,1.3693876,2.198406,86.0266036,4.9144666,77.9668784,94.08632879999999,..,..,..,..,..,..,..,..,..,1,..,..,..,..,0.8666667,..,..,..,..,..,..,..,..,..,..,..,..,1,..,..,..,..,0.47601899999999997,..,0.875
BENge2000,Benin,BEN,Sub-Saharan Africa,Lower middle income,2000,ge,1,-0.7956793,0.44396919999999995,-1.5237888,-0.0675698,35.8692743,8.6325462,21.711898599999998,50.02665,..,..,..,..,..,..,..,..,..,..,..,..,..,..,..,..,..,..,..,..,..,..,..,..,..,..,..,..,..,..,..,..,..,..,0.375
BFAge2000,Burkina Faso,BFA,Sub-Saharan Africa,Low income,2000,ge,2,-0.973968,0.3587892,-1.5623823,-0.3855537,32.402625199999996,6.9763044999999995,20.9614858,43.8437647,..,..,..,..,..,..,..,..,..,..,..,..,..,..,..,..,..,..,..,..,..,..,..,..,..,..,..,0.25,..,..,..,..,..,..,0.375
BGDge2000,Bangladesh,BGD,South Asia,Lower middle income,2000,ge,4,-0.8710785,0.2728086,-1.3184846,-0.4236724,34.403210699999995,5.3044958,25.7038376,43.1025839,..,..,..,..,..,..,..,..,..,0.25,..,..,..,..,0.15,..,..,..,..,..,..,..,..,..,..,..,..,0.5,..,..,..,..,..,..,0.375
BGRge2000,Bulgaria,BGR,Europe & Central Asia,High income,2000,ge,5,-0.3193332,0.2718006,-0.7650861999999999,0.1264198,45.1313574,5.284896499999999,36.4641271,53.7985876,..,..,..,..,..,0.5952381,..,..,..,0.25,..,..,..,..,0.4666667,..,..,..,..,..,..,..,..,..,..,..,..,0.5,..,..,..,..,..,..,0.5
BHRge2000,Bahrain,BHR,Middle East & North Africa,High income,2000,ge,3,0.46987249999999997,0.30123469999999997,-0.024152399999999997,0.9638973999999999,60.4766888,5.8572134,50.8708588,70.0825189,..,..,..,..,..,..,..,..,..,0.5,..,..,..,..,..,..,..,..,..,..,..,..,..,..,..,..,..,0.5,..,..,..,..,..,..,0.75
BHSge2000,"Bahamas, The",BHS,Latin America & Caribbean,High income,2000,ge,2,1.1423341999999999,0.3587892,0.5539199,1.7307485,73.5520476,6.9763044999999995,62.110908099999996,84.99318699999999,..,..,..,..,..,..,..,..,..,..,..,..,..,..,..,..,..,..,..,..,..,..,..,..,..,..,..,0.75,..,..,..,..,..,..,0.875
BIHge2000,Bosnia and Herzegovina,BIH,Europe & Central Asia,Upper middle income,2000,ge,3,-1.4050976,0.3445168,-1.9701052,-0.84009,24.019732599999998,6.6987920999999995,13.033713599999999,35.0057517,..,..,..,..,..,0.6048387,..,..,..,0,..,..,..,..,..,..,..,..,..,..,..,..,..,..,..,..,..,..,..,..,..,..,..,..,0.25
BLRge2000,Belarus,BLR,Europe & Central Asia,Upper middle income,2000,ge,3,-1.3091068,0.3565056,-1.893776,-0.7244376,25.8861797,6.9319022,14.5178601,37.2544993,..,..,..,..,..,0.7410256,..,..,..,..,..,..,..,..,..,..,..,..,..,..,..,..,..,..,..,..,..,0.25,..,..,..,..,..,..,0.25
BLZge2000,Belize,BLZ,Latin America & Caribbean,Upper middle income,2000,ge,1,-0.2793718,0.44396919999999995,-1.0074813,0.44873769999999996,45.9083676,8.6325462,31.7509919,60.065743299999994,..,..,..,..,..,..,..,..,..,..,..,..,..,..,..,..,..,..,..,..,..,..,..,..,..,..,..,..,..,..,..,..,..,..,0.5
BMUge2000,Bermuda,BMU,North America,High income,2000,ge,1,0.7532430999999999,0.44396919999999995,0.0251336,1.4813526,65.9865524,8.6325462,51.8291767,80.1439281,..,..,..,..,..,..,..,..,..,..,..,..,..,..,..,..,..,..,..,..,..,..,..,..,..,..,..,..,..,..,..,..,..,..,0.75
BOLge2000,Bolivia,BOL,Latin America & Caribbean,Lower middle income,2000,ge,5,-0.4884996,0.27177789999999996,-0.9342153999999999,-0.0427838,41.8420825,5.2844555,33.1755756,50.5085895,..,..,..,..,..,..,..,..,..,0.5,..,..,..,..,0.1166667,..,..,..,..,..,..,..,..,0.21,..,..,..,0.5,..,..,..,..,..,..,0.5
BRAge2000,Brazil,BRA,Latin America & Caribbean,Upper middle income,2000,ge,6,-0.161961,0.25192929999999997,-0.5751251,0.2512031,48.1913056,4.8985189,40.1577346,56.224876599999995,..,..,..,..,..,..,..,..,..,0.25,..,..,..,..,0.375,..,..,..,..,..,..,..,..,0.24,..,..,..,0.5,..,..,..,..,0.4157801,..,0.625
BRBge2000,Barbados,BRB,Latin America & Caribbean,High income,2000,ge,1,0.7532430999999999,0.44396919999999995,0.0251336,1.4813526,65.9865524,8.6325462,51.8291767,80.1439281,..,..,..,..,..,..,..,..,..,..,..,..,..,..,..,..,..,..,..,..,..,..,..,..,..,..,..,..,..,..,..,..,..,..,0.75
BRNge2000,Brunei Darussalam,BRN,East Asia & Pacific,High income,2000,ge,2,0.46794359999999996,0.3587892,-0.1204707,1.0563578999999998,60.439183199999995,6.9763044999999995,48.9980438,71.8803227,..,..,..,..,..,..,..,..,..,..,..,..,..,..,..,..,..,..,..,..,..,..,..,..,..,..,..,0.75,..,..,..,..,..,..,0.625
BTNge2000,Bhutan,BTN,South Asia,Lower middle income,2000,ge,1,0.2369357,0.44396919999999995,-0.4911738,0.9650451999999999,55.947461,8.6325462,41.7900853,70.10483669999999,..,..,..,..,..,..,..,..,..,..,..,..,..,..,..,..,..,..,..,..,..,..,..,..,..,..,..,..,..,..,..,..,..,..,0.625
BWAge2000,Botswana,BWA,Sub-Saharan Africa,Upper middle income,2000,ge,3,0.23218149999999999,0.30123469999999997,-0.2618434,0.7262063999999999,55.8550203,5.8572134,46.2491902,65.46085029999999,..,..,..,..,..,..,..,..,..,0.5,..,..,..,..,..,..,..,..,..,..,..,..,..,..,..,..,..,0.5,..,..,..,..,..,..,0.625
CAFge2000,Central African Republic,CAF,Sub-Saharan Africa,Low income,2000,ge,1,-1.3119868,0.44396919999999995,-2.0400963,-0.5838772999999999,25.8301809,8.6325462,11.672805199999999,39.9875566,..,..,..,..,..,..,..,..,..,..,..,..,..,..,..,..,..,..,..,..,..,..,..,..,..,..,..,..,..,..,..,..,..,..,0.25
CANge2000,Canada,CAN,North America,High income,2000,ge,5,1.9204676999999999,0.2527495,1.5059585,2.3349769,88.68209089999999,4.9144666,80.6223657,96.7418161,..,..,..,..,..,..,..,..,..,1,..,..,..,..,0.8583333,..,..,..,..,..,..,..,..,..,..,..,..,1,..,..,..,..,0.6174603,..,0.875
CHEge2000,Switzerland,CHE,Europe & Central Asia,High income,2000,ge,5,2.0696735,0.2527495,1.6551643,2.4841827,91.5832515,4.9144666,83.5235263,99.64297669999999,..,..,..,..,..,..,..,..,..,1,..,..,..,..,0.9666667,..,..,..,..,..,..,..,..,..,..,..,..,1,..,..,..,..,0.6508311999999999,..,0.875
CHLge2000,Chile,CHL,Latin America & Caribbean,High income,2000,ge,6,0.9391959,0.25192929999999997,0.5260317999999999,1.35236,69.6022224,4.8985189,61.5686514,77.6357934,..,..,..,..,..,..,..,..,..,0.75,..,..,..,..,0.36666669999999996,..,..,..,..,..,..,..,..,0.5,..,..,..,0.75,..,..,..,..,0.5453446,..,0.875
CHNge2000,China,CHN,East Asia & Pacific,Upper middle income,2000,ge,5,-0.4964127,0.2527495,-0.9109219,-0.08190349999999999,41.68822,4.9144666,33.6284949,49.7479452,..,..,..,..,..,..,..,..,..,0.25,..,..,..,..,0.35,..,..,..,..,..,..,..,..,..,..,..,..,0.5,..,..,..,..,0.4292434,..,0.375
CIVge2000,Côte d’Ivoire,CIV,Sub-Saharan Africa,Lower middle income,2000,ge,3,-1.1469455,0.30123469999999997,-1.6409703999999998,-0.6529206,29.0392472,5.8572134,19.433417199999997,38.6450773,..,..,..,..,..,..,..,..,..,0,..,..,..,..,..,..,..,..,..,..,..,..,..,..,..,..,..,0,..,..,..,..,..,..,0.5
CMRge2000,Cameroon,CMR,Sub-Saharan Africa,Lower middle income,2000,ge,3,-1.0516097,0.30123469999999997,-1.5456345999999999,-0.5575848,30.8929585,5.8572134,21.2871284,40.498788499999996,..,..,..,..,..,..,..,..,..,0.25,..,..,..,..,..,..,..,..,..,..,..,..,..,..,..,..,..,0.25,..,..,..,..,..,..,0.25
CODge2000,"Congo, Dem. Rep.",COD,Sub-Saharan Africa,Low income,2000,ge,2,-2.0321191,0.3587892,-2.6205334,-1.4437048,11.827914,6.9763044999999995,0.38677459999999997,23.2690535,..,..,..,..,..,..,..,..,..,..,..,..,..,..,..,..,..,..,..,..,..,..,..,..,..,..,..,0,..,..,..,..,..,..,0.125
COGge2000,"Congo, Rep.",COG,Sub-Saharan Africa,Lower middle income,2000,ge,2,-1.3111633,0.3587892,-1.8995776,-0.722749,25.846193099999997,6.9763044999999995,14.405053599999999,37.2873325,..,..,..,..,..,..,..,..,..,..,..,..,..,..,..,..,..,..,..,..,..,..,..,..,..,..,..,0.25,..,..,..,..,..,..,0.25
COLge2000,Colombia,COL,Latin America & Caribbean,Upper middle income,2000,ge,6,-0.4859849,0.25192929999999997,-0.899149,-0.07282079999999999,41.8909784,4.8985189,33.8574074,49.9245494,..,..,..,..,..,..,..,..,..,0.5,..,..,..,..,0.3,..,..,..,..,..,..,..,..,0.18,..,..,..,0.5,..,..,..,..,0.304,..,0.375
COMge2000,Comoros,COM,Sub-Saharan Africa,Lower middle income,2000,ge,1,-1.3119868,0.44396919999999995,-2.0400963,-0.5838772999999999,25.8301809,8.6325462,11.672805199999999,39.9875566,..,..,..,..,..,..,..,..,..,..,..,..,..,..,..,..,..,..,..,..,..,..,..,..,..,..,..,..,..,..,..,..,..,..,0.25
CRIge2000,Costa Rica,CRI,Latin America & Caribbean,High income,2000,ge,5,0.1089203,0.27177789999999996,-0.33679549999999997,0.5546361,53.458327,5.2844555,44.791820099999995,62.124834,..,..,..,..,..,..,..,..,..,0.5,..,..,..,..,0.44999999999999996,..,..,..,..,..,..,..,..,0.18,..,..,..,0.5,..,..,..,..,..,..,0.625
CUBge2000,Cuba,CUB,Latin America & Caribbean,Upper middle income,2000,ge,3,-0.4808917,0.30123469999999997,-0.9749165999999999,0.0131332,41.9900107,5.8572134,32.3841806,51.5958407,..,..,..,..,..,..,..,..,..,0.5,..,..,..,..,..,..,..,..,..,..,..,..,..,..,..,..,..,0.5,..,..,..,..,..,..,0.25
CYMge2000,Cayman Islands,CYM,Latin America & Caribbean,High income,2000,ge,1,1.7858581,0.44396919999999995,1.0577486,2.5139676,86.06473919999999,8.5648282,71.9073635,100.0,..,..,..,..,..,..,..,..,..,..,..,..,..,..,..,..,..,..,..,..,..,..,..,..,..,..,..,..,..,..,..,..,..,..,1
CYPge2000,Cyprus,CYP,Europe & Central Asia,High income,2000,ge,3,1.3111055999999999,0.30123469999999997,0.8170807,1.8051305,76.83364209999999,5.8572134,67.227812,86.43947209999999,..,..,..,..,..,..,..,..,..,0.75,..,..,..,..,..,..,..,..,..,..,..,..,..,..,..,..,..,1,..,..,..,..,..,..,0.75
CZEge2000,Czechia,CZE,Europe & Central Asia,High income,2000,ge,6,0.5125501,0.2519474,0.0993564,0.9257438,61.306512899999994,4.8988699,53.272366299999995,69.3406595,..,..,..,..,..,0.5228311,..,..,..,0.5,..,..,..,..,0.5583332999999999,..,..,..,..,..,..,..,..,..,..,..,..,0.75,..,..,..,..,0.3623188,..,0.75
DEUge2000,Germany,DEU,Europe & Central Asia,High income,2000,ge,6,1.7619844,0.2479226,1.3553913,2.1685775,85.6005385,4.8206124,77.69473409999999,93.50634289999999,..,..,..,..,..,..,..,..,..,1,..,0.182,..,..,0.8999999999999999,..,..,..,..,..,..,..,..,..,..,..,..,1,..,..,..,..,0.5415224,..,0.875
DJIge2000,Djibouti,DJI,Middle East & North Africa,Lower middle income,2000,ge,1,-1.3119868,0.44396919999999995,-2.0400963,-0.5838772999999999,25.8301809,8.6325462,11.672805199999999,39.9875566,..,..,..,..,..,..,..,..,..,..,..,..,..,..,..,..,..,..,..,..,..,..,..,..,..,..,..,..,..,..,..,..,..,..,0.25
DMAge2000,Dominica,DMA,Latin America & Caribbean,Upper middle income,2000,ge,1,0.7532430999999999,0.44396919999999995,0.0251336,1.4813526,65.9865524,8.6325462,51.8291767,80.1439281,..,..,..,..,..,..,..,..,..,..,..,..,..,..,..,..,..,..,..,..,..,..,..,..,..,..,..,..,..,..,..,..,..,..,0.75
DNKge2000,Denmark,DNK,Europe & Central Asia,High income,2000,ge,5,1.9471574999999999,0.2527495,1.5326483,2.3616667,89.20104789999999,4.9144666,81.1413228,97.2607731,..,..,..,..,..,..,..,..,..,1,..,..,..,..,0.8666667,..,..,..,..,..,..,..,..,..,..,..,..,1,..,..,..,..,0.6348245,..,0.875
DOMge2000,Dominican Republic,DOM,Latin America & Caribbean,Upper middle income,2000,ge,3,-0.8764303,0.30123469999999997,-1.3704551999999999,-0.3824054,34.2991502,5.8572134,24.6933202,43.9049803,..,..,..,..,..,..,..,..,..,0,..,..,..,..,..,..,..,..,..,..,..,..,..,..,..,..,..,0.25,..,..,..,..,..,..,0.5
DZAge2000,Algeria,DZA,Middle East & North Africa,Upper middle income,2000,ge,3,-1.0812973,0.30123469999999997,-1.5753222,-0.5872724,30.3157122,5.8572134,20.709882099999998,39.9215422,..,..,..,..,..,..,..,..,..,0,..,..,..,..,..,..,..,..,..,..,..,..,..,..,..,..,..,0.5,..,..,..,..,..,..,0.25
ECUge2000,Ecuador,ECU,Latin America & Caribbean,Upper middle income,2000,ge,5,-1.0664178,0.27177789999999996,-1.5121335999999999,-0.620702,30.605029499999997,5.2844555,21.938522499999998,39.271536399999995,..,..,..,..,..,..,..,..,..,0,..,..,..,..,0.1833333,..,..,..,..,..,..,..,..,0.35,..,..,..,0.5,..,..,..,..,..,..,0.375
EGYge2000,"Egypt, Arab Rep.",EGY,Middle East & North Africa,Lower middle income,2000,ge,4,-0.2541717,0.2728086,-0.7015777999999999,0.1932344,46.3983589,5.3044959,37.6989857,55.097732099999995,..,..,..,..,..,..,..,..,..,0.5,..,..,..,..,0.44999999999999996,..,..,..,..,..,..,..,..,..,..,..,..,0.5,..,..,..,..,..,..,0.375
ERIge2000,Eritrea,ERI,Sub-Saharan Africa,Low income,2000,ge,1,-1.3119868,0.44396919999999995,-2.0400963,-0.5838772999999999,25.8301809,8.6325462,11.672805199999999,39.9875566,..,..,..,..,..,..,..,..,..,..,..,..,..,..,..,..,..,..,..,..,..,..,..,..,..,..,..,..,..,..,..,..,..,..,0.25
ESPge2000,Spain,ESP,Europe & Central Asia,High income,2000,ge,6,1.5699109,0.2479226,1.1633178,1.9765039999999998,81.86585749999999,4.8206124,73.9600531,89.7716619,..,..,..,..,..,..,..,..,..,1,..,0.2095,..,..,0.6833332999999999,..,..,..,..,..,..,..,..,..,..,..,..,1,..,..,..,..,0.5611429,..,0.875
ESTge2000,Estonia,EST,Europe & Central Asia,High income,2000,ge,5,0.5813499999999999,0.2718006,0.135597,1.0271029999999999,62.6442596,5.284896499999999,53.9770293,71.31148979999999,..,..,..,..,..,0.7929293,..,..,..,0.5,..,..,..,..,0.6333333,..,..,..,..,..,..,..,..,..,..,..,..,0.75,..,..,..,..,..,..,0.625
ETHge2000,Ethiopia,ETH,Sub-Saharan Africa,,2000,ge,3,-1.3518124,0.30123469999999997,-1.8458373,-0.8577874999999999,25.0558111,5.8572134,15.449981099999999,34.6616412,..,..,..,..,..,..,..,..,..,0,..,..,..,..,..,..,..,..,..,..,..,..,..,..,..,..,..,0.25,..,..,..,..,..,..,0.25
FINge2000,Finland,FIN,Europe & Central Asia,High income,2000,ge,5,2.118098,0.2527495,1.7035888,2.5326071999999997,92.5248184,4.7362519999999995,84.46509329999999,100.0,..,..,..,..,..,..,..,..,..,1,..,..,..,..,0.95,..,..,..,..,..,..,..,..,..,..,..,..,1,..,..,..,..,0.7151286,..,0.875
FJIge2000,Fiji,FJI,East Asia & Pacific,Upper middle income,2000,ge,1,0.2369357,0.44396919999999995,-0.4911738,0.9650451999999999,55.947461,8.6325462,41.7900853,70.10483669999999,..,..,..,..,..,..,..,..,..,..,..,..,..,..,..,..,..,..,..,..,..,..,..,..,..,..,..,..,..,..,..,..,..,..,0.625
FRAge2000,France,FRA,Europe & Central Asia,High income,2000,ge,6,1.6644075999999999,0.2479226,1.2578144999999998,2.0710007,83.70325319999999,4.8206124,75.7974488,91.6090576,..,..,..,..,..,..,..,..,..,1,..,0.1845,..,..,0.95,..,..,..,..,..,..,..,..,..,..,..,..,1,..,..,..,..,0.5531766,..,0.75
GABge2000,Gabon,GAB,Sub-Saharan Africa,Upper middle income,2000,ge,3,-0.6059150999999999,0.30123469999999997,-1.09994,-0.1118902,39.5590532,5.8572134,29.9532231,49.1648832,..,..,..,..,..,..,..,..,..,0,..,..,..,..,..,..,..,..,..,..,..,..,..,..,..,..,..,0.5,..,..,..,..,..,..,0.5
GBRge2000,United Kingdom,GBR,Europe & Central Asia,High income,2000,ge,6,1.7413326,0.2479226,1.3347395,2.1479257,85.1989845,4.8206124,77.2931801,93.1047888,..,..,..,..,..,..,..,..,..,1,..,0.1885,..,..,0.7166667,..,..,..,..,..,..,..,..,..,..,..,..,1,..,..,..,..,0.5447152,..,1
GEOge2000,Georgia,GEO,Europe & Central Asia,Upper middle income,2000,ge,2,-0.8765202999999999,0.4396642,-1.5975696,-0.155471,34.2974003,8.5488397,20.2773032,48.3174973,..,..,..,..,..,0.5943151999999999,..,..,..,..,..,..,..,..,..,..,..,..,..,..,..,..,..,..,..,..,..,..,..,..,..,..,..,..,0.375
GHAge2000,Ghana,GHA,Sub-Saharan Africa,Lower middle income,2000,ge,3,-0.06802129999999999,0.30123469999999997,-0.5620461999999999,0.4260036,50.017871,5.8572134,40.412040999999995,59.623701,..,..,..,..,..,..,..,..,..,0.25,..,..,..,..,..,..,..,..,..,..,..,..,..,..,..,..,..,0.5,..,..,..,..,..,..,0.625
GINge2000,Guinea,GIN,Sub-Saharan Africa,Lower middle income,2000,ge,2,-0.9274028,0.3587892,-1.5158171,-0.33898849999999997,33.3080399,6.9763044999999995,21.8669005,44.749179299999994,..,..,..,..,..,..,..,..,..,..,..,..,..,..,..,..,..,..,..,..,..,..,..,..,..,..,..,0.5,..,..,..,..,..,..,0.25
GMBge2000,"Gambia, The",GMB,Sub-Saharan Africa,Low income,2000,ge,2,-0.5902075,0.3587892,-1.1786218,-0.0017932,39.8644721,6.9763044999999995,28.4233326,51.3056115,..,..,..,..,..,..,..,..,..,..,..,..,..,..,..,..,..,..,..,..,..,..,..,..,..,..,..,0.5,..,..,..,..,..,..,0.375
GNBge2000,Guinea-Bissau,GNB,Sub-Saharan Africa,Low income,2000,ge,2,-0.973968,0.3587892,-1.5623823,-0.3855537,32.402625199999996,6.9763044999999995,20.9614858,43.8437647,..,..,..,..,..,..,..,..,..,..,..,..,..,..,..,..,..,..,..,..,..,..,..,..,..,..,..,0.25,..,..,..,..,..,..,0.375
GNQge2000,Equatorial Guinea,GNQ,Sub-Saharan Africa,Upper middle income,2000,ge,2,-1.3654720999999999,0.3465764,-1.9338574,-0.7970868,24.7902117,6.7388385,13.7385165,35.8419068,..,..,..,..,..,..,..,..,..,0,..,..,..,..,..,..,..,..,..,..,..,..,..,..,..,..,..,..,..,..,..,..,..,..,0.25
GRCge2000,Greece,GRC,Europe & Central Asia,High income,2000,ge,5,0.3180535,0.2527495,-0.09645569999999999,0.7325627,57.5247171,4.9144666,49.464991999999995,65.58444229999999,..,..,..,..,..,..,..,..,..,0.5,..,..,..,..,0.425,..,..,..,..,..,..,..,..,..,..,..,..,0.75,..,..,..,..,0.4277551,..,0.625
GRDge2000,Grenada,GRD,Latin America & Caribbean,Upper middle income,2000,ge,1,0.7532430999999999,0.44396919999999995,0.0251336,1.4813526,65.9865524,8.6325462,51.8291767,80.1439281,..,..,..,..,..,..,..,..,..,..,..,..,..,..,..,..,..,..,..,..,..,..,..,..,..,..,..,..,..,..,..,..,..,..,0.75
GTMge2000,Guatemala,GTM,Latin America & Caribbean,Upper middle income,2000,ge,5,-1.0470244,0.27177789999999996,-1.4927401999999999,-0.6013086,30.982115099999998,5.2844555,22.3156082,39.6486221,..,..,..,..,..,..,..,..,..,0,..,..,..,..,0.2083333,..,..,..,..,..,..,..,..,0.27999999999999997,..,..,..,0.5,..,..,..,..,..,..,0.375
GUFge2000,French Guiana,GUF,,,2000,ge,1,0.7532430999999999,0.44396919999999995,0.0251336,1.4813526,65.9865524,8.6325462,51.8291767,80.1439281,..,..,..,..,..,..,..,..,..,..,..,..,..,..,..,..,..,..,..,..,..,..,..,..,..,..,..,..,..,..,..,..,..,..,0.75
GUYge2000,Guyana,GUY,Latin America & Caribbean,High income,2000,ge,2,0.13074829999999998,0.3587892,-0.45766599999999996,0.7191626,53.8827511,6.9763044999999995,42.441611599999995,65.32389049999999,..,..,..,..,..,..,..,..,..,..,..,..,..,..,..,..,..,..,..,..,..,..,..,..,..,..,..,0.75,..,..,..,..,..,..,0.5
HKGge2000,"Hong Kong SAR, China",HKG,East Asia & Pacific,High income,2000,ge,5,1.5133565999999998,0.2527495,1.0988474,1.9278658,80.7662146,4.9144666,72.7064894,88.82593969999999,..,..,..,..,..,..,..,..,..,0.75,..,..,..,..,0.825,..,..,..,..,..,..,..,..,..,..,..,..,0.75,..,..,..,..,0.6466666999999999,..,0.875
HNDge2000,Honduras,HND,Latin America & Caribbean,Lower middle income,2000,ge,5,-1.0776822,0.27177789999999996,-1.523398,-0.6319663999999999,30.3860042,5.2844555,21.7194973,39.0525112,..,..,..,..,..,..,..,..,..,0,..,..,..,..,0.1833333,..,..,..,..,..,..,..,..,0.27999999999999997,..,..,..,0.5,..,..,..,..,..,..,0.375
HRVge2000,Croatia,HRV,Europe & Central Asia,High income,2000,ge,4,0.18337869999999998,0.29987939999999996,-0.30842349999999996,0.6751809,54.906097599999995,5.830860899999999,45.343485799999996,64.4687095,..,..,..,..,..,0.7112860999999999,..,..,..,0.25,..,..,..,..,..,..,..,..,..,..,..,..,..,..,..,..,..,0.75,..,..,..,..,..,..,0.625
HTIge2000,Haiti,HTI,Latin America & Caribbean,Lower middle income,2000,ge,2,-1.3577285,0.3587892,-1.9461427999999998,-0.7693142,24.9407784,6.9763044999999995,13.499638899999999,36.3819178,..,..,..,..,..,..,..,..,..,..,..,..,..,..,..,..,..,..,..,..,..,..,..,..,..,..,..,0,..,..,..,..,..,..,0.375
HUNge2000,Hungary,HUN,Europe & Central Asia,High income,2000,ge,6,0.9862344999999999,0.2519474,0.5730408,1.3994282,70.5168419,4.8988699,62.482695299999996,78.5509885,..,..,..,..,..,0.8101851999999999,..,..,..,0.5,..,..,..,..,0.6583333,..,..,..,..,..,..,..,..,..,..,..,..,1,..,..,..,..,0.491,..,0.75
IDNge2000,Indonesia,IDN,East Asia & Pacific,Upper middle income,2000,ge,5,-0.5497447,0.2527495,-0.9642539,-0.13523549999999998,40.651231599999996,4.9144666,32.5915064,48.7109567,..,..,..,..,..,..,..,..,..,0.25,..,..,..,..,0.3416667,..,..,..,..,..,..,..,..,..,..,..,..,0.75,..,..,..,..,0.3634864,..,0.25
INDge2000,India,IND,South Asia,Lower middle income,2000,ge,5,-0.5480326,0.2527495,-0.9625418,-0.1335234,40.6845217,4.9144666,32.624796499999995,48.7442469,..,..,..,..,..,..,..,..,..,0.25,..,..,..,..,0.24166669999999998,..,..,..,..,..,..,..,..,..,..,..,..,0.75,..,..,..,..,0.3055503,..,0.375
IRLge2000,Ireland,IRL,Europe & Central Asia,High income,2000,ge,5,1.4121198,0.2527495,0.9976105999999999,1.8266289999999998,78.7977642,4.9144666,70.738039,86.85748939999999,..,..,..,..,..,..,..,..,..,0.75,..,..,..,..,0.6666667,..,..,..,..,..,..,..,..,..,..,..,..,1,..,..,..,..,0.5262937999999999,..,0.875
IRNge2000,"Iran, Islamic Rep.",IRN,Middle East & North Africa,Upper middle income,2000,ge,3,-0.5434034,0.30123469999999997,-1.0374283,-0.0493785,40.7745319,5.8572134,31.1687019,50.380362,..,..,..,..,..,..,..,..,..,0.25,..,..,..,..,..,..,..,..,..,..,..,..,..,..,..,..,..,0.5,..,..,..,..,..,..,0.375
IRQge2000,Iraq,IRQ,Middle East & North Africa,Upper middle income,2000,ge,3,-2.0977097,0.30123469999999997,-2.5917345999999997,-1.6036848,10.5525691,5.8572134,0.9467391,20.158399199999998,..,..,..,..,..,..,..,..,..,0,..,..,..,..,..,..,..,..,..,..,..,..,..,..,..,..,..,0,..,..,..,..,..,..,0
ISLge2000,Iceland,ISL,Europe & Central Asia,High income,2000,ge,4,1.9624343999999998,0.2839605,1.4967392,2.4281296,89.4980923,5.5213334,80.4431055,98.55307909999999,..,..,..,..,..,..,..,..,..,..,..,..,..,..,0.875,..,..,..,..,..,..,..,..,..,..,..,..,1,..,..,..,..,0.6112666999999999,..,1
ISRge2000,Israel,ISR,Middle East & North Africa,High income,2000,ge,5,1.4483316,0.2527495,1.0338224,1.8628407999999999,79.50186719999999,4.9144666,71.44214199999999,87.5615923,..,..,..,..,..,..,..,..,..,1,..,..,..,..,0.7,..,..,..,..,..,..,..,..,..,..,..,..,1,..,..,..,..,0.48432159999999996,..,0.75
ITAge2000,Italy,ITA,Europe & Central Asia,High income,2000,ge,6,0.7494274999999999,0.2479226,0.3428344,1.1560206,65.9123618,4.8206124,58.0065575,73.8181662,..,..,..,..,..,..,..,..,..,0.75,..,0.156,..,..,0.6333333,..,..,..,..,..,..,..,..,..,..,..,..,0.75,..,..,..,..,0.3557647,..,0.75
JAMge2000,Jamaica,JAM,Latin America & Caribbean,Upper middle income,2000,ge,4,-0.0732758,0.2728086,-0.5206819,0.37413029999999997,49.9157024,5.3044959,41.2163292,58.6150756,..,..,..,..,..,..,..,..,..,0.25,..,..,..,..,0.4583333,..,..,..,..,..,..,..,..,..,..,..,..,0.75,..,..,..,..,..,..,0.5
JORge2000,Jordan,JOR,Middle East & North Africa,Lower middle income,2000,ge,4,-0.1715824,0.2728086,-0.6189884999999999,0.2758237,48.0042269,5.3044959,39.304853699999995,56.703600099999996,..,..,..,..,..,..,..,..,..,0.25,..,..,..,..,0.5583332999999999,..,..,..,..,..,..,..,..,..,..,..,..,0.5,..,..,..,..,..,..,0.5
JPNge2000,Japan,JPN,East Asia & Pacific,High income,2000,ge,5,1.4003303,0.2527495,0.9858211,1.8148395,78.56852889999999,4.9144666,70.5088037,86.62825409999999,..,..,..,..,..,..,..,..,..,0.75,..,..,..,..,0.8166667,..,..,..,..,..,..,..,..,..,..,..,..,1,..,..,..,..,0.5228444,..,0.75
KAZge2000,Kazakhstan,KAZ,Europe & Central Asia,Upper middle income,2000,ge,5,-1.0960203,0.2718006,-1.5417733,-0.6502673,30.029437899999998,5.284896499999999,21.362207599999998,38.6966681,..,..,..,..,..,0.6369863,..,..,..,0,..,..,..,..,0.3416667,..,..,..,..,..,..,..,..,..,..,..,..,0.5,..,..,..,..,..,..,0.25
KENge2000,Kenya,KEN,Sub-Saharan Africa,Lower middle income,2000,ge,3,-0.8436062,0.30123469999999997,-1.3376310999999999,-0.3495813,34.9373827,5.8572134,25.3315526,44.5432127,..,..,..,..,..,..,..,..,..,0,..,..,..,..,..,..,..,..,..,..,..,..,..,..,..,..,..,0.5,..,..,..,..,..,..,0.375
KGZge2000,Kyrgyz Republic,KGZ,Europe & Central Asia,Lower middle income,2000,ge,2,-0.35338169999999997,0.4396642,-1.074431,0.3676676,44.4693177,8.5488397,30.4492206,58.4894147,..,..,..,..,..,0.6276042,..,..,..,..,..,..,..,..,..,..,..,..,..,..,..,..,..,..,..,..,..,..,..,..,..,..,..,..,0.5
KHMge2000,Cambodia,KHM,East Asia & Pacific,Lower middle income,2000,ge,2,-1.0508416999999999,0.3465764,-1.619227,-0.48245639999999995,30.907891499999998,6.7388385,19.8561963,41.9595866,..,..,..,..,..,..,..,..,..,0,..,..,..,..,..,..,..,..,..,..,..,..,..,..,..,..,..,..,..,..,..,..,..,..,0.375
KORge2000,"Korea, Rep.",KOR,East Asia & Pacific,High income,2000,ge,5,0.6589077,0.2527495,0.2443985,1.0734169,64.152293,4.9144666,56.0925678,72.2120182,..,..,..,..,..,..,..,..,..,0.5,..,..,..,..,0.6,..,..,..,..,..,..,..,..,..,..,..,..,0.75,..,..,..,..,0.416,..,0.75
KWTge2000,Kuwait,KWT,Middle East & North Africa,High income,2000,ge,3,-0.3057124,0.30123469999999997,-0.7997373,0.1883125,45.3962005,5.8572134,35.7903704,55.0020305,..,..,..,..,..,..,..,..,..,0.25,..,..,..,..,..,..,..,..,..,..,..,..,..,..,..,..,..,0.5,..,..,..,..,..,..,0.5
LAOge2000,Lao PDR,LAO,East Asia & Pacific,Lower middle income,2000,ge,1,-0.7956793,0.44396919999999995,-1.5237888,-0.0675698,35.8692743,8.6325462,21.711898599999998,50.02665,..,..,..,..,..,..,..,..,..,..,..,..,..,..,..,..,..,..,..,..,..,..,..,..,..,..,..,..,..,..,..,..,..,..,0.375
LBNge2000,Lebanon,LBN,Middle East & North Africa,Lower middle income,2000,ge,3,-0.0055096,0.30123469999999997,-0.4995345,0.4885153,51.2333497,5.8572134,41.6275197,60.8391798,..,..,..,..,..,..,..,..,..,0.5,..,..,..,..,..,..,..,..,..,..,..,..,..,..,..,..,..,0.5,..,..,..,..,..,..,0.5
LBRge2000,Liberia,LBR,Sub-Saharan Africa,Low income,2000,ge,2,-2.0321191,0.3587892,-2.6205334,-1.4437048,11.827914,6.9763044999999995,0.38677459999999997,23.2690535,..,..,..,..,..,..,..,..,..,..,..,..,..,..,..,..,..,..,..,..,..,..,..,..,..,..,..,0,..,..,..,..,..,..,0.125
LBYge2000,Libya,LBY,Middle East & North Africa,Upper middle income,2000,ge,3,-1.3518124,0.30123469999999997,-1.8458373,-0.8577874999999999,25.0558111,5.8572134,15.449981099999999,34.6616412,..,..,..,..,..,..,..,..,..,0,..,..,..,..,..,..,..,..,..,..,..,..,..,..,..,..,..,0.25,..,..,..,..,..,..,0.25
LIEge2000,Liechtenstein,LIE,Europe & Central Asia,High income,2000,ge,1,1.2695505999999999,0.44396919999999995,0.5414411,1.9976600999999998,76.02564579999999,8.6325462,61.8682701,90.1830215,..,..,..,..,..,..,..,..,..,..,..,..,..,..,..,..,..,..,..,..,..,..,..,..,..,..,..,..,..,..,..,..,..,..,0.875
LKAge2000,Sri Lanka,LKA,South Asia,Lower middle income,2000,ge,4,-0.48987919999999996,0.2728086,-0.9372853,-0.0424731,41.8152575,5.3044958,33.1158844,50.5146307,..,..,..,..,..,..,..,..,..,0,..,..,..,..,0.5,..,..,..,..,..,..,..,..,..,..,..,..,0.5,..,..,..,..,..,..,0.5
LSOge2000,Lesotho,LSO,Sub-Saharan Africa,Lower middle income,2000,ge,1,0.2369357,0.44396919999999995,-0.4911738,0.9650451999999999,55.947461,8.6325462,41.7900853,70.10483669999999,..,..,..,..,..,..,..,..,..,..,..,..,..,..,..,..,..,..,..,..,..,..,..,..,..,..,..,..,..,..,..,..,..,..,0.625
LTUge2000,Lithuania,LTU,Europe & Central Asia,High income,2000,ge,5,-0.0691171,0.2718006,-0.5148701,0.37663589999999997,49.996564199999995,5.284896499999999,41.329333999999996,58.663794499999995,..,..,..,..,..,0.7303029999999999,..,..,..,0.25,..,..,..,..,0.49166669999999996,..,..,..,..,..,..,..,..,..,..,..,..,0.5,..,..,..,..,..,..,0.625
LUXge2000,Luxembourg,LUX,Europe & Central Asia,High income,2000,ge,4,1.9764287999999999,0.2839605,1.5107336,2.4421239999999997,89.77019969999999,5.5213334,80.7152129,98.8251865,..,..,..,..,..,..,..,..,..,..,..,..,..,..,0.875,..,..,..,..,..,..,..,..,..,..,..,..,1,..,..,..,..,0.6220513,..,1
LVAge2000,Latvia,LVA,Europe & Central Asia,High income,2000,ge,5,-0.032663199999999996,0.2718006,-0.47841619999999996,0.4130898,50.7053746,5.284896499999999,42.0381443,59.3726049,..,..,..,..,..,0.6543209999999999,..,..,..,0.25,..,..,..,..,0.5333333,..,..,..,..,..,..,..,..,..,..,..,..,0.5,..,..,..,..,..,..,0.625
MACge2000,"Macao SAR, China",MAC,East Asia & Pacific,High income,2000,ge,1,0.2369357,0.44396919999999995,-0.4911738,0.9650451999999999,55.947461,8.6325462,41.7900853,70.10483669999999,..,..,..,..,..,..,..,..,..,..,..,..,..,..,..,..,..,..,..,..,..,..,..,..,..,..,..,..,..,..,..,..,..,..,0.625
MARge2000,Morocco,MAR,Middle East & North Africa,Lower middle income,2000,ge,3,-0.0055096,0.30123469999999997,-0.4995345,0.4885153,51.2333497,5.8572134,41.6275197,60.8391798,..,..,..,..,..,..,..,..,..,0.5,..,..,..,..,..,..,..,..,..,..,..,..,..,..,..,..,..,0.5,..,..,..,..,..,..,0.5
MDAge2000,Moldova,MDA,Europe & Central Asia,Upper middle income,2000,ge,4,-0.6693344,0.29987939999999996,-1.1611365999999999,-0.1775322,38.325927,5.830860899999999,28.763315199999997,47.8885389,..,..,..,..,..,0.49160669999999995,..,..,..,0,..,..,..,..,..,..,..,..,..,..,..,..,..,..,..,..,..,0.5,..,..,..,..,..,..,0.5
MDGge2000,Madagascar,MDG,Sub-Saharan Africa,Low income,2000,ge,2,-0.973968,0.3587892,-1.5623823,-0.3855537,32.402625199999996,6.9763044999999995,20.9614858,43.8437647,..,..,..,..,..,..,..,..,..,..,..,..,..,..,..,..,..,..,..,..,..,..,..,..,..,..,..,0.25,..,..,..,..,..,..,0.375
MDVge2000,Maldives,MDV,South Asia,Upper middle income,2000,ge,1,0.7532430999999999,0.44396919999999995,0.0251336,1.4813526,65.9865524,8.6325462,51.8291767,80.1439281,..,..,..,..,..,..,..,..,..,..,..,..,..,..,..,..,..,..,..,..,..,..,..,..,..,..,..,..,..,..,..,..,..,..,0.75
MEXge2000,Mexico,MEX,Latin America & Caribbean,Upper middle income,2000,ge,6,0.018279999999999998,0.25192929999999997,-0.39488409999999996,0.4314441,51.695915199999995,4.8985189,43.6623442,59.7294862,..,..,..,..,..,..,..,..,..,0.5,..,..,..,..,0.3333333,..,..,..,..,..,..,..,..,0.16999999999999998,..,..,..,0.75,..,..,..,..,0.4166564,..,0.5
MKDge2000,North Macedonia,MKD,Europe & Central Asia,Upper middle income,2000,ge,3,-1.0517492,0.3445168,-1.6167567999999999,-0.4867416,30.890245999999998,6.6987920999999995,19.904226899999998,41.8762651,..,..,..,..,..,0.7418545999999999,..,..,..,0,..,..,..,..,..,..,..,..,..,..,..,..,..,..,..,..,..,..,..,..,..,..,..,..,0.375
MLIge2000,Mali,MLI,Sub-Saharan Africa,Low income,2000,ge,2,-1.3577285,0.3587892,-1.9461427999999998,-0.7693142,24.9407784,6.9763044999999995,13.499638899999999,36.3819178,..,..,..,..,..,..,..,..,..,..,..,..,..,..,..,..,..,..,..,..,..,..,..,..,..,..,..,0,..,..,..,..,..,..,0.375
MLTge2000,Malta,MLT,Middle East & North Africa,High income,2000,ge,2,0.8051389,0.3587892,0.2167246,1.3935532,66.99561539999999,6.9763044999999995,55.554475999999994,78.4367548,..,..,..,..,..,..,..,..,..,..,..,..,..,..,..,..,..,..,..,..,..,..,..,..,..,..,..,0.75,..,..,..,..,..,..,0.75
MMRge2000,Myanmar,MMR,East Asia & Pacific,Lower middle income,2000,ge,3,-1.3518124,0.30123469999999997,-1.8458373,-0.8577874999999999,25.0558111,5.8572134,15.449981099999999,34.6616412,..,..,..,..,..,..,..,..,..,0,..,..,..,..,..,..,..,..,..,..,..,..,..,..,..,..,..,0.25,..,..,..,..,..,..,0.25
MNGge2000,Mongolia,MNG,East Asia & Pacific,Upper middle income,2000,ge,2,-0.5902075,0.3587892,-1.1786218,-0.0017932,39.8644721,6.9763044999999995,28.4233326,51.3056115,..,..,..,..,..,..,..,..,..,..,..,..,..,..,..,..,..,..,..,..,..,..,..,..,..,..,..,0.5,..,..,..,..,..,..,0.375
MOZge2000,Mozambique,MOZ,Sub-Saharan Africa,Low income,2000,ge,3,-0.6090516,0.30123469999999997,-1.1030765,-0.1150267,39.498067,5.8572134,29.892236999999998,49.1038971,..,..,..,..,..,..,..,..,..,0.25,..,..,..,..,..,..,..,..,..,..,..,..,..,..,..,..,..,0,..,..,..,..,..,..,0.625
MRTge2000,Mauritania,MRT,Sub-Saharan Africa,Lower middle income,2000,ge,1,-0.2793718,0.44396919999999995,-1.0074813,0.44873769999999996,45.9083676,8.6325462,31.7509919,60.065743299999994,..,..,..,..,..,..,..,..,..,..,..,..,..,..,..,..,..,..,..,..,..,..,..,..,..,..,..,..,..,..,..,..,..,..,0.5
MTQge2000,Martinique,MTQ,,,2000,ge,1,0.7532430999999999,0.44396919999999995,0.0251336,1.4813526,65.9865524,8.6325462,51.8291767,80.1439281,..,..,..,..,..,..,..,..,..,..,..,..,..,..,..,..,..,..,..,..,..,..,..,..,..,..,..,..,..,..,..,..,..,..,0.75
MUSge2000,Mauritius,MUS,Sub-Saharan Africa,Upper middle income,2000,ge,2,0.4142593,0.39034769999999996,-0.2259109,1.0544295,59.395344599999994,7.5899281,46.9478625,71.8428268,..,..,..,..,..,..,..,..,..,0.5,..,..,..,..,0.5416667,..,..,..,..,..,..,..,..,..,..,..,..,..,..,..,..,..,..,..,..
MWIge2000,Malawi,MWI,Sub-Saharan Africa,Low income,2000,ge,3,-0.6059150999999999,0.30123469999999997,-1.09994,-0.1118902,39.5590532,5.8572134,29.9532231,49.1648832,..,..,..,..,..,..,..,..,..,0,..,..,..,..,..,..,..,..,..,..,..,..,..,..,..,..,..,0.5,..,..,..,..,..,..,0.5
MYSge2000,Malaysia,MYS,East Asia & Pacific,Upper middle income,2000,ge,5,0.8746596999999999,0.2527495,0.46015049999999996,1.2891689,68.34737919999999,4.9144666,60.2876541,76.4071044,..,..,..,..,..,..,..,..,..,0.5,..,..,..,..,0.6583333,..,..,..,..,..,..,..,..,..,..,..,..,0.75,..,..,..,..,0.5656843,..,0.75
NAMge2000,Namibia,NAM,Sub-Saharan Africa,Lower middle income,2000,ge,3,0.46987249999999997,0.30123469999999997,-0.024152399999999997,0.9638973999999999,60.4766888,5.8572134,50.8708588,70.0825189,..,..,..,..,..,..,..,..,..,0.5,..,..,..,..,..,..,..,..,..,..,..,..,..,..,..,..,..,0.5,..,..,..,..,..,..,0.75
NERge2000,Niger,NER,Sub-Saharan Africa,Low income,2000,ge,2,-1.3111633,0.3587892,-1.8995776,-0.722749,25.846193099999997,6.9763044999999995,14.405053599999999,37.2873325,..,..,..,..,..,..,..,..,..,..,..,..,..,..,..,..,..,..,..,..,..,..,..,..,..,..,..,0.25,..,..,..,..,..,..,0.25
NGAge2000,Nigeria,NGA,Sub-Saharan Africa,Lower middle income,2000,ge,4,-1.2673021,0.2728086,-1.7147082,-0.819896,26.6990311,5.3044959,17.9996579,35.398404299999996,..,..,..,..,..,..,..,..,..,0.25,..,..,..,..,0.1666667,..,..,..,..,..,..,..,..,..,..,..,..,0.25,..,..,..,..,..,..,0.25
NICge2000,Nicaragua,NIC,Latin America & Caribbean,Lower middle income,2000,ge,5,-1.3307092999999999,0.27177789999999996,-1.7764251,-0.8849935,25.466140199999998,5.2844555,16.7996333,34.1326472,..,..,..,..,..,..,..,..,..,0,..,..,..,..,0.15,..,..,..,..,..,..,..,..,0.32999999999999996,..,..,..,0.25,..,..,..,..,..,..,0.375
NLDge2000,Netherlands,NLD,Europe & Central Asia,High income,2000,ge,5,2.0986317,0.2527495,1.6841225,2.5131409,92.1463153,4.8516493999999994,84.0865901,100.0,..,..,..,..,..,..,..,..,..,1,..,..,..,..,0.8666667,..,..,..,..,..,..,..,..,..,..,..,..,1,..,..,..,..,0.6193978,..,1
NORge2000,Norway,NOR,Europe & Central Asia,High income,2000,ge,5,1.9102226999999998,0.2527495,1.4957135,2.3247318999999997,88.4828869,4.9144666,80.4231618,96.5426121,..,..,..,..,..,..,..,..,..,1,..,..,..,..,0.7666666999999999,..,..,..,..,..,..,..,..,..,..,..,..,1,..,..,..,..,0.5392962,..,1
NPLge2000,Nepal,NPL,South Asia,Lower middle income,2000,ge,1,-0.7956793,0.44396919999999995,-1.5237888,-0.0675698,35.8692743,8.6325462,21.711898599999998,50.02665,..,..,..,..,..,..,..,..,..,..,..,..,..,..,..,..,..,..,..,..,..,..,..,..,..,..,..,..,..,..,..,..,..,..,0.375
NZLge2000,New Zealand,NZL,East Asia & Pacific,High income,2000,ge,5,1.7800026999999998,0.2527495,1.3654935,2.1945118999999997,85.9508867,4.9144666,77.8911615,94.01061179999999,..,..,..,..,..,..,..,..,..,0.75,..,..,..,..,0.7833333,..,..,..,..,..,..,..,..,..,..,..,..,1,..,..,..,..,0.6010099999999999,..,1
OMNge2000,Oman,OMN,Middle East & North Africa,High income,2000,ge,3,-0.0055096,0.30123469999999997,-0.4995345,0.4885153,51.2333497,5.8572134,41.6275197,60.8391798,..,..,..,..,..,..,..,..,..,0.5,..,..,..,..,..,..,..,..,..,..,..,..,..,..,..,..,..,0.5,..,..,..,..,..,..,0.5
PAKge2000,Pakistan,PAK,South Asia,Lower middle income,2000,ge,3,-0.5434034,0.30123469999999997,-1.0374283,-0.0493785,40.7745319,5.8572134,31.1687019,50.380362,..,..,..,..,..,..,..,..,..,0.25,..,..,..,..,..,..,..,..,..,..,..,..,..,..,..,..,..,0.5,..,..,..,..,..,..,0.375
PANge2000,Panama,PAN,Latin America & Caribbean,High income,2000,ge,5,-0.055096099999999995,0.27177789999999996,-0.5008119,0.39061969999999996,50.269188799999995,5.2844555,41.6026819,58.9356958,..,..,..,..,..,..,..,..,..,0.25,..,..,..,..,0.3333333,..,..,..,..,..,..,..,..,0.19999999999999998,..,..,..,0.75,..,..,..,..,..,..,0.625
PERge2000,Peru,PER,Latin America & Caribbean,Upper middle income,2000,ge,5,-0.48502799999999996,0.27177789999999996,-0.9307438,-0.0393122,41.9095844,5.2844555,33.2430774,50.576091299999995,..,..,..,..,..,..,..,..,..,0.25,..,..,..,..,0.2833333,..,..,..,..,..,..,..,..,0.48,..,..,..,0.5,..,..,..,..,..,..,0.5
PHLge2000,Philippines,PHL,East Asia & Pacific,Lower middle income,2000,ge,5,-0.3125616,0.2527495,-0.7270708,0.1019476,45.2630245,4.9144666,37.2032993,53.322749699999996,..,..,..,..,..,..,..,..,..,0.5,..,..,..,..,0.22499999999999998,..,..,..,..,..,..,..,..,..,..,..,..,0.75,..,..,..,..,0.3462155,..,0.375
PNGge2000,Papua New Guinea,PNG,East Asia & Pacific,Lower middle income,2000,ge,3,-0.5434034,0.30123469999999997,-1.0374283,-0.0493785,40.7745319,5.8572134,31.1687019,50.380362,..,..,..,..,..,..,..,..,..,0.25,..,..,..,..,..,..,..,..,..,..,..,..,..,..,..,..,..,0.5,..,..,..,..,..,..,0.375
POLge2000,Poland,POL,Europe & Central Asia,High income,2000,ge,6,0.4025763,0.2519474,-0.010617399999999999,0.81577,59.168180199999995,4.8988698,51.134033599999995,67.2023267,..,..,..,..,..,0.7791494999999999,..,..,..,0.5,..,..,..,..,0.5499999999999999,..,..,..,..,..,..,..,..,..,..,..,..,0.75,..,..,..,..,0.3844571,..,0.625
PRIge2000,Puerto Rico (U.S.),PRI,Latin America & Caribbean,High income,2000,ge,1,1.2695505999999999,0.44396919999999995,0.5414411,1.9976600999999998,76.02564579999999,8.6325462,61.8682701,90.1830215,..,..,..,..,..,..,..,..,..,..,..,..,..,..,..,..,..,..,..,..,..,..,..,..,..,..,..,..,..,..,..,..,..,..,0.875
PRKge2000,"Korea, Dem. People's Rep.",PRK,East Asia & Pacific,Low income,2000,ge,2,-2.3693144,0.3587892,-2.9577286999999997,-1.7809001,5.2714818999999995,5.0953114,0.0,16.7126213,..,..,..,..,..,..,..,..,..,..,..,..,..,..,..,..,..,..,..,..,..,..,..,..,..,..,..,0,..,..,..,..,..,..,0
PRTge2000,Portugal,PRT,Europe & Central Asia,High income,2000,ge,5,0.8553001,0.2527495,0.4407909,1.2698093,67.9709508,4.9144666,59.911225599999995,76.030676,..,..,..,..,..,..,..,..,..,0.75,..,..,..,..,0.5583332999999999,..,..,..,..,..,..,..,..,..,..,..,..,0.75,..,..,..,..,0.44444439999999996,..,0.75
PRYge2000,Paraguay,PRY,Latin America & Caribbean,Upper middle income,2000,ge,5,-1.2376909,0.27177789999999996,-1.6834067,-0.7919750999999999,27.2747919,5.2844555,18.608284899999997,35.9412988,..,..,..,..,..,..,..,..,..,0,..,..,..,..,0.2166667,..,..,..,..,..,..,..,..,0.39999999999999997,..,..,..,0.25,..,..,..,..,..,..,0.375
PSEge2000,West Bank and Gaza,PSE,Middle East & North Africa,Lower middle income,2000,ge,1,-1.3119868,0.44396919999999995,-2.0400963,-0.5838772999999999,25.8301809,8.6325462,11.672805199999999,39.9875566,..,..,..,..,..,..,..,..,..,..,..,..,..,..,..,..,..,..,..,..,..,..,..,..,..,..,..,..,..,..,..,..,..,..,0.25
QATge2000,Qatar,QAT,Middle East & North Africa,High income,2000,ge,3,0.23218149999999999,0.30123469999999997,-0.2618434,0.7262063999999999,55.8550203,5.8572134,46.2491902,65.46085029999999,..,..,..,..,..,..,..,..,..,0.5,..,..,..,..,..,..,..,..,..,..,..,..,..,..,..,..,..,0.5,..,..,..,..,..,..,0.625
ROUge2000,Romania,ROU,Europe & Central Asia,High income,2000,ge,5,-0.6395683,0.2718006,-1.0853213,-0.1938153,38.904699699999995,5.284896499999999,30.2374694,47.5719299,..,..,..,..,..,0.496,..,..,..,0,..,..,..,..,0.6,..,..,..,..,..,..,..,..,..,..,..,..,0.25,..,..,..,..,..,..,0.5
RUSge2000,Russian Federation,RUS,Europe & Central Asia,High income,2000,ge,6,-1.0286026,0.2519474,-1.4417963,-0.6154088999999999,31.340308999999998,4.8988698,23.306162399999998,39.374455499999996,..,..,..,..,..,0.6434675999999999,..,..,..,0,..,..,..,..,0.4166667,..,..,..,..,..,..,..,..,..,..,..,..,0.25,..,..,..,..,0.2501883,..,0.375
RWAge2000,Rwanda,RWA,Sub-Saharan Africa,Low income,2000,ge,1,-1.3119868,0.44396919999999995,-2.0400963,-0.5838772999999999,25.8301809,8.6325462,11.672805199999999,39.9875566,..,..,..,..,..,..,..,..,..,..,..,..,..,..,..,..,..,..,..,..,..,..,..,..,..,..,..,..,..,..,..,..,..,..,0.25
SAUge2000,Saudi Arabia,SAU,Middle East & North Africa,High income,2000,ge,3,-0.3057124,0.30123469999999997,-0.7997373,0.1883125,45.3962005,5.8572134,35.7903704,55.0020305,..,..,..,..,..,..,..,..,..,0.25,..,..,..,..,..,..,..,..,..,..,..,..,..,..,..,..,..,0.5,..,..,..,..,..,..,0.5
SDNge2000,Sudan,SDN,Sub-Saharan Africa,Low income,2000,ge,3,-1.1141214,0.30123469999999997,-1.6081463,-0.6200964999999999,29.6774797,5.8572134,20.0716497,39.2833098,..,..,..,..,..,..,..,..,..,0,..,..,..,..,..,..,..,..,..,..,..,..,..,..,..,..,..,0.25,..,..,..,..,..,..,0.375
SENge2000,Senegal,SEN,Sub-Saharan Africa,Lower middle income,2000,ge,3,-0.5762275,0.30123469999999997,-1.0702524,-0.0822026,40.1362995,5.8572134,30.530469399999998,49.7421295,..,..,..,..,..,..,..,..,..,0.25,..,..,..,..,..,..,..,..,..,..,..,..,..,..,..,..,..,0.25,..,..,..,..,..,..,0.5
SGPge2000,Singapore,SGP,East Asia & Pacific,High income,2000,ge,5,2.3451858999999997,0.2527495,1.9306767,2.7596951,96.9403201,3.3900625,88.88059489999999,100.0,..,..,..,..,..,..,..,..,..,1,..,..,..,..,0.9333332999999999,..,..,..,..,..,..,..,..,..,..,..,..,1,..,..,..,..,0.7904466,..,1
SLEge2000,Sierra Leone,SLE,Sub-Saharan Africa,Low income,2000,ge,2,-2.0321191,0.3587892,-2.6205334,-1.4437048,11.827914,6.9763044999999995,0.38677459999999997,23.2690535,..,..,..,..,..,..,..,..,..,..,..,..,..,..,..,..,..,..,..,..,..,..,..,..,..,..,..,0,..,..,..,..,..,..,0.125
SLVge2000,El Salvador,SLV,Latin America & Caribbean,Upper middle income,2000,ge,5,-0.9620519999999999,0.27177789999999996,-1.4077678,-0.5163362,32.6343202,5.2844555,23.9678132,41.3008271,..,..,..,..,..,..,..,..,..,0,..,..,..,..,0.27499999999999997,..,..,..,..,..,..,..,..,0.3,..,..,..,0.5,..,..,..,..,..,..,0.375
SOMge2000,Federal Republic of Somalia,SOM,Sub-Saharan Africa,Low income,2000,ge,2,-2.0321191,0.3587892,-2.6205334,-1.4437048,11.827914,6.9763044999999995,0.38677459999999997,23.2690535,..,..,..,..,..,..,..,..,..,..,..,..,..,..,..,..,..,..,..,..,..,..,..,..,..,..,..,0,..,..,..,..,..,..,0.125
SRBge2000,Serbia,SRB,Europe & Central Asia,Upper middle income,2000,ge,4,-0.8473972999999999,0.29987939999999996,-1.3391994999999999,-0.3555951,34.8636684,5.830860899999999,25.3010566,44.426280299999995,..,..,..,..,..,0.7365591,..,..,..,0,..,..,..,..,..,..,..,..,..,..,..,..,..,..,..,..,..,0.5,..,..,..,..,..,..,0.375
STPge2000,São Tomé and Príncipe,STP,Sub-Saharan Africa,Lower middle income,2000,ge,1,-0.7956793,0.44396919999999995,-1.5237888,-0.0675698,35.8692743,8.6325462,21.711898599999998,50.02665,..,..,..,..,..,..,..,..,..,..,..,..,..,..,..,..,..,..,..,..,..,..,..,..,..,..,..,..,..,..,..,..,..,..,0.375
SURge2000,Suriname,SUR,Latin America & Caribbean,Upper middle income,2000,ge,2,0.0841831,0.3587892,-0.5042312,0.6725974,52.9773364,6.9763044999999995,41.536197,64.4184758,..,..,..,..,..,..,..,..,..,..,..,..,..,..,..,..,..,..,..,..,..,..,..,..,..,..,..,0.5,..,..,..,..,..,..,0.625
SVKge2000,Slovak Republic,SVK,Europe & Central Asia,High income,2000,ge,5,0.5075292,0.2718006,0.061776199999999996,0.9532822,61.2088864,5.284896499999999,52.5416562,69.8761167,..,..,..,..,..,0.7234568,..,..,..,0.25,..,..,..,..,0.7833333,..,..,..,..,..,..,..,..,..,..,..,..,0.75,..,..,..,..,..,..,0.625
SVNge2000,Slovenia,SVN,Europe & Central Asia,High income,2000,ge,6,0.4727281,0.2519474,0.059534399999999994,0.8859218,60.532213199999994,4.8988698,52.498066599999994,68.56635969999999,..,..,..,..,..,0.7546666999999999,..,..,..,0.5,..,..,..,..,0.625,..,..,..,..,..,..,..,..,..,..,..,..,0.75,..,..,..,..,0.379726,..,0.625
SWEge2000,Sweden,SWE,Europe & Central Asia,High income,2000,ge,5,1.9550059,0.2527495,1.5404966999999998,2.3695151,89.3536524,4.9144666,81.2939272,97.41337759999999,..,..,..,..,..,..,..,..,..,1,..,..,..,..,0.8166667,..,..,..,..,..,..,..,..,..,..,..,..,1,..,..,..,..,0.5312743,..,1
SWZge2000,Eswatini,SWZ,Sub-Saharan Africa,Lower middle income,2000,ge,1,-0.2793718,0.44396919999999995,-1.0074813,0.44873769999999996,45.9083676,8.6325462,31.7509919,60.065743299999994,..,..,..,..,..,..,..,..,..,..,..,..,..,..,..,..,..,..,..,..,..,..,..,..,..,..,..,..,..,..,..,..,..,..,0.5
SYCge2000,Seychelles,SYC,Sub-Saharan Africa,High income,2000,ge,1,0.7532430999999999,0.44396919999999995,0.0251336,1.4813526,65.9865524,8.6325462,51.8291767,80.1439281,..,..,..,..,..,..,..,..,..,..,..,..,..,..,..,..,..,..,..,..,..,..,..,..,..,..,..,..,..,..,..,..,..,..,0.75
SYRge2000,Syrian Arab Republic,SYR,Middle East & North Africa,Low income,2000,ge,3,-1.1141214,0.30123469999999997,-1.6081463,-0.6200964999999999,29.6774797,5.8572134,20.0716497,39.2833098,..,..,..,..,..,..,..,..,..,0,..,..,..,..,..,..,..,..,..,..,..,..,..,..,..,..,..,0.25,..,..,..,..,..,..,0.375
TCDge2000,Chad,TCD,Sub-Saharan Africa,Low income,2000,ge,1,-0.7956793,0.44396919999999995,-1.5237888,-0.0675698,35.8692743,8.6325462,21.711898599999998,50.02665,..,..,..,..,..,..,..,..,..,..,..,..,..,..,..,..,..,..,..,..,..,..,..,..,..,..,..,..,..,..,..,..,..,..,0.375
TGOge2000,Togo,TGO,Sub-Saharan Africa,Low income,2000,ge,2,-1.3577285,0.3587892,-1.9461427999999998,-0.7693142,24.9407784,6.9763044999999995,13.499638899999999,36.3819178,..,..,..,..,..,..,..,..,..,..,..,..,..,..,..,..,..,..,..,..,..,..,..,..,..,..,..,0,..,..,..,..,..,..,0.375
THAge2000,Thailand,THA,East Asia & Pacific,Upper middle income,2000,ge,5,0.2796884,0.2527495,-0.1348208,0.6941976,56.7787454,4.9144666,48.719020199999996,64.8384706,..,..,..,..,..,..,..,..,..,0.5,..,..,..,..,0.5416667,..,..,..,..,..,..,..,..,..,..,..,..,0.5,..,..,..,..,0.4553215,..,0.625
TJKge2000,Tajikistan,TJK,Europe & Central Asia,Lower middle income,2000,ge,1,-1.3119868,0.44396919999999995,-2.0400963,-0.5838772999999999,25.8301809,8.6325462,11.672805199999999,39.9875566,..,..,..,..,..,..,..,..,..,..,..,..,..,..,..,..,..,..,..,..,..,..,..,..,..,..,..,..,..,..,..,..,..,..,0.25
TKMge2000,Turkmenistan,TKM,Europe & Central Asia,Upper middle income,2000,ge,1,-1.3119868,0.44396919999999995,-2.0400963,-0.5838772999999999,25.8301809,8.6325462,11.672805199999999,39.9875566,..,..,..,..,..,..,..,..,..,..,..,..,..,..,..,..,..,..,..,..,..,..,..,..,..,..,..,..,..,..,..,..,..,..,0.25
TTOge2000,Trinidad and Tobago,TTO,Latin America & Caribbean,High income,2000,ge,4,0.5944225,0.2728086,0.1470164,1.0418285999999999,62.8984415,5.3044959,54.1990683,71.5978147,..,..,..,..,..,..,..,..,..,0.5,..,..,..,..,0.6416666999999999,..,..,..,..,..,..,..,..,..,..,..,..,0.75,..,..,..,..,..,..,0.625
TUNge2000,Tunisia,TUN,Middle East & North Africa,Lower middle income,2000,ge,3,0.5323842,0.30123469999999997,0.0383593,1.0264091,61.6921676,5.8572134,52.0863375,71.2979976,..,..,..,..,..,..,..,..,..,0.75,..,..,..,..,..,..,..,..,..,..,..,..,..,..,..,..,..,0.5,..,..,..,..,..,..,0.625
TURge2000,Türkiye,TUR,Europe & Central Asia,Upper middle income,2000,ge,6,-0.2793402,0.2519474,-0.6925338999999999,0.1338535,45.908982099999996,4.8988699,37.874835499999996,53.943128699999995,..,..,..,..,..,0.5810811,..,..,..,0.25,..,..,..,..,0.39999999999999997,..,..,..,..,..,..,..,..,..,..,..,..,0.5,..,..,..,..,0.45737839999999996,..,0.5
TWNge2000,"Taiwan, China",TWN,East Asia & Pacific,High income,2000,ge,5,0.9482813,0.2527495,0.5337721,1.3627905,69.7788791,4.9144666,61.719153899999995,77.8386043,..,..,..,..,..,..,..,..,..,0.75,..,..,..,..,0.75,..,..,..,..,..,..,..,..,..,..,..,..,0.75,..,..,..,..,0.4999209,..,0.625
TZAge2000,Tanzania,TZA,Sub-Saharan Africa,Lower middle income,2000,ge,3,-0.8139185999999999,0.30123469999999997,-1.3079435,-0.3198937,35.514629,5.8572134,25.908798899999997,45.120459,..,..,..,..,..,..,..,..,..,0.25,..,..,..,..,..,..,..,..,..,..,..,..,..,..,..,..,..,0.25,..,..,..,..,..,..,0.375
UGAge2000,Uganda,UGA,Sub-Saharan Africa,Low income,2000,ge,3,-0.5434034,0.30123469999999997,-1.0374283,-0.0493785,40.7745319,5.8572134,31.1687019,50.380362,..,..,..,..,..,..,..,..,..,0.25,..,..,..,..,..,..,..,..,..,..,..,..,..,..,..,..,..,0.5,..,..,..,..,..,..,0.375
UKRge2000,Ukraine,UKR,Europe & Central Asia,Upper middle income,2000,ge,5,-1.0286022,0.2718006,-1.4743552,-0.5828492,31.3403167,5.284896499999999,22.6730865,40.007546999999995,..,..,..,..,..,0.5951417,..,..,..,0,..,..,..,..,0.425,..,..,..,..,..,..,..,..,..,..,..,..,0.25,..,..,..,..,..,..,0.375
URYge2000,Uruguay,URY,Latin America & Caribbean,High income,2000,ge,5,0.4115084,0.27177789999999996,-0.0342074,0.8572242,59.341856099999994,5.2844555,50.6753491,68.008363,..,..,..,..,..,..,..,..,..,0.5,..,..,..,..,0.5166666999999999,..,..,..,..,..,..,..,..,0.35,..,..,..,0.5,..,..,..,..,..,..,0.75
USAge2000,United States,USA,North America,High income,2000,ge,5,1.8902073,0.2527495,1.4756981,2.3047165,88.09370709999999,4.9144666,80.0339819,96.15343229999999,..,..,..,..,..,..,..,..,..,1,..,..,..,..,0.8166667,..,..,..,..,..,..,..,..,..,..,..,..,1,..,..,..,..,0.6310114,..,0.875
UZBge2000,Uzbekistan,UZB,Europe & Central Asia,Lower middle income,2000,ge,2,-1.1563903,0.48526949999999996,-1.9522323,-0.3605483,28.8556024,9.435590099999999,13.381234599999999,44.3299702,..,..,..,..,..,0.6984127,..,..,..,0,..,..,..,..,..,..,..,..,..,..,..,..,..,..,..,..,..,..,..,..,..,..,..,..,..
VENge2000,"Venezuela, RB",VEN,Latin America & Caribbean,,2000,ge,6,-1.0116408,0.25192929999999997,-1.4248049,-0.5984767,31.670114499999997,4.8985189,23.6365435,39.7036856,..,..,..,..,..,..,..,..,..,0,..,..,..,..,0.2666667,..,..,..,..,..,..,..,..,0.16,..,..,..,0.25,..,..,..,..,0.2600762,..,0.5
VNMge2000,Viet Nam,VNM,East Asia & Pacific,Lower middle income,2000,ge,4,-0.6960312,0.2728086,-1.1434373,-0.2486251,37.8068339,5.3044958,29.1074608,46.5062071,..,..,..,..,..,..,..,..,..,0.25,..,..,..,..,0.2916667,..,..,..,..,..,..,..,..,..,..,..,..,0.5,..,..,..,..,..,..,0.375
WSMge2000,Samoa,WSM,East Asia & Pacific,Upper middle income,2000,ge,1,-0.2793718,0.44396919999999995,-1.0074813,0.44873769999999996,45.9083676,8.6325462,31.7509919,60.065743299999994,..,..,..,..,..,..,..,..,..,..,..,..,..,..,..,..,..,..,..,..,..,..,..,..,..,..,..,..,..,..,..,..,..,..,0.5
YEMge2000,"Yemen, Rep.",YEM,Middle East & North Africa,Low income,2000,ge,3,-1.1141214,0.30123469999999997,-1.6081463,-0.6200964999999999,29.6774797,5.8572134,20.0716497,39.2833098,..,..,..,..,..,..,..,..,..,0,..,..,..,..,..,..,..,..,..,..,..,..,..,..,..,..,..,0.25,..,..,..,..,..,..,0.375
ZAFge2000,South Africa,ZAF,Sub-Saharan Africa,Upper middle income,2000,ge,5,0.4728977,0.2527495,0.058388499999999996,0.8874069,60.5355109,4.9144666,52.475785699999996,68.5952361,..,..,..,..,..,..,..,..,..,0.5,..,..,..,..,0.5166666999999999,..,..,..,..,..,..,..,..,..,..,..,..,0.5,..,..,..,..,0.5062825,..,0.75
ZMBge2000,Zambia,ZMB,Sub-Saharan Africa,Lower middle income,2000,ge,3,-1.3518124,0.30123469999999997,-1.8458373,-0.8577874999999999,25.0558111,5.8572134,15.449981099999999,34.6616412,..,..,..,..,..,..,..,..,..,0,..,..,..,..,..,..,..,..,..,..,..,..,..,..,..,..,..,0.25,..,..,..,..,..,..,0.25
ZWEge2000,Zimbabwe,ZWE,Sub-Saharan Africa,Lower middle income,2000,ge,4,-0.7777132999999999,0.2728086,-1.2251193999999999,-0.33030719999999997,36.218605499999995,5.3044958,27.5192324,44.9179787,..,..,..,..,..,..,..,..,..,0.25,..,..,..,..,0.3833333,..,..,..,..,..,..,..,..,..,..,..,..,0.5,..,..,..,..,..,..,0.25
ADOge2002,Andorra,ADO,,,2002,ge,1,0.7534943,0.44396919999999995,0.0253848,1.4816038,65.9914368,8.6325462,51.8340611,80.14881249999999,..,..,..,..,..,..,..,..,..,..,..,..,..,..,..,..,..,..,..,..,..,..,..,..,..,..,..,..,..,..,..,..,..,..,0.75
AFGge2002,Afghanistan,AFG,South Asia,Low income,2002,ge,2,-2.0988761,0.3765408,-2.7164029999999997,-1.4813492,10.529889599999999,6.871065499999999,0.0,22.537094999999997,..,..,..,..,..,..,0,..,..,..,..,..,..,..,..,..,..,..,..,..,..,..,..,..,..,..,..,..,..,..,..,..,..,..,0.125
AGOge2002,Angola,AGO,Sub-Saharan Africa,Lower middle income,2002,ge,4,-1.2300935,0.27735119999999996,-1.6849494999999999,-0.7752374999999999,27.4225159,5.3928227,18.5782867,36.266745,..,..,..,..,..,..,0.1851852,..,..,0,..,..,..,..,..,..,..,..,..,..,..,..,..,..,..,..,..,0.25,..,..,..,..,..,..,0.375
ALBge2002,Albania,ALB,Europe & Central Asia,Upper middle income,2002,ge,4,-0.6571054,0.318663,-1.1797126999999998,-0.13449809999999998,38.563708,6.196089499999999,28.4021212,48.7252948,..,..,..,..,..,0.5116526,0.44444439999999996,..,..,..,..,..,..,..,..,..,..,..,..,..,..,..,..,..,..,..,..,0.5,..,..,..,..,..,..,0.375
AREge2002,United Arab Emirates,ARE,Middle East & North Africa,High income,2002,ge,4,0.8507317999999999,0.2728086,0.4033257,1.2981379,67.88212469999999,5.3044958,59.182751499999995,76.5814978,..,..,..,..,..,..,..,..,..,0.5,..,..,..,..,0.6912499999999999,..,..,..,..,..,..,..,..,..,..,..,..,0.75,..,..,..,..,..,..,0.75
ARGge2002,Argentina,ARG,Latin America & Caribbean,Upper middle income,2002,ge,7,-0.22525589999999998,0.2374528,-0.6146785,0.1641667,46.9605983,4.6170371,39.3886575,54.5325391,..,..,..,..,..,..,0.4074074,..,..,0.5,..,..,..,..,0.3854167,..,..,..,..,..,..,..,..,0.06999999999999999,..,..,..,0.75,..,..,..,..,0.2057418,..,0.5
ARMge2002,Armenia,ARM,Europe & Central Asia,Upper middle income,2002,ge,4,-0.2957267,0.318663,-0.818334,0.2268806,45.5903626,6.196089499999999,35.4287758,55.7519494,..,..,..,..,..,0.7320438,0.5185185,..,..,..,..,..,..,..,..,..,..,..,..,..,..,..,..,..,..,..,..,0.25,..,..,..,..,..,..,0.625
ATGge2002,Antigua and Barbuda,ATG,Latin America & Caribbean,High income,2002,ge,1,0.7534943,0.44396919999999995,0.0253848,1.4816038,65.9914368,8.6325462,51.8340611,80.14881249999999,..,..,..,..,..,..,..,..,..,..,..,..,..,..,..,..,..,..,..,..,..,..,..,..,..,..,..,..,..,..,..,..,..,..,0.75
AUSge2002,Australia,AUS,East Asia & Pacific,High income,2002,ge,5,1.9223957999999999,0.2527495,1.5078866,2.336905,88.7195809,4.9144666,80.6598558,96.7793061,..,..,..,..,..,..,..,..,..,0.75,..,..,..,..,0.8392856999999999,..,..,..,..,..,..,..,..,..,..,..,..,1,..,..,..,..,0.6817143,..,1
AUTge2002,Austria,AUT,Europe & Central Asia,High income,2002,ge,6,1.9624974,0.2479226,1.5559043,2.3690905,89.4993173,4.8206124,81.5935129,97.4051216,..,..,..,..,..,..,..,..,..,1,..,0.531,..,..,0.8872549,..,..,..,..,..,..,..,..,..,..,..,..,1,..,..,..,..,0.6338462,..,0.875
AZEge2002,Azerbaijan,AZE,Europe & Central Asia,Upper middle income,2002,ge,5,-1.1844660999999999,0.2762922,-1.6375853,-0.7313469,28.309696,5.3722309,19.4992372,37.1201547,..,..,..,..,..,0.8278797999999999,0.22222219999999998,..,..,0,..,..,..,..,..,..,..,..,..,..,..,..,..,..,..,..,..,0.25,..,..,..,..,..,..,0.375
BDIge2002,Burundi,BDI,Sub-Saharan Africa,Low income,2002,ge,2,-1.9445052999999999,0.3765408,-2.5620322,-1.3269784,13.531478499999999,7.321466699999999,1.5242730999999998,25.5386839,..,..,..,..,..,..,0.11111109999999999,..,..,..,..,..,..,..,..,..,..,..,..,..,..,..,..,..,..,..,..,..,..,..,..,..,..,..,0.125
BELge2002,Belgium,BEL,Europe & Central Asia,High income,2002,ge,6,1.9363036999999998,0.2479226,1.5297106,2.3428968,88.9900064,4.8206124,81.0842021,96.89581079999999,..,..,..,..,..,..,..,..,..,1,..,0.485,..,..,0.875,..,..,..,..,..,..,..,..,..,..,..,..,1,..,..,..,..,0.47351309999999996,..,1
BENge2002,Benin,BEN,Sub-Saharan Africa,Lower middle income,2002,ge,2,-0.6357049,0.3765408,-1.2532318,-0.018178,38.9798197,7.321466699999999,26.9726143,50.9870251,..,..,..,..,..,..,0.5185185,..,..,..,..,..,..,..,..,..,..,..,..,..,..,..,..,..,..,..,..,..,..,..,..,..,..,..,0.375
BFAge2002,Burkina Faso,BFA,Sub-Saharan Africa,Low income,2002,ge,3,-1.0826304,0.3202907,-1.6079071,-0.5573537,30.289791299999997,6.2277382,20.076300699999997,40.503282,..,..,..,..,..,..,0.25925929999999997,..,..,..,..,..,..,..,..,..,..,..,..,..,..,..,..,..,..,..,..,0.25,..,..,..,..,..,..,0.375
BGDge2002,Bangladesh,BGD,South Asia,Lower middle income,2002,ge,5,-0.8543124,0.2546903,-1.2720045,-0.43662029999999996,34.7292111,4.9522034,26.607597499999997,42.8508247,..,..,..,..,..,..,0.3333333,..,..,0.25,..,..,..,..,0.1979167,..,..,..,..,..,..,..,..,..,..,..,..,0.5,..,..,..,..,..,..,0.375
BGRge2002,Bulgaria,BGR,Europe & Central Asia,High income,2002,ge,6,-0.0419982,0.2538696,-0.4583443,0.37434789999999996,50.5238647,4.9362451,42.4284228,58.619306599999994,..,..,..,..,..,0.8371067,0.6666667,..,..,0.25,..,..,..,..,0.43145659999999997,..,..,..,..,..,..,..,..,..,..,..,..,0.5,..,..,..,..,..,..,0.625
BHRge2002,Bahrain,BHR,Middle East & North Africa,High income,2002,ge,5,0.3820288,0.2546903,-0.035663299999999995,0.7997209,58.7686542,4.9522034,50.6470406,66.8902677,..,..,..,..,..,..,0.3333333,..,..,0.5,..,..,..,..,0.6733333,..,..,..,..,..,..,..,..,..,..,..,..,0.5,..,..,..,..,..,..,0.75
BHSge2002,"Bahamas, The",BHS,Latin America & Caribbean,High income,2002,ge,2,1.1424982,0.3587892,0.5540839,1.7309124999999999,73.5552364,6.9763044999999995,62.114096999999994,84.9963758,..,..,..,..,..,..,..,..,..,..,..,..,..,..,..,..,..,..,..,..,..,..,..,..,..,..,..,0.75,..,..,..,..,..,..,0.875
BIHge2002,Bosnia and Herzegovina,BIH,Europe & Central Asia,Upper middle income,2002,ge,4,-1.3473427999999998,0.31001429999999996,-1.8557663,-0.8389192999999999,25.1427181,6.0279248,15.2569214,35.028514799999996,..,..,..,..,..,0.7748482,0.2962963,..,..,0,..,..,..,..,..,..,..,..,..,..,..,..,..,..,..,..,..,..,..,..,..,..,..,..,0.25
BLRge2002,Belarus,BLR,Europe & Central Asia,Upper middle income,2002,ge,4,-1.4137281,0.318663,-1.9363354,-0.8911207999999999,23.851920999999997,6.196089499999999,13.690334199999999,34.0135078,..,..,..,..,..,0.9150686,0.1481481,..,..,..,..,..,..,..,..,..,..,..,..,..,..,..,..,..,..,..,..,0.25,..,..,..,..,..,..,0.25
BLZge2002,Belize,BLZ,Latin America & Caribbean,Upper middle income,2002,ge,1,-0.2791206,0.44396919999999995,-1.0072301,0.44898889999999997,45.913252,8.6325462,31.755876299999997,60.070627699999996,..,..,..,..,..,..,..,..,..,..,..,..,..,..,..,..,..,..,..,..,..,..,..,..,..,..,..,..,..,..,..,..,..,..,0.5
BMUge2002,Bermuda,BMU,North America,High income,2002,ge,1,0.7534943,0.44396919999999995,0.0253848,1.4816038,65.9914368,8.6325462,51.8340611,80.14881249999999,..,..,..,..,..,..,..,..,..,..,..,..,..,..,..,..,..,..,..,..,..,..,..,..,..,..,..,..,..,..,..,..,..,..,0.75
BOLge2002,Bolivia,BOL,Latin America & Caribbean,Lower middle income,2002,ge,6,-0.4897682,0.253851,-0.9060838,-0.07345259999999999,41.8174158,4.9358834,33.722567,49.912264699999994,..,..,..,..,..,..,0.44444439999999996,..,..,0.5,..,..,..,..,0.1370545,..,..,..,..,..,..,..,..,0.13999999999999999,..,..,..,0.5,..,..,..,..,..,..,0.5
BRAge2002,Brazil,BRA,Latin America & Caribbean,Upper middle income,2002,ge,7,-0.0536477,0.2374528,-0.4430703,0.3357749,50.2973516,4.6170371,42.7254107,57.8692924,..,..,..,..,..,..,0.6296296,..,..,0.25,..,..,..,..,0.38958329999999997,..,..,..,..,..,..,..,..,0.24,..,..,..,0.5,..,..,..,..,0.4602939,..,0.625
BRBge2002,Barbados,BRB,Latin America & Caribbean,High income,2002,ge,1,0.7534943,0.44396919999999995,0.0253848,1.4816038,65.9914368,8.6325462,51.8340611,80.14881249999999,..,..,..,..,..,..,..,..,..,..,..,..,..,..,..,..,..,..,..,..,..,..,..,..,..,..,..,..,..,..,..,..,..,..,0.75
BRNge2002,Brunei Darussalam,BRN,East Asia & Pacific,High income,2002,ge,2,0.46810759999999996,0.3587892,-0.12030669999999999,1.0565219,60.4423721,6.9763044999999995,49.001232599999994,71.8835115,..,..,..,..,..,..,..,..,..,..,..,..,..,..,..,..,..,..,..,..,..,..,..,..,..,..,..,0.75,..,..,..,..,..,..,0.625
BTNge2002,Bhutan,BTN,South Asia,Lower middle income,2002,ge,1,0.23718679999999998,0.44396919999999995,-0.4909227,0.9652963,55.9523434,8.6325462,41.7949677,70.10971909999999,..,..,..,..,..,..,..,..,..,..,..,..,..,..,..,..,..,..,..,..,..,..,..,..,..,..,..,..,..,..,..,..,..,..,0.625
BWAge2002,Botswana,BWA,Sub-Saharan Africa,Upper middle income,2002,ge,6,0.444301,0.2531335,0.0291621,0.8594398999999999,59.9794761,4.9219323,51.907506999999995,68.0514451,..,0.7819999999999999,..,..,..,..,0.8518519,..,..,0.5,..,..,..,..,0.5559641,..,..,..,..,..,..,..,..,..,..,..,..,0.5,..,..,..,..,..,..,0.625
CAFge2002,Central African Republic,CAF,Sub-Saharan Africa,Low income,2002,ge,2,-1.7274889999999998,0.3765408,-2.3450159,-1.1099621,17.7511478,7.321466699999999,5.7439424,29.7583532,..,..,..,..,..,..,0,..,..,..,..,..,..,..,..,..,..,..,..,..,..,..,..,..,..,..,..,..,..,..,..,..,..,..,0.25
CANge2002,Canada,CAN,North America,High income,2002,ge,5,1.9763346,0.2527495,1.5618254,2.3908438,89.76836809999999,4.9144666,81.7086429,97.8280932,..,..,..,..,..,..,..,..,..,1,..,..,..,..,0.8560606,..,..,..,..,..,..,..,..,..,..,..,..,1,..,..,..,..,0.6740681,..,0.875
CHEge2002,Switzerland,CHE,Europe & Central Asia,High income,2002,ge,5,2.0721562,0.2527495,1.6576469999999999,2.4866653999999997,91.6315252,4.9144666,83.5718,99.6912504,..,..,..,..,..,..,..,..,..,1,..,..,..,..,0.9189189,..,..,..,..,..,..,..,..,..,..,..,..,1,..,..,..,..,0.7024265,..,0.875
CHLge2002,Chile,CHL,Latin America & Caribbean,High income,2002,ge,7,1.1052274,0.2374528,0.7158048,1.49465,72.8305422,4.6170371,65.2586014,80.40248299999999,..,..,..,..,..,..,0.8148148,..,..,0.75,..,..,..,..,0.4110491,..,..,..,..,..,..,..,..,0.43,..,..,..,0.75,..,..,..,..,0.654902,..,0.875
CHNge2002,China,CHN,East Asia & Pacific,Upper middle income,2002,ge,7,-0.5173673999999999,0.2380603,-0.9077862999999999,-0.1269485,41.2807764,4.6288493,33.689463499999995,48.8720893,..,..,..,0.1985191,..,..,0.3703704,..,..,0.25,..,..,..,..,0.3839662,..,..,..,..,..,..,..,..,..,..,..,..,0.5,..,..,..,..,0.4520439,..,0.375
CIVge2002,Côte d’Ivoire,CIV,Sub-Saharan Africa,Lower middle income,2002,ge,4,-1.3137543999999999,0.27735119999999996,-1.7686104,-0.8588984,25.795811699999998,5.3928227,16.9515825,34.6400408,..,..,..,..,..,..,0.11111109999999999,..,..,0,..,..,..,..,..,..,..,..,..,..,..,..,..,..,..,..,..,0,..,..,..,..,..,..,0.5
CMRge2002,Cameroon,CMR,Sub-Saharan Africa,Lower middle income,2002,ge,4,-1.2050191,0.27735119999999996,-1.6598750999999998,-0.7501631,27.910062999999997,5.3928227,19.0658338,36.7542922,..,..,..,..,..,..,0.1481481,..,..,0.25,..,..,..,..,..,..,..,..,..,..,..,..,..,..,..,..,..,0.25,..,..,..,..,..,..,0.25
CODge2002,"Congo, Dem. Rep.",COD,Sub-Saharan Africa,Low income,2002,ge,3,-2.1492711,0.3202907,-2.6745478,-1.6239944,9.550008199999999,6.025456999999999,0.0,19.7634989,..,..,..,..,..,..,0.037037,..,..,..,..,..,..,..,..,..,..,..,..,..,..,..,..,..,..,..,..,0,..,..,..,..,..,..,0.125
COGge2002,"Congo, Rep.",COG,Sub-Saharan Africa,Lower middle income,2002,ge,2,-1.3109993,0.3587892,-1.8994136,-0.7225849999999999,25.849381899999997,6.9763044999999995,14.408242399999999,37.2905213,..,..,..,..,..,..,..,..,..,..,..,..,..,..,..,..,..,..,..,..,..,..,..,..,..,..,..,0.25,..,..,..,..,..,..,0.25
COLge2002,Colombia,COL,Latin America & Caribbean,Upper middle income,2002,ge,7,-0.7687469,0.2374528,-1.1581694999999999,-0.3793243,36.3929484,4.6170371,28.821007599999998,43.964889199999995,..,..,..,..,..,..,0.2962963,..,..,0.25,..,..,..,..,0.2669271,..,..,..,..,..,..,..,..,0.15,..,..,..,0.5,..,..,..,..,0.3394292,..,0.375
COMge2002,Comoros,COM,Sub-Saharan Africa,Lower middle income,2002,ge,1,-0.7954281,0.44396919999999995,-1.5235375999999998,-0.06731859999999999,35.8741586,8.6325462,21.7167829,50.0315343,..,..,..,..,..,..,..,..,..,..,..,..,..,..,..,..,..,..,..,..,..,..,..,..,..,..,..,..,..,..,..,..,..,..,0.375
CPVge2002,Cabo Verde,CPV,Sub-Saharan Africa,Upper middle income,2002,ge,2,-0.30204339999999996,0.43587349999999997,-1.0168759,0.41278909999999996,45.4675406,8.4751326,31.5683232,59.366758,..,0.517,..,..,..,..,..,..,..,..,..,..,..,..,..,..,..,..,..,..,..,..,..,..,..,..,..,..,..,..,..,..,..,..,0.5
CRIge2002,Costa Rica,CRI,Latin America & Caribbean,High income,2002,ge,6,0.2004916,0.253851,-0.215824,0.6168072,55.238841199999996,4.9358835,47.1439923,63.3336901,..,..,..,..,..,..,0.7777778,..,..,0.5,..,..,..,..,0.3896714,..,..,..,..,..,..,..,..,0.43,..,..,..,0.5,..,..,..,..,..,..,0.625
CUBge2002,Cuba,CUB,Latin America & Caribbean,Upper middle income,2002,ge,4,-0.804966,0.27735119999999996,-1.259822,-0.35011,35.688703499999995,5.3928227,26.844474299999998,44.532932699999996,..,..,..,..,..,..,0.037037,..,..,0.5,..,..,..,..,..,..,..,..,..,..,..,..,..,..,..,..,..,0.5,..,..,..,..,..,..,0.25
CYMge2002,Cayman Islands,CYM,Latin America & Caribbean,High income,2002,ge,1,1.7861091999999998,0.44396919999999995,1.0579996999999999,2.5142187,86.06962159999999,8.5633397,71.9122459,100.0,..,..,..,..,..,..,..,..,..,..,..,..,..,..,..,..,..,..,..,..,..,..,..,..,..,..,..,..,..,..,..,..,..,..,1
CYPge2002,Cyprus,CYP,Europe & Central Asia,High income,2002,ge,3,1.5489123,0.30123469999999997,1.0548874,2.0429372,81.4575603,5.8572134,71.85173019999999,91.0633903,..,..,..,..,..,..,..,..,..,0.75,..,..,..,..,..,..,..,..,..,..,..,..,..,..,..,..,..,1,..,..,..,..,..,..,0.875
CZEge2002,Czechia,CZE,Europe & Central Asia,High income,2002,ge,7,0.8849792999999999,0.23746799999999998,0.49553179999999997,1.2744267999999999,68.54803369999999,4.6173323,60.975608799999996,76.1204587,..,..,..,..,..,0.8448637,0.7777778,..,..,0.5,..,..,..,..,0.7264493,..,..,..,..,..,..,..,..,..,..,..,..,0.75,..,..,..,..,0.48,..,0.75
DEUge2002,Germany,DEU,Europe & Central Asia,High income,2002,ge,6,1.7461478,0.2479226,1.3395546999999999,2.1527409,85.29261129999999,4.8206124,77.3868069,93.1984157,..,..,..,..,..,..,..,..,..,1,..,0.425,..,..,0.8028455,..,..,..,..,..,..,..,..,..,..,..,..,1,..,..,..,..,0.5397044999999999,..,0.875
DJIge2002,Djibouti,DJI,Middle East & North Africa,Lower middle income,2002,ge,1,-0.7954281,0.44396919999999995,-1.5235375999999998,-0.06731859999999999,35.8741586,8.6325462,21.7167829,50.0315343,..,..,..,..,..,..,..,..,..,..,..,..,..,..,..,..,..,..,..,..,..,..,..,..,..,..,..,..,..,..,..,..,..,..,0.375
DMAge2002,Dominica,DMA,Latin America & Caribbean,Upper middle income,2002,ge,1,0.7534943,0.44396919999999995,0.0253848,1.4816038,65.9914368,8.6325462,51.8340611,80.14881249999999,..,..,..,..,..,..,..,..,..,..,..,..,..,..,..,..,..,..,..,..,..,..,..,..,..,..,..,..,..,..,..,..,..,..,0.75
DNKge2002,Denmark,DNK,Europe & Central Asia,High income,2002,ge,6,2.1922798,0.2479226,1.7856866999999998,2.5988729,93.96721079999999,4.2495712,86.06140649999999,100.0,..,..,..,..,..,..,..,..,..,1,..,0.6,..,..,0.85,..,..,..,..,..,..,..,..,..,..,..,..,1,..,..,..,..,0.7174052,..,1
DOMge2002,Dominican Republic,DOM,Latin America & Caribbean,Upper middle income,2002,ge,5,-0.8441521999999999,0.2546903,-1.2618443,-0.42646009999999995,34.926766199999996,4.9522034,26.805152699999997,43.0483798,..,..,..,..,..,..,0.5185185,..,..,0,..,..,..,..,0.31910499999999997,..,..,..,..,..,..,..,..,..,..,..,..,0.25,..,..,..,..,..,..,0.5
DZAge2002,Algeria,DZA,Middle East & North Africa,Upper middle income,2002,ge,4,-0.7183695999999999,0.27735119999999996,-1.1732255999999999,-0.2635136,37.3724856,5.3928227,28.528256499999998,46.2167148,..,..,..,..,..,..,0.22222219999999998,..,..,0.25,..,..,..,..,..,..,..,..,..,..,..,..,..,..,..,..,..,0.5,..,..,..,..,..,..,0.375
ECUge2002,Ecuador,ECU,Latin America & Caribbean,Upper middle income,2002,ge,6,-1.0787578,0.253851,-1.4950733999999999,-0.6624422,30.3650903,4.9358834,22.2702414,38.4599391,..,..,..,..,..,..,0.4074074,..,..,0,..,..,..,..,0.16731669999999998,..,..,..,..,..,..,..,..,0.12,..,..,..,0.5,..,..,..,..,..,..,0.375
EGYge2002,"Egypt, Arab Rep.",EGY,Middle East & North Africa,Lower middle income,2002,ge,5,-0.728812,0.2546903,-1.1465041,-0.3111199,37.1694434,4.9522034,29.0478298,45.291056999999995,..,..,..,..,..,..,0.2962963,..,..,0.25,..,..,..,..,0.3363095,..,..,..,..,..,..,..,..,..,..,..,..,0.5,..,..,..,..,..,..,0.375
ERIge2002,Eritrea,ERI,Sub-Saharan Africa,Low income,2002,ge,2,-0.9332579,0.3765408,-1.5507848,-0.315731,33.1941932,7.321466699999999,21.1869878,45.2013986,..,..,..,..,..,..,0.037037,..,..,..,..,..,..,..,..,..,..,..,..,..,..,..,..,..,..,..,..,..,..,..,..,..,..,..,0.5
ESPge2002,Spain,ESP,Europe & Central Asia,High income,2002,ge,6,1.7932971,0.2479226,1.386704,2.1998902,86.20938319999999,4.8206124,78.30357889999999,94.1151876,..,..,..,..,..,..,..,..,..,1,..,0.517,..,..,0.6329543,..,..,..,..,..,..,..,..,..,..,..,..,1,..,..,..,..,0.5673287,..,1
ESTge2002,Estonia,EST,Europe & Central Asia,High income,2002,ge,7,0.6400868,0.23746799999999998,0.2506393,1.0295343,63.7863391,4.6173323,56.2139141,71.3587641,..,..,..,..,..,0.8181217,0.8888889,..,..,0.5,..,..,..,..,0.6388889,..,..,..,..,..,..,..,..,..,..,..,..,0.625,..,..,..,..,0.49254899999999996,..,0.625
ETHge2002,Ethiopia,ETH,Sub-Saharan Africa,,2002,ge,4,-1.2859289,0.27735119999999996,-1.7407849,-0.8310729,26.336851199999998,5.3928227,17.4926221,35.1810804,..,..,..,..,..,..,0.11111109999999999,..,..,0,..,..,..,..,..,..,..,..,..,..,..,..,..,..,..,..,..,0.25,..,..,..,..,..,..,0.375
FINge2002,Finland,FIN,Europe & Central Asia,High income,2002,ge,6,2.32219,0.2479226,1.9155969,2.7287831,96.4931874,3.4794563999999997,88.587383,100.0,..,..,..,..,..,..,..,..,..,1,..,0.587,..,..,0.9191919,..,..,..,..,..,..,..,..,..,..,..,..,1,..,..,..,..,0.7819549,..,1
FJIge2002,Fiji,FJI,East Asia & Pacific,Upper middle income,2002,ge,1,0.23718679999999998,0.44396919999999995,-0.4909227,0.9652963,55.9523434,8.6325462,41.7949677,70.10971909999999,..,..,..,..,..,..,..,..,..,..,..,..,..,..,..,..,..,..,..,..,..,..,..,..,..,..,..,..,..,..,..,..,..,..,0.625
FRAge2002,France,FRA,Europe & Central Asia,High income,2002,ge,6,1.5487521,0.2479226,1.142159,1.9553452,81.4544454,4.8206124,73.548641,89.3602497,..,..,..,..,..,..,..,..,..,1,..,0.321,..,..,0.8410713999999999,..,..,..,..,..,..,..,..,..,..,..,..,0.75,..,..,..,..,0.5227438,..,0.875
GABge2002,Gabon,GAB,Sub-Saharan Africa,Upper middle income,2002,ge,3,-0.6057994999999999,0.30123469999999997,-1.0998244,-0.1117746,39.5613009,5.8572134,29.955470899999998,49.167131,..,..,..,..,..,..,..,..,..,0,..,..,..,..,..,..,..,..,..,..,..,..,..,..,..,..,..,0.5,..,..,..,..,..,..,0.5
GBRge2002,United Kingdom,GBR,Europe & Central Asia,High income,2002,ge,6,1.7830545,0.2479226,1.3764614,2.1896476,86.0102259,4.8206124,78.1044215,93.9160303,..,..,..,..,..,..,..,..,..,1,..,0.363,..,..,0.7023809,..,..,..,..,..,..,..,..,..,..,..,..,1,..,..,..,..,0.5398254,..,1
GEOge2002,Georgia,GEO,Europe & Central Asia,Upper middle income,2002,ge,3,-1.2104207999999999,0.3739037,-1.8236229,-0.5972187,27.8050322,7.2701914,15.881918299999999,39.7281462,..,..,..,..,..,0.715198,0.11111109999999999,..,..,..,..,..,..,..,..,..,..,..,..,..,..,..,..,..,..,..,..,..,..,..,..,..,..,..,0.375
GHAge2002,Ghana,GHA,Sub-Saharan Africa,Lower middle income,2002,ge,5,-0.22403669999999998,0.2753441,-0.675601,0.2275276,46.9843044,5.3537959,38.2040791,55.7645297,..,0.633,..,..,..,..,0.5925926,..,..,0.25,..,..,..,..,..,..,..,..,..,..,..,..,..,..,..,..,..,0.5,..,..,..,..,..,..,0.5
GINge2002,Guinea,GIN,Sub-Saharan Africa,Lower middle income,2002,ge,3,-1.0001954,0.3202907,-1.5254721,-0.47491869999999997,31.8926591,6.2277382,21.6791685,42.1061498,..,..,..,..,..,..,0.037037,..,..,..,..,..,..,..,..,..,..,..,..,..,..,..,..,..,..,..,..,0.5,..,..,..,..,..,..,0.375
GMBge2002,"Gambia, The",GMB,Sub-Saharan Africa,Low income,2002,ge,2,-0.5900434999999999,0.3587892,-1.1784577999999999,-0.0016292,39.8676609,6.9763044999999995,28.4265215,51.308800299999994,..,..,..,..,..,..,..,..,..,..,..,..,..,..,..,..,..,..,..,..,..,..,..,..,..,..,..,0.5,..,..,..,..,..,..,0.375
GNBge2002,Guinea-Bissau,GNB,Sub-Saharan Africa,Low income,2002,ge,2,-0.973804,0.3587892,-1.5622182999999998,-0.3853897,32.405814,6.9763044999999995,20.9646746,43.8469535,..,..,..,..,..,..,..,..,..,..,..,..,..,..,..,..,..,..,..,..,..,..,..,..,..,..,..,0.25,..,..,..,..,..,..,0.375
GNQge2002,Equatorial Guinea,GNQ,Sub-Saharan Africa,Upper middle income,2002,ge,2,-1.3653191,0.3465764,-1.9337043999999999,-0.7969337999999999,24.7931866,6.7388385,13.7414914,35.844881799999996,..,..,..,..,..,..,..,..,..,0,..,..,..,..,..,..,..,..,..,..,..,..,..,..,..,..,..,..,..,..,..,..,..,..,0.25
GRCge2002,Greece,GRC,Europe & Central Asia,High income,2002,ge,6,0.43553709999999995,0.2479226,0.028943999999999998,0.8421301999999999,59.8090706,4.8206124,51.9032662,67.71487499999999,..,..,..,..,..,..,..,..,..,0.5,..,0.414,..,..,0.41821579999999997,..,..,..,..,..,..,..,..,..,..,..,..,0.75,..,..,..,..,0.37459329999999996,..,0.75
GRDge2002,Grenada,GRD,Latin America & Caribbean,Upper middle income,2002,ge,1,0.7534943,0.44396919999999995,0.0253848,1.4816038,65.9914368,8.6325462,51.8340611,80.14881249999999,..,..,..,..,..,..,..,..,..,..,..,..,..,..,..,..,..,..,..,..,..,..,..,..,..,..,..,..,..,..,..,..,..,..,0.75
GTMge2002,Guatemala,GTM,Latin America & Caribbean,Upper middle income,2002,ge,6,-0.9260440999999999,0.253851,-1.3423597,-0.5097285,33.3344585,4.9358835,25.239609599999998,41.4293074,..,..,..,..,..,..,0.25925929999999997,..,..,0.25,..,..,..,..,0.1929824,..,..,..,..,..,..,..,..,0.16,..,..,..,0.5,..,..,..,..,..,..,0.375
GUFge2002,French Guiana,GUF,,,2002,ge,1,0.7534943,0.44396919999999995,0.0253848,1.4816038,65.9914368,8.6325462,51.8340611,80.14881249999999,..,..,..,..,..,..,..,..,..,..,..,..,..,..,..,..,..,..,..,..,..,..,..,..,..,..,..,..,..,..,..,..,..,..,0.75
GUYge2002,Guyana,GUY,Latin America & Caribbean,High income,2002,ge,2,0.13091229999999998,0.3587892,-0.45750199999999996,0.7193265999999999,53.8859399,6.9763044999999995,42.4448005,65.3270793,..,..,..,..,..,..,..,..,..,..,..,..,..,..,..,..,..,..,..,..,..,..,..,..,..,..,..,0.75,..,..,..,..,..,..,0.5
HKGge2002,"Hong Kong SAR, China",HKG,East Asia & Pacific,High income,2002,ge,6,1.2504701,0.25265509999999997,0.8361157,1.6648245,75.65464419999999,4.9126312,67.5979289,83.71135939999999,..,..,..,0.46354799999999996,..,..,..,..,..,0.75,..,..,..,..,0.754902,..,..,..,..,..,..,..,..,..,..,..,..,0.75,..,..,..,..,0.6343743,..,0.75
HNDge2002,Honduras,HND,Latin America & Caribbean,Lower middle income,2002,ge,6,-1.0247734,0.253851,-1.4410889999999998,-0.6084577999999999,31.414763999999998,4.9358835,23.3199151,39.5096129,..,..,..,..,..,..,0.3703704,..,..,0,..,..,..,..,0.2002688,..,..,..,..,..,..,..,..,0.42,..,..,..,0.5,..,..,..,..,..,..,0.375
HRVge2002,Croatia,HRV,Europe & Central Asia,High income,2002,ge,6,0.2060399,0.2538696,-0.2103062,0.622386,55.3467225,4.9362451,47.2512806,63.442164399999996,..,..,..,..,..,0.9040427999999999,0.7037036999999999,..,..,0.25,..,..,..,..,0.4513201,..,..,..,..,..,..,..,..,..,..,..,..,0.75,..,..,..,..,..,..,0.625
HTIge2002,Haiti,HTI,Latin America & Caribbean,Lower middle income,2002,ge,4,-1.8375512999999999,0.286721,-2.3077737,-1.3673289,15.6110942,5.5750084,6.4680805,24.754108,..,..,..,..,..,..,0.07407409999999999,..,..,..,..,..,..,..,0.0724638,..,..,..,..,..,..,..,..,..,..,..,..,0,..,..,..,..,..,..,0.375
HUNge2002,Hungary,HUN,Europe & Central Asia,High income,2002,ge,7,0.9692987,0.23746799999999998,0.5798512,1.3587462,70.1875419,4.6173323,62.6151169,77.7599668,..,..,..,..,..,0.8910886,0.7777778,..,..,0.5,..,..,..,..,0.6138889,..,..,..,..,..,..,..,..,..,..,..,..,1,..,..,..,..,0.49629629999999997,..,0.75
IDNge2002,Indonesia,IDN,East Asia & Pacific,Upper middle income,2002,ge,6,-0.7684151,0.2381393,-1.1589635999999999,-0.3778666,36.3993999,4.630385899999999,28.805567099999998,43.9932328,..,..,..,..,..,..,0.4074074,..,..,0,..,..,..,..,0.265625,..,..,..,..,..,..,..,..,..,..,..,..,0.5,..,..,..,..,0.295415,..,0.5
INDge2002,India,IND,South Asia,Lower middle income,2002,ge,6,-0.4818453,0.2381393,-0.8723938,-0.0912968,41.9714689,4.630385899999999,34.377635999999995,49.5653017,..,..,..,..,..,..,0.5555555999999999,..,..,0.25,..,..,..,..,0.25,..,..,..,..,..,..,..,..,..,..,..,..,0.75,..,..,..,..,0.30727709999999997,..,0.375
IRLge2002,Ireland,IRL,Europe & Central Asia,High income,2002,ge,6,1.4188657,0.2479226,1.0122726,1.8254587999999998,78.9289316,4.8206124,71.02312719999999,86.83473599999999,..,..,..,..,..,..,..,..,..,0.75,..,0.479,..,..,0.6265432,..,..,..,..,..,..,..,..,..,..,..,..,1,..,..,..,..,0.577193,..,0.875
IRNge2002,"Iran, Islamic Rep.",IRN,Middle East & North Africa,Upper middle income,2002,ge,4,-0.7183695999999999,0.27735119999999996,-1.1732255999999999,-0.2635136,37.3724856,5.3928227,28.528256499999998,46.2167148,..,..,..,..,..,..,0.22222219999999998,..,..,0.25,..,..,..,..,..,..,..,..,..,..,..,..,..,..,..,..,..,0.5,..,..,..,..,..,..,0.375
IRQge2002,Iraq,IRQ,Middle East & North Africa,Upper middle income,2002,ge,4,-2.2034846999999997,0.27735119999999996,-2.6583406999999997,-1.7486286999999998,8.4958779,5.286618,0.0,17.3401071,..,..,..,..,..,..,0,..,..,0,..,..,..,..,..,..,..,..,..,..,..,..,..,..,..,..,..,0,..,..,..,..,..,..,0
ISLge2002,Iceland,ISL,Europe & Central Asia,High income,2002,ge,4,2.0283330999999998,0.2839605,1.5626379,2.4940283,90.7794279,5.5213334,81.72444109999999,99.8344147,..,..,..,..,..,..,..,..,..,..,..,..,..,..,0.8913042999999999,..,..,..,..,..,..,..,..,..,..,..,..,1,..,..,..,..,0.6451509,..,1
ISRge2002,Israel,ISR,Middle East & North Africa,High income,2002,ge,5,1.4934459999999998,0.2527495,1.0789368,1.9079552,80.3790724,4.9144666,72.31934729999999,88.4387976,..,..,..,..,..,..,..,..,..,1,..,..,..,..,0.7324073999999999,..,..,..,..,..,..,..,..,..,..,..,..,1,..,..,..,..,0.4946923,..,0.75
ITAge2002,Italy,ITA,Europe & Central Asia,High income,2002,ge,6,0.7774040999999999,0.2479226,0.370811,1.1839971999999999,66.45633939999999,4.8206124,58.550534999999996,74.3621438,..,..,..,..,..,..,..,..,..,0.75,..,0.38799999999999996,..,..,0.6306305999999999,..,..,..,..,..,..,..,..,..,..,..,..,0.625,..,..,..,..,0.3973114,..,0.75
JAMge2002,Jamaica,JAM,Latin America & Caribbean,Upper middle income,2002,ge,5,-0.1277929,0.2546903,-0.545485,0.28989919999999997,48.8556708,4.9522034,40.734057299999996,56.977284399999995,..,..,..,..,..,..,0.5925926,..,..,0.25,..,..,..,..,0.3821717,..,..,..,..,..,..,..,..,..,..,..,..,0.75,..,..,..,..,..,..,0.5
JORge2002,Jordan,JOR,Middle East & North Africa,Lower middle income,2002,ge,5,-0.1530624,0.2546903,-0.5707544999999999,0.26462969999999997,48.3643301,4.9522034,40.2427166,56.4859437,..,..,..,..,..,..,0.3333333,..,..,0.5,..,..,..,..,0.4920213,..,..,..,..,..,..,..,..,..,..,..,..,0.5,..,..,..,..,..,..,0.5
JPNge2002,Japan,JPN,East Asia & Pacific,High income,2002,ge,5,1.3101353999999998,0.2527495,0.8956261999999999,1.7246446,76.81477749999999,4.9144666,68.7550523,84.8745027,..,..,..,..,..,..,..,..,..,0.75,..,..,..,..,0.701878,..,..,..,..,..,..,..,..,..,..,..,..,1,..,..,..,..,0.5534545,..,0.75
KAZge2002,Kazakhstan,KAZ,Europe & Central Asia,Upper middle income,2002,ge,6,-1.1296621999999998,0.2538696,-1.5460083,-0.7133161,29.375304099999997,4.9362451,21.2798622,37.470746,..,..,..,..,..,0.8892983999999999,0.22222219999999998,..,..,0,..,..,..,..,0.3416667,..,..,..,..,..,..,..,..,..,..,..,..,0.5,..,..,..,..,..,..,0.25
KENge2002,Kenya,KEN,Sub-Saharan Africa,Lower middle income,2002,ge,5,-0.9885634999999999,0.2753441,-1.4401278,-0.5369992,32.118829999999996,5.3537959,23.338604699999998,40.8990553,..,0.844,..,..,..,..,0.11111109999999999,..,..,0,..,..,..,..,..,..,..,..,..,..,..,..,..,..,..,..,..,0.5,..,..,..,..,..,..,0.375
KGZge2002,Kyrgyz Republic,KGZ,Europe & Central Asia,Lower middle income,2002,ge,3,-0.6029641,0.3739037,-1.2161662,0.010237999999999999,39.616432499999995,7.2701914,27.693318599999998,51.5395464,..,..,..,..,..,0.8201552999999999,0.25925929999999997,..,..,..,..,..,..,..,..,..,..,..,..,..,..,..,..,..,..,..,..,..,..,..,..,..,..,..,0.5
KHMge2002,Cambodia,KHM,East Asia & Pacific,Lower middle income,2002,ge,3,-1.1388612999999999,0.31151239999999997,-1.6497416,-0.627981,29.1964366,6.0570528999999995,19.2628698,39.1300034,..,..,..,..,..,..,0.25925929999999997,..,..,0,..,..,..,..,..,..,..,..,..,..,..,..,..,..,..,..,..,..,..,..,..,..,..,..,0.375
KORge2002,"Korea, Rep.",KOR,East Asia & Pacific,High income,2002,ge,6,1.0191571,0.2381393,0.6286086,1.4097056,71.1569896,4.630385899999999,63.5631567,78.75082239999999,..,..,..,..,..,..,0.7777778,..,..,0.75,..,..,..,..,0.6545307,..,..,..,..,..,..,..,..,..,..,..,..,0.75,..,..,..,..,0.49986529999999996,..,0.75
KWTge2002,Kuwait,KWT,Middle East & North Africa,High income,2002,ge,4,-0.0322085,0.2728086,-0.4796146,0.4151976,50.7142158,5.3044959,42.0148426,59.413588999999995,..,..,..,..,..,..,..,..,..,0.25,..,..,..,..,0.6710526,..,..,..,..,..,..,..,..,..,..,..,..,0.5,..,..,..,..,..,..,0.5
LAOge2002,Lao PDR,LAO,East Asia & Pacific,Lower middle income,2002,ge,2,-1.1502742,0.3765408,-1.7678011,-0.5327472999999999,28.974523899999998,7.321466699999999,16.967318499999998,40.9817293,..,..,..,..,..,..,0.1481481,..,..,..,..,..,..,..,..,..,..,..,..,..,..,..,..,..,..,..,..,..,..,..,..,..,..,..,0.375
LBNge2002,Lebanon,LBN,Middle East & North Africa,Lower middle income,2002,ge,5,-0.28767319999999996,0.2546903,-0.7053653,0.1300189,45.7469551,4.9522034,37.6253415,53.868568599999996,..,..,..,..,..,..,0.2962963,..,..,0.5,..,..,..,..,0.3888889,..,..,..,..,..,..,..,..,..,..,..,..,0.5,..,..,..,..,..,..,0.5
LBRge2002,Liberia,LBR,Sub-Saharan Africa,Low income,2002,ge,3,-1.6490728,0.3202907,-2.1743495,-1.1237960999999999,19.275873999999998,6.2277382,9.0623833,29.4893646,..,..,..,..,..,..,0,..,..,..,..,..,..,..,..,..,..,..,..,..,..,..,..,..,..,..,..,0,..,..,..,..,..,..,0.375
LBYge2002,Libya,LBY,Middle East & North Africa,Upper middle income,2002,ge,4,-1.4595055,0.27735119999999996,-1.9143614999999998,-1.0046495,22.9618243,5.3928227,14.1175952,31.806053499999997,..,..,..,..,..,..,0.1481481,..,..,0,..,..,..,..,..,..,..,..,..,..,..,..,..,..,..,..,..,0.25,..,..,..,..,..,..,0.25
LIEge2002,Liechtenstein,LIE,Europe & Central Asia,High income,2002,ge,1,1.2698018,0.44396919999999995,0.5416923,1.9979113,76.0305301,8.6325462,61.8731544,90.1879058,..,..,..,..,..,..,..,..,..,..,..,..,..,..,..,..,..,..,..,..,..,..,..,..,..,..,..,..,..,..,..,..,..,..,0.875
LKAge2002,Sri Lanka,LKA,South Asia,Lower middle income,2002,ge,5,-0.1141382,0.2546903,-0.5318303,0.3035539,49.1211731,4.9522034,40.9995595,57.242786599999995,..,..,..,..,..,..,0.48148149999999995,..,..,0.25,..,..,..,..,0.6399904,..,..,..,..,..,..,..,..,..,..,..,..,0.5,..,..,..,..,..,..,0.5
LSOge2002,Lesotho,LSO,Sub-Saharan Africa,Lower middle income,2002,ge,2,0.2686713,0.43587349999999997,-0.4461612,0.9835037999999999,56.5645287,8.4751326,42.6653112,70.4637461,..,0.6615,..,..,..,..,..,..,..,..,..,..,..,..,..,..,..,..,..,..,..,..,..,..,..,..,..,..,..,..,..,..,..,..,0.625
LTUge2002,Lithuania,LTU,Europe & Central Asia,High income,2002,ge,6,0.5321923,0.2538696,0.1158462,0.9485384,61.6884363,4.9362451,53.592994399999995,69.7838782,..,..,..,..,..,0.8405556,0.9259259,..,..,0.5,..,..,..,..,0.5254643999999999,..,..,..,..,..,..,..,..,..,..,..,..,0.625,..,..,..,..,..,..,0.625
LUXge2002,Luxembourg,LUX,Europe & Central Asia,High income,2002,ge,5,2.217132,0.27716609999999997,1.7625796,2.6716843999999997,94.45043749999999,4.3865513,85.61211159999999,100.0,..,..,..,..,..,..,..,..,..,..,..,0.758,..,..,0.875,..,..,..,..,..,..,..,..,..,..,..,..,1,..,..,..,..,0.7423255999999999,..,1
LVAge2002,Latvia,LVA,Europe & Central Asia,High income,2002,ge,6,0.3505684,0.2538696,-0.0657777,0.7669144999999999,58.1569375,4.9362451,50.0614956,66.2523794,..,..,..,..,..,0.8717193999999999,0.6666667,..,..,0.5,..,..,..,..,0.5038461,..,..,..,..,..,..,..,..,..,..,..,..,0.625,..,..,..,..,..,..,0.625
MACge2002,"Macao SAR, China",MAC,East Asia & Pacific,High income,2002,ge,1,0.7534943,0.44396919999999995,0.0253848,1.4816038,65.9914368,8.6325462,51.8340611,80.14881249999999,..,..,..,..,..,..,..,..,..,..,..,..,..,..,..,..,..,..,..,..,..,..,..,..,..,..,..,..,..,..,..,..,..,..,0.75
MARge2002,Morocco,MAR,Middle East & North Africa,Lower middle income,2002,ge,5,-0.2675859,0.2546903,-0.6852779999999999,0.1501062,46.1375329,4.9522034,38.0159194,54.2591465,..,..,..,..,..,..,0.3703704,..,..,0.5,..,..,..,..,0.3638211,..,..,..,..,..,..,..,..,..,..,..,..,0.5,..,..,..,..,..,..,0.5
MDAge2002,Moldova,MDA,Europe & Central Asia,Upper middle income,2002,ge,5,-0.7261883,0.2762922,-1.1793075,-0.2730691,37.2204587,5.372231,28.4099999,46.0309175,..,..,..,..,..,0.8431481,0.25925929999999997,..,..,0,..,..,..,..,..,..,..,..,..,..,..,..,..,..,..,..,..,0.5,..,..,..,..,..,..,0.5
MDGge2002,Madagascar,MDG,Sub-Saharan Africa,Low income,2002,ge,3,-0.5079696,0.3202907,-1.0332463,0.0173071,41.4635074,6.2277382,31.250016799999997,51.6769981,..,..,..,..,..,..,0.2962963,..,..,..,..,..,..,..,..,..,..,..,..,..,..,..,..,..,..,..,..,0.25,..,..,..,..,..,..,0.625
MDVge2002,Maldives,MDV,South Asia,Upper middle income,2002,ge,1,0.7534943,0.44396919999999995,0.0253848,1.4816038,65.9914368,8.6325462,51.8340611,80.14881249999999,..,..,..,..,..,..,..,..,..,..,..,..,..,..,..,..,..,..,..,..,..,..,..,..,..,..,..,..,..,..,..,..,..,..,0.75
MEXge2002,Mexico,MEX,Latin America & Caribbean,Upper middle income,2002,ge,7,-0.3151304,0.2374528,-0.704553,0.0742922,45.213076699999995,4.6170371,37.641135899999995,52.785017499999995,..,..,..,..,..,..,0.48148149999999995,..,..,0.25,..,..,..,..,0.3014461,..,..,..,..,..,..,..,..,0.19,..,..,..,0.75,..,..,..,..,0.33754799999999996,..,0.5
MKDge2002,North Macedonia,MKD,Europe & Central Asia,Upper middle income,2002,ge,4,-0.6266164,0.31001429999999996,-1.1350399,-0.11819289999999999,39.1565367,6.0279248,29.27074,49.0423334,..,..,..,..,..,0.8206897,0.44444439999999996,..,..,0.25,..,..,..,..,..,..,..,..,..,..,..,..,..,..,..,..,..,..,..,..,..,..,..,..,0.375
MLIge2002,Mali,MLI,Sub-Saharan Africa,Low income,2002,ge,4,-0.8107898,0.31721089999999996,-1.3310157,-0.2905639,35.5754654,6.1678554,25.4601826,45.690748199999994,..,0.731,..,..,..,..,0.7777778,..,..,..,..,..,..,..,..,..,..,..,..,..,..,..,..,..,..,..,..,0,..,..,..,..,..,..,0.375
MLTge2002,Malta,MLT,Middle East & North Africa,High income,2002,ge,2,0.8053028999999999,0.3587892,0.2168886,1.3937172,66.9988042,6.9763044999999995,55.5576648,78.4399437,..,..,..,..,..,..,..,..,..,..,..,..,..,..,..,..,..,..,..,..,..,..,..,..,..,..,..,0.75,..,..,..,..,..,..,0.75
MMRge2002,Myanmar,MMR,East Asia & Pacific,Lower middle income,2002,ge,4,-1.5711762999999999,0.27735119999999996,-2.0260323,-1.1163203,20.790495099999998,5.3928227,11.9462659,29.6347243,..,..,..,..,..,..,0,..,..,0,..,..,..,..,..,..,..,..,..,..,..,..,..,..,..,..,..,0.25,..,..,..,..,..,..,0.25
MNGge2002,Mongolia,MNG,East Asia & Pacific,Upper middle income,2002,ge,3,-0.4417254,0.3202907,-0.9670021,0.0835513,42.751560999999995,6.2277382,32.5380703,52.9650517,..,..,..,..,..,..,0.5925926,..,..,..,..,..,..,..,..,..,..,..,..,..,..,..,..,..,..,..,..,0.5,..,..,..,..,..,..,0.375
MOZge2002,Mozambique,MOZ,Sub-Saharan Africa,Low income,2002,ge,5,-0.7890387,0.2753441,-1.240603,-0.3374744,35.9983942,5.3537959,27.2181689,44.7786195,..,0.619,..,..,..,..,0.4074074,..,..,0.25,..,..,..,..,..,..,..,..,..,..,..,..,..,..,..,..,..,0.25,..,..,..,..,..,..,0.375
MRTge2002,Mauritania,MRT,Sub-Saharan Africa,Lower middle income,2002,ge,1,-0.2791206,0.44396919999999995,-1.0072301,0.44898889999999997,45.913252,8.6325462,31.755876299999997,60.070627699999996,..,..,..,..,..,..,..,..,..,..,..,..,..,..,..,..,..,..,..,..,..,..,..,..,..,..,..,..,..,..,..,..,..,..,0.5
MTQge2002,Martinique,MTQ,,,2002,ge,1,0.7534943,0.44396919999999995,0.0253848,1.4816038,65.9914368,8.6325462,51.8340611,80.14881249999999,..,..,..,..,..,..,..,..,..,..,..,..,..,..,..,..,..,..,..,..,..,..,..,..,..,..,..,..,..,..,..,..,..,..,0.75
MUSge2002,Mauritius,MUS,Sub-Saharan Africa,Upper middle income,2002,ge,3,0.5783874,0.30511689999999997,0.0779957,1.0787791,62.5866547,5.9326989,52.8570285,72.3162809,..,..,..,..,..,..,..,..,..,0.5,..,..,..,..,0.5235042999999999,..,..,..,..,..,..,..,..,..,..,..,..,..,..,..,..,..,..,..,0.75
MWIge2002,Malawi,MWI,Sub-Saharan Africa,Low income,2002,ge,5,-1.0005233,0.2753441,-1.4520876,-0.548959,31.8862834,5.3537959,23.1060581,40.6665087,..,0.512,..,..,..,..,0.1851852,..,..,0,..,..,..,..,..,..,..,..,..,..,..,..,..,..,..,..,..,0.5,..,..,..,..,..,..,0.375
MYSge2002,Malaysia,MYS,East Asia & Pacific,Upper middle income,2002,ge,6,0.9197187,0.2381393,0.5291701999999999,1.3102672,69.2235073,4.630385899999999,61.6296745,76.81734019999999,..,..,..,..,..,..,0.5185185,..,..,0.5,..,..,..,..,0.740942,..,..,..,..,..,..,..,..,..,..,..,..,0.75,..,..,..,..,0.6651992,..,0.75
NAMge2002,Namibia,NAM,Sub-Saharan Africa,Lower middle income,2002,ge,6,0.139743,0.2531335,-0.27539589999999997,0.5548818999999999,54.0576442,4.9219324,45.985675099999995,62.129613299999995,..,0.832,..,..,..,..,0.44444439999999996,..,..,0.25,..,..,..,..,0.5436158,..,..,..,..,..,..,..,..,..,..,..,..,0.5,..,..,..,..,..,..,0.75
NERge2002,Niger,NER,Sub-Saharan Africa,Low income,2002,ge,3,-1.0453991,0.3202907,-1.5706757999999998,-0.5201224,31.0137175,6.2277382,20.8002268,41.2272082,..,..,..,..,..,..,0.2962963,..,..,..,..,..,..,..,..,..,..,..,..,..,..,..,..,..,..,..,..,0.25,..,..,..,..,..,..,0.375
NGAge2002,Nigeria,NGA,Sub-Saharan Africa,Lower middle income,2002,ge,6,-1.526427,0.2531335,-1.9415658999999998,-1.1112881,21.660601399999997,4.9219323,13.588632299999999,29.7325704,..,0.432,..,..,..,..,0.2962963,..,..,0,..,..,..,..,0.13888889999999998,..,..,..,..,..,..,..,..,..,..,..,..,0.25,..,..,..,..,..,..,0.25
NICge2002,Nicaragua,NIC,Latin America & Caribbean,Lower middle income,2002,ge,6,-1.3375375,0.253851,-1.7538531,-0.9212218999999999,25.3333726,4.9358834,17.2385237,33.4282214,..,..,..,..,..,..,0.3333333,..,..,0,..,..,..,..,0.10672509999999999,..,..,..,..,..,..,..,..,0.44,..,..,..,0.25,..,..,..,..,..,..,0.375
NLDge2002,Netherlands,NLD,Europe & Central Asia,High income,2002,ge,6,2.0845534999999997,0.2479226,1.6779604,2.4911466,91.87257849999999,4.8206124,83.9667741,99.7783829,..,..,..,..,..,..,..,..,..,1,..,0.6619999999999999,..,..,0.8152174,..,..,..,..,..,..,..,..,..,..,..,..,1,..,..,..,..,0.6224504,..,1
NORge2002,Norway,NOR,Europe & Central Asia,High income,2002,ge,5,1.8984462,0.2527495,1.4839369999999998,2.3129554,88.2539044,4.9144666,80.1941793,96.3136296,..,..,..,..,..,..,..,..,..,1,..,..,..,..,0.7046243999999999,..,..,..,..,..,..,..,..,..,..,..,..,1,..,..,..,..,0.5917684,..,1
NPLge2002,Nepal,NPL,South Asia,Lower middle income,2002,ge,2,-1.0473603,0.3765408,-1.6648872,-0.4298334,30.9755839,7.321466699999999,18.9683785,42.9827893,..,..,..,..,..,..,0.22222219999999998,..,..,..,..,..,..,..,..,..,..,..,..,..,..,..,..,..,..,..,..,..,..,..,..,..,..,..,0.375
NZLge2002,New Zealand,NZL,East Asia & Pacific,High income,2002,ge,5,2.0369265,0.2527495,1.6224173,2.4514356999999998,90.9465182,4.9144666,82.886793,99.0062434,..,..,..,..,..,..,..,..,..,1,..,..,..,..,0.7644928,..,..,..,..,..,..,..,..,..,..,..,..,1,..,..,..,..,0.6647059,..,1
OMNge2002,Oman,OMN,Middle East & North Africa,High income,2002,ge,4,0.1056215,0.2728086,-0.3417846,0.5530276,53.394185099999994,5.3044958,44.6948119,62.0935582,..,..,..,..,..,..,..,..,..,0.5,..,..,..,..,0.5833332999999999,..,..,..,..,..,..,..,..,..,..,..,..,0.5,..,..,..,..,..,..,0.5
PAKge2002,Pakistan,PAK,South Asia,Lower middle income,2002,ge,4,-0.6066986999999999,0.27735119999999996,-1.0615546999999999,-0.1518427,39.543816799999995,5.3928227,30.6995877,48.388045999999996,..,..,..,..,..,..,0.3703704,..,..,0.25,..,..,..,..,..,..,..,..,..,..,..,..,..,..,..,..,..,0.5,..,..,..,..,..,..,0.375
PANge2002,Panama,PAN,Latin America & Caribbean,High income,2002,ge,5,-0.1992295,0.27177789999999996,-0.6449452999999999,0.2464863,47.466656099999994,5.2844555,38.8001492,56.1331631,..,..,..,..,..,..,..,..,..,0.25,..,..,..,..,0.3926579,..,..,..,..,..,..,..,..,0.22,..,..,..,0.5,..,..,..,..,..,..,0.625
PERge2002,Peru,PER,Latin America & Caribbean,Upper middle income,2002,ge,6,-0.6468917,0.253851,-1.0632073,-0.23057609999999998,38.7623033,4.9358834,30.667454499999998,46.857152199999994,..,..,..,..,..,..,0.4074074,..,..,0.25,..,..,..,..,0.2008197,..,..,..,..,..,..,..,..,0.22,..,..,..,0.5,..,..,..,..,..,..,0.5
PHLge2002,Philippines,PHL,East Asia & Pacific,Lower middle income,2002,ge,7,-0.3913156,0.2380603,-0.7817345,-0.0008967,43.7317302,4.6288494,36.1404172,51.3230431,..,..,..,0.47654409999999997,..,..,0.3703704,..,..,0.5,..,..,..,..,0.2112434,..,..,..,..,..,..,..,..,..,..,..,..,0.75,..,..,..,..,0.360041,..,0.375
PNGge2002,Papua New Guinea,PNG,East Asia & Pacific,Lower middle income,2002,ge,4,-0.7183695999999999,0.27735119999999996,-1.1732255999999999,-0.2635136,37.3724856,5.3928227,28.528256499999998,46.2167148,..,..,..,..,..,..,0.22222219999999998,..,..,0.25,..,..,..,..,..,..,..,..,..,..,..,..,..,..,..,..,..,0.5,..,..,..,..,..,..,0.375
POLge2002,Poland,POL,Europe & Central Asia,High income,2002,ge,7,0.2937024,0.23746799999999998,-0.0957451,0.6831499,57.0512339,4.6173323,49.4788089,64.6236589,..,..,..,..,..,0.8174543999999999,0.7407406999999999,..,..,0.5,..,..,..,..,0.429896,..,..,..,..,..,..,..,..,..,..,..,..,0.75,..,..,..,..,0.32416049999999996,..,0.625
PRIge2002,Puerto Rico (U.S.),PRI,Latin America & Caribbean,High income,2002,ge,1,1.2698018,0.44396919999999995,0.5416923,1.9979113,76.0305301,8.6325462,61.8731544,90.1879058,..,..,..,..,..,..,..,..,..,..,..,..,..,..,..,..,..,..,..,..,..,..,..,..,..,..,..,..,..,..,..,..,..,..,0.875
PRKge2002,"Korea, Dem. People's Rep.",PRK,East Asia & Pacific,Low income,2002,ge,3,-2.4552171,0.3202907,-2.9804938,-1.9299404,3.6011881,4.2117923,0.0,13.8146787,..,..,..,..,..,..,0,..,..,..,..,..,..,..,..,..,..,..,..,..,..,..,..,..,..,..,..,0,..,..,..,..,..,..,0
PRTge2002,Portugal,PRT,Europe & Central Asia,High income,2002,ge,6,1.0957379999999999,0.2479226,0.6891449,1.5023311,72.64603009999999,4.8206124,64.74022579999999,80.5518345,..,..,..,..,..,..,..,..,..,0.75,..,0.509,..,..,0.6666667,..,..,..,..,..,..,..,..,..,..,..,..,0.75,..,..,..,..,0.3837637,..,0.875
PRYge2002,Paraguay,PRY,Latin America & Caribbean,Upper middle income,2002,ge,6,-1.3698158999999999,0.253851,-1.7861315,-0.9535003,24.7057507,4.9358834,16.610901899999998,32.8005996,..,..,..,..,..,..,0.25925929999999997,..,..,0,..,..,..,..,0.17013889999999998,..,..,..,..,..,..,..,..,0.06,..,..,..,0.25,..,..,..,..,..,..,0.375
PSEge2002,West Bank and Gaza,PSE,Middle East & North Africa,Lower middle income,2002,ge,1,-1.3117356,0.44396919999999995,-2.0398451,-0.5836260999999999,25.8350652,8.6325462,11.6776895,39.9924409,..,..,..,..,..,..,..,..,..,..,..,..,..,..,..,..,..,..,..,..,..,..,..,..,..,..,..,..,..,..,..,..,..,..,0.25
QATge2002,Qatar,QAT,Middle East & North Africa,High income,2002,ge,4,0.2768075,0.2728086,-0.1705986,0.7242136,56.722729099999995,5.3044959,48.0233559,65.42210229999999,..,..,..,..,..,..,..,..,..,0.5,..,..,..,..,0.5641026,..,..,..,..,..,..,..,..,..,..,..,..,0.5,..,..,..,..,..,..,0.625
ROUge2002,Romania,ROU,Europe & Central Asia,High income,2002,ge,6,-0.47507289999999996,0.2538696,-0.891419,-0.058726799999999996,42.103151499999996,4.9362451,34.0077096,50.1985934,..,..,..,..,..,0.7947953,0.5925926,..,..,0.25,..,..,..,..,0.4144265,..,..,..,..,..,..,..,..,..,..,..,..,0.25,..,..,..,..,..,..,0.5
RUSge2002,Russian Federation,RUS,Europe & Central Asia,High income,2002,ge,7,-0.7825675999999999,0.23746799999999998,-1.1720150999999999,-0.3931201,36.1242184,4.6173323,28.551793399999998,43.6966434,..,..,..,..,..,0.8526714999999999,0.5555555999999999,..,..,0,..,..,..,..,0.4261405,..,..,..,..,..,..,..,..,..,..,..,..,0.25,..,..,..,..,0.35628119999999996,..,0.375
RWAge2002,Rwanda,RWA,Sub-Saharan Africa,Low income,2002,ge,2,-1.4187474,0.3765408,-2.0362743,-0.8012205,23.7543257,7.321466699999999,11.747120299999999,35.7615311,..,..,..,..,..,..,0.22222219999999998,..,..,..,..,..,..,..,..,..,..,..,..,..,..,..,..,..,..,..,..,..,..,..,..,..,..,..,0.25
SAUge2002,Saudi Arabia,SAU,Middle East & North Africa,High income,2002,ge,5,-0.5506885,0.2546903,-0.9683805999999999,-0.1329964,40.6328803,4.9522034,32.5112667,48.7544939,..,..,..,..,..,..,0.1481481,..,..,0.25,..,..,..,..,0.4313725,..,..,..,..,..,..,..,..,..,..,..,..,0.5,..,..,..,..,..,..,0.5
SDNge2002,Sudan,SDN,Sub-Saharan Africa,Low income,2002,ge,4,-1.3417643,0.27735119999999996,-1.7966202999999998,-0.8869083,25.2511866,5.3928227,16.4069574,34.0954158,..,..,..,..,..,..,0.037037,..,..,0,..,..,..,..,..,..,..,..,..,..,..,..,..,..,..,..,..,0.25,..,..,..,..,..,..,0.375
SENge2002,Senegal,SEN,Sub-Saharan Africa,Lower middle income,2002,ge,5,-0.5402625,0.2753441,-0.9918268,-0.08869819999999999,40.8356036,5.3537959,32.055378399999995,49.6158289,..,0.595,..,..,..,..,0.48148149999999995,..,..,0.25,..,..,..,..,..,..,..,..,..,..,..,..,..,..,..,..,..,0.25,..,..,..,..,..,..,0.5
SGPge2002,Singapore,SGP,East Asia & Pacific,High income,2002,ge,6,2.067514,0.2381393,1.6769654999999999,2.4580625,91.5412621,4.630385899999999,83.9474293,99.13509499999999,..,..,..,..,..,..,0.5185185,..,..,1,..,..,..,..,0.8776094999999999,..,..,..,..,..,..,..,..,..,..,..,..,1,..,..,..,..,0.8599468,..,1
SLEge2002,Sierra Leone,SLE,Sub-Saharan Africa,Low income,2002,ge,3,-2.0748083999999998,0.3202907,-2.6000851,-1.5495317,10.997862399999999,6.2277382,0.7843718,21.2113531,..,..,..,..,..,..,0.11111109999999999,..,..,..,..,..,..,..,..,..,..,..,..,..,..,..,..,..,..,..,..,0,..,..,..,..,..,..,0.125
SLVge2002,El Salvador,SLV,Latin America & Caribbean,Upper middle income,2002,ge,6,-0.8887993999999999,0.253851,-1.305115,-0.47248379999999995,34.0586452,4.9358834,25.9637963,42.153493999999995,..,..,..,..,..,..,0.48148149999999995,..,..,0,..,..,..,..,0.2801546,..,..,..,..,..,..,..,..,0.27999999999999997,..,..,..,0.5,..,..,..,..,..,..,0.375
SOMge2002,Federal Republic of Somalia,SOM,Sub-Saharan Africa,Low income,2002,ge,3,-1.9177875999999998,0.3202907,-2.4430643,-1.3925109,14.050977999999999,6.2277382,3.8374873,24.2644687,..,..,..,..,..,..,0,..,..,..,..,..,..,..,..,..,..,..,..,..,..,..,..,..,..,..,..,0,..,..,..,..,..,..,0.25
SRBge2002,Serbia,SRB,Europe & Central Asia,Upper middle income,2002,ge,5,-0.4634859,0.2762922,-0.9166051,-0.0103667,42.3284494,5.372231,33.5179906,51.138908199999996,..,..,..,..,..,0.7711410999999999,0.6296296,..,..,0,..,..,..,..,..,..,..,..,..,..,..,..,..,..,..,..,..,0.5,..,..,..,..,..,..,0.5
STPge2002,São Tomé and Príncipe,STP,Sub-Saharan Africa,Lower middle income,2002,ge,1,-0.7954281,0.44396919999999995,-1.5235375999999998,-0.06731859999999999,35.8741586,8.6325462,21.7167829,50.0315343,..,..,..,..,..,..,..,..,..,..,..,..,..,..,..,..,..,..,..,..,..,..,..,..,..,..,..,..,..,..,..,..,..,..,0.375
SURge2002,Suriname,SUR,Latin America & Caribbean,Upper middle income,2002,ge,2,0.0843471,0.3587892,-0.5040671999999999,0.6727614,52.980525199999995,6.9763044999999995,41.5393858,64.4216647,..,..,..,..,..,..,..,..,..,..,..,..,..,..,..,..,..,..,..,..,..,..,..,..,..,..,..,0.5,..,..,..,..,..,..,0.625
SVKge2002,Slovak Republic,SVK,Europe & Central Asia,High income,2002,ge,7,0.38584599999999997,0.23746799999999998,-0.0036014999999999997,0.7752935,58.842875899999996,4.6173323,51.2704509,66.41530089999999,..,..,..,..,..,0.8380909,0.8518519,..,..,0.25,..,..,..,..,0.5989582999999999,..,..,..,..,..,..,..,..,..,..,..,..,0.75,..,..,..,..,0.3858533,..,0.625
SVNge2002,Slovenia,SVN,Europe & Central Asia,High income,2002,ge,7,0.6521271,0.23746799999999998,0.2626796,1.0415746,64.0204509,4.6173323,56.4480259,71.5928759,..,..,..,..,..,0.9358529999999999,0.8148148,..,..,0.5,..,..,..,..,0.65625,..,..,..,..,..,..,..,..,..,..,..,..,0.75,..,..,..,..,0.421293,..,0.625
SWEge2002,Sweden,SWE,Europe & Central Asia,High income,2002,ge,6,2.0265584,0.2479226,1.6199652999999998,2.4331514999999997,90.7449206,4.8206124,82.8391163,98.650725,..,..,..,..,..,..,..,..,..,1,..,0.573,..,..,0.8273809999999999,..,..,..,..,..,..,..,..,..,..,..,..,1,..,..,..,..,0.5827540999999999,..,1
SWZge2002,Eswatini,SWZ,Sub-Saharan Africa,Lower middle income,2002,ge,1,-0.2791206,0.44396919999999995,-1.0072301,0.44898889999999997,45.913252,8.6325462,31.755876299999997,60.070627699999996,..,..,..,..,..,..,..,..,..,..,..,..,..,..,..,..,..,..,..,..,..,..,..,..,..,..,..,..,..,..,..,..,..,..,0.5
SYCge2002,Seychelles,SYC,Sub-Saharan Africa,High income,2002,ge,1,0.7534943,0.44396919999999995,0.0253848,1.4816038,65.9914368,8.6325462,51.8340611,80.14881249999999,..,..,..,..,..,..,..,..,..,..,..,..,..,..,..,..,..,..,..,..,..,..,..,..,..,..,..,..,..,..,..,..,..,..,0.75
SYRge2002,Syrian Arab Republic,SYR,Middle East & North Africa,Low income,2002,ge,4,-1.2580111999999999,0.27735119999999996,-1.7128671999999998,-0.8031552,26.8796836,5.3928227,18.0354544,35.7239127,..,..,..,..,..,..,0.1481481,..,..,0,..,..,..,..,..,..,..,..,..,..,..,..,..,..,..,..,..,0.25,..,..,..,..,..,..,0.375
TCDge2002,Chad,TCD,Sub-Saharan Africa,Low income,2002,ge,2,-1.2017311,0.3765408,-1.8192579999999998,-0.5842042,27.973994899999997,7.321466699999999,15.966789499999999,39.9812004,..,..,..,..,..,..,0.11111109999999999,..,..,..,..,..,..,..,..,..,..,..,..,..,..,..,..,..,..,..,..,..,..,..,..,..,..,..,0.375
TGOge2002,Togo,TGO,Sub-Saharan Africa,Low income,2002,ge,3,-1.6490728,0.3202907,-2.1743495,-1.1237960999999999,19.275873999999998,6.2277382,9.0623833,29.4893646,..,..,..,..,..,..,0,..,..,..,..,..,..,..,..,..,..,..,..,..,..,..,..,..,..,..,..,0,..,..,..,..,..,..,0.375
THAge2002,Thailand,THA,East Asia & Pacific,Upper middle income,2002,ge,7,0.1054802,0.2380603,-0.2849387,0.4958991,53.391437599999996,4.6288493,45.8001247,60.982750499999995,..,..,..,0.3914852,..,..,0.5555555999999999,..,..,0.25,..,..,..,..,0.5429594999999999,..,..,..,..,..,..,..,..,..,..,..,..,0.5,..,..,..,..,0.5204413999999999,..,0.625
TJKge2002,Tajikistan,TJK,Europe & Central Asia,Lower middle income,2002,ge,3,-1.4305919,0.3739037,-2.043794,-0.8173897999999999,23.524020999999998,7.2701914,11.600907099999999,35.4471349,..,..,..,..,..,0.6982513,0.22222219999999998,..,..,..,..,..,..,..,..,..,..,..,..,..,..,..,..,..,..,..,..,..,..,..,..,..,..,..,0.25
TKMge2002,Turkmenistan,TKM,Europe & Central Asia,Upper middle income,2002,ge,2,-1.7274889999999998,0.3765408,-2.3450159,-1.1099621,17.7511478,7.321466699999999,5.7439424,29.7583532,..,..,..,..,..,..,0,..,..,..,..,..,..,..,..,..,..,..,..,..,..,..,..,..,..,..,..,..,..,..,..,..,..,..,0.25
TLSge2002,Timor-Leste,TLS,East Asia & Pacific,Lower middle income,2002,ge,1,-0.2791206,0.44396919999999995,-1.0072301,0.44898889999999997,45.913252,8.6325462,31.755876299999997,60.070627699999996,..,..,..,..,..,..,..,..,..,..,..,..,..,..,..,..,..,..,..,..,..,..,..,..,..,..,..,..,..,..,..,..,..,..,0.5
TTOge2002,Trinidad and Tobago,TTO,Latin America & Caribbean,High income,2002,ge,4,0.4776699,0.2728086,0.030263799999999997,0.925076,60.6283016,5.3044958,51.9289285,69.3276748,..,..,..,..,..,..,..,..,..,0.5,..,..,..,..,0.5471015,..,..,..,..,..,..,..,..,..,..,..,..,0.75,..,..,..,..,..,..,0.625
TUNge2002,Tunisia,TUN,Middle East & North Africa,Lower middle income,2002,ge,5,0.45875109999999997,0.2546903,0.041059,0.8764432,60.260444099999994,4.9522034,52.1388305,68.3820576,..,..,..,..,..,..,0.3703704,..,..,0.75,..,..,..,..,0.6812201,..,..,..,..,..,..,..,..,..,..,..,..,0.5,..,..,..,..,..,..,0.625
TURge2002,Türkiye,TUR,Europe & Central Asia,Upper middle income,2002,ge,7,-0.0763253,0.23746799999999998,-0.4657728,0.31312219999999996,49.8564079,4.6173323,42.2839829,57.428832799999995,..,..,..,..,..,0.7081273,0.6296296,..,..,0.25,..,..,..,..,0.4166667,..,..,..,..,..,..,..,..,..,..,..,..,0.5,..,..,..,..,0.40627019999999997,..,0.625
TWNge2002,"Taiwan, China",TWN,East Asia & Pacific,High income,2002,ge,7,0.9515098999999999,0.2380603,0.561091,1.3419288,69.8416561,4.6288493,62.250343199999996,77.432969,..,..,..,0.49623609999999996,..,..,0.7407406999999999,..,..,0.75,..,..,..,..,0.7283333,..,..,..,..,..,..,..,..,..,..,..,..,0.75,..,..,..,..,0.5410526,..,0.625
TZAge2002,Tanzania,TZA,Sub-Saharan Africa,Lower middle income,2002,ge,5,-0.6803632,0.2753441,-1.1319275,-0.2287989,38.1114828,5.3537959,29.3312575,46.891708099999995,..,0.7484999999999999,..,..,..,..,0.5185185,..,..,0.25,..,..,..,..,..,..,..,..,..,..,..,..,..,..,..,..,..,0.25,..,..,..,..,..,..,0.375
UGAge2002,Uganda,UGA,Sub-Saharan Africa,Low income,2002,ge,5,-0.4743997,0.2753441,-0.925964,-0.0228354,42.1162413,5.3537959,33.336016,50.896466499999995,..,0.7855,..,..,..,..,0.48148149999999995,..,..,0.25,..,..,..,..,..,..,..,..,..,..,..,..,..,..,..,..,..,0.5,..,..,..,..,..,..,0.375
UKRge2002,Ukraine,UKR,Europe & Central Asia,Upper middle income,2002,ge,6,-1.0173132999999999,0.2538696,-1.4336594,-0.6009671999999999,31.5598183,4.9362451,23.4643764,39.6552602,..,..,..,..,..,0.8522786,0.44444439999999996,..,..,0,..,..,..,..,0.34311159999999996,..,..,..,..,..,..,..,..,..,..,..,..,0.25,..,..,..,..,..,..,0.375
URYge2002,Uruguay,URY,Latin America & Caribbean,High income,2002,ge,6,0.5051998999999999,0.253851,0.0888843,0.9215154999999999,61.1635955,4.9358835,53.0687466,69.2584444,..,..,..,..,..,..,0.8518519,..,..,0.5,..,..,..,..,0.48611109999999996,..,..,..,..,..,..,..,..,0.32999999999999996,..,..,..,0.5,..,..,..,..,..,..,0.75
USAge2002,United States,USA,North America,High income,2002,ge,5,1.9329717,0.2527495,1.5184624999999998,2.3474809,88.925219,4.9144666,80.8654938,96.98494409999999,..,..,..,..,..,..,..,..,..,1,..,..,..,..,0.7843916,..,..,..,..,..,..,..,..,..,..,..,..,1,..,..,..,..,0.7058265,..,0.875
UZBge2002,Uzbekistan,UZB,Europe & Central Asia,Lower middle income,2002,ge,4,-1.6080261999999999,0.31001429999999996,-2.1164497,-1.0996027,20.0739849,6.0279248,10.188188199999999,29.9597816,..,..,..,..,..,0.8480434,0,..,..,0,..,..,..,..,..,..,..,..,..,..,..,..,..,..,..,..,..,..,..,..,..,..,..,..,0.25
VENge2002,"Venezuela, RB",VEN,Latin America & Caribbean,,2002,ge,7,-1.3457592999999999,0.2374528,-1.7351819,-0.9563366999999999,25.1735077,4.6170371,17.601566899999998,32.745448599999996,..,..,..,..,..,..,0.1851852,..,..,0,..,..,..,..,0.1879487,..,..,..,..,..,..,..,..,0.38,..,..,..,0.25,..,..,..,..,0.21233739999999998,..,0.375
VNMge2002,Viet Nam,VNM,East Asia & Pacific,Lower middle income,2002,ge,5,-0.7143552999999999,0.2546903,-1.1320474,-0.29666319999999996,37.4505398,4.9522034,29.328926199999998,45.5721533,..,..,..,..,..,..,0.3703704,..,..,0.25,..,..,..,..,0.3060134,..,..,..,..,..,..,..,..,..,..,..,..,0.5,..,..,..,..,..,..,0.375
WSMge2002,Samoa,WSM,East Asia & Pacific,Upper middle income,2002,ge,1,-0.2791206,0.44396919999999995,-1.0072301,0.44898889999999997,45.913252,8.6325462,31.755876299999997,60.070627699999996,..,..,..,..,..,..,..,..,..,..,..,..,..,..,..,..,..,..,..,..,..,..,..,..,..,..,..,..,..,..,..,..,..,..,0.5
YEMge2002,"Yemen, Rep.",YEM,Middle East & North Africa,Low income,2002,ge,4,-1.2300935,0.27735119999999996,-1.6849494999999999,-0.7752374999999999,27.4225159,5.3928227,18.5782867,36.266745,..,..,..,..,..,..,0.1851852,..,..,0,..,..,..,..,..,..,..,..,..,..,..,..,..,..,..,..,..,0.25,..,..,..,..,..,..,0.375
ZAFge2002,South Africa,ZAF,Sub-Saharan Africa,Upper middle income,2002,ge,7,0.4291216,0.2368652,0.040662699999999996,0.8175804999999999,59.684327499999995,4.6056113,52.131124899999996,67.2375301,..,0.5725,..,..,..,..,0.6296296,..,..,0.5,..,..,..,..,0.5232557999999999,..,..,..,..,..,..,..,..,..,..,..,..,0.5,..,..,..,..,0.47649539999999996,..,0.75
ZMBge2002,Zambia,ZMB,Sub-Saharan Africa,Lower middle income,2002,ge,5,-1.0635366,0.2753441,-1.5151009,-0.6119723,30.661051599999997,5.3537959,21.8808263,39.4412769,..,0.638,..,..,..,..,0.3703704,..,..,0,..,..,..,..,..,..,..,..,..,..,..,..,..,..,..,..,..,0.25,..,..,..,..,..,..,0.375
ZWEge2002,Zimbabwe,ZWE,Sub-Saharan Africa,Lower middle income,2002,ge,6,-0.8515796999999999,0.2531335,-1.2667186,-0.43644079999999996,34.7823458,4.9219324,26.710376699999998,42.8543149,..,0.5035,..,..,..,..,0,..,..,0.25,..,..,..,..,0.4000661,..,..,..,..,..,..,..,..,..,..,..,..,0.5,..,..,..,..,..,..,0.375
ADOge2003,Andorra,ADO,,,2003,ge,1,0.7406421999999999,0.44396919999999995,0.012532699999999999,1.4687516999999999,65.7415403,8.6325462,51.5841646,79.898916,..,..,..,..,..,..,..,..,..,..,..,..,..,..,..,..,..,..,..,..,..,..,..,..,..,..,..,..,..,..,..,..,..,..,0.75
AFGge2003,Afghanistan,AFG,South Asia,Low income,2003,ge,2,-2.1081208,0.3765408,-2.7256476999999997,-1.4905939,10.3501355,6.8162625,0.0,22.3573409,..,..,..,..,..,..,0,..,..,..,..,..,..,..,..,..,..,..,..,..,..,..,..,..,..,..,..,..,..,..,..,..,..,..,0.125
AGOge2003,Angola,AGO,Sub-Saharan Africa,Lower middle income,2003,ge,5,-1.4582043999999998,0.2546903,-1.8758964999999999,-1.0405123,22.987123,4.9522034,14.865509399999999,31.1087365,..,..,..,..,..,..,0.1851852,..,..,0,..,..,..,..,0.10736799999999999,..,..,..,..,..,..,..,..,..,..,..,..,0.25,..,..,..,..,..,..,0.375
ALBge2003,Albania,ALB,Europe & Central Asia,Upper middle income,2003,ge,4,-0.6637265,0.318663,-1.1863337999999999,-0.1411192,38.434967199999996,6.196089499999999,28.273380399999997,48.596554,..,..,..,..,..,0.5116526,0.44444439999999996,..,..,..,..,..,..,..,..,..,..,..,..,..,..,..,..,..,..,..,..,0.5,..,..,..,..,..,..,0.375
AREge2003,United Arab Emirates,ARE,Middle East & North Africa,High income,2003,ge,4,0.8458791,0.2728086,0.39847299999999997,1.2932852,67.7877687,5.3044958,59.0883955,76.4871418,..,..,..,..,..,..,..,..,..,0.5,..,..,..,..,0.6912499999999999,..,..,..,..,..,..,..,..,..,..,..,..,0.75,..,..,..,..,..,..,0.75
ARGge2003,Argentina,ARG,Latin America & Caribbean,Upper middle income,2003,ge,7,-0.1358752,0.2374528,-0.5252977999999999,0.2535474,48.6985184,4.6170371,41.1265776,56.2704592,..,..,..,..,..,..,0.4074074,..,..,0.5,..,..,..,..,0.41509559999999995,..,..,..,..,..,..,..,..,0.44999999999999996,..,..,..,0.75,..,..,..,..,0.22623559999999998,..,0.5
ARMge2003,Armenia,ARM,Europe & Central Asia,Upper middle income,2003,ge,4,-0.3023479,0.318663,-0.8249552,0.2202594,45.461619899999995,6.196089499999999,35.3000331,55.6232067,..,..,..,..,..,0.7320438,0.5185185,..,..,..,..,..,..,..,..,..,..,..,..,..,..,..,..,..,..,..,..,0.25,..,..,..,..,..,..,0.625
ATGge2003,Antigua and Barbuda,ATG,Latin America & Caribbean,High income,2003,ge,1,0.7406421999999999,0.44396919999999995,0.012532699999999999,1.4687516999999999,65.7415403,8.6325462,51.5841646,79.898916,..,..,..,..,..,..,..,..,..,..,..,..,..,..,..,..,..,..,..,..,..,..,..,..,..,..,..,..,..,..,..,..,..,..,0.75
AUSge2003,Australia,AUS,East Asia & Pacific,High income,2003,ge,5,1.9394756999999998,0.2527495,1.5249665,2.3539849,89.0516829,4.9144666,80.9919577,97.11140809999999,..,..,..,..,..,..,..,..,..,0.75,..,..,..,..,0.8374999999999999,..,..,..,..,..,..,..,..,..,..,..,..,1,..,..,..,..,0.704222,..,1
AUTge2003,Austria,AUT,Europe & Central Asia,High income,2003,ge,6,1.8622421999999998,0.2479226,1.4556491,2.2688353,87.5499531,4.8206124,79.6441488,95.45575749999999,..,..,..,..,..,..,..,..,..,1,..,0.444,..,..,0.8443775,..,..,..,..,..,..,..,..,..,..,..,..,1,..,..,..,..,0.6115546,..,0.875
AZEge2003,Azerbaijan,AZE,Europe & Central Asia,Upper middle income,2003,ge,5,-1.1894434999999999,0.2762922,-1.6425626999999998,-0.7363242999999999,28.2129153,5.372231,19.4024565,37.0233741,..,..,..,..,..,0.8278797999999999,0.22222219999999998,..,..,0,..,..,..,..,..,..,..,..,..,..,..,..,..,..,..,..,..,0.25,..,..,..,..,..,..,0.375
BDIge2003,Burundi,BDI,Sub-Saharan Africa,Low income,2003,ge,2,-1.9537499999999999,0.3765408,-2.5712769,-1.3362231,13.3517244,7.321466699999999,1.344519,25.3589298,..,..,..,..,..,..,0.11111109999999999,..,..,..,..,..,..,..,..,..,..,..,..,..,..,..,..,..,..,..,..,..,..,..,..,..,..,..,0.125
BELge2003,Belgium,BEL,Europe & Central Asia,High income,2003,ge,6,1.7075540999999999,0.2479226,1.300961,2.1141472,84.5421946,4.8206124,76.6363903,92.447999,..,..,..,..,..,..,..,..,..,1,..,0.418,..,..,0.824032,..,..,..,..,..,..,..,..,..,..,..,..,1,..,..,..,..,0.48535849999999997,..,0.875
BENge2003,Benin,BEN,Sub-Saharan Africa,Lower middle income,2003,ge,2,-0.6449496,0.3765408,-1.2624765,-0.027422699999999998,38.800065599999996,7.321466699999999,26.7928602,50.807271,..,..,..,..,..,..,0.5185185,..,..,..,..,..,..,..,..,..,..,..,..,..,..,..,..,..,..,..,..,..,..,..,..,..,..,..,0.375
BFAge2003,Burkina Faso,BFA,Sub-Saharan Africa,Low income,2003,ge,3,-1.0893194,0.3202907,-1.6145961,-0.5640427,30.1597303,6.2277382,19.9462396,40.373221,..,..,..,..,..,..,0.25925929999999997,..,..,..,..,..,..,..,..,..,..,..,..,..,..,..,..,..,..,..,..,0.25,..,..,..,..,..,..,0.375
BGDge2003,Bangladesh,BGD,South Asia,Lower middle income,2003,ge,5,-1.0668967,0.2546903,-1.4845888,-0.6492046,30.595717699999998,4.9522034,22.4741042,38.7173313,..,..,..,..,..,..,0.3333333,..,..,0.25,..,..,..,..,0.16222219999999998,..,..,..,..,..,..,..,..,..,..,..,..,0.5,..,..,..,..,..,..,0.25
BGRge2003,Bulgaria,BGR,Europe & Central Asia,High income,2003,ge,6,-0.0474568,0.2538696,-0.46380289999999996,0.3688893,50.4177275,4.9362451,42.3222856,58.5131695,..,..,..,..,..,0.8371067,0.6666667,..,..,0.25,..,..,..,..,0.43028249999999996,..,..,..,..,..,..,..,..,..,..,..,..,0.5,..,..,..,..,..,..,0.625
BHRge2003,Bahrain,BHR,Middle East & North Africa,High income,2003,ge,5,0.3777992,0.2546903,-0.039892899999999995,0.7954913,58.686413699999996,4.9522034,50.5648002,66.80802729999999,..,..,..,..,..,..,0.3333333,..,..,0.5,..,..,..,..,0.6733333,..,..,..,..,..,..,..,..,..,..,..,..,0.5,..,..,..,..,..,..,0.75
BHSge2003,"Bahamas, The",BHS,Latin America & Caribbean,High income,2003,ge,2,1.1341046,0.3587892,0.5456903,1.7225188999999999,73.3920311,6.9763044999999995,61.9508916,84.8331705,..,..,..,..,..,..,..,..,..,..,..,..,..,..,..,..,..,..,..,..,..,..,..,..,..,..,..,0.75,..,..,..,..,..,..,0.875
BIHge2003,Bosnia and Herzegovina,BIH,Europe & Central Asia,Upper middle income,2003,ge,4,-1.3536093999999999,0.31001429999999996,-1.8620329,-0.8451858999999999,25.020870199999997,6.0279248,15.135073499999999,34.906667,..,..,..,..,..,0.7748482,0.2962963,..,..,0,..,..,..,..,..,..,..,..,..,..,..,..,..,..,..,..,..,..,..,..,..,..,..,..,0.25
BLRge2003,Belarus,BLR,Europe & Central Asia,Upper middle income,2003,ge,4,-1.4203492,0.318663,-1.9429565,-0.8977419,23.723180199999998,6.196089499999999,13.5615934,33.884767,..,..,..,..,..,0.9150686,0.1481481,..,..,..,..,..,..,..,..,..,..,..,..,..,..,..,..,..,..,..,..,0.25,..,..,..,..,..,..,0.25
BLZge2003,Belize,BLZ,Latin America & Caribbean,Upper middle income,2003,ge,1,-0.2919728,0.44396919999999995,-1.0200822999999999,0.4361367,45.6633535,8.632546099999999,31.505977899999998,59.820729199999995,..,..,..,..,..,..,..,..,..,..,..,..,..,..,..,..,..,..,..,..,..,..,..,..,..,..,..,..,..,..,..,..,..,..,0.5
BMUge2003,Bermuda,BMU,North America,High income,2003,ge,1,0.7406421999999999,0.44396919999999995,0.012532699999999999,1.4687516999999999,65.7415403,8.6325462,51.5841646,79.898916,..,..,..,..,..,..,..,..,..,..,..,..,..,..,..,..,..,..,..,..,..,..,..,..,..,..,..,..,..,..,..,..,..,..,0.75
BOLge2003,Bolivia,BOL,Latin America & Caribbean,Lower middle income,2003,ge,6,-0.5017882,0.253851,-0.9181037999999999,-0.0854726,41.5836987,4.9358835,33.4888498,49.678547599999995,..,..,..,..,..,..,0.44444439999999996,..,..,0.5,..,..,..,..,0.1297468,..,..,..,..,..,..,..,..,0.13999999999999999,..,..,..,0.5,..,..,..,..,..,..,0.5
BRAge2003,Brazil,BRA,Latin America & Caribbean,Upper middle income,2003,ge,7,-0.11777119999999999,0.2374528,-0.5071938,0.2716514,49.0505329,4.6170371,41.4785921,56.622473799999995,..,..,..,..,..,..,0.6296296,..,..,0.25,..,..,..,..,0.3399471,..,..,..,..,..,..,..,..,0.43,..,..,..,0.5,..,..,..,..,0.4191629,..,0.625
BRBge2003,Barbados,BRB,Latin America & Caribbean,High income,2003,ge,1,0.7406421999999999,0.44396919999999995,0.012532699999999999,1.4687516999999999,65.7415403,8.6325462,51.5841646,79.898916,..,..,..,..,..,..,..,..,..,..,..,..,..,..,..,..,..,..,..,..,..,..,..,..,..,..,..,..,..,..,..,..,..,..,0.75
BRNge2003,Brunei Darussalam,BRN,East Asia & Pacific,High income,2003,ge,2,0.45971399999999996,0.3587892,-0.1287003,1.0481283,60.2791667,6.9763044999999995,48.8380273,71.7203062,..,..,..,..,..,..,..,..,..,..,..,..,..,..,..,..,..,..,..,..,..,..,..,..,..,..,..,0.75,..,..,..,..,..,..,0.625
BTNge2003,Bhutan,BTN,South Asia,Lower middle income,2003,ge,1,0.2243347,0.44396919999999995,-0.5037748,0.9524442,55.7024469,8.6325462,41.545071199999995,69.8598226,..,..,..,..,..,..,..,..,..,..,..,..,..,..,..,..,..,..,..,..,..,..,..,..,..,..,..,..,..,..,..,..,..,..,0.625
BWAge2003,Botswana,BWA,Sub-Saharan Africa,Upper middle income,2003,ge,6,0.6238241,0.2531335,0.2086852,1.0389629999999999,63.470126799999996,4.9219324,55.3981577,71.54209589999999,..,0.7819999999999999,..,..,..,..,0.8518519,..,..,0.5,..,..,..,..,0.5708712,..,..,..,..,..,..,..,..,..,..,..,..,0.5,..,..,..,..,..,..,0.75
CAFge2003,Central African Republic,CAF,Sub-Saharan Africa,Low income,2003,ge,2,-1.7367336999999998,0.3765408,-2.3542606,-1.1192068,17.571393699999998,7.321466699999999,5.5641883,29.578599099999998,..,..,..,..,..,..,0,..,..,..,..,..,..,..,..,..,..,..,..,..,..,..,..,..,..,..,..,..,..,..,..,..,..,..,0.25
CANge2003,Canada,CAN,North America,High income,2003,ge,5,1.9080933,0.2527495,1.4935840999999999,2.3226025,88.4414829,4.9144666,80.3817577,96.50120799999999,..,..,..,..,..,..,..,..,..,1,..,..,..,..,0.8355556,..,..,..,..,..,..,..,..,..,..,..,..,1,..,..,..,..,0.6328948999999999,..,0.875
CHEge2003,Switzerland,CHE,Europe & Central Asia,High income,2003,ge,5,2.0303576999999997,0.2527495,1.6158485,2.4448669,90.8187943,4.9144666,82.75906909999999,98.8785195,..,..,..,..,..,..,..,..,..,1,..,..,..,..,0.9098174,..,..,..,..,..,..,..,..,..,..,..,..,1,..,..,..,..,0.6752098999999999,..,0.875
CHLge2003,Chile,CHL,Latin America & Caribbean,High income,2003,ge,7,1.1599142,0.2374528,0.7704915999999999,1.5493367999999998,73.89387339999999,4.6170371,66.3219326,81.46581429999999,..,..,..,..,..,..,0.8148148,..,..,0.75,..,..,..,..,0.4698653,..,..,..,..,..,..,..,..,0.45999999999999996,..,..,..,0.75,..,..,..,..,0.6544827999999999,..,0.875
CHNge2003,China,CHN,East Asia & Pacific,Upper middle income,2003,ge,7,-0.5050608999999999,0.2380603,-0.8954797999999999,-0.114642,41.5200643,4.6288493,33.928751399999996,49.1113772,..,..,..,0.1985191,..,..,0.3703704,..,..,0.25,..,..,..,..,0.4022727,..,..,..,..,..,..,..,..,..,..,..,..,0.5,..,..,..,..,0.45070299999999996,..,0.375
CIVge2003,Côte d’Ivoire,CIV,Sub-Saharan Africa,Lower middle income,2003,ge,4,-1.3187700999999998,0.27735119999999996,-1.7736261,-0.8639140999999999,25.6982863,5.3928227,16.8540571,34.5425155,..,..,..,..,..,..,0.11111109999999999,..,..,0,..,..,..,..,..,..,..,..,..,..,..,..,..,..,..,..,..,0,..,..,..,..,..,..,0.5
CMRge2003,Cameroon,CMR,Sub-Saharan Africa,Lower middle income,2003,ge,5,-1.2859289,0.2546903,-1.7036209999999998,-0.8682367999999999,26.336851199999998,4.9522034,18.2152377,34.4584648,..,..,..,..,..,..,0.1481481,..,..,0.25,..,..,..,..,0.24770019999999998,..,..,..,..,..,..,..,..,..,..,..,..,0.25,..,..,..,..,..,..,0.25
CODge2003,"Congo, Dem. Rep.",COD,Sub-Saharan Africa,Low income,2003,ge,3,-2.15596,0.3202907,-2.6812367,-1.6306832999999998,9.4199491,5.9858047999999995,0.0,19.633439799999998,..,..,..,..,..,..,0.037037,..,..,..,..,..,..,..,..,..,..,..,..,..,..,..,..,..,..,..,..,0,..,..,..,..,..,..,0.125
COGge2003,"Congo, Rep.",COG,Sub-Saharan Africa,Lower middle income,2003,ge,2,-1.3193929,0.3587892,-1.9078072,-0.7309785999999999,25.6861766,6.9763044999999995,14.2450371,37.127316,..,..,..,..,..,..,..,..,..,..,..,..,..,..,..,..,..,..,..,..,..,..,..,..,..,..,..,0.25,..,..,..,..,..,..,0.25
COLge2003,Colombia,COL,Latin America & Caribbean,Upper middle income,2003,ge,7,-0.4180993,0.2374528,-0.8075219,-0.0286767,43.210947399999995,4.6170371,35.6390065,50.782888199999995,..,..,..,..,..,..,0.2962963,..,..,0.25,..,..,..,..,0.3251366,..,..,..,..,..,..,..,..,0.33999999999999997,..,..,..,0.5,..,..,..,..,0.4813782,..,0.5
COMge2003,Comoros,COM,Sub-Saharan Africa,Lower middle income,2003,ge,1,-1.3245877,0.44396919999999995,-2.0526972,-0.5964782,25.585168799999998,8.6325462,11.427793099999999,39.7425445,..,..,..,..,..,..,..,..,..,..,..,..,..,..,..,..,..,..,..,..,..,..,..,..,..,..,..,..,..,..,..,..,..,..,0.25
CPVge2003,Cabo Verde,CPV,Sub-Saharan Africa,Upper middle income,2003,ge,2,-0.31443109999999996,0.43587349999999997,-1.0292636,0.40040139999999996,45.226673899999994,8.4751326,31.3274565,59.1258914,..,0.517,..,..,..,..,..,..,..,..,..,..,..,..,..,..,..,..,..,..,..,..,..,..,..,..,..,..,..,..,..,..,..,..,0.5
CRIge2003,Costa Rica,CRI,Latin America & Caribbean,High income,2003,ge,6,0.1932721,0.253851,-0.22304349999999998,0.6095877,55.0984651,4.9358835,47.003616199999996,63.193313999999994,..,..,..,..,..,..,0.7777778,..,..,0.5,..,..,..,..,0.4130952,..,..,..,..,..,..,..,..,0.22999999999999998,..,..,..,0.5,..,..,..,..,..,..,0.625
CUBge2003,Cuba,CUB,Latin America & Caribbean,Upper middle income,2003,ge,4,-0.8099816999999999,0.27735119999999996,-1.2648377,-0.3551257,35.5911781,5.3928227,26.746948999999997,44.4354073,..,..,..,..,..,..,0.037037,..,..,0.5,..,..,..,..,..,..,..,..,..,..,..,..,..,..,..,..,..,0.5,..,..,..,..,..,..,0.25
CYMge2003,Cayman Islands,CYM,Latin America & Caribbean,High income,2003,ge,1,1.2569496,0.44396919999999995,0.5288400999999999,1.9850591,75.7806317,8.6325462,61.623256,89.93800739999999,..,..,..,..,..,..,..,..,..,..,..,..,..,..,..,..,..,..,..,..,..,..,..,..,..,..,..,..,..,..,..,..,..,..,0.875
CYPge2003,Cyprus,CYP,Europe & Central Asia,High income,2003,ge,3,1.2427928,0.30123469999999997,0.7487678999999999,1.7368177,75.5053666,5.8572134,65.89953659999999,85.1111967,..,..,..,..,..,..,..,..,..,0.5,..,..,..,..,..,..,..,..,..,..,..,..,..,..,..,..,..,1,..,..,..,..,..,..,0.875
CZEge2003,Czechia,CZE,Europe & Central Asia,High income,2003,ge,7,0.8087247,0.23746799999999998,0.41927719999999996,1.1981722,67.0653378,4.6173323,59.4929128,74.63776279999999,..,..,..,..,..,0.8448637,0.7777778,..,..,0.5,..,..,..,..,0.6453213,..,..,..,..,..,..,..,..,..,..,..,..,0.75,..,..,..,..,0.48372089999999995,..,0.75
DEUge2003,Germany,DEU,Europe & Central Asia,High income,2003,ge,6,1.5716359,0.2479226,1.1650428,1.978229,81.8993984,4.8206124,73.9935941,89.80520279999999,..,..,..,..,..,..,..,..,..,1,..,0.27199999999999996,..,..,0.7662036999999999,..,..,..,..,..,..,..,..,..,..,..,..,1,..,..,..,..,0.45925639999999995,..,0.875
DJIge2003,Djibouti,DJI,Middle East & North Africa,Lower middle income,2003,ge,1,-0.8082803,0.44396919999999995,-1.5363898,-0.0801708,35.6242602,8.6325462,21.4668845,49.7816359,..,..,..,..,..,..,..,..,..,..,..,..,..,..,..,..,..,..,..,..,..,..,..,..,..,..,..,..,..,..,..,..,..,..,0.375
DMAge2003,Dominica,DMA,Latin America & Caribbean,Upper middle income,2003,ge,1,0.7406421999999999,0.44396919999999995,0.012532699999999999,1.4687516999999999,65.7415403,8.6325462,51.5841646,79.898916,..,..,..,..,..,..,..,..,..,..,..,..,..,..,..,..,..,..,..,..,..,..,..,..,..,..,..,..,..,..,..,..,..,..,0.75
DNKge2003,Denmark,DNK,Europe & Central Asia,High income,2003,ge,6,2.1441789,0.2479226,1.7375858,2.550772,93.031936,4.5347159999999995,85.1261316,100.0,..,..,..,..,..,..,..,..,..,1,..,0.576,..,..,0.8630952,..,..,..,..,..,..,..,..,..,..,..,..,1,..,..,..,..,0.6678088999999999,..,1
DOMge2003,Dominican Republic,DOM,Latin America & Caribbean,Upper middle income,2003,ge,5,-0.8381869,0.2546903,-1.255879,-0.4204948,35.0427557,4.9522034,26.921142099999997,43.164369199999996,..,..,..,..,..,..,0.5185185,..,..,0,..,..,..,..,0.32857139999999996,..,..,..,..,..,..,..,..,..,..,..,..,0.25,..,..,..,..,..,..,0.5
DZAge2003,Algeria,DZA,Middle East & North Africa,Upper middle income,2003,ge,5,-0.8617248,0.2546903,-1.2794169,-0.4440327,34.5850843,4.9522034,26.4634707,42.7066978,..,..,..,..,..,..,0.22222219999999998,..,..,0,..,..,..,..,0.3020344,..,..,..,..,..,..,..,..,..,..,..,..,0.5,..,..,..,..,..,..,0.5
ECUge2003,Ecuador,ECU,Latin America & Caribbean,Upper middle income,2003,ge,6,-1.0385274,0.253851,-1.4548429999999999,-0.6222118,31.147330999999998,4.9358834,23.0524821,39.242179799999995,..,..,..,..,..,..,0.4074074,..,..,0,..,..,..,..,0.21147169999999998,..,..,..,..,..,..,..,..,0.09999999999999999,..,..,..,0.5,..,..,..,..,..,..,0.375
EGYge2003,"Egypt, Arab Rep.",EGY,Middle East & North Africa,Lower middle income,2003,ge,5,-0.6388484999999999,0.2546903,-1.0565406,-0.2211564,38.9186955,4.9522034,30.7970819,47.040309,..,..,..,..,..,..,0.2962963,..,..,0.25,..,..,..,..,0.423772,..,..,..,..,..,..,..,..,..,..,..,..,0.5,..,..,..,..,..,..,0.375
ERIge2003,Eritrea,ERI,Sub-Saharan Africa,Low income,2003,ge,2,-0.9425026,0.3765408,-1.5600295,-0.3249757,33.0144391,7.321466699999999,21.0072337,45.0216445,..,..,..,..,..,..,0.037037,..,..,..,..,..,..,..,..,..,..,..,..,..,..,..,..,..,..,..,..,..,..,..,..,..,..,..,0.5
ESPge2003,Spain,ESP,Europe & Central Asia,High income,2003,ge,6,1.7833135999999998,0.2479226,1.3767205,2.1899067,86.0152639,4.8206124,78.1094595,93.9210682,..,..,..,..,..,..,..,..,..,1,..,0.45499999999999996,..,..,0.6535714,..,..,..,..,..,..,..,..,..,..,..,..,1,..,..,..,..,0.5619495999999999,..,1
ESTge2003,Estonia,EST,Europe & Central Asia,High income,2003,ge,7,0.8739661,0.23746799999999998,0.48451859999999997,1.2634136,68.3338929,4.6173323,60.7614679,75.90631789999999,..,..,..,..,..,0.8181217,0.8888889,..,..,0.5,..,..,..,..,0.688141,..,..,..,..,..,..,..,..,..,..,..,..,0.625,..,..,..,..,0.5407407,..,0.75
ETHge2003,Ethiopia,ETH,Sub-Saharan Africa,,2003,ge,5,-1.4424574,0.2546903,-1.8601495,-1.0247652999999999,23.2933079,4.9522034,15.1716944,31.4149215,..,..,..,..,..,..,0.11111109999999999,..,..,0,..,..,..,..,0.16570959999999998,..,..,..,..,..,..,..,..,..,..,..,..,0.25,..,..,..,..,..,..,0.375
FINge2003,Finland,FIN,Europe & Central Asia,High income,2003,ge,6,2.3184526,0.2479226,1.9118594999999998,2.7250457,96.4205173,3.5016119,88.51471289999999,100.0,..,..,..,..,..,..,..,..,..,1,..,0.5489999999999999,..,..,0.9351851999999999,..,..,..,..,..,..,..,..,..,..,..,..,1,..,..,..,..,0.7791707,..,1
FJIge2003,Fiji,FJI,East Asia & Pacific,Upper middle income,2003,ge,1,0.2243347,0.44396919999999995,-0.5037748,0.9524442,55.7024469,8.6325462,41.545071199999995,69.8598226,..,..,..,..,..,..,..,..,..,..,..,..,..,..,..,..,..,..,..,..,..,..,..,..,..,..,..,..,..,..,..,..,..,..,0.625
FRAge2003,France,FRA,Europe & Central Asia,High income,2003,ge,6,1.6348006,0.2479226,1.2282075,2.0413937,83.12757409999999,4.8206124,75.2217697,91.0333785,..,..,..,..,..,..,..,..,..,1,..,0.316,..,..,0.8591825999999999,..,..,..,..,..,..,..,..,..,..,..,..,0.75,..,..,..,..,0.5968709,..,0.875
GABge2003,Gabon,GAB,Sub-Saharan Africa,Upper middle income,2003,ge,3,-0.6117161999999999,0.30123469999999997,-1.1057411,-0.1176913,39.4462565,5.8572134,29.8404264,49.052086499999994,..,..,..,..,..,..,..,..,..,0,..,..,..,..,..,..,..,..,..,..,..,..,..,..,..,..,..,0.5,..,..,..,..,..,..,0.5
GBRge2003,United Kingdom,GBR,Europe & Central Asia,High income,2003,ge,6,1.6613601999999998,0.2479226,1.2547671,2.0679533,83.64399949999999,4.8206124,75.7381951,91.5498039,..,..,..,..,..,..,..,..,..,1,..,0.251,..,..,0.6358974,..,..,..,..,..,..,..,..,..,..,..,..,1,..,..,..,..,0.5290566999999999,..,1
GEOge2003,Georgia,GEO,Europe & Central Asia,Upper middle income,2003,ge,3,-1.2195365,0.3739037,-1.8327385999999999,-0.6063343999999999,27.627786399999998,7.2701914,15.7046725,39.550900299999995,..,..,..,..,..,0.715198,0.11111109999999999,..,..,..,..,..,..,..,..,..,..,..,..,..,..,..,..,..,..,..,..,..,..,..,..,..,..,..,0.375
GHAge2003,Ghana,GHA,Sub-Saharan Africa,Lower middle income,2003,ge,6,-0.43891929999999996,0.2531335,-0.8540582,-0.0237804,42.8061229,4.9219323,34.7341538,50.8780919,..,0.633,..,..,..,..,0.5925926,..,..,0.25,..,..,..,..,0.2636051,..,..,..,..,..,..,..,..,..,..,..,..,0.5,..,..,..,..,..,..,0.5
GINge2003,Guinea,GIN,Sub-Saharan Africa,Lower middle income,2003,ge,3,-1.0068843,0.3202907,-1.5321609999999999,-0.48160759999999997,31.7626,6.2277382,21.5491094,41.9760907,..,..,..,..,..,..,0.037037,..,..,..,..,..,..,..,..,..,..,..,..,..,..,..,..,..,..,..,..,0.5,..,..,..,..,..,..,0.375
GMBge2003,"Gambia, The",GMB,Sub-Saharan Africa,Low income,2003,ge,3,-0.5953216,0.3133513,-1.1092176999999999,-0.0814255,39.7650334,6.0928086,29.7728273,49.7572395,..,..,..,..,..,..,..,..,..,..,..,..,..,..,0.4090909,..,..,..,..,..,..,..,..,..,..,..,..,0.5,..,..,..,..,..,..,0.375
GNBge2003,Guinea-Bissau,GNB,Sub-Saharan Africa,Low income,2003,ge,2,-1.3193929,0.3587892,-1.9078072,-0.7309785999999999,25.6861766,6.9763044999999995,14.2450371,37.127316,..,..,..,..,..,..,..,..,..,..,..,..,..,..,..,..,..,..,..,..,..,..,..,..,..,..,..,0.25,..,..,..,..,..,..,0.25
GNQge2003,Equatorial Guinea,GNQ,Sub-Saharan Africa,Upper middle income,2003,ge,2,-1.373151,0.3465764,-1.9415362999999999,-0.8047656999999999,24.640902999999998,6.7388385,13.589207799999999,35.6925981,..,..,..,..,..,..,..,..,..,0,..,..,..,..,..,..,..,..,..,..,..,..,..,..,..,..,..,..,..,..,..,..,..,..,0.25
GRCge2003,Greece,GRC,Europe & Central Asia,High income,2003,ge,6,0.5176035999999999,0.2479226,0.1110105,0.9241967,61.404773299999995,4.8206124,53.498968899999994,69.3105777,..,..,..,..,..,..,..,..,..,0.5,..,0.487,..,..,0.45943409999999996,..,..,..,..,..,..,..,..,..,..,..,..,0.75,..,..,..,..,0.39326429999999996,..,0.75
GRDge2003,Grenada,GRD,Latin America & Caribbean,Upper middle income,2003,ge,1,0.7406421999999999,0.44396919999999995,0.012532699999999999,1.4687516999999999,65.7415403,8.6325462,51.5841646,79.898916,..,..,..,..,..,..,..,..,..,..,..,..,..,..,..,..,..,..,..,..,..,..,..,..,..,..,..,..,..,..,..,..,..,..,0.75
GTMge2003,Guatemala,GTM,Latin America & Caribbean,Upper middle income,2003,ge,6,-0.9461887,0.253851,-1.3625043,-0.5298731,32.9427665,4.9358835,24.8479176,41.0376154,..,..,..,..,..,..,0.25925929999999997,..,..,0.25,..,..,..,..,0.1898907,..,..,..,..,..,..,..,..,0.06999999999999999,..,..,..,0.5,..,..,..,..,..,..,0.375
GUFge2003,French Guiana,GUF,,,2003,ge,1,0.7406421999999999,0.44396919999999995,0.012532699999999999,1.4687516999999999,65.7415403,8.6325462,51.5841646,79.898916,..,..,..,..,..,..,..,..,..,..,..,..,..,..,..,..,..,..,..,..,..,..,..,..,..,..,..,..,..,..,..,..,..,..,0.75
GUYge2003,Guyana,GUY,Latin America & Caribbean,High income,2003,ge,2,0.1225187,0.3587892,-0.46589559999999997,0.7109329999999999,53.722734599999995,6.9763044999999995,42.2815951,65.16387399999999,..,..,..,..,..,..,..,..,..,..,..,..,..,..,..,..,..,..,..,..,..,..,..,..,..,..,..,0.75,..,..,..,..,..,..,0.5
HKGge2003,"Hong Kong SAR, China",HKG,East Asia & Pacific,High income,2003,ge,6,1.5744373,0.25265509999999997,1.1600829,1.9887917,81.9538689,4.9126313,73.89715369999999,90.0105842,..,..,..,0.46354799999999996,..,..,..,..,..,0.75,..,..,..,..,0.7573211,..,..,..,..,..,..,..,..,..,..,..,..,0.75,..,..,..,..,0.6257576,..,1
HNDge2003,Honduras,HND,Latin America & Caribbean,Lower middle income,2003,ge,6,-1.0735697,0.253851,-1.4898852999999999,-0.6572541,30.465967799999998,4.9358834,22.3711189,38.560816599999995,..,..,..,..,..,..,0.3703704,..,..,0,..,..,..,..,0.18089429999999998,..,..,..,..,..,..,..,..,0.25,..,..,..,0.5,..,..,..,..,..,..,0.375
HRVge2003,Croatia,HRV,Europe & Central Asia,High income,2003,ge,6,0.1631364,0.2538696,-0.2532097,0.5794825,54.5125059,4.9362451,46.417063999999996,62.6079479,..,..,..,..,..,0.9040427999999999,0.7037036999999999,..,..,0.25,..,..,..,..,0.4151515,..,..,..,..,..,..,..,..,..,..,..,..,0.75,..,..,..,..,..,..,0.625
HTIge2003,Haiti,HTI,Latin America & Caribbean,Lower middle income,2003,ge,4,-1.8356586,0.286721,-2.305881,-1.3654362,15.6478959,5.5750084,6.5048822,24.7909097,..,..,..,..,..,..,0.07407409999999999,..,..,..,..,..,..,..,0.0777778,..,..,..,..,..,..,..,..,..,..,..,..,0,..,..,..,..,..,..,0.375
HUNge2003,Hungary,HUN,Europe & Central Asia,High income,2003,ge,7,0.8500323999999999,0.23746799999999998,0.46058489999999996,1.2394798999999999,67.86852549999999,4.6173323,60.296100499999994,75.4409505,..,..,..,..,..,0.8910886,0.7777778,..,..,0.5,..,..,..,..,0.5314464999999999,..,..,..,..,..,..,..,..,..,..,..,..,1,..,..,..,..,0.4539773,..,0.75
IDNge2003,Indonesia,IDN,East Asia & Pacific,Upper middle income,2003,ge,6,-0.9085264999999999,0.2381393,-1.299075,-0.5179779999999999,33.6750711,4.630385899999999,26.081238199999998,41.2689039,..,..,..,..,..,..,0.4074074,..,..,0,..,..,..,..,0.4343324,..,..,..,..,..,..,..,..,..,..,..,..,0.5,..,..,..,..,0.297429,..,0.25
INDge2003,India,IND,South Asia,Lower middle income,2003,ge,6,-0.4274791,0.2381393,-0.8180276,-0.0369306,43.0285663,4.630385899999999,35.4347335,50.6223992,..,..,..,..,..,..,0.5555555999999999,..,..,0.25,..,..,..,..,0.2929006,..,..,..,..,..,..,..,..,..,..,..,..,0.75,..,..,..,..,0.3266405,..,0.375
IRLge2003,Ireland,IRL,Europe & Central Asia,High income,2003,ge,6,1.266241,0.2479226,0.8596478999999999,1.6728341,75.9612939,4.8206124,68.0554895,83.8670983,..,..,..,..,..,..,..,..,..,0.75,..,0.346,..,..,0.56875,..,..,..,..,..,..,..,..,..,..,..,..,1,..,..,..,..,0.5336181999999999,..,0.875
IRNge2003,"Iran, Islamic Rep.",IRN,Middle East & North Africa,Upper middle income,2003,ge,4,-0.7233853,0.27735119999999996,-1.1782413,-0.26852929999999997,37.2749603,5.3928227,28.4307311,46.119189399999996,..,..,..,..,..,..,0.22222219999999998,..,..,0.25,..,..,..,..,..,..,..,..,..,..,..,..,..,..,..,..,..,0.5,..,..,..,..,..,..,0.375
IRQge2003,Iraq,IRQ,Middle East & North Africa,Upper middle income,2003,ge,4,-2.0070061,0.27735119999999996,-2.4618621,-1.5521501,12.3162117,5.3928227,3.4719824999999997,21.160440899999998,..,..,..,..,..,..,0,..,..,0,..,..,..,..,..,..,..,..,..,..,..,..,..,..,..,..,..,0,..,..,..,..,..,..,0.125
ISLge2003,Iceland,ISL,Europe & Central Asia,High income,2003,ge,4,2.0805814,0.2839605,1.6148862,2.5462765999999997,91.79534489999999,5.2620859,82.7403581,100.0,..,..,..,..,..,..,..,..,..,..,..,..,..,..,0.8808642,..,..,..,..,..,..,..,..,..,..,..,..,1,..,..,..,..,0.7002376,..,1
ISRge2003,Israel,ISR,Middle East & North Africa,High income,2003,ge,5,1.4410102999999999,0.2527495,1.0265011,1.8555195,79.35951159999999,4.9144666,71.2997865,87.4192368,..,..,..,..,..,..,..,..,..,1,..,..,..,..,0.7103174999999999,..,..,..,..,..,..,..,..,..,..,..,..,1,..,..,..,..,0.47052849999999996,..,0.75
ITAge2003,Italy,ITA,Europe & Central Asia,High income,2003,ge,6,0.5560185,0.2479226,0.14942539999999999,0.9626116,62.1517134,4.8206124,54.245909,70.05751769999999,..,..,..,..,..,..,..,..,..,0.5,..,0.306,..,..,0.65625,..,..,..,..,..,..,..,..,..,..,..,..,0.625,..,..,..,..,0.3857026,..,0.75
JAMge2003,Jamaica,JAM,Latin America & Caribbean,Upper middle income,2003,ge,5,-0.12582,0.2546903,-0.5435120999999999,0.29187209999999997,48.894031899999995,4.9522034,40.7724184,57.0156455,..,..,..,..,..,..,0.5925926,..,..,0.25,..,..,..,..,0.38793099999999997,..,..,..,..,..,..,..,..,..,..,..,..,0.75,..,..,..,..,..,..,0.5
JORge2003,Jordan,JOR,Middle East & North Africa,Lower middle income,2003,ge,6,0.0946268,0.2381393,-0.2959217,0.4851753,53.180403899999995,4.630385899999999,45.5865711,60.7742368,..,..,..,..,..,..,0.3333333,..,..,0.5,..,..,..,..,0.5944134,..,..,..,..,..,..,..,..,..,..,..,..,0.5,..,..,..,..,0.5398824,..,0.5
JPNge2003,Japan,JPN,East Asia & Pacific,High income,2003,ge,6,1.2980431,0.25265509999999997,0.8836887,1.7123975,76.57965449999999,4.9126313,68.52293929999999,84.6363698,..,..,..,0.6265502,..,..,..,..,..,0.75,..,..,..,..,0.71875,..,..,..,..,..,..,..,..,..,..,..,..,1,..,..,..,..,0.5264774,..,0.75
KAZge2003,Kazakhstan,KAZ,Europe & Central Asia,Upper middle income,2003,ge,6,-1.1338646,0.2538696,-1.5502106999999998,-0.7175185,29.2935925,4.9362451,21.198150599999998,37.3890344,..,..,..,..,..,0.8892983999999999,0.22222219999999998,..,..,0,..,..,..,..,0.3416667,..,..,..,..,..,..,..,..,..,..,..,..,0.5,..,..,..,..,..,..,0.25
KENge2003,Kenya,KEN,Sub-Saharan Africa,Lower middle income,2003,ge,6,-1.1042809999999998,0.2531335,-1.5194199,-0.6891421,29.8688166,4.9219323,21.7968476,37.9407857,..,0.844,..,..,..,..,0.11111109999999999,..,..,0,..,..,..,..,0.24555559999999998,..,..,..,..,..,..,..,..,..,..,..,..,0.5,..,..,..,..,..,..,0.375
KGZge2003,Kyrgyz Republic,KGZ,Europe & Central Asia,Lower middle income,2003,ge,3,-0.6120798,0.3739037,-1.2252819,0.0011223,39.4391866,7.2701914,27.5160727,51.362300499999996,..,..,..,..,..,0.8201552999999999,0.25925929999999997,..,..,..,..,..,..,..,..,..,..,..,..,..,..,..,..,..,..,..,..,..,..,..,..,..,..,..,0.5
KHMge2003,Cambodia,KHM,East Asia & Pacific,Lower middle income,2003,ge,3,-1.1451886,0.31151239999999997,-1.6560689,-0.6343082999999999,29.073408399999998,6.0570528999999995,19.139841699999998,39.0069752,..,..,..,..,..,..,0.25925929999999997,..,..,0,..,..,..,..,..,..,..,..,..,..,..,..,..,..,..,..,..,..,..,..,..,..,..,..,0.375
KORge2003,"Korea, Rep.",KOR,East Asia & Pacific,High income,2003,ge,7,0.9613301999999999,0.2380603,0.5709113,1.3517491,70.0326022,4.6288493,62.441289299999994,77.62391509999999,..,..,..,0.5753495,..,..,0.7777778,..,..,0.75,..,..,..,..,0.6569579,..,..,..,..,..,..,..,..,..,..,..,..,0.75,..,..,..,..,0.43918369999999995,..,0.75
KWTge2003,Kuwait,KWT,Middle East & North Africa,High income,2003,ge,4,0.1578868,0.2728086,-0.2895193,0.6052929,54.4104326,5.3044958,45.7110595,63.1098058,..,..,..,..,..,..,..,..,..,0.25,..,..,..,..,0.6710526,..,..,..,..,..,..,..,..,..,..,..,..,0.5,..,..,..,..,..,..,0.625
LAOge2003,Lao PDR,LAO,East Asia & Pacific,Lower middle income,2003,ge,2,-1.5309061,0.3765408,-2.148433,-0.9133792,21.5735097,7.321466699999999,9.5663042,33.5807151,..,..,..,..,..,..,0.1481481,..,..,..,..,..,..,..,..,..,..,..,..,..,..,..,..,..,..,..,..,..,..,..,..,..,..,..,0.25
LBNge2003,Lebanon,LBN,Middle East & North Africa,Lower middle income,2003,ge,5,-0.29190269999999996,0.2546903,-0.7095948,0.1257894,45.6647166,4.9522034,37.543102999999995,53.7863301,..,..,..,..,..,..,0.2962963,..,..,0.5,..,..,..,..,0.3888889,..,..,..,..,..,..,..,..,..,..,..,..,0.5,..,..,..,..,..,..,0.5
LBRge2003,Liberia,LBR,Sub-Saharan Africa,Low income,2003,ge,3,-1.6557617999999998,0.3202907,-2.1810385,-1.1304851,19.1458129,6.2277382,8.9323222,29.359303599999997,..,..,..,..,..,..,0,..,..,..,..,..,..,..,..,..,..,..,..,..,..,..,..,..,..,..,..,0,..,..,..,..,..,..,0.375
LBYge2003,Libya,LBY,Middle East & North Africa,Upper middle income,2003,ge,4,-1.4645211999999999,0.27735119999999996,-1.9193772,-1.0096652,22.864299,5.3928227,14.0200698,31.7085282,..,..,..,..,..,..,0.1481481,..,..,0,..,..,..,..,..,..,..,..,..,..,..,..,..,..,..,..,..,0.25,..,..,..,..,..,..,0.25
LIEge2003,Liechtenstein,LIE,Europe & Central Asia,High income,2003,ge,1,1.2569496,0.44396919999999995,0.5288400999999999,1.9850591,75.7806317,8.6325462,61.623256,89.93800739999999,..,..,..,..,..,..,..,..,..,..,..,..,..,..,..,..,..,..,..,..,..,..,..,..,..,..,..,..,..,..,..,..,..,..,0.875
LKAge2003,Sri Lanka,LKA,South Asia,Lower middle income,2003,ge,5,-0.3891401,0.2546903,-0.8068322,0.028551999999999998,43.774030599999996,4.9522034,35.6524171,51.8956442,..,..,..,..,..,..,0.48148149999999995,..,..,0.25,..,..,..,..,0.38856589999999996,..,..,..,..,..,..,..,..,..,..,..,..,0.5,..,..,..,..,..,..,0.5
LSOge2003,Lesotho,LSO,Sub-Saharan Africa,Lower middle income,2003,ge,2,0.2562836,0.43587349999999997,-0.4585489,0.9711160999999999,56.323662,8.4751326,42.4244445,70.2228794,..,0.6615,..,..,..,..,..,..,..,..,..,..,..,..,..,..,..,..,..,..,..,..,..,..,..,..,..,..,..,..,..,..,..,..,0.625
LTUge2003,Lithuania,LTU,Europe & Central Asia,High income,2003,ge,6,0.7480840999999999,0.2538696,0.331738,1.1644302,65.8862407,4.9362451,57.7907988,73.9816826,..,..,..,..,..,0.8405556,0.9259259,..,..,0.5,..,..,..,..,0.5733830999999999,..,..,..,..,..,..,..,..,..,..,..,..,0.625,..,..,..,..,..,..,0.75
LUXge2003,Luxembourg,LUX,Europe & Central Asia,High income,2003,ge,5,2.0282325,0.27716609999999997,1.5736801,2.4827849,90.7774719,5.3892231,81.9391459,99.6157978,..,..,..,..,..,..,..,..,..,..,..,0.6589999999999999,..,..,0.7671568999999999,..,..,..,..,..,..,..,..,..,..,..,..,1,..,..,..,..,0.7398578,..,1
LVAge2003,Latvia,LVA,Europe & Central Asia,High income,2003,ge,6,0.4408646,0.2538696,0.0245185,0.8572107,59.9126586,4.9362451,51.817216699999996,68.0081005,..,..,..,..,..,0.8717193999999999,0.6666667,..,..,0.5,..,..,..,..,0.5921605999999999,..,..,..,..,..,..,..,..,..,..,..,..,0.625,..,..,..,..,..,..,0.625
MACge2003,"Macao SAR, China",MAC,East Asia & Pacific,High income,2003,ge,1,1.2569496,0.44396919999999995,0.5288400999999999,1.9850591,75.7806317,8.6325462,61.623256,89.93800739999999,..,..,..,..,..,..,..,..,..,..,..,..,..,..,..,..,..,..,..,..,..,..,..,..,..,..,..,..,..,..,..,..,..,..,0.875
MARge2003,Morocco,MAR,Middle East & North Africa,Lower middle income,2003,ge,5,-0.2984293,0.2546903,-0.7161214,0.11926279999999999,45.537813199999995,4.9522034,37.4161997,53.6594268,..,..,..,..,..,..,0.3703704,..,..,0.5,..,..,..,..,0.3391089,..,..,..,..,..,..,..,..,..,..,..,..,0.5,..,..,..,..,..,..,0.5
MDAge2003,Moldova,MDA,Europe & Central Asia,Upper middle income,2003,ge,5,-0.7311656999999999,0.2762922,-1.1842849,-0.2780465,37.123678,5.372231,28.3132192,45.9341368,..,..,..,..,..,0.8431481,0.25925929999999997,..,..,0,..,..,..,..,..,..,..,..,..,..,..,..,..,..,..,..,..,0.5,..,..,..,..,..,..,0.5
MDGge2003,Madagascar,MDG,Sub-Saharan Africa,Low income,2003,ge,4,-0.8781019,0.286721,-1.3483243,-0.4078795,34.2666476,5.5750084,25.1236338,43.4096614,..,..,..,..,..,..,0.2962963,..,..,..,..,..,..,..,0.153088,..,..,..,..,..,..,..,..,..,..,..,..,0.25,..,..,..,..,..,..,0.625
MDVge2003,Maldives,MDV,South Asia,Upper middle income,2003,ge,1,0.7406421999999999,0.44396919999999995,0.012532699999999999,1.4687516999999999,65.7415403,8.6325462,51.5841646,79.898916,..,..,..,..,..,..,..,..,..,..,..,..,..,..,..,..,..,..,..,..,..,..,..,..,..,..,..,..,..,..,..,..,..,..,0.75
MEXge2003,Mexico,MEX,Latin America & Caribbean,Upper middle income,2003,ge,7,-0.27030129999999997,0.2374528,-0.6597238999999999,0.1191213,46.0847346,4.6170371,38.5127938,53.6566755,..,..,..,..,..,..,0.48148149999999995,..,..,0.25,..,..,..,..,0.3517628,..,..,..,..,..,..,..,..,0.24,..,..,..,0.75,..,..,..,..,0.332326,..,0.5
MKDge2003,North Macedonia,MKD,Europe & Central Asia,Upper middle income,2003,ge,5,-0.7460711999999999,0.2792785,-1.2040879,-0.2880545,36.833855199999995,5.4302963,27.9281693,45.7395411,..,..,..,..,..,0.8206897,0.44444439999999996,..,..,0.25,..,..,..,..,0.3147582,..,..,..,..,..,..,..,..,..,..,..,..,..,..,..,..,..,..,..,0.375
MLIge2003,Mali,MLI,Sub-Saharan Africa,Low income,2003,ge,5,-1.0756994,0.28450529999999996,-1.5422881,-0.6091107,30.4245578,5.531926899999999,21.3521978,39.4969179,..,0.731,..,..,..,..,0.7777778,..,..,..,..,..,..,..,0.18307589999999999,..,..,..,..,..,..,..,..,..,..,..,..,0,..,..,..,..,..,..,0.375
MLTge2003,Malta,MLT,Middle East & North Africa,High income,2003,ge,3,0.7114165,0.3133513,0.19752039999999998,1.2253125999999999,65.17327519999999,6.0928086,55.181069099999995,75.1654812,..,..,..,..,..,..,..,..,..,..,..,..,..,..,0.5578065999999999,..,..,..,..,..,..,..,..,..,..,..,..,0.75,..,..,..,..,..,..,0.75
MMRge2003,Myanmar,MMR,East Asia & Pacific,Lower middle income,2003,ge,4,-1.576192,0.27735119999999996,-2.0310479999999997,-1.1213359999999999,20.6929697,5.3928227,11.8487405,29.5371989,..,..,..,..,..,..,0,..,..,0,..,..,..,..,..,..,..,..,..,..,..,..,..,..,..,..,..,0.25,..,..,..,..,..,..,0.25
MNGge2003,Mongolia,MNG,East Asia & Pacific,Upper middle income,2003,ge,4,-0.4602942,0.32009869999999996,-0.9852561,0.0646677,42.3905089,6.2240059,32.1831392,52.597878599999994,..,..,..,0.4631515,..,..,0.5925926,..,..,..,..,..,..,..,..,..,..,..,..,..,..,..,..,..,..,..,..,0.5,..,..,..,..,..,..,0.375
MOZge2003,Mozambique,MOZ,Sub-Saharan Africa,Low income,2003,ge,6,-1.0136614,0.2531335,-1.4288003,-0.5985225,31.630826,4.9219323,23.5588569,39.702794999999995,..,0.619,..,..,..,..,0.4074074,..,..,0.25,..,..,..,..,0.1722222,..,..,..,..,..,..,..,..,..,..,..,..,0.25,..,..,..,..,..,..,0.375
MRTge2003,Mauritania,MRT,Sub-Saharan Africa,Lower middle income,2003,ge,1,-0.2919728,0.44396919999999995,-1.0200822999999999,0.4361367,45.6633535,8.632546099999999,31.505977899999998,59.820729199999995,..,..,..,..,..,..,..,..,..,..,..,..,..,..,..,..,..,..,..,..,..,..,..,..,..,..,..,..,..,..,..,..,..,..,0.5
MTQge2003,Martinique,MTQ,,,2003,ge,1,0.7406421999999999,0.44396919999999995,0.012532699999999999,1.4687516999999999,65.7415403,8.6325462,51.5841646,79.898916,..,..,..,..,..,..,..,..,..,..,..,..,..,..,..,..,..,..,..,..,..,..,..,..,..,..,..,..,..,..,..,..,..,..,0.75
MUSge2003,Mauritius,MUS,Sub-Saharan Africa,Upper middle income,2003,ge,3,0.5883142,0.30511689999999997,0.0879225,1.0887059,62.7796716,5.9326989,53.050045399999995,72.5092978,..,..,..,..,..,..,..,..,..,0.5,..,..,..,..,0.5338542,..,..,..,..,..,..,..,..,..,..,..,..,..,..,..,..,..,..,..,0.75
MWIge2003,Malawi,MWI,Sub-Saharan Africa,Low income,2003,ge,6,-1.1331278999999999,0.2531335,-1.5482668,-0.717989,29.3079169,4.9219323,21.2359479,37.379886,..,0.512,..,..,..,..,0.1851852,..,..,0,..,..,..,..,0.22794119999999998,..,..,..,..,..,..,..,..,..,..,..,..,0.5,..,..,..,..,..,..,0.375
MYSge2003,Malaysia,MYS,East Asia & Pacific,Upper middle income,2003,ge,6,0.9352283,0.2381393,0.5446797999999999,1.3257767999999999,69.5250763,4.630385899999999,61.931243499999994,77.11890919999999,..,..,..,..,..,..,0.5185185,..,..,0.5,..,..,..,..,0.7430555999999999,..,..,..,..,..,..,..,..,..,..,..,..,0.75,..,..,..,..,0.6840647,..,0.75
NAMge2003,Namibia,NAM,Sub-Saharan Africa,Lower middle income,2003,ge,6,0.1683865,0.2531335,-0.24675239999999998,0.5835254,54.614588999999995,4.9219324,46.5426199,62.6865581,..,0.832,..,..,..,..,0.44444439999999996,..,..,0.25,..,..,..,..,0.5744680999999999,..,..,..,..,..,..,..,..,..,..,..,..,0.5,..,..,..,..,..,..,0.75
NERge2003,Niger,NER,Sub-Saharan Africa,Low income,2003,ge,3,-1.0520881,0.3202907,-1.5773648,-0.5268113999999999,30.8836564,6.2277382,20.6701658,41.0971471,..,..,..,..,..,..,0.2962963,..,..,..,..,..,..,..,..,..,..,..,..,..,..,..,..,..,..,..,..,0.25,..,..,..,..,..,..,0.375
NGAge2003,Nigeria,NGA,Sub-Saharan Africa,Lower middle income,2003,ge,6,-1.3727196,0.2531335,-1.7878585,-0.9575807,24.6492911,4.9219324,16.577322,32.721260199999996,..,0.432,..,..,..,..,0.2962963,..,..,0,..,..,..,..,0.12952919999999998,..,..,..,..,..,..,..,..,..,..,..,..,0.25,..,..,..,..,..,..,0.375
NICge2003,Nicaragua,NIC,Latin America & Caribbean,Lower middle income,2003,ge,6,-1.3204114999999998,0.253851,-1.7367271,-0.9040959,25.6663709,4.9358834,17.571521999999998,33.7612197,..,..,..,..,..,..,0.3333333,..,..,0,..,..,..,..,0.12666,..,..,..,..,..,..,..,..,0.44,..,..,..,0.25,..,..,..,..,..,..,0.375
NLDge2003,Netherlands,NLD,Europe & Central Asia,High income,2003,ge,6,1.953188,0.2479226,1.5465948999999999,2.3597810999999997,89.31830509999999,4.8206124,81.4125007,97.2241095,..,..,..,..,..,..,..,..,..,1,..,0.39199999999999996,..,..,0.8184524,..,..,..,..,..,..,..,..,..,..,..,..,1,..,..,..,..,0.5858698999999999,..,1
NORge2003,Norway,NOR,Europe & Central Asia,High income,2003,ge,5,1.8614685999999998,0.2527495,1.4469594,2.2759777999999997,87.53491129999999,4.9144666,79.4751861,95.5946364,..,..,..,..,..,..,..,..,..,1,..,..,..,..,0.6666667,..,..,..,..,..,..,..,..,..,..,..,..,1,..,..,..,..,0.599011,..,1
NPLge2003,Nepal,NPL,South Asia,Lower middle income,2003,ge,2,-1.0566050999999999,0.3765408,-1.674132,-0.4390782,30.795827799999998,7.321466699999999,18.788622399999998,42.8030332,..,..,..,..,..,..,0.22222219999999998,..,..,..,..,..,..,..,..,..,..,..,..,..,..,..,..,..,..,..,..,..,..,..,..,..,..,..,0.375
NZLge2003,New Zealand,NZL,East Asia & Pacific,High income,2003,ge,5,2.0022756999999998,0.2527495,1.5877664999999999,2.4167848999999997,90.2727673,4.9144666,82.2130421,98.3324925,..,..,..,..,..,..,..,..,..,1,..,..,..,..,0.7304347999999999,..,..,..,..,..,..,..,..,..,..,..,..,1,..,..,..,..,0.6701887,..,1
OMNge2003,Oman,OMN,Middle East & North Africa,High income,2003,ge,4,0.2957168,0.2728086,-0.1516893,0.7431228999999999,57.090401899999996,5.3044959,48.3910287,65.7897751,..,..,..,..,..,..,..,..,..,0.5,..,..,..,..,0.5833332999999999,..,..,..,..,..,..,..,..,..,..,..,..,0.5,..,..,..,..,..,..,0.625
PAKge2003,Pakistan,PAK,South Asia,Lower middle income,2003,ge,5,-0.793561,0.2546903,-1.2112531,-0.3758689,35.9104625,4.9522034,27.788849,44.0320761,..,..,..,..,..,..,0.3703704,..,..,0.25,..,..,..,..,0.23639459999999998,..,..,..,..,..,..,..,..,..,..,..,..,0.5,..,..,..,..,..,..,0.375
PANge2003,Panama,PAN,Latin America & Caribbean,High income,2003,ge,5,-0.2413468,0.27177789999999996,-0.6870626,0.204369,46.6477265,5.2844554,37.981219599999996,55.3142334,..,..,..,..,..,..,..,..,..,0.25,..,..,..,..,0.3648649,..,..,..,..,..,..,..,..,0.19999999999999998,..,..,..,0.5,..,..,..,..,..,..,0.625
PERge2003,Peru,PER,Latin America & Caribbean,Upper middle income,2003,ge,6,-0.8784706,0.253851,-1.2947861999999999,-0.462155,34.2594786,4.9358834,26.1646297,42.354327399999995,..,..,..,..,..,..,0.4074074,..,..,0,..,..,..,..,0.1993671,..,..,..,..,..,..,..,..,0.13,..,..,..,0.5,..,..,..,..,..,..,0.5
PHLge2003,Philippines,PHL,East Asia & Pacific,Lower middle income,2003,ge,7,-0.4188308,0.2380603,-0.8092497,-0.0284119,43.1967241,4.6288494,35.6054111,50.788036999999996,..,..,..,0.47654409999999997,..,..,0.3703704,..,..,0.5,..,..,..,..,0.2095668,..,..,..,..,..,..,..,..,..,..,..,..,0.75,..,..,..,..,0.3356532,..,0.375
PNGge2003,Papua New Guinea,PNG,East Asia & Pacific,Lower middle income,2003,ge,4,-0.7233853,0.27735119999999996,-1.1782413,-0.26852929999999997,37.2749603,5.3928227,28.4307311,46.119189399999996,..,..,..,..,..,..,0.22222219999999998,..,..,0.25,..,..,..,..,..,..,..,..,..,..,..,..,..,..,..,..,..,0.5,..,..,..,..,..,..,0.375
POLge2003,Poland,POL,Europe & Central Asia,High income,2003,ge,7,0.4637907,0.23746799999999998,0.0743432,0.8532382,60.3584342,4.6173323,52.786009199999995,67.9308592,..,..,..,..,..,0.8174543999999999,0.7407406999999999,..,..,0.5,..,..,..,..,0.4402174,..,..,..,..,..,..,..,..,..,..,..,..,0.75,..,..,..,..,0.3422222,..,0.75
PRIge2003,Puerto Rico (U.S.),PRI,Latin America & Caribbean,High income,2003,ge,1,1.2569496,0.44396919999999995,0.5288400999999999,1.9850591,75.7806317,8.6325462,61.623256,89.93800739999999,..,..,..,..,..,..,..,..,..,..,..,..,..,..,..,..,..,..,..,..,..,..,..,..,..,..,..,..,..,..,..,..,..,..,0.875
PRKge2003,"Korea, Dem. People's Rep.",PRK,East Asia & Pacific,Low income,2003,ge,3,-2.4619060999999998,0.3202907,-2.9871828,-1.9366294,3.4711269999999996,4.1721395,0.0,13.684617699999999,..,..,..,..,..,..,0,..,..,..,..,..,..,..,..,..,..,..,..,..,..,..,..,..,..,..,..,0,..,..,..,..,..,..,0
PRTge2003,Portugal,PRT,Europe & Central Asia,High income,2003,ge,6,0.873877,0.2479226,0.4672839,1.2804700999999998,68.33216039999999,4.8206124,60.426356,76.2379648,..,..,..,..,..,..,..,..,..,0.5,..,0.416,..,..,0.6123187999999999,..,..,..,..,..,..,..,..,..,..,..,..,0.75,..,..,..,..,0.4580645,..,0.875
PRYge2003,Paraguay,PRY,Latin America & Caribbean,Upper middle income,2003,ge,6,-1.3719230999999998,0.253851,-1.7882387,-0.9556074999999999,24.6647783,4.9358835,16.5699294,32.7596272,..,..,..,..,..,..,0.25925929999999997,..,..,0,..,..,..,..,0.1589744,..,..,..,..,..,..,..,..,0.16,..,..,..,0.25,..,..,..,..,..,..,0.375
PSEge2003,West Bank and Gaza,PSE,Middle East & North Africa,Lower middle income,2003,ge,1,-1.3245877,0.44396919999999995,-2.0526972,-0.5964782,25.585168799999998,8.6325462,11.427793099999999,39.7425445,..,..,..,..,..,..,..,..,..,..,..,..,..,..,..,..,..,..,..,..,..,..,..,..,..,..,..,..,..,..,..,..,..,..,0.25
QATge2003,Qatar,QAT,Middle East & North Africa,High income,2003,ge,4,0.2719548,0.2728086,-0.1754513,0.7193609,56.6283731,5.3044959,47.9289999,65.3277463,..,..,..,..,..,..,..,..,..,0.5,..,..,..,..,0.5641026,..,..,..,..,..,..,..,..,..,..,..,..,0.5,..,..,..,..,..,..,0.625
ROUge2003,Romania,ROU,Europe & Central Asia,High income,2003,ge,7,-0.5893425999999999,0.23746799999999998,-0.9787901,-0.1998951,39.8812892,4.6173323,32.308864199999995,47.4537142,..,..,..,..,..,0.7947953,0.5925926,..,..,0,..,..,..,..,0.46867689999999995,..,..,..,..,..,..,..,..,..,..,..,..,0.25,..,..,..,..,0.35343779999999997,..,0.5
RUSge2003,Russian Federation,RUS,Europe & Central Asia,High income,2003,ge,7,-0.7944964999999999,0.23746799999999998,-1.1839439999999999,-0.405049,35.8922727,4.6173323,28.3198477,43.464697699999995,..,..,..,..,..,0.8526714999999999,0.5555555999999999,..,..,0,..,..,..,..,0.4521792,..,..,..,..,..,..,..,..,..,..,..,..,0.25,..,..,..,..,0.32032499999999997,..,0.375
RWAge2003,Rwanda,RWA,Sub-Saharan Africa,Low income,2003,ge,2,-1.4279922,0.3765408,-2.0455191,-0.8104652999999999,23.5745696,7.321466699999999,11.5673642,35.581775,..,..,..,..,..,..,0.22222219999999998,..,..,..,..,..,..,..,..,..,..,..,..,..,..,..,..,..,..,..,..,..,..,..,..,..,..,..,0.25
SAUge2003,Saudi Arabia,SAU,Middle East & North Africa,High income,2003,ge,5,-0.5549181,0.2546903,-0.9726102,-0.137226,40.5506399,4.9522034,32.4290263,48.672253399999995,..,..,..,..,..,..,0.1481481,..,..,0.25,..,..,..,..,0.4313725,..,..,..,..,..,..,..,..,..,..,..,..,0.5,..,..,..,..,..,..,0.5
SDNge2003,Sudan,SDN,Sub-Saharan Africa,Low income,2003,ge,4,-1.5482742999999999,0.27735119999999996,-2.0031303,-1.0934183,21.235802,5.3928227,12.3915729,30.080031199999997,..,..,..,..,..,..,0.037037,..,..,0,..,..,..,..,..,..,..,..,..,..,..,..,..,..,..,..,..,0.25,..,..,..,..,..,..,0.25
SENge2003,Senegal,SEN,Sub-Saharan Africa,Lower middle income,2003,ge,6,-0.7534934999999999,0.2531335,-1.1686324,-0.3383546,36.6895358,4.9219324,28.617566699999998,44.7615049,..,0.595,..,..,..,..,0.48148149999999995,..,..,0.25,..,..,..,..,0.2191358,..,..,..,..,..,..,..,..,..,..,..,..,0.25,..,..,..,..,..,..,0.5
SGPge2003,Singapore,SGP,East Asia & Pacific,High income,2003,ge,6,2.0823753,0.2381393,1.6918267999999999,2.4729238,91.83022559999999,4.630385899999999,84.2363927,99.42405839999999,..,..,..,..,..,..,0.5185185,..,..,1,..,..,..,..,0.9220242,..,..,..,..,..,..,..,..,..,..,..,..,1,..,..,..,..,0.8344615,..,1
SLEge2003,Sierra Leone,SLE,Sub-Saharan Africa,Low income,2003,ge,3,-2.0814973,0.3202907,-2.6067739999999997,-1.5562205999999998,10.8678033,6.2277382,0.6543127,21.081294,..,..,..,..,..,..,0.11111109999999999,..,..,..,..,..,..,..,..,..,..,..,..,..,..,..,..,..,..,..,..,0,..,..,..,..,..,..,0.125
SLVge2003,El Salvador,SLV,Latin America & Caribbean,Upper middle income,2003,ge,6,-0.8359755,0.253851,-1.2522910999999999,-0.4196599,35.0857542,4.9358834,26.990905299999998,43.180603,..,..,..,..,..,..,0.48148149999999995,..,..,0,..,..,..,..,0.3426418,..,..,..,..,..,..,..,..,0.21,..,..,..,0.5,..,..,..,..,..,..,0.375
SOMge2003,Federal Republic of Somalia,SOM,Sub-Saharan Africa,Low income,2003,ge,3,-2.1931913,0.3202907,-2.7184679999999997,-1.6679146,8.696023,5.7650955999999995,0.0,18.9095136,..,..,..,..,..,..,0,..,..,..,..,..,..,..,..,..,..,..,..,..,..,..,..,..,..,..,..,0,..,..,..,..,..,..,0.125
SRBge2003,Serbia,SRB,Europe & Central Asia,Upper middle income,2003,ge,6,-0.615935,0.2538696,-1.0322811,-0.19958889999999999,39.364225999999995,4.9362451,31.268784099999998,47.4596679,..,..,..,..,..,0.7711410999999999,0.6296296,..,..,0,..,..,..,..,0.2882744,..,..,..,..,..,..,..,..,..,..,..,..,0.5,..,..,..,..,..,..,0.5
STPge2003,São Tomé and Príncipe,STP,Sub-Saharan Africa,Lower middle income,2003,ge,1,-0.8082803,0.44396919999999995,-1.5363898,-0.0801708,35.6242602,8.6325462,21.4668845,49.7816359,..,..,..,..,..,..,..,..,..,..,..,..,..,..,..,..,..,..,..,..,..,..,..,..,..,..,..,..,..,..,..,..,..,..,0.375
SURge2003,Suriname,SUR,Latin America & Caribbean,Upper middle income,2003,ge,2,0.0759535,0.3587892,-0.5124607999999999,0.6643678,52.8173199,6.9763044999999995,41.3761805,64.2584593,..,..,..,..,..,..,..,..,..,..,..,..,..,..,..,..,..,..,..,..,..,..,..,..,..,..,..,0.5,..,..,..,..,..,..,0.625
SVKge2003,Slovak Republic,SVK,Europe & Central Asia,High income,2003,ge,7,0.5256976999999999,0.23746799999999998,0.1362502,0.9151452,61.5621551,4.6173323,53.989730099999996,69.1345801,..,..,..,..,..,0.8380909,0.8518519,..,..,0.25,..,..,..,..,0.5571205,..,..,..,..,..,..,..,..,..,..,..,..,0.75,..,..,..,..,0.4244068,..,0.75
SVNge2003,Slovenia,SVN,Europe & Central Asia,High income,2003,ge,7,0.8180105,0.23746799999999998,0.42856299999999997,1.207458,67.2458911,4.6173323,59.6734661,74.818316,..,..,..,..,..,0.9358529999999999,0.8148148,..,..,0.5,..,..,..,..,0.658046,..,..,..,..,..,..,..,..,..,..,..,..,0.75,..,..,..,..,0.4435165,..,0.75
SWEge2003,Sweden,SWE,Europe & Central Asia,High income,2003,ge,6,1.9819324999999999,0.2479226,1.5753393999999998,2.3885256,89.8772137,4.8206124,81.9714094,97.78301809999999,..,..,..,..,..,..,..,..,..,1,..,0.45899999999999996,..,..,0.8363094999999999,..,..,..,..,..,..,..,..,..,..,..,..,1,..,..,..,..,0.5728061999999999,..,1
SWZge2003,Eswatini,SWZ,Sub-Saharan Africa,Lower middle income,2003,ge,1,-0.8082803,0.44396919999999995,-1.5363898,-0.0801708,35.6242602,8.6325462,21.4668845,49.7816359,..,..,..,..,..,..,..,..,..,..,..,..,..,..,..,..,..,..,..,..,..,..,..,..,..,..,..,..,..,..,..,..,..,..,0.375
SYCge2003,Seychelles,SYC,Sub-Saharan Africa,High income,2003,ge,1,0.7406421999999999,0.44396919999999995,0.012532699999999999,1.4687516999999999,65.7415403,8.6325462,51.5841646,79.898916,..,..,..,..,..,..,..,..,..,..,..,..,..,..,..,..,..,..,..,..,..,..,..,..,..,..,..,..,..,..,..,..,..,..,0.75
SYRge2003,Syrian Arab Republic,SYR,Middle East & North Africa,Low income,2003,ge,4,-1.4645211999999999,0.27735119999999996,-1.9193772,-1.0096652,22.864299,5.3928227,14.0200698,31.7085282,..,..,..,..,..,..,0.1481481,..,..,0,..,..,..,..,..,..,..,..,..,..,..,..,..,..,..,..,..,0.25,..,..,..,..,..,..,0.25
TCDge2003,Chad,TCD,Sub-Saharan Africa,Low income,2003,ge,3,-1.6085619999999998,0.3249691,-2.1415113,-1.0756127,20.0635668,6.3187054,9.7008899,30.4262436,..,..,..,..,..,..,0.11111109999999999,..,..,..,..,..,..,..,0.0912698,..,..,..,..,..,..,..,..,..,..,..,..,..,..,..,..,..,..,..,0.375
TGOge2003,Togo,TGO,Sub-Saharan Africa,Low income,2003,ge,3,-1.6557617999999998,0.3202907,-2.1810385,-1.1304851,19.1458129,6.2277382,8.9323222,29.359303599999997,..,..,..,..,..,..,0,..,..,..,..,..,..,..,..,..,..,..,..,..,..,..,..,..,..,..,..,0,..,..,..,..,..,..,0.375
THAge2003,Thailand,THA,East Asia & Pacific,Upper middle income,2003,ge,7,0.1883012,0.2380603,-0.20211769999999998,0.5787201,55.001810799999994,4.6288493,47.410497899999996,62.5931237,..,..,..,0.3914852,..,..,0.5555555999999999,..,..,0.25,..,..,..,..,0.5740740999999999,..,..,..,..,..,..,..,..,..,..,..,..,0.5,..,..,..,..,0.5832028,..,0.625
TJKge2003,Tajikistan,TJK,Europe & Central Asia,Lower middle income,2003,ge,3,-1.4397076,0.3739037,-2.0529097,-0.8265055,23.3467751,7.2701914,11.4236612,35.269889,..,..,..,..,..,0.6982513,0.22222219999999998,..,..,..,..,..,..,..,..,..,..,..,..,..,..,..,..,..,..,..,..,..,..,..,..,..,..,..,0.25
TKMge2003,Turkmenistan,TKM,Europe & Central Asia,Upper middle income,2003,ge,2,-1.7367336999999998,0.3765408,-2.3542606,-1.1192068,17.571393699999998,7.321466699999999,5.5641883,29.578599099999998,..,..,..,..,..,..,0,..,..,..,..,..,..,..,..,..,..,..,..,..,..,..,..,..,..,..,..,..,..,..,..,..,..,..,0.25
TLSge2003,Timor-Leste,TLS,East Asia & Pacific,Lower middle income,2003,ge,1,-0.8082803,0.44396919999999995,-1.5363898,-0.0801708,35.6242602,8.6325462,21.4668845,49.7816359,..,..,..,..,..,..,..,..,..,..,..,..,..,..,..,..,..,..,..,..,..,..,..,..,..,..,..,..,..,..,..,..,..,..,0.375
TTOge2003,Trinidad and Tobago,TTO,Latin America & Caribbean,High income,2003,ge,4,0.42643329999999996,0.2728086,-0.0209728,0.8738393999999999,59.6320561,5.3044958,50.932683,68.3314293,..,..,..,..,..,..,..,..,..,0.5,..,..,..,..,0.5095628,..,..,..,..,..,..,..,..,..,..,..,..,0.75,..,..,..,..,..,..,0.625
TUNge2003,Tunisia,TUN,Middle East & North Africa,Lower middle income,2003,ge,5,0.2272092,0.2546903,-0.19048289999999998,0.6449013,55.7583388,4.9522034,47.6367252,63.8799523,..,..,..,..,..,..,0.3703704,..,..,0.5,..,..,..,..,0.669416,..,..,..,..,..,..,..,..,..,..,..,..,0.5,..,..,..,..,..,..,0.625
TURge2003,Türkiye,TUR,Europe & Central Asia,Upper middle income,2003,ge,7,-0.12208719999999999,0.23746799999999998,-0.5115347,0.2673603,48.9666126,4.6173323,41.394187599999995,56.5390375,..,..,..,..,..,0.7081273,0.6296296,..,..,0.25,..,..,..,..,0.36578099999999997,..,..,..,..,..,..,..,..,..,..,..,..,0.5,..,..,..,..,0.4123922,..,0.625
TWNge2003,"Taiwan, China",TWN,East Asia & Pacific,High income,2003,ge,7,1.0403411999999999,0.2380603,0.6499223,1.4307600999999999,71.5688936,4.6288494,63.9775807,79.1602066,..,..,..,0.49623609999999996,..,..,0.7407406999999999,..,..,0.75,..,..,..,..,0.7034884,..,..,..,..,..,..,..,..,..,..,..,..,0.75,..,..,..,..,0.5053677999999999,..,0.75
TZAge2003,Tanzania,TZA,Sub-Saharan Africa,Lower middle income,2003,ge,6,-0.7768611999999999,0.2531335,-1.1920001,-0.3617223,36.2351738,4.9219324,28.163204699999998,44.307142899999995,..,0.7484999999999999,..,..,..,..,0.5185185,..,..,0.25,..,..,..,..,0.30847569999999996,..,..,..,..,..,..,..,..,..,..,..,..,0.25,..,..,..,..,..,..,0.375
UGAge2003,Uganda,UGA,Sub-Saharan Africa,Low income,2003,ge,6,-0.6535392999999999,0.2531335,-1.0686782,-0.23840039999999998,38.6330473,4.9219324,30.561078199999997,46.7050164,..,0.7855,..,..,..,..,0.48148149999999995,..,..,0.25,..,..,..,..,0.2607671,..,..,..,..,..,..,..,..,..,..,..,..,0.5,..,..,..,..,..,..,0.375
UKRge2003,Ukraine,UKR,Europe & Central Asia,Upper middle income,2003,ge,6,-0.9148617,0.2538696,-1.3312077999999998,-0.4985156,33.5518893,4.9362451,25.4564474,41.647331199999996,..,..,..,..,..,0.8522786,0.44444439999999996,..,..,0,..,..,..,..,0.44278609999999996,..,..,..,..,..,..,..,..,..,..,..,..,0.25,..,..,..,..,..,..,0.375
URYge2003,Uruguay,URY,Latin America & Caribbean,High income,2003,ge,6,0.49078089999999996,0.253851,0.0744653,0.9070965,60.883232199999995,4.9358834,52.7883833,68.978081,..,..,..,..,..,..,0.8518519,..,..,0.5,..,..,..,..,0.49230769999999996,..,..,..,..,..,..,..,..,0.21,..,..,..,0.5,..,..,..,..,..,..,0.75
USAge2003,United States,USA,North America,High income,2003,ge,5,1.6606417999999998,0.2527495,1.2461326,2.075151,83.6300309,4.9144666,75.57030569999999,91.6897561,..,..,..,..,..,..,..,..,..,0.75,..,..,..,..,0.7821140999999999,..,..,..,..,..,..,..,..,..,..,..,..,1,..,..,..,..,0.6529039999999999,..,0.875
UZBge2003,Uzbekistan,UZB,Europe & Central Asia,Lower middle income,2003,ge,4,-1.6142927999999999,0.31001429999999996,-2.1227163,-1.1058693,19.952137,6.0279248,10.0663403,29.837933699999997,..,..,..,..,..,0.8480434,0,..,..,0,..,..,..,..,..,..,..,..,..,..,..,..,..,..,..,..,..,..,..,..,..,..,..,..,0.25
VENge2003,"Venezuela, RB",VEN,Latin America & Caribbean,,2003,ge,7,-1.1702922,0.2374528,-1.5597147999999998,-0.7808695999999999,28.5852935,4.6170371,21.0133527,36.1572344,..,..,..,..,..,..,0.1851852,..,..,0,..,..,..,..,0.2377451,..,..,..,..,..,..,..,..,0.26999999999999996,..,..,..,0.25,..,..,..,..,0.2105176,..,0.5
VNMge2003,Viet Nam,VNM,East Asia & Pacific,Lower middle income,2003,ge,5,-0.6782287,0.2546903,-1.0959208,-0.2605366,38.1529861,4.9522034,30.0313725,46.274599699999996,..,..,..,..,..,..,0.3703704,..,..,0.25,..,..,..,..,0.3434859,..,..,..,..,..,..,..,..,..,..,..,..,0.5,..,..,..,..,..,..,0.375
WSMge2003,Samoa,WSM,East Asia & Pacific,Upper middle income,2003,ge,1,-0.2919728,0.44396919999999995,-1.0200822999999999,0.4361367,45.6633535,8.632546099999999,31.505977899999998,59.820729199999995,..,..,..,..,..,..,..,..,..,..,..,..,..,..,..,..,..,..,..,..,..,..,..,..,..,..,..,..,..,..,..,..,..,..,0.5
YEMge2003,"Yemen, Rep.",YEM,Middle East & North Africa,Low income,2003,ge,4,-1.2351090999999998,0.27735119999999996,-1.6899651,-0.7802530999999999,27.3249924,5.3928227,18.4807633,36.1692216,..,..,..,..,..,..,0.1851852,..,..,0,..,..,..,..,..,..,..,..,..,..,..,..,..,..,..,..,..,0.25,..,..,..,..,..,..,0.375
ZAFge2003,South Africa,ZAF,Sub-Saharan Africa,Upper middle income,2003,ge,7,0.45738589999999996,0.2368652,0.068927,0.8458448,60.233899099999995,4.6056113,52.680696499999996,67.7871017,..,0.5725,..,..,..,..,0.6296296,..,..,0.5,..,..,..,..,0.5416667,..,..,..,..,..,..,..,..,..,..,..,..,0.5,..,..,..,..,0.4928573,..,0.75
ZMBge2003,Zambia,ZMB,Sub-Saharan Africa,Lower middle income,2003,ge,6,-1.2111566,0.2531335,-1.6262955,-0.7960176999999999,27.7907253,4.9219323,19.7187563,35.862694399999995,..,0.638,..,..,..,..,0.3703704,..,..,0,..,..,..,..,0.20465609999999998,..,..,..,..,..,..,..,..,..,..,..,..,0.25,..,..,..,..,..,..,0.375
ZWEge2003,Zimbabwe,ZWE,Sub-Saharan Africa,Lower middle income,2003,ge,6,-0.9477376,0.2531335,-1.3628765,-0.5325987,32.9126496,4.9219323,24.8406806,40.9846187,..,0.5035,..,..,..,..,0,..,..,0.25,..,..,..,..,0.31360479999999996,..,..,..,..,..,..,..,..,..,..,..,..,0.5,..,..,..,..,..,..,0.375
ABWge2004,Aruba,ABW,Latin America & Caribbean,High income,2004,ge,1,0.8951416999999999,0.44396919999999995,0.1670322,1.6232512,68.74563169999999,8.6325462,54.588255999999994,82.90300739999999,..,..,..,..,..,..,..,..,..,..,..,..,..,..,..,..,..,..,..,..,..,..,..,..,..,..,..,..,..,..,..,..,..,..,0.7878788
ADOge2004,Andorra,ADO,,,2004,ge,1,0.8951416999999999,0.44396919999999995,0.1670322,1.6232512,68.74563169999999,8.6325462,54.588255999999994,82.90300739999999,..,..,..,..,..,..,..,..,..,..,..,..,..,..,..,..,..,..,..,..,..,..,..,..,..,..,..,..,..,..,..,..,..,..,0.7878788
AFGge2004,Afghanistan,AFG,South Asia,Low income,2004,ge,4,-1.156126,0.2910731,-1.6334859,-0.6787660999999999,28.8607414,5.659631399999999,19.578946,38.142536899999996,..,..,..,..,..,..,0.31666669999999997,..,..,0.25,..,..,..,..,..,..,..,..,..,..,0.3848,..,..,..,..,..,..,..,..,..,..,..,..,..,0.22222219999999998
AGOge2004,Angola,AGO,Sub-Saharan Africa,Lower middle income,2004,ge,6,-1.5316839,0.24315009999999998,-1.9304500999999998,-1.1329177,21.5583861,4.7278158999999995,13.804768099999999,29.3120041,..,..,..,..,..,..,0.3416667,..,..,0,..,..,..,..,0.0851852,..,..,..,..,..,0.214,..,..,..,..,..,..,0.25,..,..,..,..,..,..,0.3737374
AIAge2004,Anguilla,AIA,,,2004,ge,1,0.5613671,0.44396919999999995,-0.16674239999999999,1.2894766,62.2557117,8.632546099999999,48.098335999999996,76.4130873,..,..,..,..,..,..,..,..,..,..,..,..,..,..,..,..,..,..,..,..,..,..,..,..,..,..,..,..,..,..,..,..,..,..,0.7070706999999999
ALBge2004,Albania,ALB,Europe & Central Asia,Upper middle income,2004,ge,5,-0.44995589999999996,0.2968809,-0.9368405999999999,0.0369288,42.591527,5.772558399999999,33.1245311,52.0585228,..,..,..,..,..,0.5116526,0.5166666999999999,..,..,..,..,..,..,..,..,..,..,..,..,..,0.586,..,..,..,..,..,..,0.5,..,..,..,..,..,..,0.4141414
ANTge2004,Netherlands Antilles (former),ANT,,,2004,ge,1,0.7699764,0.44396919999999995,0.0418669,1.4980859,66.3119151,8.6325462,52.1545394,80.4692908,..,..,..,..,..,..,..,..,..,..,..,..,..,..,..,..,..,..,..,..,..,..,..,..,..,..,..,..,..,..,..,..,..,..,0.7575757999999999
AREge2004,United Arab Emirates,ARE,Middle East & North Africa,High income,2004,ge,5,0.5800974999999999,0.2546903,0.1624054,0.9977895999999999,62.6199059,4.9522034,54.4982924,70.7415195,..,..,..,..,..,..,0.4166667,..,..,0.5,..,..,..,..,0.674465,..,..,..,..,..,..,..,..,..,..,..,..,0.75,..,..,..,..,..,..,0.7171717
ARGge2004,Argentina,ARG,Latin America & Caribbean,Upper middle income,2004,ge,8,-0.023833999999999998,0.2280181,-0.39778369999999996,0.3501157,50.8770497,4.4335887,43.6059643,58.1481352,..,..,..,..,..,..,0.6,..,..,0.5,..,..,..,..,0.37254899999999996,..,..,..,..,..,0.6327999999999999,..,..,0.43,..,..,..,0.75,..,..,..,..,0.2676344,..,0.48484849999999996
ARMge2004,Armenia,ARM,Europe & Central Asia,Upper middle income,2004,ge,5,-0.19562569999999999,0.2968809,-0.6825104,0.291259,47.536728499999995,5.772558399999999,38.0697326,57.003724299999995,..,..,..,..,..,0.7320438,0.4666667,..,..,..,..,..,..,..,..,..,..,..,..,..,0.6619999999999999,..,..,..,..,..,..,0.25,..,..,..,..,..,..,0.6464646
ASMge2004,American Samoa,ASM,East Asia & Pacific,High income,2004,ge,1,-0.0644599,0.44396919999999995,-0.7925694,0.6636496,50.0871189,8.6325462,35.9297432,64.2444946,..,..,..,..,..,..,..,..,..,..,..,..,..,..,..,..,..,..,..,..,..,..,..,..,..,..,..,..,..,..,..,..,..,..,0.5555555999999999
ATGge2004,Antigua and Barbuda,ATG,Latin America & Caribbean,High income,2004,ge,2,0.5101852,0.3900953,-0.1295711,1.1499415,61.2605298,7.5850209,48.8210955,73.6999641,..,..,..,..,..,..,..,..,..,..,..,..,..,..,..,..,..,..,..,..,0.6,..,..,..,..,..,..,..,..,..,..,..,..,..,0.7272727
AUSge2004,Australia,AUS,East Asia & Pacific,High income,2004,ge,5,1.7890481999999999,0.2527495,1.374539,2.2035573999999998,86.1267675,4.9144666,78.06704239999999,94.1864927,..,..,..,..,..,..,..,..,..,0.75,..,..,..,..,0.8118687,..,..,..,..,..,..,..,..,..,..,..,..,1,..,..,..,..,0.7033356,..,0.9090908999999999
AUTge2004,Austria,AUT,Europe & Central Asia,High income,2004,ge,6,1.8071698999999999,0.2479226,1.4005767999999998,2.2137629999999997,86.4791262,4.8206124,78.5733219,94.38493059999999,..,..,..,..,..,..,..,..,..,1,..,0.509,..,..,0.8287036999999999,..,..,..,..,..,..,..,..,..,..,..,..,1,..,..,..,..,0.6631167,..,0.7878788
AZEge2004,Azerbaijan,AZE,Europe & Central Asia,Upper middle income,2004,ge,6,-1.0690396,0.2617316,-1.4982794,-0.6397997999999999,30.5540511,5.0891142,22.207903899999998,38.9001984,..,..,..,..,..,0.8278797999999999,0.2833333,..,..,0,..,..,..,..,..,..,..,..,..,..,0.5444,..,..,..,..,..,..,0.25,..,..,..,..,..,..,0.3737374
BDIge2004,Burundi,BDI,Sub-Saharan Africa,Low income,2004,ge,4,-1.5282262,0.2761844,-1.9811686,-1.0752838,21.6256177,5.3701348,12.8185966,30.4326388,0.36666669999999996,..,..,..,..,..,0.2166667,..,..,..,..,..,..,..,..,..,..,..,..,..,0.3908,..,..,..,..,..,..,..,..,..,..,..,..,..,0.1717172
BELge2004,Belgium,BEL,Europe & Central Asia,High income,2004,ge,6,1.6404505999999999,0.2479226,1.2338575,2.0470436999999997,83.2374328,4.8206124,75.3316285,91.1432372,..,..,..,..,..,..,..,..,..,1,..,0.40099999999999997,..,..,0.8815788999999999,..,..,..,..,..,..,..,..,..,..,..,..,1,..,..,..,..,0.4913785,..,0.7777778
BENge2004,Benin,BEN,Sub-Saharan Africa,Lower middle income,2004,ge,4,-0.4463045,0.2761844,-0.8992469,0.0066378999999999995,42.6625249,5.3701348,33.8555038,51.469546,0.6,..,..,..,..,..,0.5416667,..,..,..,..,..,..,..,..,..,..,..,..,..,0.576,..,..,..,..,..,..,..,..,..,..,..,..,..,0.40404039999999997
BFAge2004,Burkina Faso,BFA,Sub-Saharan Africa,Low income,2004,ge,5,-0.7835675,0.2515388,-1.1960910999999999,-0.3710439,36.1047764,4.8909251,28.0836592,44.1258935,0.5333333,..,..,..,..,..,0.3833333,..,..,..,..,..,..,..,..,..,..,..,..,..,0.5479999999999999,..,..,..,..,..,..,0.25,..,..,..,..,..,..,0.40404039999999997
BGDge2004,Bangladesh,BGD,South Asia,Lower middle income,2004,ge,6,-0.906057,0.24315009999999998,-1.3048232,-0.5072907999999999,33.7230881,4.7278158,25.9694701,41.476706,..,..,..,..,..,..,0.48333329999999997,..,..,0.25,..,..,..,..,0.20238099999999998,..,..,..,..,..,0.4876,..,..,..,..,..,..,0.5,..,..,..,..,..,..,0.2626263
BGRge2004,Bulgaria,BGR,Europe & Central Asia,High income,2004,ge,7,-0.0150204,0.2489794,-0.42334659999999996,0.3933058,51.0484216,4.8411602,43.1089188,58.9879244,..,..,..,..,..,0.8371067,0.725,..,..,0.25,..,0.291,..,..,0.41390879999999997,..,..,..,..,..,..,..,..,..,..,..,..,0.5,..,..,..,..,..,..,0.6464646
BHRge2004,Bahrain,BHR,Middle East & North Africa,High income,2004,ge,5,0.3772643,0.2546903,-0.0404278,0.7949564,58.6760131,4.9522034,50.554399599999996,66.7976267,..,..,..,..,..,..,0.475,..,..,0.5,..,..,..,..,0.6185065,..,..,..,..,..,..,..,..,..,..,..,..,0.5,..,..,..,..,..,..,0.7272727
BHSge2004,"Bahamas, The",BHS,Latin America & Caribbean,High income,2004,ge,2,0.9250596,0.3587892,0.3366453,1.5134739,69.3273559,6.9763044999999995,57.886216499999996,80.7684953,..,..,..,..,..,..,..,..,..,..,..,..,..,..,..,..,..,..,..,..,..,..,..,..,..,..,..,0.75,..,..,..,..,..,..,0.7979798
BIHge2004,Bosnia and Herzegovina,BIH,Europe & Central Asia,Upper middle income,2004,ge,6,-0.7838016,0.264266,-1.2171977999999999,-0.3504054,36.100224499999996,5.1383928999999995,27.6732601,44.5271889,..,..,..,..,..,0.7748482,0.5416667,..,..,0,..,..,..,..,0.27702699999999997,..,..,..,..,..,0.6811999999999999,..,..,..,..,..,..,..,..,..,..,..,..,..,0.3939394
BLRge2004,Belarus,BLR,Europe & Central Asia,Upper middle income,2004,ge,4,-1.2599730999999998,0.318663,-1.7825803999999998,-0.7373658,26.841536299999998,6.196089499999999,16.6799495,37.003123099999996,..,..,..,..,..,0.9150686,0.2833333,..,..,..,..,..,..,..,..,..,..,..,..,..,..,..,..,..,..,..,..,0.25,..,..,..,..,..,..,0.2626263
BLZge2004,Belize,BLZ,Latin America & Caribbean,Upper middle income,2004,ge,2,-0.392167,0.3900953,-1.0319232999999999,0.24758929999999998,43.7151755,7.5850209,31.2757412,56.154609799999996,..,..,..,..,..,..,..,..,..,..,..,..,..,..,..,..,..,..,..,..,0.4588,..,..,..,..,..,..,..,..,..,..,..,..,..,0.5252525
BMUge2004,Bermuda,BMU,North America,High income,2004,ge,1,0.6448107,0.44396919999999995,-0.08329879999999999,1.3729202,63.8781907,8.6325462,49.720814999999995,78.0355664,..,..,..,..,..,..,..,..,..,..,..,..,..,..,..,..,..,..,..,..,..,..,..,..,..,..,..,..,..,..,..,..,..,..,0.7272727
BOLge2004,Bolivia,BOL,Latin America & Caribbean,Lower middle income,2004,ge,7,-0.5545755,0.24241949999999998,-0.9521434999999999,-0.1570075,40.5573014,4.7136097999999995,32.8269812,48.2876215,..,..,..,..,..,..,0.5333333,..,..,0.25,..,..,..,..,0.17119569999999998,..,..,..,..,..,0.5492,..,..,0.19,..,..,..,0.5,..,..,..,..,..,..,0.5252525
BRAge2004,Brazil,BRA,Latin America & Caribbean,Upper middle income,2004,ge,8,-0.21713439999999998,0.2280181,-0.5910841,0.1568153,47.1185129,4.4335887,39.8474274,54.3895984,..,..,..,..,..,..,0.7416667,..,..,0.25,..,..,..,..,0.33574879999999996,..,..,..,..,..,0.5943999999999999,..,..,0.38999999999999996,..,..,..,0.5,..,..,..,..,0.3606028,..,0.5252525
BRBge2004,Barbados,BRB,Latin America & Caribbean,High income,2004,ge,2,0.6014911,0.3900953,-0.0382652,1.2412474,63.0358835,7.5850209,50.596449199999995,75.4753178,..,..,..,..,..,..,..,..,..,..,..,..,..,..,..,..,..,..,..,..,0.7028,..,..,..,..,..,..,..,..,..,..,..,..,..,0.6969696999999999
BRNge2004,Brunei Darussalam,BRN,East Asia & Pacific,High income,2004,ge,2,0.40734549999999997,0.3587892,-0.1810688,0.9957598,59.2609126,6.9763044999999995,47.8197731,70.702052,..,..,..,..,..,..,..,..,..,..,..,..,..,..,..,..,..,..,..,..,..,..,..,..,..,..,..,0.75,..,..,..,..,..,..,0.6060606
BTNge2004,Bhutan,BTN,South Asia,Lower middle income,2004,ge,2,0.2677191,0.3900953,-0.37203719999999996,0.9074753999999999,56.5460141,7.5850209,44.1065798,68.9854484,..,..,..,..,..,..,..,..,..,..,..,..,..,..,..,..,..,..,..,..,0.6788,..,..,..,..,..,..,..,..,..,..,..,..,..,0.6060606
BWAge2004,Botswana,BWA,Sub-Saharan Africa,Upper middle income,2004,ge,7,0.5092061,0.2417943,0.1126634,0.9057487999999999,61.241492099999995,4.7014537999999995,53.531107899999995,68.9518763,..,0.7819999999999999,..,..,..,..,0.8666667,..,..,0.5,..,..,..,..,0.5395094,..,..,..,..,..,0.6148,..,..,..,..,..,..,0.5,..,..,..,..,..,..,0.7070706999999999
CAFge2004,Central African Republic,CAF,Sub-Saharan Africa,Low income,2004,ge,4,-1.6558153,0.2761844,-2.1087577,-1.2028729,19.1447727,5.3701348,10.337751599999999,27.951793799999997,0.3,..,..,..,..,..,0.2583333,..,..,..,..,..,..,..,..,..,..,..,..,..,0.24,..,..,..,..,..,..,..,..,..,..,..,..,..,0.21212119999999998
CANge2004,Canada,CAN,North America,High income,2004,ge,5,1.8705174,0.2527495,1.4560081999999999,2.2850265999999997,87.71085629999999,4.9144666,79.6511311,95.77058149999999,..,..,..,..,..,..,..,..,..,1,..,..,..,..,0.8088234999999999,..,..,..,..,..,..,..,..,..,..,..,..,1,..,..,..,..,0.6459133,..,0.8585859
CHEge2004,Switzerland,CHE,Europe & Central Asia,High income,2004,ge,5,1.9871918,0.2527495,1.5726825999999998,2.401701,89.9794757,4.9144666,81.91975049999999,98.0392009,..,..,..,..,..,..,..,..,..,1,..,..,..,..,0.9027778,..,..,..,..,..,..,..,..,..,..,..,..,1,..,..,..,..,0.6624749,..,0.8585859
CHLge2004,Chile,CHL,Latin America & Caribbean,High income,2004,ge,8,1.1459329,0.2280181,0.7719832,1.5198825999999999,73.6220208,4.4335887,66.3509353,80.89310619999999,..,..,..,..,..,..,0.8916666999999999,..,..,0.75,..,..,..,..,0.4753328,..,..,..,..,..,0.7192,..,..,0.53,..,..,..,0.75,..,..,..,..,0.6775532999999999,..,0.8080807999999999
CHNge2004,China,CHN,East Asia & Pacific,Upper middle income,2004,ge,8,-0.3548072,0.2285558,-0.7296387,0.0200243,44.441600199999996,4.4440434,37.153369,51.729831399999995,..,..,..,0.1985191,..,..,0.4583333,..,..,0.25,..,..,..,..,0.4071757,..,..,..,..,..,0.67052,..,..,..,..,..,..,0.5,..,..,..,..,0.3762963,..,0.44444439999999996
CIVge2004,Côte d’Ivoire,CIV,Sub-Saharan Africa,Lower middle income,2004,ge,6,-1.6168878,0.22907339999999998,-1.9925682,-1.2412074,19.9016798,4.4541081,12.596942499999999,27.206417,0.2666667,..,..,..,..,..,0.125,..,..,0,..,..,..,..,..,..,..,..,..,..,0.36,..,..,..,..,..,..,0,..,..,..,..,..,..,0.3333333
CMRge2004,Cameroon,CMR,Sub-Saharan Africa,Lower middle income,2004,ge,7,-1.048838,0.2158008,-1.4027513,-0.6949247,30.9468514,4.1960349,24.065354199999998,37.8283487,0.4933333,..,..,..,..,..,0.2833333,..,..,0.25,..,..,..,..,0.24770019999999998,..,..,..,..,..,0.44,..,..,..,..,..,..,0.25,..,..,..,..,..,..,0.3232323
CODge2004,"Congo, Dem. Rep.",COD,Sub-Saharan Africa,Low income,2004,ge,6,-1.8129761999999998,0.22907339999999998,-2.1886566,-1.4372958,16.088933,4.454108,8.784195799999999,23.3936702,0.3333333,..,..,..,..,..,0.1166667,..,..,0,..,..,..,..,..,..,..,..,..,..,0.27999999999999997,..,..,..,..,..,..,0,..,..,..,..,..,..,0.1515152
COGge2004,"Congo, Rep.",COG,Sub-Saharan Africa,Lower middle income,2004,ge,4,-1.1452811,0.26894599999999996,-1.5863524999999998,-0.7042096999999999,29.0716099,5.229390899999999,20.4954087,37.647811,0.4666667,..,..,..,..,..,..,..,..,..,..,..,..,..,..,..,..,..,..,..,0.39999999999999997,..,..,..,..,..,..,0.25,..,..,..,..,..,..,0.2929293
COLge2004,Colombia,COL,Latin America & Caribbean,Upper middle income,2004,ge,8,-0.24884219999999999,0.2280181,-0.6227919,0.12510749999999998,46.5019858,4.4335887,39.230900299999995,53.7730713,..,..,..,..,..,..,0.5499999999999999,..,..,0.25,..,..,..,..,0.30978259999999996,..,..,..,..,..,0.5656,..,..,0.43,..,..,..,0.5,..,..,..,..,0.45598069999999996,..,0.5454545
COMge2004,Comoros,COM,Sub-Saharan Africa,Lower middle income,2004,ge,3,-1.4426344,0.2997416,-1.9342106,-0.9510582,23.289866399999998,5.8281814,13.7316489,32.8480838,0.19999999999999998,..,..,..,..,..,..,..,..,..,..,..,..,..,..,..,..,..,..,..,0.4416,..,..,..,..,..,..,..,..,..,..,..,..,..,0.3030303
CPVge2004,Cabo Verde,CPV,Sub-Saharan Africa,Upper middle income,2004,ge,4,-0.35413239999999996,0.2972128,-0.8415614,0.1332966,44.454721,5.7790117,34.9771418,53.932300299999994,0.6,0.517,..,..,..,..,..,..,..,..,..,..,..,..,..,..,..,..,..,..,0.5668,..,..,..,..,..,..,..,..,..,..,..,..,..,0.4949495
CRIge2004,Costa Rica,CRI,Latin America & Caribbean,High income,2004,ge,7,0.2661532,0.24241949999999998,-0.1314148,0.6637212,56.5155667,4.7136097999999995,48.7852465,64.2458868,..,..,..,..,..,..,0.7583333,..,..,0.5,..,..,..,..,0.42068269999999997,..,..,..,..,..,0.7028,..,..,0.35,..,..,..,0.5,..,..,..,..,..,..,0.6262626
CUBge2004,Cuba,CUB,Latin America & Caribbean,Upper middle income,2004,ge,5,-0.580456,0.2626313,-1.0111713,-0.1497407,40.0540804,5.1066079,31.6792435,48.428917299999995,..,..,..,..,..,..,0.2666667,..,..,0.5,..,..,..,..,..,..,..,..,..,..,0.6312,..,..,..,..,..,..,0.5,..,..,..,..,..,..,0.22222219999999998
CYMge2004,Cayman Islands,CYM,Latin America & Caribbean,High income,2004,ge,1,0.8951416999999999,0.44396919999999995,0.1670322,1.6232512,68.74563169999999,8.6325462,54.588255999999994,82.90300739999999,..,..,..,..,..,..,..,..,..,..,..,..,..,..,..,..,..,..,..,..,..,..,..,..,..,..,..,..,..,..,..,..,..,..,0.7878788
CYPge2004,Cyprus,CYP,Europe & Central Asia,High income,2004,ge,5,1.1952669,0.2667671,0.7577689,1.6327649,74.58127209999999,5.1870243,66.0745522,83.08799189999999,..,..,..,..,..,..,..,..,..,0.5,..,0.6869999999999999,..,..,0.6450617,..,..,..,..,..,..,..,..,..,..,..,..,1,..,..,..,..,..,..,0.8080807999999999
CZEge2004,Czechia,CZE,Europe & Central Asia,High income,2004,ge,8,0.7384194,0.2334513,0.35555929999999997,1.1212795,65.6983201,4.539231399999999,58.2539807,73.1426596,..,..,..,..,..,0.8448637,0.8083332999999999,..,..,0.5,..,0.293,..,..,0.6830814,..,..,..,..,..,..,..,..,..,..,..,..,0.75,..,..,..,..,0.44799999999999995,..,0.7070706999999999
DEUge2004,Germany,DEU,Europe & Central Asia,High income,2004,ge,6,1.5450395,0.2479226,1.1384463999999999,1.9516326,81.3822575,4.8206124,73.4764531,89.2880619,..,..,..,..,..,..,..,..,..,1,..,0.35,..,..,0.7858974,..,..,..,..,..,..,..,..,..,..,..,..,1,..,..,..,..,0.4722148,..,0.8080807999999999
DJIge2004,Djibouti,DJI,Middle East & North Africa,Lower middle income,2004,ge,3,-0.7162118,0.2997416,-1.2077879999999999,-0.2246356,37.4144419,5.8281814,27.8562245,46.9726594,0.5,..,..,..,..,..,..,..,..,..,..,..,..,..,..,..,..,..,..,..,0.5204,..,..,..,..,..,..,..,..,..,..,..,..,..,0.40404039999999997
DMAge2004,Dominica,DMA,Latin America & Caribbean,Upper middle income,2004,ge,2,0.3813429,0.3900953,-0.2584134,1.0210991999999999,58.7553175,7.5850209,46.315883199999995,71.19475179999999,..,..,..,..,..,..,..,..,..,..,..,..,..,..,..,..,..,..,..,..,0.6,..,..,..,..,..,..,..,..,..,..,..,..,..,0.6868687
DNKge2004,Denmark,DNK,Europe & Central Asia,High income,2004,ge,6,2.0993907,0.2479226,1.6927976,2.5059838,92.1610733,4.8002229,84.255269,100.0,..,..,..,..,..,..,..,..,..,1,..,0.592,..,..,0.9133332999999999,..,..,..,..,..,..,..,..,..,..,..,..,1,..,..,..,..,0.7103406,..,0.8888889
DOMge2004,Dominican Republic,DOM,Latin America & Caribbean,Upper middle income,2004,ge,7,-0.797519,0.24241949999999998,-1.195087,-0.399951,35.8335031,4.7136097999999995,28.103182999999998,43.563823299999996,..,..,..,..,..,..,0.575,..,..,0,..,..,..,..,0.3267196,..,..,..,..,..,0.5564,..,..,0.35,..,..,..,0.25,..,..,..,..,..,..,0.46464649999999996
DZAge2004,Algeria,DZA,Middle East & North Africa,Upper middle income,2004,ge,6,-0.6807829999999999,0.24315009999999998,-1.0795492,-0.2820168,38.1033202,4.7278158,30.349702299999997,45.856938199999995,..,..,..,..,..,..,0.3083333,..,..,0,..,..,..,..,0.3804082,..,..,..,..,..,0.5539999999999999,..,..,..,..,..,..,0.5,..,..,..,..,..,..,0.5050505
ECUge2004,Ecuador,ECU,Latin America & Caribbean,Upper middle income,2004,ge,7,-0.9115669999999999,0.24241949999999998,-1.309135,-0.513999,33.6159515,4.7136097999999995,25.885631399999998,41.346271699999996,..,..,..,..,..,..,0.3833333,..,..,0,..,..,..,..,0.2259115,..,..,..,..,..,0.5916,..,..,0.11,..,..,..,0.5,..,..,..,..,..,..,0.40404039999999997
EGYge2004,"Egypt, Arab Rep.",EGY,Middle East & North Africa,Lower middle income,2004,ge,6,-0.5720178,0.24315009999999998,-0.970784,-0.1732516,40.218153,4.7278158,32.464535,47.971770899999996,..,..,..,..,..,..,0.3,..,..,0.25,..,..,..,..,0.3766026,..,..,..,..,..,0.62,..,..,..,..,..,..,0.5,..,..,..,..,..,..,0.40404039999999997
ERIge2004,Eritrea,ERI,Sub-Saharan Africa,Low income,2004,ge,4,-1.0685702,0.2761844,-1.5215125999999999,-0.6156278,30.5631782,5.3701348,21.7561571,39.370199199999995,0.2333333,..,..,..,..,..,0.175,..,..,..,..,..,..,..,..,..,..,..,..,..,0.5836,..,..,..,..,..,..,..,..,..,..,..,..,..,0.4747475
ESPge2004,Spain,ESP,Europe & Central Asia,High income,2004,ge,6,1.1933,0.2479226,0.7867069,1.5998930999999998,74.5430276,4.8206124,66.6372232,82.448832,..,..,..,..,..,..,..,..,..,0.75,..,0.5519999999999999,..,..,0.6108757,..,..,..,..,..,..,..,..,..,..,..,..,0.75,..,..,..,..,0.6033951,..,0.8181818
ESTge2004,Estonia,EST,Europe & Central Asia,High income,2004,ge,8,0.8750237999999999,0.2334513,0.4921637,1.2578839,68.3544588,4.539231399999999,60.9101194,75.7987983,..,..,..,..,..,0.8181217,0.8999999999999999,..,..,0.5,..,0.5,..,..,0.6967452,..,..,..,..,..,..,..,..,..,..,..,..,0.625,..,..,..,..,0.5575758,..,0.7070706999999999
ETHge2004,Ethiopia,ETH,Sub-Saharan Africa,,2004,ge,7,-1.0120278999999999,0.2158008,-1.3659412,-0.6581146,31.662587799999997,4.1960349,24.781090499999998,38.5440851,0.5,..,..,..,..,..,0.3083333,..,..,0,..,..,..,..,0.19999999999999998,..,..,..,..,..,0.6235999999999999,..,..,..,..,..,..,0.25,..,..,..,..,..,..,0.4343434
FINge2004,Finland,FIN,Europe & Central Asia,High income,2004,ge,6,2.1608063,0.2479226,1.7542132,2.5673993999999998,93.3552395,4.4361478,85.4494351,100.0,..,..,..,..,..,..,..,..,..,1,..,0.688,..,..,0.9246032,..,..,..,..,..,..,..,..,..,..,..,..,1,..,..,..,..,0.6873846,..,0.9191919
FJIge2004,Fiji,FJI,East Asia & Pacific,Upper middle income,2004,ge,1,-0.1479039,0.44396919999999995,-0.8760133999999999,0.5802056,48.464632099999996,8.6325462,34.3072564,62.6220078,..,..,..,..,..,..,..,..,..,..,..,..,..,..,..,..,..,..,..,..,..,..,..,..,..,..,..,..,..,..,..,..,..,..,0.5353534999999999
FRAge2004,France,FRA,Europe & Central Asia,High income,2004,ge,6,1.553699,0.2479226,1.1471059,1.9602921,81.55063299999999,4.8206124,73.6448286,89.4564374,..,..,..,..,..,..,..,..,..,1,..,0.312,..,..,0.874031,..,..,..,..,..,..,..,..,..,..,..,..,0.75,..,..,..,..,0.5624264999999999,..,0.8282828
FSMge2004,"Micronesia, Fed. Sts.",FSM,East Asia & Pacific,Lower middle income,2004,ge,1,-0.1479039,0.44396919999999995,-0.8760133999999999,0.5802056,48.464632099999996,8.6325462,34.3072564,62.6220078,..,..,..,..,..,..,..,..,..,..,..,..,..,..,..,..,..,..,..,..,..,..,..,..,..,..,..,..,..,..,..,..,..,..,0.5353534999999999
GABge2004,Gabon,GAB,Sub-Saharan Africa,Upper middle income,2004,ge,4,-1.0988503,0.2826362,-1.5623737,-0.6353268999999999,29.9744113,5.4955843,20.961653,38.9871696,..,..,..,..,..,..,..,..,..,0,..,..,..,..,..,..,..,..,..,..,0.32,..,..,..,..,..,..,0.25,..,..,..,..,..,..,0.46464649999999996
GBRge2004,United Kingdom,GBR,Europe & Central Asia,High income,2004,ge,6,1.5846989,0.2479226,1.1781058,1.9912919999999998,82.15339569999999,4.8206124,74.2475913,90.05919999999999,..,..,..,..,..,..,..,..,..,1,..,0.33599999999999997,..,..,0.6823157999999999,..,..,..,..,..,..,..,..,..,..,..,..,1,..,..,..,..,0.5188986999999999,..,0.8888889
GEOge2004,Georgia,GEO,Europe & Central Asia,Upper middle income,2004,ge,5,-0.7313035,0.3005951,-1.2242795,-0.2383275,37.1209986,5.8447776,27.535563399999997,46.7064338,..,..,..,..,..,0.715198,0.5583332999999999,..,..,..,..,..,..,..,0.22817459999999998,..,..,..,..,..,0.6164,..,..,..,..,..,..,..,..,..,..,..,..,..,0.3939394
GHAge2004,Ghana,GHA,Sub-Saharan Africa,Lower middle income,2004,ge,8,-0.3962772,0.2148513,-0.7486333,-0.0439211,43.6352567,4.1775725999999995,36.7840376,50.4864758,0.5333333,0.633,..,..,..,..,0.6583333,..,..,0.25,..,..,..,..,0.32844829999999997,..,..,..,..,..,0.568,..,..,..,..,..,..,0.5,..,..,..,..,..,..,0.4949495
GINge2004,Guinea,GIN,Sub-Saharan Africa,Lower middle income,2004,ge,5,-0.8587699,0.2515388,-1.2712934999999999,-0.4462463,34.6425394,4.8909251,26.621422199999998,42.663656499999995,0.39999999999999997,..,..,..,..,..,0.325,..,..,..,..,..,..,..,..,..,..,..,..,..,0.5399999999999999,..,..,..,..,..,..,0.5,..,..,..,..,..,..,0.34343429999999997
GMBge2004,"Gambia, The",GMB,Sub-Saharan Africa,Low income,2004,ge,5,-0.6714764,0.24813539999999998,-1.0784185,-0.2645343,38.284278,4.8247501999999995,30.371687599999998,46.1968683,0.4666667,..,..,..,..,..,..,..,..,..,..,..,..,..,0.397485,..,..,..,..,..,0.502,..,..,..,..,..,..,0.5,..,..,..,..,..,..,0.40404039999999997
GNBge2004,Guinea-Bissau,GNB,Sub-Saharan Africa,Low income,2004,ge,4,-1.532916,0.26894599999999996,-1.9739874,-1.0918446,21.5344291,5.229390899999999,12.958228,30.1106303,0.22,..,..,..,..,..,..,..,..,..,..,..,..,..,..,..,..,..,..,..,0.27999999999999997,..,..,..,..,..,..,0.25,..,..,..,..,..,..,0.3030303
GNQge2004,Equatorial Guinea,GNQ,Sub-Saharan Africa,Upper middle income,2004,ge,3,-1.374142,0.3190575,-1.8973962999999998,-0.8508876999999999,24.621634,6.203760399999999,14.4474669,34.795801,..,..,..,..,..,..,..,..,..,0,..,..,..,..,..,..,..,..,..,..,0.39999999999999997,..,..,..,..,..,..,..,..,..,..,..,..,..,0.2626263
GRCge2004,Greece,GRC,Europe & Central Asia,High income,2004,ge,6,0.6671438,0.2479226,0.26055069999999997,1.0737368999999999,64.3124359,4.8206124,56.406631499999996,72.21824029999999,..,..,..,..,..,..,..,..,..,0.5,..,0.529,..,..,0.5286339,..,..,..,..,..,..,..,..,..,..,..,..,0.75,..,..,..,..,0.4094888,..,0.7878788
GRDge2004,Grenada,GRD,Latin America & Caribbean,Upper middle income,2004,ge,2,0.47797459999999997,0.3900953,-0.1617817,1.1177309,60.6342262,7.5850209,48.1947919,73.0736605,..,..,..,..,..,..,..,..,..,..,..,..,..,..,..,..,..,..,..,..,0.6,..,..,..,..,..,..,..,..,..,..,..,..,..,0.7171717
