ID variable (economy code/ gov. dimension/ year),Economy (name),Economy (code),Region,Income classification,Year,Governance dimension,Number of sources,Governance estimate (approx. -2.5 to +2.5),Standard error (estimate),Lower threshold (90% conf. int. estimate),Upper threshold (90% conf. int. estimate),Governance score (0-100),Standard error (gov. score),Lower threshold (90% conf. int. score),Upper threshold (90% conf. int. score),ADB mean,AFR mean,ARB mean,ASB mean,ASD mean,BPS mean,BTI mean,CCR mean,EBR mean,EIU mean,EQI mean,EUB mean,FRH mean,GCB mean,GCS mean,GII mean,GWP mean,HER mean,HRM mean,HUM mean,IFD mean,IJT mean,IRP mean,LBO mean,MSI mean,OBI mean,PIA mean,PRS mean,RSF mean,VAB mean,VDM mean,WBS mean,WCY mean,WJP mean,WMO mean
ADOpv1996,Andorra,ADO,,,1996,pv,1,1.2502075,0.41535,0.5690335,1.9313814999999999,87.2499382,7.0948427,75.6143961,98.88548019999999,..,..,..,..,..,..,..,..,..,..,..,..,..,..,..,..,..,..,..,..,..,..,..,..,..,..,..,..,..,..,..,..,..,..,1
AFGpv1996,Afghanistan,AFG,South Asia,Low income,1996,pv,2,-2.8176463,0.36498749999999996,-3.4162258,-2.2190668,17.7644852,6.2345706,7.5397894,27.989181,..,..,..,..,..,..,..,..,..,..,..,..,..,..,..,..,..,..,..,0.03125,..,..,..,..,..,..,..,..,..,..,..,..,..,..,0.0625
AGOpv1996,Angola,AGO,Sub-Saharan Africa,Lower middle income,1996,pv,4,-2.4803682,0.30406489999999997,-2.9790346,-1.9817018,23.5257349,5.1939148,15.0077147,32.0437551,..,..,..,..,..,..,..,..,..,0,..,..,..,..,..,..,..,..,..,0.03125,..,..,..,..,..,..,..,0.6212120999999999,..,..,..,..,..,..,0.125
ALBpv1996,Albania,ALB,Europe & Central Asia,Upper middle income,1996,pv,4,-0.7225509,0.3277727,-1.2600981,-0.1850037,53.5520676,5.598882,44.3699011,62.734233999999994,..,..,..,..,..,..,..,..,..,..,..,..,..,..,..,..,..,..,..,0.53125,..,..,..,..,..,..,..,0.9090908999999999,..,..,0.4367,..,..,..,0.4375
AREpv1996,United Arab Emirates,ARE,Middle East & North Africa,High income,1996,pv,4,1.0535653999999999,0.30406489999999997,0.5548989999999999,1.5522318,83.8909764,5.1939148,75.37295619999999,92.4089966,..,..,..,..,..,..,..,..,..,0.75,..,..,..,..,..,..,..,..,..,0.96875,..,..,..,..,..,..,..,0.7979798,..,..,..,..,..,..,0.9375
ARGpv1996,Argentina,ARG,Latin America & Caribbean,Upper middle income,1996,pv,5,0.029370499999999997,0.2913299,-0.4484105,0.5071515,66.3960884,4.976380499999999,58.2348243,74.5573525,..,..,..,..,..,..,..,..,..,0.5,..,..,..,..,..,..,..,..,..,0.65625,..,..,..,..,..,..,..,0.8484847999999999,..,..,0.6927,..,..,..,0.625
ARMpv1996,Armenia,ARM,Europe & Central Asia,Upper middle income,1996,pv,3,-1.1966683999999999,0.3435455,-1.7600829999999998,-0.6332538,45.4533819,5.8683067,35.8293588,55.0774049,..,..,..,..,..,..,..,..,..,..,..,..,..,..,..,..,..,..,..,0.8125,..,..,..,..,..,..,..,..,..,..,0.27959999999999996,..,..,..,0.375
ATGpv1996,Antigua and Barbuda,ATG,Latin America & Caribbean,High income,1996,pv,1,0.7065855,0.41535,0.0254115,1.3877595,77.9640044,7.0948427,66.32846239999999,89.5995465,..,..,..,..,..,..,..,..,..,..,..,..,..,..,..,..,..,..,..,..,..,..,..,..,..,..,..,..,..,..,..,..,..,..,0.875
AUSpv1996,Australia,AUS,East Asia & Pacific,High income,1996,pv,5,1.503766,0.2913299,1.025985,1.981547,91.5811232,4.9763806,83.419859,99.74238729999999,..,..,..,..,..,..,..,..,..,1,..,..,..,..,..,..,..,..,..,0.875,..,..,..,..,..,..,..,0.9141414,..,..,0.6678,..,..,..,1
AUTpv1996,Austria,AUT,Europe & Central Asia,High income,1996,pv,5,1.4189751,0.2913299,0.9411940999999999,1.8967561,90.1327589,4.976380499999999,81.9714948,98.294023,..,..,..,..,..,..,..,..,..,1,..,..,..,..,..,..,..,..,..,1,..,..,..,..,..,..,..,0.8838383999999999,..,..,0.6604,..,..,..,0.9375
AZEpv1996,Azerbaijan,AZE,Europe & Central Asia,Upper middle income,1996,pv,4,-1.0281324,0.3022371,-1.5238011999999999,-0.5324635999999999,48.3322465,5.1626929,39.8654301,56.799062799999994,..,..,..,..,..,..,..,..,..,0.25,..,..,..,..,..,..,..,..,..,0.53125,..,..,..,..,..,..,..,..,..,..,0.5728,..,..,..,0.4375
BDIpv1996,Burundi,BDI,Sub-Saharan Africa,Low income,1996,pv,2,-2.5119284,0.36498749999999996,-3.1105079,-1.9133489,22.9866362,6.2345706,12.7619404,33.211332,..,..,..,..,..,..,..,..,..,..,..,..,..,..,..,..,..,..,..,0.125,..,..,..,..,..,..,..,..,..,..,..,..,..,..,0.125
BELpv1996,Belgium,BEL,Europe & Central Asia,High income,1996,pv,5,1.2649283999999998,0.2913299,0.7871473999999999,1.7427093999999999,87.50139469999999,4.976380499999999,79.3401306,95.6626588,..,..,..,..,..,..,..,..,..,1,..,..,..,..,..,..,..,..,..,1,..,..,..,..,..,..,..,0.8535353999999999,..,..,0.6660999999999999,..,..,..,0.875
BENpv1996,Benin,BEN,Sub-Saharan Africa,Lower middle income,1996,pv,3,0.7918822999999999,0.3435455,0.2284677,1.3552969,79.42101029999999,5.8683067,69.7969872,89.0450333,..,..,..,..,..,..,..,..,..,..,..,..,..,..,..,..,..,..,..,1,..,..,..,..,..,..,..,..,..,..,0.5364,..,..,..,0.875
BFApv1996,Burkina Faso,BFA,Sub-Saharan Africa,Low income,1996,pv,4,-0.1410872,0.3277727,-0.6786344,0.39646,63.4843981,5.598882,54.3022317,72.6665646,..,..,..,..,..,..,..,..,..,..,..,..,..,..,..,..,..,..,..,0.6875,..,..,..,..,..,..,..,0.5555555999999999,..,..,0.5677,..,..,..,0.6875
BGDpv1996,Bangladesh,BGD,South Asia,Lower middle income,1996,pv,5,-0.7319877,0.2913299,-1.2097687,-0.2542067,53.3908719,4.976380499999999,45.2296078,61.552136,..,..,..,..,..,..,..,..,..,0.3125,..,..,..,..,..,..,..,..,..,0.34375,..,..,..,..,..,..,..,0.7979798,..,..,0.4824,..,..,..,0.5625
BGRpv1996,Bulgaria,BGR,Europe & Central Asia,High income,1996,pv,5,-0.1108175,0.2913299,-0.5885985,0.3669635,64.001453,4.976380499999999,55.840188899999994,72.1627171,..,..,..,..,..,..,..,..,..,0.1875,..,..,..,..,..,..,..,..,..,0.53125,..,..,..,..,..,..,..,0.8232322999999999,..,..,0.5548,..,..,..,0.8125
BHRpv1996,Bahrain,BHR,Middle East & North Africa,High income,1996,pv,4,-0.2912134,0.30406489999999997,-0.7898797999999999,0.207453,60.920002399999994,5.1939147,52.4019822,69.4380225,..,..,..,..,..,..,..,..,..,0.1875,..,..,..,..,..,..,..,..,..,0.5,..,..,..,..,..,..,..,0.6767677,..,..,..,..,..,..,0.8125
BHSpv1996,"Bahamas, The",BHS,Latin America & Caribbean,High income,1996,pv,3,1.0179363,0.3462368,0.4501079,1.5857647,83.2823744,5.9142791,73.5829566,92.9817922,..,..,..,..,..,..,..,..,..,..,..,..,..,..,..,..,..,..,..,1,..,..,..,..,..,..,..,0.8535353999999999,..,..,..,..,..,..,0.875
BIHpv1996,Bosnia and Herzegovina,BIH,Europe & Central Asia,Upper middle income,1996,pv,4,-0.7557254999999999,0.3022371,-1.2513942999999998,-0.2600567,52.9853923,5.1626929,44.518575899999995,61.4522087,..,..,..,..,..,..,..,..,..,0.5,..,..,..,..,..,..,..,..,..,0.5,..,..,..,..,..,..,..,..,..,..,0.5996,..,..,..,0.4375
BLRpv1996,Belarus,BLR,Europe & Central Asia,Upper middle income,1996,pv,3,0.0987897,0.3435455,-0.46462489999999995,0.6622043,67.5818795,5.8683067,57.9578564,77.2059025,..,..,..,..,..,..,..,..,..,..,..,..,..,..,..,..,..,..,..,0.6875,..,..,..,..,..,..,..,..,..,..,0.651,..,..,..,0.6875
BLZpv1996,Belize,BLZ,Latin America & Caribbean,Upper middle income,1996,pv,2,0.353597,0.36498749999999996,-0.2449825,0.9521765,71.9343959,6.2345706,61.7097001,82.15909169999999,..,..,..,..,..,..,..,..,..,..,..,..,..,..,..,..,..,..,..,0.875,..,..,..,..,..,..,..,..,..,..,..,..,..,..,0.75
BMUpv1996,Bermuda,BMU,North America,High income,1996,pv,1,0.7065855,0.41535,0.0254115,1.3877595,77.9640044,7.0948427,66.32846239999999,89.5995465,..,..,..,..,..,..,..,..,..,..,..,..,..,..,..,..,..,..,..,..,..,..,..,..,..,..,..,..,..,..,..,..,..,..,0.875
BOLpv1996,Bolivia,BOL,Latin America & Caribbean,Lower middle income,1996,pv,5,-0.22836199999999998,0.2913299,-0.706143,0.249419,61.993604899999994,4.9763806,53.832340699999996,70.15486899999999,..,..,..,..,..,..,..,..,..,0.4375,..,..,..,..,..,..,..,..,..,0.8125,..,..,..,..,..,..,..,0.5606061,..,..,0.6344,..,..,..,0.625
BRApv1996,Brazil,BRA,Latin America & Caribbean,Upper middle income,1996,pv,5,-0.0325198,0.2913299,-0.5103008,0.44526119999999997,65.3389031,4.9763806,57.1776389,73.50016719999999,..,..,..,..,..,..,..,..,..,0.5625,..,..,..,..,..,..,..,..,..,0.3125,..,..,..,..,..,..,..,0.7020202,..,..,0.6454,..,..,..,0.75
BRBpv1996,Barbados,BRB,Latin America & Caribbean,High income,1996,pv,3,0.8856216,0.3435455,0.32220699999999997,1.4490361999999999,81.0222275,5.8683067,71.39820449999999,90.6462506,..,..,..,..,..,..,..,..,..,..,..,..,..,..,..,..,..,..,..,1,..,..,..,..,..,..,..,..,..,..,0.6091,..,..,..,0.875
BRNpv1996,Brunei Darussalam,BRN,East Asia & Pacific,High income,1996,pv,3,1.4318661,0.3462368,0.8640376999999999,1.9996945,90.3529578,5.898311,80.65353999999999,100.0,..,..,..,..,..,..,..,..,..,..,..,..,..,..,..,..,..,..,..,1,..,..,..,..,..,..,..,0.8838383999999999,..,..,..,..,..,..,1
BTNpv1996,Bhutan,BTN,South Asia,Lower middle income,1996,pv,2,0.4494235,0.36498749999999996,-0.14915599999999998,1.048003,73.5712659,6.2345706,63.346570099999994,83.79596169999999,..,..,..,..,..,..,..,..,..,..,..,..,..,..,..,..,..,..,..,0.96875,..,..,..,..,..,..,..,..,..,..,..,..,..,..,0.75
BWApv1996,Botswana,BWA,Sub-Saharan Africa,Upper middle income,1996,pv,5,1.1466125,0.2913299,0.6688315,1.6243934999999998,85.48036979999999,4.976380499999999,77.3191057,93.6416339,..,..,..,..,..,..,..,..,..,0.75,..,..,..,..,..,..,..,..,..,0.875,..,..,..,..,..,..,..,0.7929293,..,..,0.6612,..,..,..,1
CAFpv1996,Central African Republic,CAF,Sub-Saharan Africa,Low income,1996,pv,3,-1.8630763,0.3435455,-2.4264908999999997,-1.2996617,34.0700685,5.8683067,24.4460454,43.6940915,..,..,..,..,..,..,..,..,..,..,..,..,..,..,..,..,..,..,..,0.5625,..,..,..,..,..,..,..,..,..,..,0.371,..,..,..,0.1875
CANpv1996,Canada,CAN,North America,High income,1996,pv,5,1.2923304,0.2913299,0.8145494,1.7701114,87.96946469999999,4.976380499999999,79.80820059999999,96.1307288,..,..,..,..,..,..,..,..,..,1,..,..,..,..,..,..,..,..,..,1,..,..,..,..,..,..,..,0.7424242,..,..,0.6527,..,..,..,0.9375
CHEpv1996,Switzerland,CHE,Europe & Central Asia,High income,1996,pv,5,1.5169838999999998,0.2913299,1.0392029,1.9947648999999998,91.806906,4.976380499999999,83.6456419,99.9681701,..,..,..,..,..,..,..,..,..,1,..,..,..,..,..,..,..,..,..,1,..,..,..,..,..,..,..,0.8535353999999999,..,..,0.6495,..,..,..,1
CHLpv1996,Chile,CHL,Latin America & Caribbean,High income,1996,pv,5,0.6700495,0.2913299,0.19226849999999998,1.1478305,77.3399111,4.976380499999999,69.178647,85.50117519999999,..,..,..,..,..,..,..,..,..,0.8125,..,..,..,..,..,..,..,..,..,0.6875,..,..,..,..,..,..,..,0.9090908999999999,..,..,0.6829,..,..,..,0.75
CHNpv1996,China,CHN,East Asia & Pacific,Upper middle income,1996,pv,4,-0.1153939,0.30406489999999997,-0.6140603,0.38327249999999996,63.9232808,5.1939148,55.4052606,72.441301,..,..,..,..,..,..,..,..,..,0.4375,..,..,..,..,..,..,..,..,..,0.46875,..,..,..,..,..,..,..,0.9141414,..,..,..,..,..,..,0.6875
CIVpv1996,Côte d’Ivoire,CIV,Sub-Saharan Africa,Lower middle income,1996,pv,5,-0.0382555,0.2913299,-0.5160365,0.43952549999999996,65.24092809999999,4.976380499999999,57.079663999999994,73.4021922,..,..,..,..,..,..,..,..,..,0.875,..,..,..,..,..,..,..,..,..,0.625,..,..,..,..,..,..,..,0.5606061,..,..,0.35769999999999996,..,..,..,0.6875
CMRpv1996,Cameroon,CMR,Sub-Saharan Africa,Lower middle income,1996,pv,5,-1.0798005,0.2913299,-1.5575815,-0.6020194999999999,47.4496727,4.9763806,39.288408499999996,55.6109368,..,..,..,..,..,..,..,..,..,0.0625,..,..,..,..,..,..,..,..,..,0.5,..,..,..,..,..,..,..,0.5050505,..,..,0.2442,..,..,..,0.6875
CODpv1996,"Congo, Dem. Rep.",COD,Sub-Saharan Africa,Low income,1996,pv,3,-2.6723955999999998,0.3462368,-3.240224,-2.1045672,20.2455996,5.9142791,10.5461818,29.945017399999998,..,..,..,..,..,..,..,..,..,..,..,..,..,..,..,..,..,..,..,0.125,..,..,..,..,..,..,..,0.1767677,..,..,..,..,..,..,0.1875
COGpv1996,"Congo, Rep.",COG,Sub-Saharan Africa,Lower middle income,1996,pv,4,-1.9134951999999998,0.3277727,-2.4510424,-1.375948,33.208833,5.598882,24.026666499999997,42.3909994,..,..,..,..,..,..,..,..,..,..,..,..,..,..,..,..,..,..,..,0.5,..,..,..,..,..,..,..,0.6464646,..,..,0.2602,..,..,..,0.1875
COLpv1996,Colombia,COL,Latin America & Caribbean,Upper middle income,1996,pv,5,-2.0040204999999998,0.2913299,-2.4818015,-1.5262395,31.662516,4.9763806,23.5012518,39.8237801,..,..,..,..,..,..,..,..,..,0.625,..,..,..,..,..,..,..,..,..,0,..,..,..,..,..,..,..,0.5505051,..,..,0.2519,..,..,..,0.125
COMpv1996,Comoros,COM,Sub-Saharan Africa,Lower middle income,1996,pv,3,-0.0505752,0.3435455,-0.6139897999999999,0.5128394,65.0304879,5.8683067,55.406464899999996,74.654511,..,..,..,..,..,..,..,..,..,..,..,..,..,..,..,..,..,..,..,1,..,..,..,..,..,..,..,..,..,..,0.4599,..,..,..,0.625
CPVpv1996,Cabo Verde,CPV,Sub-Saharan Africa,Upper middle income,1996,pv,2,1.1015198,0.5245728,0.2412204,1.9618191999999999,84.7101143,8.960543,70.0148238,99.4054049,..,..,..,..,..,..,..,..,..,..,..,..,..,..,..,..,..,..,..,1,..,..,..,..,..,..,..,..,..,..,0.6733,..,..,..,..
CRIpv1996,Costa Rica,CRI,Latin America & Caribbean,High income,1996,pv,5,0.7332818999999999,0.2913299,0.2555009,1.2110629,78.42002169999999,4.9763806,70.2587575,86.58128579999999,..,..,..,..,..,..,..,..,..,0.875,..,..,..,..,..,..,..,..,..,0.84375,..,..,..,..,..,..,..,0.7878788,..,..,0.6848,..,..,..,0.75
CUBpv1996,Cuba,CUB,Latin America & Caribbean,Upper middle income,1996,pv,5,0.2587992,0.2913299,-0.21898179999999998,0.7365802,70.3150978,4.976380499999999,62.1538337,78.4763619,..,..,..,..,..,..,..,..,..,0.5,..,..,..,..,..,..,..,..,..,0.5,..,..,..,..,..,..,..,0.8787879,..,..,0.5896,..,..,..,0.8125
CYMpv1996,Cayman Islands,CYM,Latin America & Caribbean,High income,1996,pv,1,0.7065855,0.41535,0.0254115,1.3877595,77.9640044,7.0948427,66.32846239999999,89.5995465,..,..,..,..,..,..,..,..,..,..,..,..,..,..,..,..,..,..,..,..,..,..,..,..,..,..,..,..,..,..,..,..,..,..,0.875
CYPpv1996,Cyprus,CYP,Europe & Central Asia,High income,1996,pv,5,0.519701,0.2913299,0.04192,0.997482,74.7717181,4.976380499999999,66.61045399999999,82.9329822,..,..,..,..,..,..,..,..,..,0.6875,..,..,..,..,..,..,..,..,..,0.84375,..,..,..,..,..,..,..,0.6565656999999999,..,..,0.631,..,..,..,0.8125
CZEpv1996,Czechia,CZE,Europe & Central Asia,High income,1996,pv,5,1.1043612,0.2913299,0.6265801999999999,1.5821421999999998,84.75865,4.976380499999999,76.59738589999999,92.9199141,..,..,..,..,..,..,..,..,..,0.8125,..,..,..,..,..,..,..,..,..,1,..,..,..,..,..,..,..,0.8787879,..,..,0.6709999999999999,..,..,..,0.875
DEUpv1996,Germany,DEU,Europe & Central Asia,High income,1996,pv,5,1.2778169,0.2913299,0.8000358999999999,1.7555979,87.7215509,4.976380499999999,79.5602868,95.882815,..,..,..,..,..,..,..,..,..,1,..,..,..,..,..,..,..,..,..,1,..,..,..,..,..,..,..,0.8535353999999999,..,..,0.6799999999999999,..,..,..,0.875
DJIpv1996,Djibouti,DJI,Middle East & North Africa,Lower middle income,1996,pv,3,-0.7563097,0.3435455,-1.3197242999999999,-0.19289509999999999,52.9754132,5.8683067,43.3513902,62.5994363,..,..,..,..,..,..,..,..,..,..,..,..,..,..,..,..,..,..,..,0.75,..,..,..,..,..,..,..,..,..,..,0.5207999999999999,..,..,..,0.4375
DMApv1996,Dominica,DMA,Latin America & Caribbean,Upper middle income,1996,pv,1,0.7065855,0.41535,0.0254115,1.3877595,77.9640044,7.0948427,66.32846239999999,89.5995465,..,..,..,..,..,..,..,..,..,..,..,..,..,..,..,..,..,..,..,..,..,..,..,..,..,..,..,..,..,..,..,..,..,..,0.875
DNKpv1996,Denmark,DNK,Europe & Central Asia,High income,1996,pv,5,1.4390170999999998,0.2913299,0.9612360999999999,1.9167980999999998,90.4751083,4.976380499999999,82.31384419999999,98.6363724,..,..,..,..,..,..,..,..,..,1,..,..,..,..,..,..,..,..,..,1,..,..,..,..,..,..,..,0.9090908999999999,..,..,0.6589999999999999,..,..,..,0.9375
DOMpv1996,Dominican Republic,DOM,Latin America & Caribbean,Upper middle income,1996,pv,5,-0.19424829999999998,0.2913299,-0.6720292999999999,0.28353269999999997,62.5763214,4.9763806,54.4150573,70.7375856,..,..,..,..,..,..,..,..,..,0.5,..,..,..,..,..,..,..,..,..,0.5,..,..,..,..,..,..,..,0.7676767999999999,..,..,0.49069999999999997,..,..,..,0.6875
DZApv1996,Algeria,DZA,Middle East & North Africa,Upper middle income,1996,pv,5,-2.0349494,0.2913299,-2.5127303999999997,-1.5571684,31.1342008,4.9763806,22.972936699999998,39.295465,..,..,..,..,..,..,..,..,..,0,..,..,..,..,..,..,..,..,..,0.25,..,..,..,..,..,..,..,0.5858586,..,..,0.5367999999999999,..,..,..,0.1875
ECUpv1996,Ecuador,ECU,Latin America & Caribbean,Upper middle income,1996,pv,5,-0.8752059,0.2913299,-1.3529868999999999,-0.39742489999999997,50.9444758,4.9763806,42.783211699999995,59.10574,..,..,..,..,..,..,..,..,..,0.125,..,..,..,..,..,..,..,..,..,0.4375,..,..,..,..,..,..,..,0.7676767999999999,..,..,0.49079999999999996,..,..,..,0.5625
EGYpv1996,"Egypt, Arab Rep.",EGY,Middle East & North Africa,Lower middle income,1996,pv,5,-0.7883503,0.2913299,-1.2661312999999998,-0.3105693,52.4281085,4.976380499999999,44.2668444,60.5893726,..,..,..,..,..,..,..,..,..,0.5,..,..,..,..,..,..,..,..,..,0.46875,..,..,..,..,..,..,..,0.7272727,..,..,0.3414,..,..,..,0.5
ERIpv1996,Eritrea,ERI,Sub-Saharan Africa,Low income,1996,pv,2,-1.6951360999999998,0.36498749999999996,-2.2937156,-1.0965566,36.938755799999996,6.2345706,26.71406,47.163451599999995,..,..,..,..,..,..,..,..,..,..,..,..,..,..,..,..,..,..,..,0.71875,..,..,..,..,..,..,..,..,..,..,..,..,..,..,0.1875
ESPpv1996,Spain,ESP,Europe & Central Asia,High income,1996,pv,5,0.19153399999999998,0.2913299,-0.286247,0.669315,69.1661005,4.976380499999999,61.004836399999995,77.3273646,..,..,..,..,..,..,..,..,..,0.8125,..,..,..,..,..,..,..,..,..,0.4375,..,..,..,..,..,..,..,0.7929293,..,..,0.5925,..,..,..,0.6875
ESTpv1996,Estonia,EST,Europe & Central Asia,High income,1996,pv,4,0.7453453,0.3022371,0.2496765,1.2410141,78.6260838,5.1626929,70.1592675,87.0929002,..,..,..,..,..,..,..,..,..,0.6875,..,..,..,..,..,..,..,..,..,0.84375,..,..,..,..,..,..,..,..,..,..,0.6517,..,..,..,0.875
ETHpv1996,Ethiopia,ETH,Sub-Saharan Africa,,1996,pv,5,-1.3493701,0.2913299,-1.8271511,-0.8715891,42.8449925,4.976380499999999,34.6837284,51.0062566,..,..,..,..,..,..,..,..,..,0.3125,..,..,..,..,..,..,..,..,..,0.25,..,..,..,..,..,..,..,0.7373737,..,..,0.37029999999999996,..,..,..,0.375
FINpv1996,Finland,FIN,Europe & Central Asia,High income,1996,pv,5,1.5567758999999999,0.2913299,1.0789948999999999,2.0345569,92.48661709999999,4.7788558,84.32535299999999,100.0,..,..,..,..,..,..,..,..,..,1,..,..,..,..,..,..,..,..,..,1,..,..,..,..,..,..,..,0.8787879,..,..,0.6694,..,..,..,1
FJIpv1996,Fiji,FJI,East Asia & Pacific,Upper middle income,1996,pv,3,0.8005329999999999,0.3435455,0.23711839999999998,1.3639476,79.5687781,5.8683067,69.944755,89.1928011,..,..,..,..,..,..,..,..,..,..,..,..,..,..,..,..,..,..,..,0.875,..,..,..,..,..,..,..,..,..,..,0.6309,..,..,..,0.875
FRApv1996,France,FRA,Europe & Central Asia,High income,1996,pv,5,0.8188274,0.2913299,0.34104639999999997,1.2966084,79.8812757,4.976380499999999,71.72001159999999,88.0425398,..,..,..,..,..,..,..,..,..,0.9375,..,..,..,..,..,..,..,..,..,0.9375,..,..,..,..,..,..,..,0.7676767999999999,..,..,0.6626,..,..,..,0.75
GABpv1996,Gabon,GAB,Sub-Saharan Africa,Upper middle income,1996,pv,5,-0.0643226,0.2913299,-0.5421036,0.4134584,64.7956603,4.976380499999999,56.6343962,72.95692439999999,..,..,..,..,..,..,..,..,..,0.1875,..,..,..,..,..,..,..,..,..,0.8125,..,..,..,..,..,..,..,0.6161616,..,..,0.3077,..,..,..,0.9375
GBRpv1996,United Kingdom,GBR,Europe & Central Asia,High income,1996,pv,5,1.0516906,0.2913299,0.5739096,1.5294716,83.8589518,4.976380499999999,75.6976877,92.0202159,..,..,..,..,..,..,..,..,..,0.9375,..,..,..,..,..,..,..,..,..,0.875,..,..,..,..,..,..,..,0.7626263,..,..,0.6738,..,..,..,0.875
GEOpv1996,Georgia,GEO,Europe & Central Asia,Upper middle income,1996,pv,3,-2.0112427999999998,0.3435455,-2.5746574,-1.4478282,31.5391475,5.8683067,21.915124499999997,41.1631706,..,..,..,..,..,..,..,..,..,..,..,..,..,..,..,..,..,..,..,0.28125,..,..,..,..,..,..,..,..,..,..,0.3094,..,..,..,0.25
GHApv1996,Ghana,GHA,Sub-Saharan Africa,Lower middle income,1996,pv,5,-0.6095455,0.2913299,-1.0873264999999999,-0.1317645,55.4823806,4.976380499999999,47.321116499999995,63.643644699999996,..,..,..,..,..,..,..,..,..,0.5,..,..,..,..,..,..,..,..,..,0.71875,..,..,..,..,..,..,..,0.6515152,..,..,0.42769999999999997,..,..,..,0.5
GINpv1996,Guinea,GIN,Sub-Saharan Africa,Lower middle income,1996,pv,4,-0.9783236999999999,0.3277727,-1.5158709,-0.44077649999999996,49.1830588,5.598882,40.0008923,58.3652253,..,..,..,..,..,..,..,..,..,..,..,..,..,..,..,..,..,..,..,0.25,..,..,..,..,..,..,..,0.5,..,..,0.3565,..,..,..,0.625
GMBpv1996,"Gambia, The",GMB,Sub-Saharan Africa,Low income,1996,pv,4,0.3864824,0.3277727,-0.1510648,0.9240296,72.4961312,5.598882,63.3139647,81.6782976,..,..,..,..,..,..,..,..,..,..,..,..,..,..,..,..,..,..,..,0.8125,..,..,..,..,..,..,..,0.8232322999999999,..,..,0.39699999999999996,..,..,..,0.8125
GNBpv1996,Guinea-Bissau,GNB,Sub-Saharan Africa,Low income,1996,pv,4,-1.7825312999999998,0.3277727,-2.3200784999999997,-1.2449841,35.445906,5.598882,26.2637395,44.6280724,..,..,..,..,..,..,..,..,..,..,..,..,..,..,..,..,..,..,..,0.65625,..,..,..,..,..,..,..,0.4090909,..,..,0.6225999999999999,..,..,..,0.125
GNQpv1996,Equatorial Guinea,GNQ,Sub-Saharan Africa,Upper middle income,1996,pv,4,-0.19905489999999998,0.3022371,-0.6947236999999999,0.2966139,62.494217,5.1626929,54.027400699999994,70.96103339999999,..,..,..,..,..,..,..,..,..,0.1875,..,..,..,..,..,..,..,..,..,0.5,..,..,..,..,..,..,..,..,..,..,0.3388,..,..,..,0.9375
GRCpv1996,Greece,GRC,Europe & Central Asia,High income,1996,pv,5,0.6534504999999999,0.2913299,0.17566949999999998,1.1312315,77.0563736,4.976380499999999,68.8951095,85.2176377,..,..,..,..,..,..,..,..,..,0.5625,..,..,..,..,..,..,..,..,..,0.8125,..,..,..,..,..,..,..,0.9090908999999999,..,..,0.7011,..,..,..,0.8125
GRDpv1996,Grenada,GRD,Latin America & Caribbean,Upper middle income,1996,pv,2,0.691257,0.36498749999999996,0.0926775,1.2898365,77.70216909999999,6.2345706,67.4774733,87.9268649,..,..,..,..,..,..,..,..,..,..,..,..,..,..,..,..,..,..,..,1,..,..,..,..,..,..,..,..,..,..,..,..,..,..,0.8125
GTMpv1996,Guatemala,GTM,Latin America & Caribbean,Upper middle income,1996,pv,5,-1.4237564999999999,0.2913299,-1.9015374999999999,-0.9459755,41.574353699999996,4.976380499999999,33.4130896,49.7356178,..,..,..,..,..,..,..,..,..,0.125,..,..,..,..,..,..,..,..,..,0.1875,..,..,..,..,..,..,..,0.7676767999999999,..,..,0.219,..,..,..,0.5
GUFpv1996,French Guiana,GUF,,,1996,pv,1,-0.1088475,0.41535,-0.7900214999999999,0.5723265,64.0351038,7.0948427,52.3995617,75.6706458,..,..,..,..,..,..,..,..,..,..,..,..,..,..,..,..,..,..,..,..,..,..,..,..,..,..,..,..,..,..,..,..,..,..,0.6875
GUYpv1996,Guyana,GUY,Latin America & Caribbean,High income,1996,pv,4,-0.47238339999999995,0.3277727,-1.0099306,0.0651638,57.825328799999994,5.598882,48.643162399999994,67.0074953,..,..,..,..,..,..,..,..,..,..,..,..,..,..,..,..,..,..,..,0.6875,..,..,..,..,..,..,..,0.6818181999999999,..,..,0.4588,..,..,..,0.5625
HKGpv1996,"Hong Kong SAR, China",HKG,East Asia & Pacific,High income,1996,pv,4,0.736155,0.31509139999999997,0.2194051,1.2529048999999999,78.4690988,5.3822654,69.6421835,87.2960141,..,..,..,..,..,..,..,..,..,0.4375,..,..,..,..,..,..,..,..,..,..,..,..,..,..,..,..,..,0.8838383999999999,..,..,0.6563,..,..,..,0.9375
HNDpv1996,Honduras,HND,Latin America & Caribbean,Lower middle income,1996,pv,5,-0.6128686,0.2913299,-1.0906495999999999,-0.1350876,55.4256168,4.976380499999999,47.264352699999996,63.5868809,..,..,..,..,..,..,..,..,..,0.3125,..,..,..,..,..,..,..,..,..,0.65625,..,..,..,..,..,..,..,0.5808080999999999,..,..,0.4451,..,..,..,0.625
HRVpv1996,Croatia,HRV,Europe & Central Asia,High income,1996,pv,4,-0.1963056,0.3022371,-0.6919744,0.2993632,62.5411795,5.1626929,54.0743631,71.0079958,..,..,..,..,..,..,..,..,..,0.25,..,..,..,..,..,..,..,..,..,0.75,..,..,..,..,..,..,..,..,..,..,0.5316,..,..,..,0.75
HTIpv1996,Haiti,HTI,Latin America & Caribbean,Lower middle income,1996,pv,4,-1.002111,0.3277727,-1.5396581999999999,-0.46456379999999997,48.7767336,5.598882,39.5945672,57.958900099999994,..,..,..,..,..,..,..,..,..,..,..,..,..,..,..,..,..,..,..,0.625,..,..,..,..,..,..,..,0.4949495,..,..,0.3659,..,..,..,0.5
HUNpv1996,Hungary,HUN,Europe & Central Asia,High income,1996,pv,5,1.0400897999999998,0.2913299,0.5623087999999999,1.5178707999999999,83.6607916,4.976380499999999,75.4995275,91.82205569999999,..,..,..,..,..,..,..,..,..,0.75,..,..,..,..,..,..,..,..,..,0.875,..,..,..,..,..,..,..,0.8535353999999999,..,..,0.6353,..,..,..,0.9375
IDNpv1996,Indonesia,IDN,East Asia & Pacific,Upper middle income,1996,pv,5,-1.2899584,0.2913299,-1.7677394,-0.8121773999999999,43.8598394,4.976380499999999,35.6985753,52.021103499999995,..,..,..,..,..,..,..,..,..,0.25,..,..,..,..,..,..,..,..,..,0.21875,..,..,..,..,..,..,..,0.6212120999999999,..,..,0.485,..,..,..,0.4375
INDpv1996,India,IND,South Asia,Lower middle income,1996,pv,5,-0.9656444,0.2913299,-1.4434254,-0.4878634,49.3996415,4.976380499999999,41.2383774,57.5609056,..,..,..,..,..,..,..,..,..,0.8125,..,..,..,..,..,..,..,..,..,0.03125,..,..,..,..,..,..,..,0.6565656999999999,..,..,0.47519999999999996,..,..,..,0.375
IRLpv1996,Ireland,IRL,Europe & Central Asia,High income,1996,pv,5,1.3935149999999998,0.2913299,0.9157339999999999,1.8712959999999998,89.6978596,4.976380499999999,81.53659549999999,97.8591237,..,..,..,..,..,..,..,..,..,1,..,..,..,..,..,..,..,..,..,0.875,..,..,..,..,..,..,..,0.9393939,..,..,0.6700999999999999,..,..,..,0.9375
IRNpv1996,"Iran, Islamic Rep.",IRN,Middle East & North Africa,Upper middle income,1996,pv,5,-0.2074922,0.2913299,-0.6852731999999999,0.2702888,62.350094399999996,4.976380499999999,54.1888303,70.5113585,..,..,..,..,..,..,..,..,..,0.4375,..,..,..,..,..,..,..,..,..,0.34375,..,..,..,..,..,..,..,0.9393939,..,..,0.6409,..,..,..,0.625
IRQpv1996,Iraq,IRQ,Middle East & North Africa,Upper middle income,1996,pv,5,-1.4599286999999999,0.2913299,-1.9377096999999999,-0.9821477,40.9564746,4.9763806,32.795210499999996,49.1177388,..,..,..,..,..,..,..,..,..,0,..,..,..,..,..,..,..,..,..,0,..,..,..,..,..,..,..,0.3888889,..,..,0.3583,..,..,..,0.6875
ISLpv1996,Iceland,ISL,Europe & Central Asia,High income,1996,pv,4,1.4834516,0.3277727,0.9459044,2.0209988,91.23412069999999,5.4719652,82.0519542,100.0,..,..,..,..,..,..,..,..,..,..,..,..,..,..,..,..,..,..,..,1,..,..,..,..,..,..,..,0.9393939,..,..,0.6614,..,..,..,1
ISRpv1996,Israel,ISR,Middle East & North Africa,High income,1996,pv,5,-0.9780319,0.2913299,-1.4558129,-0.5002508999999999,49.188043199999996,4.976380499999999,41.0267791,57.3493073,..,..,..,..,..,..,..,..,..,0.25,..,..,..,..,..,..,..,..,..,0.5625,..,..,..,..,..,..,..,0.3888889,..,..,0.6475,..,..,..,0.5
ITApv1996,Italy,ITA,Europe & Central Asia,High income,1996,pv,5,1.1216306999999999,0.2913299,0.6438497,1.5994116999999999,85.0536407,4.976380499999999,76.89237659999999,93.2149048,..,..,..,..,..,..,..,..,..,0.875,..,..,..,..,..,..,..,..,..,0.84375,..,..,..,..,..,..,..,0.9393939,..,..,0.6770999999999999,..,..,..,0.875
JAMpv1996,Jamaica,JAM,Latin America & Caribbean,Upper middle income,1996,pv,5,-0.34304049999999997,0.2913299,-0.8208215,0.13474049999999999,60.0347125,4.9763806,51.8734484,68.1959767,..,..,..,..,..,..,..,..,..,0.5,..,..,..,..,..,..,..,..,..,0.71875,..,..,..,..,..,..,..,0.7929293,..,..,0.2978,..,..,..,0.625
JORpv1996,Jordan,JOR,Middle East & North Africa,Lower middle income,1996,pv,5,-0.2494553,0.2913299,-0.7272363,0.2283257,61.6332975,4.976380499999999,53.4720334,69.7945616,..,..,..,..,..,..,..,..,..,0.375,..,..,..,..,..,..,..,..,..,0.6875,..,..,..,..,..,..,..,0.8484847999999999,..,..,0.5041,..,..,..,0.625
JPNpv1996,Japan,JPN,East Asia & Pacific,High income,1996,pv,5,1.323033,0.2913299,0.845252,1.800814,88.4939143,4.976380499999999,80.3326502,96.6551784,..,..,..,..,..,..,..,..,..,1,..,..,..,..,..,..,..,..,..,0.8125,..,..,..,..,..,..,..,0.9090908999999999,..,..,0.6656,..,..,..,0.9375
KAZpv1996,Kazakhstan,KAZ,Europe & Central Asia,Upper middle income,1996,pv,4,-0.3527126,0.3022371,-0.8483814,0.1429562,59.869497599999995,5.1626929,51.402681199999996,68.336314,..,..,..,..,..,..,..,..,..,0.0625,..,..,..,..,..,..,..,..,..,0.65625,..,..,..,..,..,..,..,..,..,..,0.6417999999999999,..,..,..,0.75
KENpv1996,Kenya,KEN,Sub-Saharan Africa,Lower middle income,1996,pv,5,-1.1912284,0.2913299,-1.6690094,-0.7134474,45.5463058,4.976380499999999,37.385041699999995,53.707569899999996,..,..,..,..,..,..,..,..,..,0.3125,..,..,..,..,..,..,..,..,..,0.46875,..,..,..,..,..,..,..,0.7373737,..,..,0.243,..,..,..,0.4375
KGZpv1996,Kyrgyz Republic,KGZ,Europe & Central Asia,Lower middle income,1996,pv,3,-0.4874146,0.3435455,-1.0508292,0.076,57.568571899999995,5.8683067,47.9445488,67.1925949,..,..,..,..,..,..,..,..,..,..,..,..,..,..,..,..,..,..,..,0.84375,..,..,..,..,..,..,..,..,..,..,0.6635,..,..,..,0.4375
KHMpv1996,Cambodia,KHM,East Asia & Pacific,Lower middle income,1996,pv,4,-1.3124206,0.3022371,-1.8080893999999998,-0.8167517999999999,43.4761491,5.1626929,35.0093327,51.9429654,..,..,..,..,..,..,..,..,..,0.1875,..,..,..,..,..,..,..,..,..,0.21875,..,..,..,..,..,..,..,..,..,..,0.286,..,..,..,0.5625
KORpv1996,"Korea, Rep.",KOR,East Asia & Pacific,High income,1996,pv,5,0.6573186999999999,0.2913299,0.1795377,1.1350997,77.1224486,4.976380499999999,68.9611845,85.2837127,..,..,..,..,..,..,..,..,..,0.8125,..,..,..,..,..,..,..,..,..,0.65625,..,..,..,..,..,..,..,0.9393939,..,..,0.6635,..,..,..,0.75
KWTpv1996,Kuwait,KWT,Middle East & North Africa,High income,1996,pv,5,0.330516,0.2913299,-0.147265,0.8082969999999999,71.54013549999999,4.976380499999999,63.378871399999994,79.7013996,..,..,..,..,..,..,..,..,..,0.625,..,..,..,..,..,..,..,..,..,0.4375,..,..,..,..,..,..,..,0.8535353999999999,..,..,0.5998,..,..,..,0.8125
LAOpv1996,Lao PDR,LAO,East Asia & Pacific,Lower middle income,1996,pv,3,0.0359199,0.3435455,-0.5274947,0.5993345,66.5079627,5.8683067,56.8839396,76.1319857,..,..,..,..,..,..,..,..,..,..,..,..,..,..,..,..,..,..,..,1,..,..,..,..,..,..,..,..,..,..,0.6712,..,..,..,0.5625
LBNpv1996,Lebanon,LBN,Middle East & North Africa,Lower middle income,1996,pv,5,-0.7113625,0.2913299,-1.1891435,-0.2335815,53.7431833,4.976380499999999,45.581919199999994,61.904447399999995,..,..,..,..,..,..,..,..,..,0.25,..,..,..,..,..,..,..,..,..,0.5,..,..,..,..,..,..,..,0.8535353999999999,..,..,0.4113,..,..,..,0.5625
LBRpv1996,Liberia,LBR,Sub-Saharan Africa,Low income,1996,pv,3,-2.582407,0.3462368,-3.1502353999999997,-2.0145786,21.782748899999998,5.9142791,12.083331099999999,31.482166699999997,..,..,..,..,..,..,..,..,..,..,..,..,..,..,..,..,..,..,..,0,..,..,..,..,..,..,..,0.3484848,..,..,..,..,..,..,0.1875
LBYpv1996,Libya,LBY,Middle East & North Africa,Upper middle income,1996,pv,4,-0.8452373,0.30406489999999997,-1.3439037,-0.34657089999999996,51.4563875,5.1939148,42.938367299999996,59.9744077,..,..,..,..,..,..,..,..,..,0,..,..,..,..,..,..,..,..,..,0.25,..,..,..,..,..,..,..,0.6464646,..,..,..,..,..,..,0.75
LCApv1996,St. Lucia,LCA,Latin America & Caribbean,Upper middle income,1996,pv,1,0.9604988999999999,0.6122478,-0.0435875,1.9645853,82.3012517,10.4581723,65.149849,99.45265429999999,..,..,..,..,..,..,..,..,..,..,..,..,..,..,..,..,..,..,..,1,..,..,..,..,..,..,..,..,..,..,..,..,..,..,..
LIEpv1996,Liechtenstein,LIE,Europe & Central Asia,High income,1996,pv,1,1.2502075,0.41535,0.5690335,1.9313814999999999,87.2499382,7.0948427,75.6143961,98.88548019999999,..,..,..,..,..,..,..,..,..,..,..,..,..,..,..,..,..,..,..,..,..,..,..,..,..,..,..,..,..,..,..,..,..,..,1
LKApv1996,Sri Lanka,LKA,South Asia,Lower middle income,1996,pv,5,-1.8915437,0.2913299,-2.3693247,-1.4137627,33.5837997,4.976380499999999,25.4225356,41.7450638,..,..,..,..,..,..,..,..,..,0.125,..,..,..,..,..,..,..,..,..,0.03125,..,..,..,..,..,..,..,0.35858589999999996,..,..,0.3413,..,..,..,0.4375
LSOpv1996,Lesotho,LSO,Sub-Saharan Africa,Lower middle income,1996,pv,2,-0.09812789999999999,0.36498749999999996,-0.6967074,0.5004516,64.2182117,6.2345706,53.9935159,74.44290749999999,..,..,..,..,..,..,..,..,..,..,..,..,..,..,..,..,..,..,..,0.84375,..,..,..,..,..,..,..,..,..,..,..,..,..,..,0.625
LTUpv1996,Lithuania,LTU,Europe & Central Asia,High income,1996,pv,4,0.5679871,0.3022371,0.0723183,1.0636558999999999,75.5965219,5.1626929,67.1297056,84.0633383,..,..,..,..,..,..,..,..,..,0.375,..,..,..,..,..,..,..,..,..,0.84375,..,..,..,..,..,..,..,..,..,..,0.6648999999999999,..,..,..,0.9375
LUXpv1996,Luxembourg,LUX,Europe & Central Asia,High income,1996,pv,4,1.4651241,0.3277727,0.9275768999999999,2.0026713,90.92105769999999,5.5674112,81.7388912,100.0,..,..,..,..,..,..,..,..,..,..,..,..,..,..,..,..,..,..,..,1,..,..,..,..,..,..,..,0.9141414,..,..,0.6688,..,..,..,1
LVApv1996,Latvia,LVA,Europe & Central Asia,High income,1996,pv,4,0.5637329999999999,0.3022371,0.06806419999999999,1.0594018,75.52385509999999,5.1626929,67.05703869999999,83.99067149999999,..,..,..,..,..,..,..,..,..,0.5,..,..,..,..,..,..,..,..,..,0.84375,..,..,..,..,..,..,..,..,..,..,0.6708,..,..,..,0.875
MACpv1996,"Macao SAR, China",MAC,East Asia & Pacific,High income,1996,pv,1,0.16296349999999998,0.41535,-0.5182105,0.8441375,68.67807069999999,7.0948427,57.0425286,80.3136127,..,..,..,..,..,..,..,..,..,..,..,..,..,..,..,..,..,..,..,..,..,..,..,..,..,..,..,..,..,..,..,..,..,..,0.75
MARpv1996,Morocco,MAR,Middle East & North Africa,Lower middle income,1996,pv,5,-0.3921728,0.2913299,-0.8699538,0.0856082,59.1954542,4.976380499999999,51.0341901,67.3567183,..,..,..,..,..,..,..,..,..,0.375,..,..,..,..,..,..,..,..,..,0.53125,..,..,..,..,..,..,..,0.8838383999999999,..,..,0.42769999999999997,..,..,..,0.625
MDApv1996,Moldova,MDA,Europe & Central Asia,Upper middle income,1996,pv,4,-0.10538629999999999,0.3022371,-0.6010551,0.3902825,64.0942266,5.1626929,55.627410299999994,72.561043,..,..,..,..,..,..,..,..,..,0.3125,..,..,..,..,..,..,..,..,..,0.8125,..,..,..,..,..,..,..,..,..,..,0.6559999999999999,..,..,..,0.6875
MDGpv1996,Madagascar,MDG,Sub-Saharan Africa,Low income,1996,pv,4,0.1284756,0.3277727,-0.4090716,0.6660227999999999,68.0889621,5.598882,58.906795699999996,77.2711286,..,..,..,..,..,..,..,..,..,..,..,..,..,..,..,..,..,..,..,0.8125,..,..,..,..,..,..,..,0.6818181999999999,..,..,0.5945,..,..,..,0.6875
MDVpv1996,Maldives,MDV,South Asia,Upper middle income,1996,pv,3,1.0227549,0.3435455,0.4593403,1.5861695,83.3646838,5.8683067,73.74066069999999,92.9887068,..,..,..,..,..,..,..,..,..,..,..,..,..,..,..,..,..,..,..,0.75,..,..,..,..,..,..,..,..,..,..,0.6026,..,..,..,1
MEXpv1996,Mexico,MEX,Latin America & Caribbean,Upper middle income,1996,pv,5,-0.8016,0.2913299,-1.2793809999999999,-0.32381899999999997,52.2017824,4.976380499999999,44.040518299999995,60.363046499999996,..,..,..,..,..,..,..,..,..,0.1875,..,..,..,..,..,..,..,..,..,0.09375,..,..,..,..,..,..,..,0.6717172,..,..,0.5436,..,..,..,0.6875
MKDpv1996,North Macedonia,MKD,Europe & Central Asia,Upper middle income,1996,pv,4,-0.927531,0.3022371,-1.4231998,-0.4318622,50.0506794,5.1626929,41.583863,58.5174958,..,..,..,..,..,..,..,..,..,0.25,..,..,..,..,..,..,..,..,..,0.875,..,..,..,..,..,..,..,..,..,..,0.5764,..,..,..,0.375
MLIpv1996,Mali,MLI,Sub-Saharan Africa,Low income,1996,pv,4,0.23927269999999998,0.3277727,-0.2982745,0.7768199,69.9815539,5.598882,60.799387499999995,79.1637204,..,..,..,..,..,..,..,..,..,..,..,..,..,..,..,..,..,..,..,1,..,..,..,..,..,..,..,0.7020202,..,..,0.5388,..,..,..,0.6875
MLTpv1996,Malta,MLT,Middle East & North Africa,High income,1996,pv,4,1.2892010999999999,0.3277727,0.7516539,1.8267483,87.9160113,5.598882,78.7338448,97.0981777,..,..,..,..,..,..,..,..,..,..,..,..,..,..,..,..,..,..,..,1,..,..,..,..,..,..,..,0.9393939,..,..,0.49589999999999995,..,..,..,1
MMRpv1996,Myanmar,MMR,East Asia & Pacific,Lower middle income,1996,pv,4,-1.4967061,0.30406489999999997,-1.9953725,-0.9980397,40.328257799999996,5.1939148,31.810237599999997,48.846278,..,..,..,..,..,..,..,..,..,0,..,..,..,..,..,..,..,..,..,0.3125,..,..,..,..,..,..,..,0.6818181999999999,..,..,..,..,..,..,0.4375
MNGpv1996,Mongolia,MNG,East Asia & Pacific,Upper middle income,1996,pv,4,0.6432519,0.3277727,0.1057047,1.1807991,76.8821652,5.598882,67.6999987,86.0643316,..,..,..,..,..,..,..,..,..,..,..,..,..,..,..,..,..,..,..,0.84375,..,..,..,..,..,..,..,0.8535353999999999,..,..,0.5661999999999999,..,..,..,0.8125
MOZpv1996,Mozambique,MOZ,Sub-Saharan Africa,Low income,1996,pv,5,-0.0649483,0.2913299,-0.5427293,0.4128327,64.7849724,4.976380499999999,56.6237083,72.9462365,..,..,..,..,..,..,..,..,..,0.5,..,..,..,..,..,..,..,..,..,0.5,..,..,..,..,..,..,..,0.5858586,..,..,0.36319999999999997,..,..,..,0.875
MRTpv1996,Mauritania,MRT,Sub-Saharan Africa,Lower middle income,1996,pv,3,0.0419772,0.3435455,-0.5214373999999999,0.6053917999999999,66.611431,5.8683067,56.987407999999995,76.2354541,..,..,..,..,..,..,..,..,..,..,..,..,..,..,..,..,..,..,..,0.84375,..,..,..,..,..,..,..,..,..,..,0.4972,..,..,..,0.6875
MTQpv1996,Martinique,MTQ,,,1996,pv,1,0.16296349999999998,0.41535,-0.5182105,0.8441375,68.67807069999999,7.0948427,57.0425286,80.3136127,..,..,..,..,..,..,..,..,..,..,..,..,..,..,..,..,..,..,..,..,..,..,..,..,..,..,..,..,..,..,..,..,..,..,0.75
MUSpv1996,Mauritius,MUS,Sub-Saharan Africa,Upper middle income,1996,pv,3,1.0035055,0.4046106,0.33994409999999997,1.6670669,83.0358732,6.9113967999999995,71.7011825,94.3705639,..,..,..,..,..,..,..,..,..,0.9375,..,..,..,..,..,..,..,..,..,0.875,..,..,..,..,..,..,..,..,..,..,0.5605,..,..,..,..
MWIpv1996,Malawi,MWI,Sub-Saharan Africa,Low income,1996,pv,5,-0.6204537,0.2913299,-1.0982347,-0.14267269999999999,55.2960511,4.976380499999999,47.134786999999996,63.4573152,..,..,..,..,..,..,..,..,..,0.375,..,..,..,..,..,..,..,..,..,0.5625,..,..,..,..,..,..,..,0.7020202,..,..,0.6137,..,..,..,0.5
MYSpv1996,Malaysia,MYS,East Asia & Pacific,Upper middle income,1996,pv,5,0.376776,0.2913299,-0.101005,0.854557,72.3303303,4.9763806,64.1690662,80.49159449999999,..,..,..,..,..,..,..,..,..,0.625,..,..,..,..,..,..,..,..,..,0.8125,..,..,..,..,..,..,..,0.9141414,..,..,0.4753,..,..,..,0.75
NAMpv1996,Namibia,NAM,Sub-Saharan Africa,Lower middle income,1996,pv,5,0.7664841,0.2913299,0.2887031,1.2442651,78.9871684,4.976380499999999,70.82590429999999,87.1484325,..,..,..,..,..,..,..,..,..,0.75,..,..,..,..,..,..,..,..,..,0.8125,..,..,..,..,..,..,..,0.9141414,..,..,0.47309999999999997,..,..,..,0.875
NERpv1996,Niger,NER,Sub-Saharan Africa,Low income,1996,pv,4,-0.43363189999999996,0.3277727,-0.9711791,0.1039153,58.4872665,5.598882,49.305099999999996,67.6694329,..,..,..,..,..,..,..,..,..,..,..,..,..,..,..,..,..,..,..,0.90625,..,..,..,..,..,..,..,0.6818181999999999,..,..,0.4824,..,..,..,0.5
NGApv1996,Nigeria,NGA,Sub-Saharan Africa,Lower middle income,1996,pv,4,-1.3347198999999998,0.30406489999999997,-1.8333863,-0.8360535,43.0952413,5.1939147,34.5772212,51.6132615,..,..,..,..,..,..,..,..,..,0,..,..,..,..,..,..,..,..,..,0.46875,..,..,..,..,..,..,..,0.7373737,..,..,..,..,..,..,0.4375
NICpv1996,Nicaragua,NIC,Latin America & Caribbean,Lower middle income,1996,pv,5,-0.6758827,0.2913299,-1.1536636999999998,-0.1981017,54.349235099999994,4.976380499999999,46.187971,62.5104992,..,..,..,..,..,..,..,..,..,0.25,..,..,..,..,..,..,..,..,..,0.5,..,..,..,..,..,..,..,0.7929293,..,..,0.5048,..,..,..,0.5625
NLDpv1996,Netherlands,NLD,Europe & Central Asia,High income,1996,pv,5,1.6066942,0.2913299,1.1289132,2.0844752,93.33930149999999,4.518891,85.1780374,100.0,..,..,..,..,..,..,..,..,..,1,..,..,..,..,..,..,..,..,..,1,..,..,..,..,..,..,..,0.9393939,..,..,0.6679999999999999,..,..,..,1
NORpv1996,Norway,NOR,Europe & Central Asia,High income,1996,pv,5,1.5709818999999998,0.2913299,1.0932009,2.0487629,92.72927829999999,4.704873699999999,84.5680142,100.0,..,..,..,..,..,..,..,..,..,1,..,..,..,..,..,..,..,..,..,1,..,..,..,..,..,..,..,0.9141414,..,..,0.6525,..,..,..,1
NPLpv1996,Nepal,NPL,South Asia,Lower middle income,1996,pv,3,-0.49077859999999995,0.3435455,-1.0541932,0.07263599999999999,57.511109399999995,5.8683067,47.8870863,67.1351324,..,..,..,..,..,..,..,..,..,..,..,..,..,..,..,..,..,..,..,0.59375,..,..,..,..,..,..,..,..,..,..,0.2596,..,..,..,0.6875
NZLpv1996,New Zealand,NZL,East Asia & Pacific,High income,1996,pv,5,1.3956505,0.2913299,0.9178695,1.8734315,89.7343374,4.976380499999999,81.57307329999999,97.8956015,..,..,..,..,..,..,..,..,..,0.875,..,..,..,..,..,..,..,..,..,1,..,..,..,..,..,..,..,0.8535353999999999,..,..,0.6527,..,..,..,1
OMNpv1996,Oman,OMN,Middle East & North Africa,High income,1996,pv,4,0.8880007,0.30406489999999997,0.38933429999999997,1.3866671,81.06286639999999,5.1939147,72.5448462,89.58088649999999,..,..,..,..,..,..,..,..,..,0.8125,..,..,..,..,..,..,..,..,..,0.8125,..,..,..,..,..,..,..,0.8232322999999999,..,..,..,..,..,..,0.875
PAKpv1996,Pakistan,PAK,South Asia,Lower middle income,1996,pv,5,-1.4196289,0.2913299,-1.8974099,-0.9418479,41.6448597,4.976380499999999,33.4835956,49.806123799999995,..,..,..,..,..,..,..,..,..,0.125,..,..,..,..,..,..,..,..,..,0.3125,..,..,..,..,..,..,..,0.7626263,..,..,0.42869999999999997,..,..,..,0.375
PANpv1996,Panama,PAN,Latin America & Caribbean,High income,1996,pv,5,0.0962886,0.2913299,-0.3814924,0.5740696,67.53915669999999,4.976380499999999,59.377892599999996,75.7004208,..,..,..,..,..,..,..,..,..,0.6875,..,..,..,..,..,..,..,..,..,0.78125,..,..,..,..,..,..,..,0.6717172,..,..,0.6371,..,..,..,0.625
PERpv1996,Peru,PER,Latin America & Caribbean,Upper middle income,1996,pv,5,-1.0655367,0.2913299,-1.5433177,-0.5877557,47.6933212,4.976380499999999,39.532057099999996,55.8545853,..,..,..,..,..,..,..,..,..,0.3125,..,..,..,..,..,..,..,..,..,0.1875,..,..,..,..,..,..,..,0.6818181999999999,..,..,0.4825,..,..,..,0.5
PHLpv1996,Philippines,PHL,East Asia & Pacific,Lower middle income,1996,pv,5,-0.6124493999999999,0.2913299,-1.0902304,-0.1346684,55.4327774,4.976380499999999,47.271513299999995,63.594041499999996,..,..,..,..,..,..,..,..,..,0.6875,..,..,..,..,..,..,..,..,..,0.25,..,..,..,..,..,..,..,0.8535353999999999,..,..,0.5127999999999999,..,..,..,0.4375
PNGpv1996,Papua New Guinea,PNG,East Asia & Pacific,Lower middle income,1996,pv,5,-0.6904418,0.2913299,-1.1682228,-0.21266079999999998,54.100542399999995,4.976380499999999,45.9392783,62.2618065,..,..,..,..,..,..,..,..,..,0.25,..,..,..,..,..,..,..,..,..,0.125,..,..,..,..,..,..,..,0.6515152,..,..,0.4487,..,..,..,0.75
POLpv1996,Poland,POL,Europe & Central Asia,High income,1996,pv,5,0.757524,0.2913299,0.27974299999999996,1.2353049999999999,78.8341155,4.976380499999999,70.6728514,86.99537959999999,..,..,..,..,..,..,..,..,..,0.625,..,..,..,..,..,..,..,..,..,0.875,..,..,..,..,..,..,..,0.9393939,..,..,0.6748,..,..,..,0.8125
PRIpv1996,Puerto Rico (U.S.),PRI,Latin America & Caribbean,High income,1996,pv,1,0.16296349999999998,0.41535,-0.5182105,0.8441375,68.67807069999999,7.0948427,57.0425286,80.3136127,..,..,..,..,..,..,..,..,..,..,..,..,..,..,..,..,..,..,..,..,..,..,..,..,..,..,..,..,..,..,..,..,..,..,0.75
PRKpv1996,"Korea, Dem. People's Rep.",PRK,East Asia & Pacific,Low income,1996,pv,4,-0.018619,0.3277727,-0.5561661999999999,0.5189282,65.576351,5.598882,56.394184499999994,74.7585174,..,..,..,..,..,..,..,..,..,..,..,..,..,..,..,..,..,..,..,0,..,..,..,..,..,..,..,0.7575757999999999,..,..,0.3939,..,..,..,0.9375
PRTpv1996,Portugal,PRT,Europe & Central Asia,High income,1996,pv,5,1.3381336,0.2913299,0.8603525999999999,1.8159146,88.75185669999999,4.976380499999999,80.5905926,96.9131208,..,..,..,..,..,..,..,..,..,0.9375,..,..,..,..,..,..,..,..,..,0.875,..,..,..,..,..,..,..,0.9393939,..,..,0.6774,..,..,..,0.9375
PRYpv1996,Paraguay,PRY,Latin America & Caribbean,Upper middle income,1996,pv,5,-0.8332253,0.2913299,-1.3110062999999998,-0.3554443,51.661571699999996,4.976380499999999,43.5003076,59.8228358,..,..,..,..,..,..,..,..,..,0.25,..,..,..,..,..,..,..,..,..,0.75,..,..,..,..,..,..,..,0.7626263,..,..,0.6198,..,..,..,0.375
PSEpv1996,West Bank and Gaza,PSE,Middle East & North Africa,Lower middle income,1996,pv,3,-1.7769035,0.3435455,-2.3403180999999997,-1.2134889,35.542037799999996,5.8683067,25.9180147,45.1660608,..,..,..,..,..,..,..,..,..,..,..,..,..,..,..,..,..,..,..,0.375,..,..,..,..,..,..,..,..,..,..,0.42529999999999996,..,..,..,0.25
QATpv1996,Qatar,QAT,Middle East & North Africa,High income,1996,pv,4,0.30645479999999997,0.30406489999999997,-0.19221159999999998,0.8051212,71.1291317,5.1939148,62.6111115,79.6471519,..,..,..,..,..,..,..,..,..,0.1875,..,..,..,..,..,..,..,..,..,0.875,..,..,..,..,..,..,..,0.8787879,..,..,..,..,..,..,0.875
ROUpv1996,Romania,ROU,Europe & Central Asia,High income,1996,pv,5,0.4882801,0.2913299,0.010499099999999999,0.9660611,74.2349988,4.976380499999999,66.0737347,82.3962629,..,..,..,..,..,..,..,..,..,0.5625,..,..,..,..,..,..,..,..,..,0.8125,..,..,..,..,..,..,..,0.8535353999999999,..,..,0.5736,..,..,..,0.8125
RUSpv1996,Russian Federation,RUS,Europe & Central Asia,High income,1996,pv,5,-1.4001909,0.2913299,-1.8779719,-0.9224099,41.9768919,4.976380499999999,33.8156278,50.138155999999995,..,..,..,..,..,..,..,..,..,0.3125,..,..,..,..,..,..,..,..,..,0.3125,..,..,..,..,..,..,..,0.5909091,..,..,0.5493,..,..,..,0.3125
RWApv1996,Rwanda,RWA,Sub-Saharan Africa,Low income,1996,pv,2,-2.0921457,0.36498749999999996,-2.6907251999999997,-1.4935661999999998,30.157196499999998,6.2345706,19.9325007,40.3818923,..,..,..,..,..,..,..,..,..,..,..,..,..,..,..,..,..,..,..,0.125,..,..,..,..,..,..,..,..,..,..,..,..,..,..,0.25
SAUpv1996,Saudi Arabia,SAU,Middle East & North Africa,High income,1996,pv,4,-0.3004147,0.30406489999999997,-0.7990811,0.1982517,60.762829399999994,5.1939147,52.2448093,69.2808496,..,..,..,..,..,..,..,..,..,0.4375,..,..,..,..,..,..,..,..,..,0.53125,..,..,..,..,..,..,..,0.8232322999999999,..,..,..,..,..,..,0.625
SDNpv1996,Sudan,SDN,Sub-Saharan Africa,Low income,1996,pv,5,-2.6204544,0.2913299,-3.0982353999999996,-2.1426734,21.1328384,4.976380499999999,12.971574299999999,29.294102499999997,..,..,..,..,..,..,..,..,..,0,..,..,..,..,..,..,..,..,..,0.03125,..,..,..,..,..,..,..,0.18181819999999999,..,..,0.283,..,..,..,0.25
SENpv1996,Senegal,SEN,Sub-Saharan Africa,Lower middle income,1996,pv,5,-0.7900486999999999,0.2913299,-1.2678296999999998,-0.3122677,52.3990971,4.976380499999999,44.237832999999995,60.560361199999996,..,..,..,..,..,..,..,..,..,0.1875,..,..,..,..,..,..,..,..,..,0.65625,..,..,..,..,..,..,..,0.5,..,..,0.3175,..,..,..,0.6875
SGPpv1996,Singapore,SGP,East Asia & Pacific,High income,1996,pv,5,1.1704541,0.2913299,0.6926730999999999,1.6482351,85.88762249999999,4.976380499999999,77.7263584,94.04888659999999,..,..,..,..,..,..,..,..,..,0.9375,..,..,..,..,..,..,..,..,..,0.71875,..,..,..,..,..,..,..,0.9393939,..,..,0.6063,..,..,..,0.9375
SLBpv1996,Solomon Islands,SLB,East Asia & Pacific,Lower middle income,1996,pv,2,0.7143105,0.5245728,-0.1459889,1.5746099,78.0959598,8.960543,63.400669199999996,92.7912503,..,..,..,..,..,..,..,..,..,..,..,..,..,..,..,..,..,..,..,1,..,..,..,..,..,..,..,..,..,..,0.5445,..,..,..,..
SLEpv1996,Sierra Leone,SLE,Sub-Saharan Africa,Low income,1996,pv,4,-2.0497807999999997,0.3277727,-2.587328,-1.5122335999999998,30.8808568,5.598882,21.6986903,40.063023199999996,..,..,..,..,..,..,..,..,..,..,..,..,..,..,..,..,..,..,..,0.25,..,..,..,..,..,..,..,0.5606061,..,..,0.2537,..,..,..,0.25
SLVpv1996,El Salvador,SLV,Latin America & Caribbean,Upper middle income,1996,pv,5,-0.417817,0.2913299,-0.895598,0.059963999999999996,58.7574103,4.9763806,50.5961461,66.9186744,..,..,..,..,..,..,..,..,..,0.375,..,..,..,..,..,..,..,..,..,0.53125,..,..,..,..,..,..,..,0.7878788,..,..,0.4875,..,..,..,0.625
SOMpv1996,Federal Republic of Somalia,SOM,Sub-Saharan Africa,Low income,1996,pv,3,-2.7949626,0.3462368,-3.3627909999999996,-2.2271342,18.1519591,5.9142791,8.4525413,27.851376899999998,..,..,..,..,..,..,..,..,..,..,..,..,..,..,..,..,..,..,..,0.125,..,..,..,..,..,..,..,0.23232319999999998,..,..,..,..,..,..,0.125
SRBpv1996,Serbia,SRB,Europe & Central Asia,Upper middle income,1996,pv,5,-1.3351476,0.2913299,-1.8129286,-0.8573666,43.0879355,4.976380499999999,34.9266714,51.2491996,..,..,..,..,..,..,..,..,..,0.0625,..,..,..,..,..,..,..,..,..,0.5,..,..,..,..,..,..,..,0.6515152,..,..,0.41219999999999996,..,..,..,0.4375
STPpv1996,São Tomé and Príncipe,STP,Sub-Saharan Africa,Lower middle income,1996,pv,3,0.8459080999999999,0.3435455,0.2824935,1.4093227,80.34385739999999,5.8683067,70.7198344,89.9678804,..,..,..,..,..,..,..,..,..,..,..,..,..,..,..,..,..,..,..,1,..,..,..,..,..,..,..,..,..,..,0.5782999999999999,..,..,..,0.875
SURpv1996,Suriname,SUR,Latin America & Caribbean,Upper middle income,1996,pv,4,0.3461373,0.3277727,-0.1914099,0.8836845,71.8069723,5.598882,62.6248059,80.98913879999999,..,..,..,..,..,..,..,..,..,..,..,..,..,..,..,..,..,..,..,0.875,..,..,..,..,..,..,..,0.7676767999999999,..,..,0.6577999999999999,..,..,..,0.6875
SVKpv1996,Slovak Republic,SVK,Europe & Central Asia,High income,1996,pv,5,1.0671571,0.2913299,0.5893761,1.5449381,84.1231444,4.976380499999999,75.96188029999999,92.2844085,..,..,..,..,..,..,..,..,..,0.75,..,..,..,..,..,..,..,..,..,0.75,..,..,..,..,..,..,..,0.7929293,..,..,0.6633,..,..,..,1
SVNpv1996,Slovenia,SVN,Europe & Central Asia,High income,1996,pv,4,1.2874689,0.3022371,0.7918001,1.7831377,87.8864225,5.1626929,79.41960619999999,96.3532389,..,..,..,..,..,..,..,..,..,0.8125,..,..,..,..,..,..,..,..,..,1,..,..,..,..,..,..,..,..,..,..,0.6627,..,..,..,1
SWEpv1996,Sweden,SWE,Europe & Central Asia,High income,1996,pv,5,1.5523114,0.2913299,1.0745304,2.0300924,92.41035629999999,4.802106,84.24909219999999,100.0,..,..,..,..,..,..,..,..,..,1,..,..,..,..,..,..,..,..,..,1,..,..,..,..,..,..,..,0.8535353999999999,..,..,0.6876,..,..,..,1
SWZpv1996,Eswatini,SWZ,Sub-Saharan Africa,Lower middle income,1996,pv,3,-0.262063,0.3435455,-0.8254775999999999,0.3013516,61.4179378,5.8683067,51.793914799999996,71.04196089999999,..,..,..,..,..,..,..,..,..,..,..,..,..,..,..,..,..,..,..,0.59375,..,..,..,..,..,..,..,..,..,..,0.5811999999999999,..,..,..,0.625
SYCpv1996,Seychelles,SYC,Sub-Saharan Africa,High income,1996,pv,3,0.7706073,0.3435455,0.20719269999999998,1.3340219,79.0575992,5.8683067,69.43357619999999,88.6816223,..,..,..,..,..,..,..,..,..,..,..,..,..,..,..,..,..,..,..,1,..,..,..,..,..,..,..,..,..,..,0.5199,..,..,..,0.875
SYRpv1996,Syrian Arab Republic,SYR,Middle East & North Africa,Low income,1996,pv,5,-0.42574409999999996,0.2913299,-0.9035251,0.0520369,58.622002699999996,4.976380499999999,50.4607386,66.78326679999999,..,..,..,..,..,..,..,..,..,0.375,..,..,..,..,..,..,..,..,..,0.375,..,..,..,..,..,..,..,0.9393939,..,..,0.4506,..,..,..,0.625
TCDpv1996,Chad,TCD,Sub-Saharan Africa,Low income,1996,pv,3,-1.3245122999999999,0.3435455,-1.8879268999999999,-0.7610977,43.269603499999995,5.8683067,33.6455804,52.893626499999996,..,..,..,..,..,..,..,..,..,..,..,..,..,..,..,..,..,..,..,0.375,..,..,..,..,..,..,..,..,..,..,0.34349999999999997,..,..,..,0.4375
TGOpv1996,Togo,TGO,Sub-Saharan Africa,Low income,1996,pv,4,-0.4065352,0.3277727,-0.9440824,0.131012,58.950121499999995,5.598882,49.767955,68.1322879,..,..,..,..,..,..,..,..,..,..,..,..,..,..,..,..,..,..,..,0.65625,..,..,..,..,..,..,..,0.5353534999999999,..,..,0.38189999999999996,..,..,..,0.6875
THApv1996,Thailand,THA,East Asia & Pacific,Upper middle income,1996,pv,5,0.4604454,0.2913299,-0.0173356,0.9382263999999999,73.7595376,4.976380499999999,65.59827349999999,81.9208017,..,..,..,..,..,..,..,..,..,0.6875,..,..,..,..,..,..,..,..,..,0.65625,..,..,..,..,..,..,..,0.7929293,..,..,0.5745,..,..,..,0.8125
TJKpv1996,Tajikistan,TJK,Europe & Central Asia,Lower middle income,1996,pv,3,-2.4003509999999997,0.3435455,-2.9637656,-1.8369364,24.8925567,5.8683067,15.268533699999999,34.516579799999995,..,..,..,..,..,..,..,..,..,..,..,..,..,..,..,..,..,..,..,0.125,..,..,..,..,..,..,..,..,..,..,0.4058,..,..,..,0.125
TKMpv1996,Turkmenistan,TKM,Europe & Central Asia,Upper middle income,1996,pv,3,0.4014232,0.3435455,-0.16199139999999998,0.9648378,72.751344,5.8683067,63.127320899999994,82.375367,..,..,..,..,..,..,..,..,..,..,..,..,..,..,..,..,..,..,..,0.8125,..,..,..,..,..,..,..,..,..,..,0.6537,..,..,..,0.75
TTOpv1996,Trinidad and Tobago,TTO,Latin America & Caribbean,High income,1996,pv,5,0.1548882,0.2913299,-0.3228928,0.6326691999999999,68.5401316,4.976380499999999,60.3788675,76.70139569999999,..,..,..,..,..,..,..,..,..,0.6875,..,..,..,..,..,..,..,..,..,0.84375,..,..,..,..,..,..,..,0.6767677,..,..,0.6517999999999999,..,..,..,0.625
TUNpv1996,Tunisia,TUN,Middle East & North Africa,Lower middle income,1996,pv,5,0.1381462,0.2913299,-0.33963479999999996,0.6159272,68.25415149999999,4.976380499999999,60.092887399999995,76.4154156,..,..,..,..,..,..,..,..,..,0.5,..,..,..,..,..,..,..,..,..,0.78125,..,..,..,..,..,..,..,0.8535353999999999,..,..,0.5734,..,..,..,0.6875
TURpv1996,Türkiye,TUR,Europe & Central Asia,Upper middle income,1996,pv,5,-0.9542311,0.2913299,-1.4320121,-0.4764501,49.594598999999995,4.976380499999999,41.4333349,57.7558631,..,..,..,..,..,..,..,..,..,0.3125,..,..,..,..,..,..,..,..,..,0.0625,..,..,..,..,..,..,..,0.5353534999999999,..,..,0.6796,..,..,..,0.5625
TWNpv1996,"Taiwan, China",TWN,East Asia & Pacific,High income,1996,pv,5,1.1161069,0.2913299,0.6383259,1.5938879,84.95928529999999,4.976380499999999,76.7980212,93.1205494,..,..,..,..,..,..,..,..,..,0.9375,..,..,..,..,..,..,..,..,..,0.875,..,..,..,..,..,..,..,0.8838383999999999,..,..,0.6327999999999999,..,..,..,0.875
TZApv1996,Tanzania,TZA,Sub-Saharan Africa,Lower middle income,1996,pv,5,-0.9780131,0.2913299,-1.4557940999999999,-0.5002321,49.188364299999996,4.9763806,41.0271002,57.349628499999994,..,..,..,..,..,..,..,..,..,0.375,..,..,..,..,..,..,..,..,..,0.625,..,..,..,..,..,..,..,0.7373737,..,..,0.44039999999999996,..,..,..,0.375
UGApv1996,Uganda,UGA,Sub-Saharan Africa,Low income,1996,pv,5,-1.6894061,0.2913299,-2.1671871,-1.2116251,37.0366334,4.976380499999999,28.8753693,45.197897499999996,..,..,..,..,..,..,..,..,..,0.0625,..,..,..,..,..,..,..,..,..,0.34375,..,..,..,..,..,..,..,0.6767677,..,..,0.4053,..,..,..,0.3125
UKRpv1996,Ukraine,UKR,Europe & Central Asia,Upper middle income,1996,pv,4,-0.2121592,0.3022371,-0.707828,0.2835096,62.2703746,5.1626929,53.8035582,70.737191,..,..,..,..,..,..,..,..,..,0.3125,..,..,..,..,..,..,..,..,..,0.6875,..,..,..,..,..,..,..,..,..,..,0.6367999999999999,..,..,..,0.6875
URYpv1996,Uruguay,URY,Latin America & Caribbean,High income,1996,pv,5,0.6380987,0.2913299,0.16031769999999998,1.1158797,76.7941403,4.976380499999999,68.6328762,84.95540439999999,..,..,..,..,..,..,..,..,..,0.6875,..,..,..,..,..,..,..,..,..,0.875,..,..,..,..,..,..,..,0.7272727,..,..,0.6723,..,..,..,0.8125
USApv1996,United States,USA,North America,High income,1996,pv,5,0.9479662999999999,0.2913299,0.4701853,1.4257472999999998,82.0871748,4.976380499999999,73.9259107,90.2484389,..,..,..,..,..,..,..,..,..,0.9375,..,..,..,..,..,..,..,..,..,0.875,..,..,..,..,..,..,..,0.8535353999999999,..,..,0.6233,..,..,..,0.8125
UZBpv1996,Uzbekistan,UZB,Europe & Central Asia,Lower middle income,1996,pv,3,-0.6058852,0.4046106,-1.2694466,0.0576762,55.5449044,6.9113967,44.2102138,66.8795951,..,..,..,..,..,..,..,..,..,0.125,..,..,..,..,..,..,..,..,..,0.6875,..,..,..,..,..,..,..,..,..,..,0.6637,..,..,..,..
VCTpv1996,St. Vincent and the Grenadines,VCT,Latin America & Caribbean,Upper middle income,1996,pv,1,0.9604988999999999,0.6122478,-0.0435875,1.9645853,82.3012517,10.4581723,65.149849,99.45265429999999,..,..,..,..,..,..,..,..,..,..,..,..,..,..,..,..,..,..,..,1,..,..,..,..,..,..,..,..,..,..,..,..,..,..,..
VENpv1996,"Venezuela, RB",VEN,Latin America & Caribbean,,1996,pv,5,-0.5542176999999999,0.2913299,-1.0319987,-0.0764367,56.427468,4.976380499999999,48.2662039,64.5887321,..,..,..,..,..,..,..,..,..,0.4375,..,..,..,..,..,..,..,..,..,0.28125,..,..,..,..,..,..,..,0.7323232,..,..,0.6437999999999999,..,..,..,0.5625
VNMpv1996,Viet Nam,VNM,East Asia & Pacific,Lower middle income,1996,pv,5,0.4426812,0.2913299,-0.0350998,0.9204622,73.4560966,4.976380499999999,65.2948325,81.61736069999999,..,..,..,..,..,..,..,..,..,0.5,..,..,..,..,..,..,..,..,..,0.8125,..,..,..,..,..,..,..,0.9696969999999999,..,..,0.6298,..,..,..,0.75
VUTpv1996,Vanuatu,VUT,East Asia & Pacific,Lower middle income,1996,pv,2,0.9154308,0.5245728,0.0551314,1.7757302,81.5314164,8.960543,66.83612579999999,96.2267069,..,..,..,..,..,..,..,..,..,..,..,..,..,..,..,..,..,..,..,1,..,..,..,..,..,..,..,..,..,..,0.6113999999999999,..,..,..,..
WSMpv1996,Samoa,WSM,East Asia & Pacific,Upper middle income,1996,pv,2,1.3209311,0.36498749999999996,0.7223516,1.9195106,88.4580105,6.2345706,78.2333146,98.68270629999999,..,..,..,..,..,..,..,..,..,..,..,..,..,..,..,..,..,..,..,1,..,..,..,..,..,..,..,..,..,..,..,..,..,..,1
YEMpv1996,"Yemen, Rep.",YEM,Middle East & North Africa,Low income,1996,pv,5,-1.8686984999999998,0.2913299,-2.3464795,-1.3909175,33.9740323,4.976380499999999,25.812768199999997,42.1352964,..,..,..,..,..,..,..,..,..,0.0625,..,..,..,..,..,..,..,..,..,0.28125,..,..,..,..,..,..,..,0.7626263,..,..,0.3218,..,..,..,0.25
ZAFpv1996,South Africa,ZAF,Sub-Saharan Africa,Upper middle income,1996,pv,5,-0.5604914,0.2913299,-1.0382723999999999,-0.08271039999999999,56.3203032,4.976380499999999,48.1590391,64.4815673,..,..,..,..,..,..,..,..,..,0.5,..,..,..,..,..,..,..,..,..,0.4375,..,..,..,..,..,..,..,0.6464646,..,..,0.3943,..,..,..,0.625
ZMBpv1996,Zambia,ZMB,Sub-Saharan Africa,Lower middle income,1996,pv,5,-0.1186795,0.2913299,-0.5964605,0.35910149999999996,63.8671575,4.976380499999999,55.7058934,72.0284216,..,..,..,..,..,..,..,..,..,0.375,..,..,..,..,..,..,..,..,..,0.40625,..,..,..,..,..,..,..,0.6717172,..,..,0.4269,..,..,..,0.875
ZWEpv1996,Zimbabwe,ZWE,Sub-Saharan Africa,Lower middle income,1996,pv,5,-0.6022424,0.2913299,-1.0800234,-0.1244614,55.6071293,4.976380499999999,47.4458652,63.768393399999994,..,..,..,..,..,..,..,..,..,0.3125,..,..,..,..,..,..,..,..,..,0.375,..,..,..,..,..,..,..,0.7020202,..,..,0.3994,..,..,..,0.6875
ADOpv1998,Andorra,ADO,,,1998,pv,1,1.2511111,0.41535,0.5699371,1.9322850999999999,87.26537309999999,7.0948427,75.62983109999999,98.9009152,..,..,..,..,..,..,..,..,..,..,..,..,..,..,..,..,..,..,..,..,..,..,..,..,..,..,..,..,..,..,..,..,..,..,1
AFGpv1998,Afghanistan,AFG,South Asia,Low income,1998,pv,2,-2.8488906999999997,0.36498749999999996,-3.4474701999999997,-2.2503112,17.230780799999998,6.2345706,7.006085,27.455476599999997,..,..,..,..,..,..,..,..,..,..,..,..,..,..,..,..,..,..,..,0,..,..,..,..,..,..,..,..,..,..,..,..,..,..,0.0625
AGOpv1998,Angola,AGO,Sub-Saharan Africa,Lower middle income,1998,pv,4,-2.6136366,0.30406489999999997,-3.112303,-2.1149701999999997,21.2492973,5.1939147,12.7312772,29.767317499999997,..,..,..,..,..,..,..,..,..,0,..,..,..,..,..,..,..,..,..,0,..,..,..,..,..,..,..,0.5,..,..,..,..,..,..,0.125
ALBpv1998,Albania,ALB,Europe & Central Asia,Upper middle income,1998,pv,4,-0.9457726999999999,0.3277727,-1.4833199,-0.40822549999999996,49.739081999999996,5.598882,40.556915499999995,58.921248399999996,..,..,..,..,..,..,..,..,..,..,..,..,..,..,..,..,..,..,..,0.65625,..,..,..,..,..,..,..,0.8181818,..,..,0.24109999999999998,..,..,..,0.4375
AREpv1998,United Arab Emirates,ARE,Middle East & North Africa,High income,1998,pv,4,0.9711019999999999,0.30406489999999997,0.47243559999999996,1.4697684,82.4823696,5.1939147,73.9643494,91.0003897,..,..,..,..,..,..,..,..,..,0.75,..,..,..,..,..,..,..,..,..,0.8125,..,..,..,..,..,..,..,0.8282828,..,..,..,..,..,..,0.9375
ARGpv1998,Argentina,ARG,Latin America & Caribbean,Upper middle income,1998,pv,5,-0.13057939999999998,0.2913299,-0.6083604,0.3472016,63.663888199999995,4.9763806,55.502624,71.8251523,..,..,..,..,..,..,..,..,..,0.5,..,..,..,..,..,..,..,..,..,0.40625,..,..,..,..,..,..,..,0.8484847999999999,..,..,0.6952999999999999,..,..,..,0.625
ARMpv1998,Armenia,ARM,Europe & Central Asia,Upper middle income,1998,pv,4,-0.8907326,0.3277727,-1.4282797999999999,-0.3531854,50.679255,5.598882,41.4970885,59.8614214,..,..,..,..,..,..,..,..,..,..,..,..,..,..,..,..,..,..,..,0.53125,..,..,..,..,..,..,..,0.8232322999999999,..,..,0.5154,..,..,..,0.375
ATGpv1998,Antigua and Barbuda,ATG,Latin America & Caribbean,High income,1998,pv,1,0.7074891,0.41535,0.026315099999999998,1.3886631,77.97943939999999,7.0948427,66.3438973,89.61498139999999,..,..,..,..,..,..,..,..,..,..,..,..,..,..,..,..,..,..,..,..,..,..,..,..,..,..,..,..,..,..,..,..,..,..,0.875
AUSpv1998,Australia,AUS,East Asia & Pacific,High income,1998,pv,5,1.3318200999999998,0.2913299,0.8540390999999999,1.8096010999999999,88.64401199999999,4.976380499999999,80.48274789999999,96.8052761,..,..,..,..,..,..,..,..,..,1,..,..,..,..,..,..,..,..,..,0.875,..,..,..,..,..,..,..,0.7121212,..,..,0.6659999999999999,..,..,..,1
AUTpv1998,Austria,AUT,Europe & Central Asia,High income,1998,pv,5,1.2576344,0.2913299,0.7798533999999999,1.7354154,87.3768015,4.976380499999999,79.2155374,95.5380656,..,..,..,..,..,..,..,..,..,1,..,..,..,..,..,..,..,..,..,0.75,..,..,..,..,..,..,..,0.8838383999999999,..,..,0.6615,..,..,..,0.9375
AZEpv1998,Azerbaijan,AZE,Europe & Central Asia,Upper middle income,1998,pv,5,-0.928979,0.2913299,-1.40676,-0.451198,50.025945199999995,4.9763806,41.8646811,58.1872094,..,..,..,..,..,..,..,..,..,0.125,..,..,..,..,..,..,..,..,..,0.6875,..,..,..,..,..,..,..,0.7373737,..,..,0.5728,..,..,..,0.4375
BDIpv1998,Burundi,BDI,Sub-Saharan Africa,Low income,1998,pv,2,-2.6389993,0.36498749999999996,-3.2375787999999996,-2.0404198,20.8160618,6.2345706,10.591365999999999,31.0407577,..,..,..,..,..,..,..,..,..,..,..,..,..,..,..,..,..,..,..,0,..,..,..,..,..,..,..,..,..,..,..,..,..,..,0.125
BELpv1998,Belgium,BEL,Europe & Central Asia,High income,1998,pv,5,1.1156818,0.2913299,0.6379007999999999,1.5934628,84.9520239,4.976380499999999,76.7907598,93.113288,..,..,..,..,..,..,..,..,..,1,..,..,..,..,..,..,..,..,..,0.875,..,..,..,..,..,..,..,0.7727273,..,..,0.6660999999999999,..,..,..,0.875
BENpv1998,Benin,BEN,Sub-Saharan Africa,Lower middle income,1998,pv,3,0.6227043,0.3435455,0.0592897,1.1861188999999999,76.53117929999999,5.8683067,66.9071562,86.1552023,..,..,..,..,..,..,..,..,..,..,..,..,..,..,..,..,..,..,..,0.8125,..,..,..,..,..,..,..,..,..,..,0.5364,..,..,..,0.875
BFApv1998,Burkina Faso,BFA,Sub-Saharan Africa,Low income,1998,pv,4,-0.051185299999999996,0.3277727,-0.5887325,0.48636189999999996,65.02006639999999,5.598882,55.8379,74.2022329,..,..,..,..,..,..,..,..,..,..,..,..,..,..,..,..,..,..,..,0.5625,..,..,..,..,..,..,..,0.7373737,..,..,0.5659,..,..,..,0.6875
BGDpv1998,Bangladesh,BGD,South Asia,Lower middle income,1998,pv,5,-0.6596660999999999,0.2913299,-1.1374471,-0.1818851,54.626240599999996,4.976380499999999,46.4649765,62.7875047,..,..,..,..,..,..,..,..,..,0.3125,..,..,..,..,..,..,..,..,..,0.5,..,..,..,..,..,..,..,0.7626263,..,..,0.4824,..,..,..,0.5625
BGRpv1998,Bulgaria,BGR,Europe & Central Asia,High income,1998,pv,5,0.5169467,0.2913299,0.0391657,0.9947277,74.72467019999999,4.976380499999999,66.5634061,82.8859343,..,..,..,..,..,..,..,..,..,0.75,..,..,..,..,..,..,..,..,..,0.5625,..,..,..,..,..,..,..,0.9141414,..,..,0.5233,..,..,..,0.8125
BHRpv1998,Bahrain,BHR,Middle East & North Africa,High income,1998,pv,4,-0.1052593,0.30406489999999997,-0.6039257,0.3934071,64.096396,5.1939147,55.578375799999996,72.6144161,..,..,..,..,..,..,..,..,..,0.3125,..,..,..,..,..,..,..,..,..,0.53125,..,..,..,..,..,..,..,0.7070706999999999,..,..,..,..,..,..,0.8125
BHSpv1998,"Bahamas, The",BHS,Latin America & Caribbean,High income,1998,pv,3,1.0185642,0.3462368,0.45073579999999996,1.5863926,83.2930999,5.9142791,73.5936821,92.9925177,..,..,..,..,..,..,..,..,..,..,..,..,..,..,..,..,..,..,..,1,..,..,..,..,..,..,..,0.8535353999999999,..,..,..,..,..,..,0.875
BIHpv1998,Bosnia and Herzegovina,BIH,Europe & Central Asia,Upper middle income,1998,pv,4,-0.7579416,0.3022371,-1.2536104,-0.2622728,52.9475378,5.1626929,44.4807214,61.4143541,..,..,..,..,..,..,..,..,..,0.5,..,..,..,..,..,..,..,..,..,0.5,..,..,..,..,..,..,..,..,..,..,0.5969,..,..,..,0.4375
BLRpv1998,Belarus,BLR,Europe & Central Asia,Upper middle income,1998,pv,4,0.217824,0.3277727,-0.3197232,0.7553712,69.6151758,5.598882,60.433009299999995,78.7973423,..,..,..,..,..,..,..,..,..,..,..,..,..,..,..,..,..,..,..,0.65625,..,..,..,..,..,..,..,0.8232322999999999,..,..,0.651,..,..,..,0.6875
BLZpv1998,Belize,BLZ,Latin America & Caribbean,Upper middle income,1998,pv,2,0.35429469999999996,0.36498749999999996,-0.2442848,0.9528742,71.9463138,6.2345706,61.7216179,82.17100959999999,..,..,..,..,..,..,..,..,..,..,..,..,..,..,..,..,..,..,..,0.875,..,..,..,..,..,..,..,..,..,..,..,..,..,..,0.75
BMUpv1998,Bermuda,BMU,North America,High income,1998,pv,1,0.7074891,0.41535,0.026315099999999998,1.3886631,77.97943939999999,7.0948427,66.3438973,89.61498139999999,..,..,..,..,..,..,..,..,..,..,..,..,..,..,..,..,..,..,..,..,..,..,..,..,..,..,..,..,..,..,..,..,..,..,0.875
BOLpv1998,Bolivia,BOL,Latin America & Caribbean,Lower middle income,1998,pv,5,-0.1789419,0.2913299,-0.6567229,0.29883909999999997,62.837779299999994,4.9763806,54.676515099999996,70.99904339999999,..,..,..,..,..,..,..,..,..,0.625,..,..,..,..,..,..,..,..,..,0.5625,..,..,..,..,..,..,..,0.5909091,..,..,0.6341,..,..,..,0.625
BRApv1998,Brazil,BRA,Latin America & Caribbean,Upper middle income,1998,pv,5,-0.10338159999999999,0.2913299,-0.5811626,0.3743994,64.1284701,4.976380499999999,55.967206,72.2897342,..,..,..,..,..,..,..,..,..,0.5,..,..,..,..,..,..,..,..,..,0.25,..,..,..,..,..,..,..,0.7373737,..,..,0.6472,..,..,..,0.75
BRBpv1998,Barbados,BRB,Latin America & Caribbean,High income,1998,pv,3,0.8862397,0.3435455,0.3228251,1.4496543,81.03278569999999,5.8683067,71.4087626,90.6568087,..,..,..,..,..,..,..,..,..,..,..,..,..,..,..,..,..,..,..,1,..,..,..,..,..,..,..,..,..,..,0.6091,..,..,..,0.875
BRNpv1998,Brunei Darussalam,BRN,East Asia & Pacific,High income,1998,pv,3,1.317516,0.3462368,0.7496876,1.8853444,88.3996751,5.9142791,78.70025729999999,98.0990929,..,..,..,..,..,..,..,..,..,..,..,..,..,..,..,..,..,..,..,0.875,..,..,..,..,..,..,..,0.8838383999999999,..,..,..,..,..,..,1
BTNpv1998,Bhutan,BTN,South Asia,Lower middle income,1998,pv,2,0.3223526,0.36498749999999996,-0.2762269,0.9209320999999999,71.4006916,6.2345706,61.175995799999995,81.6253874,..,..,..,..,..,..,..,..,..,..,..,..,..,..,..,..,..,..,..,0.84375,..,..,..,..,..,..,..,..,..,..,..,..,..,..,0.75
BWApv1998,Botswana,BWA,Sub-Saharan Africa,Upper middle income,1998,pv,5,1.1680872,0.2913299,0.6903062,1.6458682,85.84719199999999,4.976380499999999,77.6859279,94.00845609999999,..,..,..,..,..,..,..,..,..,0.75,..,..,..,..,..,..,..,..,..,0.75,..,..,..,..,..,..,..,0.9141414,..,..,0.6612,..,..,..,1
CAFpv1998,Central African Republic,CAF,Sub-Saharan Africa,Low income,1998,pv,3,-1.8641344,0.3435455,-2.427549,-1.3007198,34.0519944,5.8683067,24.4279714,43.6760175,..,..,..,..,..,..,..,..,..,..,..,..,..,..,..,..,..,..,..,0.5625,..,..,..,..,..,..,..,..,..,..,0.3697,..,..,..,0.1875
CANpv1998,Canada,CAN,North America,High income,1998,pv,5,1.1657222,0.2913299,0.6879411999999999,1.6435031999999998,85.806794,4.9763806,77.6455299,93.9680582,..,..,..,..,..,..,..,..,..,1,..,..,..,..,..,..,..,..,..,0.875,..,..,..,..,..,..,..,0.6868687,..,..,0.6541,..,..,..,0.9375
CHEpv1998,Switzerland,CHE,Europe & Central Asia,High income,1998,pv,5,1.5430366,0.2913299,1.0652556,2.0208176,92.25192779999999,4.8504074,84.0906637,100.0,..,..,..,..,..,..,..,..,..,1,..,..,..,..,..,..,..,..,..,1,..,..,..,..,..,..,..,0.8838383999999999,..,..,0.6495,..,..,..,1
CHLpv1998,Chile,CHL,Latin America & Caribbean,High income,1998,pv,5,0.2125076,0.2913299,-0.2652734,0.6902885999999999,69.5243632,4.976380499999999,61.3630991,77.6856273,..,..,..,..,..,..,..,..,..,0.5625,..,..,..,..,..,..,..,..,..,0.4375,..,..,..,..,..,..,..,0.8484847999999999,..,..,0.6879,..,..,..,0.75
CHNpv1998,China,CHN,East Asia & Pacific,Upper middle income,1998,pv,4,-0.35485659999999997,0.30406489999999997,-0.8535229999999999,0.1438098,59.8328746,5.1939147,51.314854499999996,68.35089479999999,..,..,..,..,..,..,..,..,..,0.4375,..,..,..,..,..,..,..,..,..,0.28125,..,..,..,..,..,..,..,0.7979798,..,..,..,..,..,..,0.6875
CIVpv1998,Côte d’Ivoire,CIV,Sub-Saharan Africa,Lower middle income,1998,pv,5,-0.33278949999999996,0.2913299,-0.8105705,0.1449915,60.209816,4.976380499999999,52.0485519,68.3710801,..,..,..,..,..,..,..,..,..,0.5625,..,..,..,..,..,..,..,..,..,0.53125,..,..,..,..,..,..,..,0.6515152,..,..,0.35769999999999996,..,..,..,0.6875
CMRpv1998,Cameroon,CMR,Sub-Saharan Africa,Lower middle income,1998,pv,5,-0.7679168,0.2913299,-1.2456977999999999,-0.2901358,52.777145399999995,4.976380499999999,44.6158813,60.9384095,..,..,..,..,..,..,..,..,..,0.375,..,..,..,..,..,..,..,..,..,0.21875,..,..,..,..,..,..,..,0.6262626,..,..,0.33199999999999996,..,..,..,0.6875
CODpv1998,"Congo, Dem. Rep.",COD,Sub-Saharan Africa,Low income,1998,pv,3,-2.7083762,0.3462368,-3.2762046,-2.1405478,19.630993399999998,5.9142791,9.9315756,29.3304112,..,..,..,..,..,..,..,..,..,..,..,..,..,..,..,..,..,..,..,0,..,..,..,..,..,..,..,0.24242419999999998,..,..,..,..,..,..,0.1875
COGpv1998,"Congo, Rep.",COG,Sub-Saharan Africa,Lower middle income,1998,pv,4,-2.0608401,0.3277727,-2.5983872999999997,-1.5232929,30.691946299999998,5.598882,21.5097798,39.8741127,..,..,..,..,..,..,..,..,..,..,..,..,..,..,..,..,..,..,..,0.28125,..,..,..,..,..,..,..,0.6767677,..,..,0.2602,..,..,..,0.1875
COLpv1998,Colombia,COL,Latin America & Caribbean,Upper middle income,1998,pv,5,-2.1730509,0.2913299,-2.6508319,-1.6952699,28.7752062,4.976380499999999,20.6139421,36.936470299999996,..,..,..,..,..,..,..,..,..,0.375,..,..,..,..,..,..,..,..,..,0,..,..,..,..,..,..,..,0.6111111,..,..,0.282,..,..,..,0.125
COMpv1998,Comoros,COM,Sub-Saharan Africa,Lower middle income,1998,pv,3,-0.0499571,0.3435455,-0.6133717,0.5134575,65.0410461,5.8683067,55.417023,74.6650691,..,..,..,..,..,..,..,..,..,..,..,..,..,..,..,..,..,..,..,1,..,..,..,..,..,..,..,..,..,..,0.4599,..,..,..,0.625
CPVpv1998,Cabo Verde,CPV,Sub-Saharan Africa,Upper middle income,1998,pv,2,1.1029609999999999,0.5245728,0.24266159999999998,1.9632604,84.73473229999999,8.960543,70.03944179999999,99.4300229,..,..,..,..,..,..,..,..,..,..,..,..,..,..,..,..,..,..,..,1,..,..,..,..,..,..,..,..,..,..,0.6733,..,..,..,..
CRIpv1998,Costa Rica,CRI,Latin America & Caribbean,High income,1998,pv,5,0.8557680999999999,0.2913299,0.37798709999999996,1.3335491,80.512282,4.976380499999999,72.3510179,88.6735461,..,..,..,..,..,..,..,..,..,0.875,..,..,..,..,..,..,..,..,..,0.875,..,..,..,..,..,..,..,0.9090908999999999,..,..,0.6839999999999999,..,..,..,0.75
CUBpv1998,Cuba,CUB,Latin America & Caribbean,Upper middle income,1998,pv,5,0.2436073,0.2913299,-0.23417369999999998,0.7213883,70.05559579999999,4.976380499999999,61.894331699999995,78.2168599,..,..,..,..,..,..,..,..,..,0.4375,..,..,..,..,..,..,..,..,..,0.5,..,..,..,..,..,..,..,0.8181818,..,..,0.695,..,..,..,0.8125
CYMpv1998,Cayman Islands,CYM,Latin America & Caribbean,High income,1998,pv,1,0.7074891,0.41535,0.026315099999999998,1.3886631,77.97943939999999,7.0948427,66.3438973,89.61498139999999,..,..,..,..,..,..,..,..,..,..,..,..,..,..,..,..,..,..,..,..,..,..,..,..,..,..,..,..,..,..,..,..,..,..,0.875
CYPpv1998,Cyprus,CYP,Europe & Central Asia,High income,1998,pv,5,0.46828,0.2913299,-0.009500999999999999,0.9460609999999999,73.8933651,4.976380499999999,65.732101,82.0546292,..,..,..,..,..,..,..,..,..,0.6875,..,..,..,..,..,..,..,..,..,0.84375,..,..,..,..,..,..,..,0.5959595999999999,..,..,0.6303,..,..,..,0.8125
CZEpv1998,Czechia,CZE,Europe & Central Asia,High income,1998,pv,5,0.9228073999999999,0.2913299,0.4450264,1.4005884,81.6574205,4.976380499999999,73.49615639999999,89.8186846,..,..,..,..,..,..,..,..,..,0.75,..,..,..,..,..,..,..,..,..,0.84375,..,..,..,..,..,..,..,0.8535353999999999,..,..,0.6745,..,..,..,0.875
DEUpv1998,Germany,DEU,Europe & Central Asia,High income,1998,pv,5,1.2564575999999998,0.2913299,0.7786765999999999,1.7342385999999999,87.3566999,4.976380499999999,79.1954358,95.51796399999999,..,..,..,..,..,..,..,..,..,1,..,..,..,..,..,..,..,..,..,1,..,..,..,..,..,..,..,0.8282828,..,..,0.6795,..,..,..,0.875
DJIpv1998,Djibouti,DJI,Middle East & North Africa,Lower middle income,1998,pv,3,-0.9402984,0.3435455,-1.5037129999999999,-0.3768838,49.832591799999996,5.8683067,40.2085687,59.4566148,..,..,..,..,..,..,..,..,..,..,..,..,..,..,..,..,..,..,..,0.375,..,..,..,..,..,..,..,..,..,..,0.641,..,..,..,0.4375
DMApv1998,Dominica,DMA,Latin America & Caribbean,Upper middle income,1998,pv,1,0.7074891,0.41535,0.026315099999999998,1.3886631,77.97943939999999,7.0948427,66.3438973,89.61498139999999,..,..,..,..,..,..,..,..,..,..,..,..,..,..,..,..,..,..,..,..,..,..,..,..,..,..,..,..,..,..,..,..,..,..,0.875
DNKpv1998,Denmark,DNK,Europe & Central Asia,High income,1998,pv,5,1.4364017999999998,0.2913299,0.9586207999999999,1.9141827999999999,90.4304348,4.976380499999999,82.26917069999999,98.5916989,..,..,..,..,..,..,..,..,..,1,..,..,..,..,..,..,..,..,..,1,..,..,..,..,..,..,..,0.9090908999999999,..,..,0.6557,..,..,..,0.9375
DOMpv1998,Dominican Republic,DOM,Latin America & Caribbean,Upper middle income,1998,pv,5,-0.45239229999999997,0.2913299,-0.9301733,0.0253887,58.1668088,4.976380499999999,50.005544699999994,66.3280729,..,..,..,..,..,..,..,..,..,0.375,..,..,..,..,..,..,..,..,..,0.375,..,..,..,..,..,..,..,0.7070706999999999,..,..,0.4889,..,..,..,0.6875
DZApv1998,Algeria,DZA,Middle East & North Africa,Upper middle income,1998,pv,5,-2.1232672999999997,0.2913299,-2.6010483,-1.6454863,29.6255898,4.976380499999999,21.4643257,37.7868539,..,..,..,..,..,..,..,..,..,0,..,..,..,..,..,..,..,..,..,0.375,..,..,..,..,..,..,..,0.38383839999999997,..,..,0.5374,..,..,..,0.1875
ECUpv1998,Ecuador,ECU,Latin America & Caribbean,Upper middle income,1998,pv,5,-0.4434826,0.2913299,-0.9212636,0.0342984,58.3190007,4.976380499999999,50.1577366,66.4802648,..,..,..,..,..,..,..,..,..,0.4375,..,..,..,..,..,..,..,..,..,0.625,..,..,..,..,..,..,..,0.7676767999999999,..,..,0.4891,..,..,..,0.5625
EGYpv1998,"Egypt, Arab Rep.",EGY,Middle East & North Africa,Lower middle income,1998,pv,5,-0.3972691,0.2913299,-0.8750500999999999,0.0805119,59.1084013,4.976380499999999,50.9471372,67.2696654,..,..,..,..,..,..,..,..,..,0.6875,..,..,..,..,..,..,..,..,..,0.625,..,..,..,..,..,..,..,0.8484847999999999,..,..,0.3414,..,..,..,0.5
ERIpv1998,Eritrea,ERI,Sub-Saharan Africa,Low income,1998,pv,2,-1.7583227,0.36498749999999996,-2.3569022,-1.1597431999999999,35.8594276,6.2345706,25.634731799999997,46.084123399999996,..,..,..,..,..,..,..,..,..,..,..,..,..,..,..,..,..,..,..,0.65625,..,..,..,..,..,..,..,..,..,..,..,..,..,..,0.1875
ESPpv1998,Spain,ESP,Europe & Central Asia,High income,1998,pv,5,0.20967049999999998,0.2913299,-0.2681105,0.6874515,69.475901,4.976380499999999,61.314636899999996,77.63716509999999,..,..,..,..,..,..,..,..,..,0.8125,..,..,..,..,..,..,..,..,..,0.6875,..,..,..,..,..,..,..,0.6212120999999999,..,..,0.5925,..,..,..,0.6875
ESTpv1998,Estonia,EST,Europe & Central Asia,High income,1998,pv,5,0.7659701,0.2913299,0.2881891,1.2437510999999999,78.9783884,4.976380499999999,70.8171243,87.1396525,..,..,..,..,..,..,..,..,..,0.6875,..,..,..,..,..,..,..,..,..,0.875,..,..,..,..,..,..,..,0.7424242,..,..,0.6517,..,..,..,0.875
ETHpv1998,Ethiopia,ETH,Sub-Saharan Africa,,1998,pv,5,-1.0843672,0.2913299,-1.5621482,-0.6065862,47.3716661,4.976380499999999,39.210401999999995,55.532930199999996,..,..,..,..,..,..,..,..,..,0.3125,..,..,..,..,..,..,..,..,..,0.65625,..,..,..,..,..,..,..,0.7373737,..,..,0.37029999999999996,..,..,..,0.375
FINpv1998,Finland,FIN,Europe & Central Asia,High income,1998,pv,5,1.5572203999999998,0.2913299,1.0794394,2.0350014,92.4942098,4.7765409,84.3329457,100.0,..,..,..,..,..,..,..,..,..,1,..,..,..,..,..,..,..,..,..,1,..,..,..,..,..,..,..,0.8787879,..,..,0.6694,..,..,..,1
FJIpv1998,Fiji,FJI,East Asia & Pacific,Upper middle income,1998,pv,3,0.8011511,0.3435455,0.2377365,1.3645657,79.5793362,5.8683067,69.95531319999999,89.2033593,..,..,..,..,..,..,..,..,..,..,..,..,..,..,..,..,..,..,..,0.875,..,..,..,..,..,..,..,..,..,..,0.6309,..,..,..,0.875
FRApv1998,France,FRA,Europe & Central Asia,High income,1998,pv,5,0.7452015,0.2913299,0.2674205,1.2229824999999999,78.6236275,4.976380499999999,70.4623634,86.7848916,..,..,..,..,..,..,..,..,..,0.9375,..,..,..,..,..,..,..,..,..,0.71875,..,..,..,..,..,..,..,0.8535353999999999,..,..,0.6581,..,..,..,0.75
GABpv1998,Gabon,GAB,Sub-Saharan Africa,Upper middle income,1998,pv,5,0.138267,0.2913299,-0.339514,0.6160479999999999,68.2562149,4.976380499999999,60.0949508,76.417479,..,..,..,..,..,..,..,..,..,0.3125,..,..,..,..,..,..,..,..,..,0.8125,..,..,..,..,..,..,..,0.7070706999999999,..,..,0.30879999999999996,..,..,..,0.9375
GBRpv1998,United Kingdom,GBR,Europe & Central Asia,High income,1998,pv,5,1.0883512,0.2913299,0.6105702,1.5661322,84.4851735,4.9763806,76.32390939999999,92.64643769999999,..,..,..,..,..,..,..,..,..,0.9375,..,..,..,..,..,..,..,..,..,0.8125,..,..,..,..,..,..,..,0.8535353999999999,..,..,0.6738999999999999,..,..,..,0.875
GEOpv1998,Georgia,GEO,Europe & Central Asia,Upper middle income,1998,pv,3,-2.0672234,0.3435455,-2.630638,-1.5038087999999998,30.582909299999997,5.8683067,20.9588862,40.2069323,..,..,..,..,..,..,..,..,..,..,..,..,..,..,..,..,..,..,..,0.21875,..,..,..,..,..,..,..,..,..,..,0.3094,..,..,..,0.25
GHApv1998,Ghana,GHA,Sub-Saharan Africa,Lower middle income,1998,pv,5,-0.6059312,0.2913299,-1.0837122,-0.1281502,55.5441187,4.976380499999999,47.382854599999995,63.705382799999995,..,..,..,..,..,..,..,..,..,0.4375,..,..,..,..,..,..,..,..,..,0.8125,..,..,..,..,..,..,..,0.6565656999999999,..,..,0.42769999999999997,..,..,..,0.5
GINpv1998,Guinea,GIN,Sub-Saharan Africa,Lower middle income,1998,pv,4,-0.674665,0.3277727,-1.2122122,-0.13711779999999998,54.3700354,5.598882,45.1878689,63.5522018,..,..,..,..,..,..,..,..,..,..,..,..,..,..,..,..,..,..,..,0.5,..,..,..,..,..,..,..,0.5909091,..,..,0.3563,..,..,..,0.625
GMBpv1998,"Gambia, The",GMB,Sub-Saharan Africa,Low income,1998,pv,4,0.4993911,0.3277727,-0.0381561,1.0369382999999999,74.4247925,5.598882,65.242626,83.6069589,..,..,..,..,..,..,..,..,..,..,..,..,..,..,..,..,..,..,..,0.8125,..,..,..,..,..,..,..,0.8535353999999999,..,..,0.46509999999999996,..,..,..,0.8125
GNBpv1998,Guinea-Bissau,GNB,Sub-Saharan Africa,Low income,1998,pv,4,-1.9929872,0.3277727,-2.5305344,-1.4554399999999998,31.8509824,5.598882,22.6688159,41.0331488,..,..,..,..,..,..,..,..,..,..,..,..,..,..,..,..,..,..,..,0.125,..,..,..,..,..,..,..,0.6212120999999999,..,..,0.6225999999999999,..,..,..,0.125
GNQpv1998,Equatorial Guinea,GNQ,Sub-Saharan Africa,Upper middle income,1998,pv,4,-0.1985765,0.3022371,-0.6942453,0.2970923,62.5023889,5.1626929,54.0355725,70.96920519999999,..,..,..,..,..,..,..,..,..,0.1875,..,..,..,..,..,..,..,..,..,0.5,..,..,..,..,..,..,..,..,..,..,0.3388,..,..,..,0.9375
GRCpv1998,Greece,GRC,Europe & Central Asia,High income,1998,pv,5,0.7352976,0.2913299,0.2575166,1.2130786,78.454453,4.976380499999999,70.29318889999999,86.6157171,..,..,..,..,..,..,..,..,..,0.5625,..,..,..,..,..,..,..,..,..,0.9375,..,..,..,..,..,..,..,0.9090908999999999,..,..,0.7011,..,..,..,0.8125
GRDpv1998,Grenada,GRD,Latin America & Caribbean,Upper middle income,1998,pv,2,0.6919546999999999,0.36498749999999996,0.09337519999999999,1.2905342,77.7140869,6.2345706,67.48939109999999,87.9387828,..,..,..,..,..,..,..,..,..,..,..,..,..,..,..,..,..,..,..,1,..,..,..,..,..,..,..,..,..,..,..,..,..,..,0.8125
GTMpv1998,Guatemala,GTM,Latin America & Caribbean,Upper middle income,1998,pv,5,-1.2657645,0.2913299,-1.7435455,-0.7879835,44.2731099,4.976380499999999,36.1118458,52.434374,..,..,..,..,..,..,..,..,..,0.125,..,..,..,..,..,..,..,..,..,0.46875,..,..,..,..,..,..,..,0.7373737,..,..,0.219,..,..,..,0.5
GUFpv1998,French Guiana,GUF,,,1998,pv,1,-0.107944,0.41535,-0.789118,0.57323,64.05053699999999,7.0948427,52.414995,75.6860791,..,..,..,..,..,..,..,..,..,..,..,..,..,..,..,..,..,..,..,..,..,..,..,..,..,..,..,..,..,..,..,..,..,..,0.6875
GUYpv1998,Guyana,GUY,Latin America & Caribbean,High income,1998,pv,4,-0.2680843,0.3277727,-0.8056315,0.2694629,61.315084399999996,5.598882,52.132917899999995,70.4972509,..,..,..,..,..,..,..,..,..,..,..,..,..,..,..,..,..,..,..,0.9375,..,..,..,..,..,..,..,0.6818181999999999,..,..,0.4568,..,..,..,0.5625
HKGpv1998,"Hong Kong SAR, China",HKG,East Asia & Pacific,High income,1998,pv,4,0.8513637,0.31509139999999997,0.33461379999999996,1.3681136,80.4370478,5.3822654,71.61013249999999,89.2639631,..,..,..,..,..,..,..,..,..,0.5625,..,..,..,..,..,..,..,..,..,..,..,..,..,..,..,..,..,0.8535353999999999,..,..,0.6556,..,..,..,0.9375
HNDpv1998,Honduras,HND,Latin America & Caribbean,Lower middle income,1998,pv,5,-0.28093999999999997,0.2913299,-0.758721,0.196841,61.095488499999995,4.976380499999999,52.9342244,69.2567526,..,..,..,..,..,..,..,..,..,0.4375,..,..,..,..,..,..,..,..,..,0.65625,..,..,..,..,..,..,..,0.8232322999999999,..,..,0.4476,..,..,..,0.625
HRVpv1998,Croatia,HRV,Europe & Central Asia,High income,1998,pv,5,0.0201128,0.2913299,-0.45766819999999997,0.4978938,66.2379521,4.976380499999999,58.076688,74.3992162,..,..,..,..,..,..,..,..,..,0.375,..,..,..,..,..,..,..,..,..,0.625,..,..,..,..,..,..,..,0.8535353999999999,..,..,0.5452,..,..,..,0.75
HTIpv1998,Haiti,HTI,Latin America & Caribbean,Lower middle income,1998,pv,4,-1.1738817,0.3277727,-1.7114289,-0.6363345,45.8426152,5.598882,36.660448699999996,55.0247816,..,..,..,..,..,..,..,..,..,..,..,..,..,..,..,..,..,..,..,0.5,..,..,..,..,..,..,..,0.4343434,..,..,0.3621,..,..,..,0.5
HUNpv1998,Hungary,HUN,Europe & Central Asia,High income,1998,pv,5,1.1940458999999999,0.2913299,0.7162649,1.6718269,86.2906082,4.976380499999999,78.1293441,94.45187229999999,..,..,..,..,..,..,..,..,..,0.8125,..,..,..,..,..,..,..,..,..,0.9375,..,..,..,..,..,..,..,0.9141414,..,..,0.6346999999999999,..,..,..,0.9375
IDNpv1998,Indonesia,IDN,East Asia & Pacific,Upper middle income,1998,pv,5,-1.693693,0.2913299,-2.171474,-1.2159119999999999,36.963406299999995,4.976380499999999,28.8021422,45.1246704,..,..,..,..,..,..,..,..,..,0.125,..,..,..,..,..,..,..,..,..,0.0625,..,..,..,..,..,..,..,0.44444439999999996,..,..,0.45399999999999996,..,..,..,0.4375
INDpv1998,India,IND,South Asia,Lower middle income,1998,pv,5,-1.0558979,0.2913299,-1.5336789,-0.5781168999999999,47.8579673,4.976380499999999,39.6967032,56.019231399999995,..,..,..,..,..,..,..,..,..,0.75,..,..,..,..,..,..,..,..,..,0.0625,..,..,..,..,..,..,..,0.5959595999999999,..,..,0.47769999999999996,..,..,..,0.375
IRLpv1998,Ireland,IRL,Europe & Central Asia,High income,1998,pv,5,1.4992086,0.2913299,1.0214276,1.9769896,91.5032755,4.976380499999999,83.34201139999999,99.6645396,..,..,..,..,..,..,..,..,..,1,..,..,..,..,..,..,..,..,..,1,..,..,..,..,..,..,..,0.9696969999999999,..,..,0.6682,..,..,..,0.9375
IRNpv1998,"Iran, Islamic Rep.",IRN,Middle East & North Africa,Upper middle income,1998,pv,5,-0.6065297,0.2913299,-1.0843106999999998,-0.1287487,55.5338953,4.976380499999999,47.3726312,63.695159399999994,..,..,..,..,..,..,..,..,..,0.3125,..,..,..,..,..,..,..,..,..,0.21875,..,..,..,..,..,..,..,0.7929293,..,..,0.5654,..,..,..,0.625
IRQpv1998,Iraq,IRQ,Middle East & North Africa,Upper middle income,1998,pv,5,-1.3613194,0.2913299,-1.8391004,-0.8835384,42.640879299999995,4.976380499999999,34.4796152,50.8021434,..,..,..,..,..,..,..,..,..,0,..,..,..,..,..,..,..,..,..,0,..,..,..,..,..,..,..,0.5050505,..,..,0.3583,..,..,..,0.6875
ISLpv1998,Iceland,ISL,Europe & Central Asia,High income,1998,pv,4,1.4840143,0.3277727,0.9464671,2.0215615,91.2437325,5.4690347,82.0615661,100.0,..,..,..,..,..,..,..,..,..,..,..,..,..,..,..,..,..,..,..,1,..,..,..,..,..,..,..,0.9393939,..,..,0.6614,..,..,..,1
ISRpv1998,Israel,ISR,Middle East & North Africa,High income,1998,pv,5,-0.8898288999999999,0.2913299,-1.3676099,-0.41204789999999997,50.6946916,4.976380499999999,42.533427499999995,58.855955699999996,..,..,..,..,..,..,..,..,..,0.3125,..,..,..,..,..,..,..,..,..,0.5625,..,..,..,..,..,..,..,0.4191919,..,..,0.6475,..,..,..,0.5
ITApv1998,Italy,ITA,Europe & Central Asia,High income,1998,pv,5,1.276562,0.2913299,0.798781,1.754343,87.7001152,4.976380499999999,79.5388511,95.8613793,..,..,..,..,..,..,..,..,..,1,..,..,..,..,..,..,..,..,..,0.96875,..,..,..,..,..,..,..,0.8787879,..,..,0.6770999999999999,..,..,..,0.875
JAMpv1998,Jamaica,JAM,Latin America & Caribbean,Upper middle income,1998,pv,5,-0.33427439999999997,0.2913299,-0.8120554,0.14350659999999998,60.184451599999996,4.976380499999999,52.0231875,68.3457157,..,..,..,..,..,..,..,..,..,0.5,..,..,..,..,..,..,..,..,..,0.625,..,..,..,..,..,..,..,0.8232322999999999,..,..,0.345,..,..,..,0.625
JORpv1998,Jordan,JOR,Middle East & North Africa,Lower middle income,1998,pv,5,-0.2592859,0.2913299,-0.7370669,0.2184951,61.4653752,4.9763806,53.304111,69.6266393,..,..,..,..,..,..,..,..,..,0.3125,..,..,..,..,..,..,..,..,..,0.78125,..,..,..,..,..,..,..,0.8535353999999999,..,..,0.4896,..,..,..,0.625
JPNpv1998,Japan,JPN,East Asia & Pacific,High income,1998,pv,5,1.3641788,0.2913299,0.8863978,1.8419598,89.1967504,4.976380499999999,81.0354863,97.3580145,..,..,..,..,..,..,..,..,..,1,..,..,..,..,..,..,..,..,..,0.875,..,..,..,..,..,..,..,0.9090908999999999,..,..,0.6656,..,..,..,0.9375
KAZpv1998,Kazakhstan,KAZ,Europe & Central Asia,Upper middle income,1998,pv,5,0.0667855,0.2913299,-0.41099549999999996,0.5445665,67.0351965,4.976380499999999,58.873932399999994,75.1964606,..,..,..,..,..,..,..,..,..,0.25,..,..,..,..,..,..,..,..,..,0.75,..,..,..,..,..,..,..,0.8535353999999999,..,..,0.6417999999999999,..,..,..,0.75
KENpv1998,Kenya,KEN,Sub-Saharan Africa,Lower middle income,1998,pv,5,-1.2950157,0.2913299,-1.7727967,-0.8172347,43.7734526,4.976380499999999,35.612188499999995,51.934716699999996,..,..,..,..,..,..,..,..,..,0.3125,..,..,..,..,..,..,..,..,..,0.375,..,..,..,..,..,..,..,0.6212120999999999,..,..,0.3023,..,..,..,0.4375
KGZpv1998,Kyrgyz Republic,KGZ,Europe & Central Asia,Lower middle income,1998,pv,3,-0.5150958,0.3435455,-1.0785103999999999,0.048318799999999995,57.0957327,5.8683067,47.4717096,66.7197557,..,..,..,..,..,..,..,..,..,..,..,..,..,..,..,..,..,..,..,0.8125,..,..,..,..,..,..,..,..,..,..,0.6635,..,..,..,0.4375
KHMpv1998,Cambodia,KHM,East Asia & Pacific,Lower middle income,1998,pv,4,-1.3628292,0.3022371,-1.858498,-0.8671603999999999,42.615089499999996,5.1626929,34.1482731,51.081905899999995,..,..,..,..,..,..,..,..,..,0.1875,..,..,..,..,..,..,..,..,..,0.09375,..,..,..,..,..,..,..,..,..,..,0.3228,..,..,..,0.5625
KORpv1998,"Korea, Rep.",KOR,East Asia & Pacific,High income,1998,pv,5,0.5228693,0.2913299,0.0450883,1.0006503,74.8258377,4.976380499999999,66.6645736,82.98710179999999,..,..,..,..,..,..,..,..,..,0.625,..,..,..,..,..,..,..,..,..,0.8125,..,..,..,..,..,..,..,0.8787879,..,..,0.6646,..,..,..,0.75
KWTpv1998,Kuwait,KWT,Middle East & North Africa,High income,1998,pv,5,0.36310929999999997,0.2913299,-0.1146717,0.8408903,72.0968812,4.976380499999999,63.935617099999995,80.2581453,..,..,..,..,..,..,..,..,..,0.4375,..,..,..,..,..,..,..,..,..,0.8125,..,..,..,..,..,..,..,0.8232322999999999,..,..,0.5998,..,..,..,0.8125
LAOpv1998,Lao PDR,LAO,East Asia & Pacific,Lower middle income,1998,pv,3,-0.27294979999999996,0.3435455,-0.8363644,0.29046479999999997,61.2319739,5.8683067,51.6079508,70.8559969,..,..,..,..,..,..,..,..,..,..,..,..,..,..,..,..,..,..,..,0.65625,..,..,..,..,..,..,..,..,..,..,0.6726,..,..,..,0.5625
LBNpv1998,Lebanon,LBN,Middle East & North Africa,Lower middle income,1998,pv,5,-0.7986765,0.2913299,-1.2764575,-0.3208955,52.2517205,4.976380499999999,44.0904564,60.412984599999994,..,..,..,..,..,..,..,..,..,0.1875,..,..,..,..,..,..,..,..,..,0.5,..,..,..,..,..,..,..,0.8232322999999999,..,..,0.4113,..,..,..,0.5625
LBRpv1998,Liberia,LBR,Sub-Saharan Africa,Low income,1998,pv,4,-1.9934702,0.3277727,-2.5310174,-1.4559229999999999,31.842731999999998,5.598882,22.6605655,41.0248984,..,..,..,..,..,..,..,..,..,..,..,..,..,..,..,..,..,..,..,0.09375,..,..,..,..,..,..,..,0.6515152,..,..,0.4723,..,..,..,0.1875
LBYpv1998,Libya,LBY,Middle East & North Africa,Upper middle income,1998,pv,4,-0.6428417,0.30406489999999997,-1.1415081,-0.1441753,54.9136283,5.1939147,46.3956081,63.4316484,..,..,..,..,..,..,..,..,..,0.125,..,..,..,..,..,..,..,..,..,0.34375,..,..,..,..,..,..,..,0.6464646,..,..,..,..,..,..,0.75
LCApv1998,St. Lucia,LCA,Latin America & Caribbean,Upper middle income,1998,pv,1,0.2434229,0.6122478,-0.7606634999999999,1.2475093,70.052446,10.4581723,52.9010434,87.2038486,..,..,..,..,..,..,..,..,..,..,..,..,..,..,..,..,..,..,..,0.75,..,..,..,..,..,..,..,..,..,..,..,..,..,..,..
LIEpv1998,Liechtenstein,LIE,Europe & Central Asia,High income,1998,pv,1,1.2511111,0.41535,0.5699371,1.9322850999999999,87.26537309999999,7.0948427,75.62983109999999,98.9009152,..,..,..,..,..,..,..,..,..,..,..,..,..,..,..,..,..,..,..,..,..,..,..,..,..,..,..,..,..,..,..,..,..,..,1
LKApv1998,Sri Lanka,LKA,South Asia,Lower middle income,1998,pv,5,-1.6650455,0.2913299,-2.1428265,-1.1872645,37.4527514,4.976380499999999,29.2914873,45.6140155,..,..,..,..,..,..,..,..,..,0.25,..,..,..,..,..,..,..,..,..,0.1875,..,..,..,..,..,..,..,0.35858589999999996,..,..,0.3413,..,..,..,0.4375
LSOpv1998,Lesotho,LSO,Sub-Saharan Africa,Lower middle income,1998,pv,3,-0.512429,0.3435455,-1.0758436,0.0509856,57.1412859,5.8683067,47.5172628,66.7653089,..,..,..,..,..,..,..,..,..,..,..,..,..,..,..,..,..,..,..,0.625,..,..,..,..,..,..,..,..,..,..,0.3646,..,..,..,0.625
LTUpv1998,Lithuania,LTU,Europe & Central Asia,High income,1998,pv,5,0.6229570999999999,0.2913299,0.1451761,1.1007381,76.53549749999999,4.976380499999999,68.3742334,84.6967616,..,..,..,..,..,..,..,..,..,0.5,..,..,..,..,..,..,..,..,..,0.875,..,..,..,..,..,..,..,0.6212120999999999,..,..,0.6648,..,..,..,0.9375
LUXpv1998,Luxembourg,LUX,Europe & Central Asia,High income,1998,pv,4,1.4656867999999998,0.3277727,0.9281396,2.003234,90.9306695,5.5644808,81.748503,100.0,..,..,..,..,..,..,..,..,..,..,..,..,..,..,..,..,..,..,..,1,..,..,..,..,..,..,..,0.9141414,..,..,0.6688,..,..,..,1
LVApv1998,Latvia,LVA,Europe & Central Asia,High income,1998,pv,5,0.24950499999999998,0.2913299,-0.22827599999999998,0.727286,70.15633799999999,4.976380499999999,61.995073899999994,78.3176021,..,..,..,..,..,..,..,..,..,0.375,..,..,..,..,..,..,..,..,..,0.6875,..,..,..,..,..,..,..,0.6212120999999999,..,..,0.6719999999999999,..,..,..,0.875
MACpv1998,"Macao SAR, China",MAC,East Asia & Pacific,High income,1998,pv,1,0.16386699999999998,0.41535,-0.517307,0.8450409999999999,68.6935039,7.0948427,57.057961799999994,80.3290459,..,..,..,..,..,..,..,..,..,..,..,..,..,..,..,..,..,..,..,..,..,..,..,..,..,..,..,..,..,..,..,..,..,..,0.75
MARpv1998,Morocco,MAR,Middle East & North Africa,Lower middle income,1998,pv,5,-0.0087862,0.2913299,-0.4865672,0.4689948,65.7443109,4.976380499999999,57.5830468,73.905575,..,..,..,..,..,..,..,..,..,0.5625,..,..,..,..,..,..,..,..,..,0.8125,..,..,..,..,..,..,..,0.8535353999999999,..,..,0.4697,..,..,..,0.625
MDApv1998,Moldova,MDA,Europe & Central Asia,Upper middle income,1998,pv,5,0.0775608,0.2913299,-0.40022019999999997,0.5553418,67.2192559,4.976380499999999,59.057991799999996,75.38051999999999,..,..,..,..,..,..,..,..,..,0.1875,..,..,..,..,..,..,..,..,..,0.96875,..,..,..,..,..,..,..,0.9090908999999999,..,..,0.6604,..,..,..,0.6875
MDGpv1998,Madagascar,MDG,Sub-Saharan Africa,Low income,1998,pv,4,0.0801906,0.3277727,-0.4573566,0.6177378,67.2641771,5.598882,58.0820106,76.4463435,..,..,..,..,..,..,..,..,..,..,..,..,..,..,..,..,..,..,..,0.8125,..,..,..,..,..,..,..,0.6515152,..,..,0.5805,..,..,..,0.6875
MDVpv1998,Maldives,MDV,South Asia,Upper middle income,1998,pv,3,1.2252809999999998,0.3435455,0.6618664,1.7886955999999998,86.8241537,5.8683067,77.2001306,96.44817669999999,..,..,..,..,..,..,..,..,..,..,..,..,..,..,..,..,..,..,..,0.875,..,..,..,..,..,..,..,..,..,..,0.6714,..,..,..,1
MEXpv1998,Mexico,MEX,Latin America & Caribbean,Upper middle income,1998,pv,5,-0.3811671,0.2913299,-0.8589481,0.0966139,59.383449199999994,4.976380499999999,51.2221851,67.5447133,..,..,..,..,..,..,..,..,..,0.375,..,..,..,..,..,..,..,..,..,0.375,..,..,..,..,..,..,..,0.7323232,..,..,0.5427,..,..,..,0.6875
MKDpv1998,North Macedonia,MKD,Europe & Central Asia,Upper middle income,1998,pv,4,-1.1911397,0.3022371,-1.6868085,-0.6954709,45.5478209,5.1626929,37.0810046,54.0146373,..,..,..,..,..,..,..,..,..,0.0625,..,..,..,..,..,..,..,..,..,0.78125,..,..,..,..,..,..,..,..,..,..,0.5787,..,..,..,0.375
MLIpv1998,Mali,MLI,Sub-Saharan Africa,Low income,1998,pv,4,0.1435941,0.3277727,-0.3939531,0.6811413,68.3472103,5.598882,59.1650439,77.5293768,..,..,..,..,..,..,..,..,..,..,..,..,..,..,..,..,..,..,..,0.8125,..,..,..,..,..,..,..,0.8535353999999999,..,..,0.45039999999999997,..,..,..,0.6875
MLTpv1998,Malta,MLT,Middle East & North Africa,High income,1998,pv,4,1.3234705999999998,0.3277727,0.7859233999999999,1.8610178,88.50138919999999,5.598882,79.3192227,97.68355559999999,..,..,..,..,..,..,..,..,..,..,..,..,..,..,..,..,..,..,..,1,..,..,..,..,..,..,..,0.9696969999999999,..,..,0.497,..,..,..,1
MMRpv1998,Myanmar,MMR,East Asia & Pacific,Lower middle income,1998,pv,4,-1.6349614,0.30406489999999997,-2.1336277999999997,-1.136295,37.966636,5.1939148,29.4486158,46.484656199999996,..,..,..,..,..,..,..,..,..,0,..,..,..,..,..,..,..,..,..,0.15625,..,..,..,..,..,..,..,0.6515152,..,..,..,..,..,..,0.4375
MNEpv1998,Montenegro,MNE,Europe & Central Asia,Upper middle income,1998,pv,1,0.0675725,0.7209384999999999,-1.1147666,1.2499116,67.0486397,12.314782899999999,46.852395699999995,87.2448837,..,..,..,..,..,..,..,..,..,..,..,..,..,..,..,..,..,..,..,..,..,..,..,..,..,..,..,..,..,..,0.5626,..,..,..,..
MNGpv1998,Mongolia,MNG,East Asia & Pacific,Upper middle income,1998,pv,4,0.38534949999999996,0.3277727,-0.1521977,0.9228966999999999,72.4767794,5.598882,63.294613,81.65894589999999,..,..,..,..,..,..,..,..,..,..,..,..,..,..,..,..,..,..,..,0.6875,..,..,..,..,..,..,..,0.7323232,..,..,0.5661999999999999,..,..,..,0.8125
MOZpv1998,Mozambique,MOZ,Sub-Saharan Africa,Low income,1998,pv,5,0.037929,0.2913299,-0.43985199999999997,0.51571,66.5422813,4.976380499999999,58.381017199999995,74.7035454,..,..,..,..,..,..,..,..,..,0.5,..,..,..,..,..,..,..,..,..,0.5,..,..,..,..,..,..,..,0.7070706999999999,..,..,0.36319999999999997,..,..,..,0.875
MRTpv1998,Mauritania,MRT,Sub-Saharan Africa,Lower middle income,1998,pv,3,0.0122329,0.3435455,-0.5511817,0.5756475,66.1033508,5.8683067,56.4793277,75.7273738,..,..,..,..,..,..,..,..,..,..,..,..,..,..,..,..,..,..,..,0.8125,..,..,..,..,..,..,..,..,..,..,0.4956,..,..,..,0.6875
MTQpv1998,Martinique,MTQ,,,1998,pv,1,0.16386699999999998,0.41535,-0.517307,0.8450409999999999,68.6935039,7.0948427,57.057961799999994,80.3290459,..,..,..,..,..,..,..,..,..,..,..,..,..,..,..,..,..,..,..,..,..,..,..,..,..,..,..,..,..,..,..,..,..,..,0.75
MUSpv1998,Mauritius,MUS,Sub-Saharan Africa,Upper middle income,1998,pv,3,0.9258552,0.4046106,0.26229379999999997,1.5894165999999998,81.70948179999999,6.9113967,70.37479119999999,93.0441725,..,..,..,..,..,..,..,..,..,0.9375,..,..,..,..,..,..,..,..,..,0.8125,..,..,..,..,..,..,..,..,..,..,0.5605,..,..,..,..
MWIpv1998,Malawi,MWI,Sub-Saharan Africa,Low income,1998,pv,5,-0.5156138,0.2913299,-0.9933947999999999,-0.0378328,57.086884399999995,4.976380499999999,48.9256203,65.2481485,..,..,..,..,..,..,..,..,..,0.1875,..,..,..,..,..,..,..,..,..,0.8125,..,..,..,..,..,..,..,0.8535353999999999,..,..,0.6137,..,..,..,0.5
MYSpv1998,Malaysia,MYS,East Asia & Pacific,Upper middle income,1998,pv,5,-0.08071529999999999,0.2913299,-0.5584963,0.39706569999999997,64.5156468,4.976380499999999,56.354382699999995,72.6769109,..,..,..,..,..,..,..,..,..,0.4375,..,..,..,..,..,..,..,..,..,0.625,..,..,..,..,..,..,..,0.7373737,..,..,0.4753,..,..,..,0.75
NAMpv1998,Namibia,NAM,Sub-Saharan Africa,Lower middle income,1998,pv,5,0.41547609999999996,0.2913299,-0.062304899999999996,0.8932570999999999,72.99139,4.976380499999999,64.8301259,81.15265409999999,..,..,..,..,..,..,..,..,..,0.4375,..,..,..,..,..,..,..,..,..,0.75,..,..,..,..,..,..,..,0.9141414,..,..,0.47309999999999997,..,..,..,0.875
NERpv1998,Niger,NER,Sub-Saharan Africa,Low income,1998,pv,4,-0.6649134999999999,0.3277727,-1.2024607,-0.1273663,54.5366066,5.598882,45.3544401,63.718773,..,..,..,..,..,..,..,..,..,..,..,..,..,..,..,..,..,..,..,0.625,..,..,..,..,..,..,..,0.6818181999999999,..,..,0.4824,..,..,..,0.5
NGApv1998,Nigeria,NGA,Sub-Saharan Africa,Lower middle income,1998,pv,5,-1.115589,0.2913299,-1.59337,-0.6378079999999999,46.8383478,4.976380499999999,38.6770837,54.9996119,..,..,..,..,..,..,..,..,..,0.25,..,..,..,..,..,..,..,..,..,0.625,..,..,..,..,..,..,..,0.7121212,..,..,0.3044,..,..,..,0.4375
NICpv1998,Nicaragua,NIC,Latin America & Caribbean,Lower middle income,1998,pv,5,-0.6645044,0.2913299,-1.1422854,-0.18672339999999998,54.5435947,4.976380499999999,46.382330599999996,62.7048588,..,..,..,..,..,..,..,..,..,0.3125,..,..,..,..,..,..,..,..,..,0.5,..,..,..,..,..,..,..,0.7323232,..,..,0.5048,..,..,..,0.5625
NLDpv1998,Netherlands,NLD,Europe & Central Asia,High income,1998,pv,5,1.6332106,0.2913299,1.1554296,2.1109915999999997,93.79224409999999,4.3807988,85.63098,100.0,..,..,..,..,..,..,..,..,..,1,..,..,..,..,..,..,..,..,..,1,..,..,..,..,..,..,..,0.9696969999999999,..,..,0.6685,..,..,..,1
NORpv1998,Norway,NOR,Europe & Central Asia,High income,1998,pv,5,1.5392348999999999,0.2913299,1.0614539,2.0170159,92.1869887,4.8702059,84.02572459999999,100.0,..,..,..,..,..,..,..,..,..,1,..,..,..,..,..,..,..,..,..,1,..,..,..,..,..,..,..,0.8838383999999999,..,..,0.6454,..,..,..,1
NPLpv1998,Nepal,NPL,South Asia,Lower middle income,1998,pv,3,-0.8297528,0.3435455,-1.3931673999999998,-0.26633819999999997,51.720887499999996,5.8683067,42.096864499999995,61.3449106,..,..,..,..,..,..,..,..,..,..,..,..,..,..,..,..,..,..,..,0.21875,..,..,..,..,..,..,..,..,..,..,0.2596,..,..,..,0.6875
NZLpv1998,New Zealand,NZL,East Asia & Pacific,High income,1998,pv,5,1.4112969,0.2913299,0.9335159,1.8890779,90.0016029,4.976380499999999,81.8403388,98.16286699999999,..,..,..,..,..,..,..,..,..,0.9375,..,..,..,..,..,..,..,..,..,1,..,..,..,..,..,..,..,0.7979798,..,..,0.6527,..,..,..,1
OMNpv1998,Oman,OMN,Middle East & North Africa,High income,1998,pv,4,0.8367676,0.30406489999999997,0.3381012,1.335434,80.18772299999999,5.1939147,71.66970289999999,88.7057432,..,..,..,..,..,..,..,..,..,0.6875,..,..,..,..,..,..,..,..,..,0.8125,..,..,..,..,..,..,..,0.9141414,..,..,..,..,..,..,0.875
PAKpv1998,Pakistan,PAK,South Asia,Lower middle income,1998,pv,5,-1.3211412,0.2913299,-1.7989222,-0.8433602,43.3271873,4.976380499999999,35.1659232,51.488451399999995,..,..,..,..,..,..,..,..,..,0.25,..,..,..,..,..,..,..,..,..,0.3125,..,..,..,..,..,..,..,0.7323232,..,..,0.428,..,..,..,0.375
PANpv1998,Panama,PAN,Latin America & Caribbean,High income,1998,pv,5,0.1766186,0.2913299,-0.3011624,0.6543996,68.9113216,4.976380499999999,60.7500575,77.07258569999999,..,..,..,..,..,..,..,..,..,0.5625,..,..,..,..,..,..,..,..,..,0.9375,..,..,..,..,..,..,..,0.7929293,..,..,0.6371,..,..,..,0.625
PERpv1998,Peru,PER,Latin America & Caribbean,Upper middle income,1998,pv,5,-0.7327073,0.2913299,-1.2104883,-0.2549263,53.37858,4.976380499999999,45.217315899999996,61.539844099999996,..,..,..,..,..,..,..,..,..,0.4375,..,..,..,..,..,..,..,..,..,0.625,..,..,..,..,..,..,..,0.5909091,..,..,0.4825,..,..,..,0.5
PHLpv1998,Philippines,PHL,East Asia & Pacific,Lower middle income,1998,pv,5,-0.5778416,0.2913299,-1.0556226,-0.1000606,56.023934,4.976380499999999,47.8626699,64.1851981,..,..,..,..,..,..,..,..,..,0.5625,..,..,..,..,..,..,..,..,..,0.5,..,..,..,..,..,..,..,0.8838383999999999,..,..,0.4805,..,..,..,0.4375
PNGpv1998,Papua New Guinea,PNG,East Asia & Pacific,Lower middle income,1998,pv,5,-0.25598109999999996,0.2913299,-0.7337621,0.2217999,61.521826399999995,4.976380499999999,53.3605623,69.68309049999999,..,..,..,..,..,..,..,..,..,0.25,..,..,..,..,..,..,..,..,..,0.6875,..,..,..,..,..,..,..,0.6818181999999999,..,..,0.4941,..,..,..,0.75
POLpv1998,Poland,POL,Europe & Central Asia,High income,1998,pv,5,0.7463989,0.2913299,0.26861789999999997,1.2241799,78.644081,4.976380499999999,70.4828169,86.8053451,..,..,..,..,..,..,..,..,..,0.625,..,..,..,..,..,..,..,..,..,0.8125,..,..,..,..,..,..,..,0.9696969999999999,..,..,0.6786,..,..,..,0.8125
PRIpv1998,Puerto Rico (U.S.),PRI,Latin America & Caribbean,High income,1998,pv,1,0.16386699999999998,0.41535,-0.517307,0.8450409999999999,68.6935039,7.0948427,57.057961799999994,80.3290459,..,..,..,..,..,..,..,..,..,..,..,..,..,..,..,..,..,..,..,..,..,..,..,..,..,..,..,..,..,..,..,..,..,..,0.75
PRKpv1998,"Korea, Dem. People's Rep.",PRK,East Asia & Pacific,Low income,1998,pv,4,0.1025687,0.3277727,-0.4349785,0.6401159,67.64643079999999,5.598882,58.4642644,76.8285973,..,..,..,..,..,..,..,..,..,..,..,..,..,..,..,..,..,..,..,0,..,..,..,..,..,..,..,0.8787879,..,..,0.3862,..,..,..,0.9375
PRTpv1998,Portugal,PRT,Europe & Central Asia,High income,1998,pv,5,1.4263366,0.2913299,0.9485555999999999,1.9041176,90.2585051,4.976380499999999,82.097241,98.41976919999999,..,..,..,..,..,..,..,..,..,1,..,..,..,..,..,..,..,..,..,0.875,..,..,..,..,..,..,..,0.9696969999999999,..,..,0.6774,..,..,..,0.9375
PRYpv1998,Paraguay,PRY,Latin America & Caribbean,Upper middle income,1998,pv,5,-1.0471732999999999,0.2913299,-1.5249542999999999,-0.5693923,48.006997399999996,4.9763806,39.8457333,56.1682616,..,..,..,..,..,..,..,..,..,0.25,..,..,..,..,..,..,..,..,..,0.5,..,..,..,..,..,..,..,0.7020202,..,..,0.6194,..,..,..,0.375
PSEpv1998,West Bank and Gaza,PSE,Middle East & North Africa,Lower middle income,1998,pv,3,-1.7762854,0.3435455,-2.3397,-1.2128708,35.5525959,5.8683067,25.9285729,45.176618999999995,..,..,..,..,..,..,..,..,..,..,..,..,..,..,..,..,..,..,..,0.375,..,..,..,..,..,..,..,..,..,..,0.42529999999999996,..,..,..,0.25
QATpv1998,Qatar,QAT,Middle East & North Africa,High income,1998,pv,4,1.067653,0.30406489999999997,0.5689866,1.5663194,84.1316152,5.1939147,75.613595,92.6496353,..,..,..,..,..,..,..,..,..,0.8125,..,..,..,..,..,..,..,..,..,0.875,..,..,..,..,..,..,..,0.9696969999999999,..,..,..,..,..,..,0.875
ROUpv1998,Romania,ROU,Europe & Central Asia,High income,1998,pv,5,0.3440734,0.2913299,-0.13370759999999998,0.8218544,71.7717176,4.976380499999999,63.6104535,79.9329817,..,..,..,..,..,..,..,..,..,0.4375,..,..,..,..,..,..,..,..,..,0.78125,..,..,..,..,..,..,..,0.8535353999999999,..,..,0.5736,..,..,..,0.8125
RUSpv1998,Russian Federation,RUS,Europe & Central Asia,High income,1998,pv,5,-1.3067304,0.2913299,-1.7845114,-0.8289494,43.573346799999996,4.976380499999999,35.4120827,51.7346109,..,..,..,..,..,..,..,..,..,0.375,..,..,..,..,..,..,..,..,..,0.28125,..,..,..,..,..,..,..,0.6515152,..,..,0.5493,..,..,..,0.3125
RWApv1998,Rwanda,RWA,Sub-Saharan Africa,Low income,1998,pv,2,-2.2192165999999998,0.36498749999999996,-2.8177961,-1.6206371,27.9866222,6.2345706,17.7619264,38.211318,..,..,..,..,..,..,..,..,..,..,..,..,..,..,..,..,..,..,..,0,..,..,..,..,..,..,..,..,..,..,..,..,..,..,0.25
SAUpv1998,Saudi Arabia,SAU,Middle East & North Africa,High income,1998,pv,4,-0.0992155,0.30406489999999997,-0.5978819,0.3994509,64.1996338,5.1939147,55.6816136,72.7176539,..,..,..,..,..,..,..,..,..,0.5,..,..,..,..,..,..,..,..,..,0.71875,..,..,..,..,..,..,..,0.8232322999999999,..,..,..,..,..,..,0.625
SDNpv1998,Sudan,SDN,Sub-Saharan Africa,Low income,1998,pv,5,-2.4407525,0.2913299,-2.9185334999999997,-1.9629714999999999,24.2024345,4.9763806,16.0411703,32.3636986,..,..,..,..,..,..,..,..,..,0,..,..,..,..,..,..,..,..,..,0.03125,..,..,..,..,..,..,..,0.3939394,..,..,0.283,..,..,..,0.25
SENpv1998,Senegal,SEN,Sub-Saharan Africa,Lower middle income,1998,pv,5,-0.9023783,0.2913299,-1.3801592999999999,-0.42459729999999996,50.4803278,4.976380499999999,42.3190637,58.641591899999995,..,..,..,..,..,..,..,..,..,0.125,..,..,..,..,..,..,..,..,..,0.21875,..,..,..,..,..,..,..,0.6212120999999999,..,..,0.4597,..,..,..,0.6875
SGPpv1998,Singapore,SGP,East Asia & Pacific,High income,1998,pv,5,1.0075669999999999,0.2913299,0.529786,1.485348,83.10525009999999,4.976380499999999,74.943986,91.26651419999999,..,..,..,..,..,..,..,..,..,0.6875,..,..,..,..,..,..,..,..,..,0.8125,..,..,..,..,..,..,..,0.9696969999999999,..,..,0.6048,..,..,..,0.9375
SLBpv1998,Solomon Islands,SLB,East Asia & Pacific,Lower middle income,1998,pv,2,0.5215457,0.5245728,-0.3387537,1.3818451,74.8032285,8.960543,60.107937899999996,89.4985191,..,..,..,..,..,..,..,..,..,..,..,..,..,..,..,..,..,..,..,1,..,..,..,..,..,..,..,..,..,..,0.4799,..,..,..,..
SLEpv1998,Sierra Leone,SLE,Sub-Saharan Africa,Low income,1998,pv,4,-2.3147306999999997,0.3277727,-2.8522779,-1.7771835,26.355088499999997,5.598882,17.172922,35.5372549,..,..,..,..,..,..,..,..,..,..,..,..,..,..,..,..,..,..,..,0,..,..,..,..,..,..,..,0.5050505,..,..,0.2537,..,..,..,0.25
SLVpv1998,El Salvador,SLV,Latin America & Caribbean,Upper middle income,1998,pv,5,-0.2625484,0.2913299,-0.7403293999999999,0.2152326,61.4096464,4.976380499999999,53.248382299999996,69.5709105,..,..,..,..,..,..,..,..,..,0.375,..,..,..,..,..,..,..,..,..,0.6875,..,..,..,..,..,..,..,0.8484847999999999,..,..,0.4895,..,..,..,0.625
SOMpv1998,Federal Republic of Somalia,SOM,Sub-Saharan Africa,Low income,1998,pv,3,-2.4558668999999997,0.3462368,-3.0236953,-1.8880385,23.9442563,5.9142791,14.2448385,33.6436741,..,..,..,..,..,..,..,..,..,..,..,..,..,..,..,..,..,..,..,0.375,..,..,..,..,..,..,..,0.3232323,..,..,..,..,..,..,0.125
SRBpv1998,Serbia,SRB,Europe & Central Asia,Upper middle income,1998,pv,5,-1.9496589999999998,0.2913299,-2.42744,-1.471878,32.591097399999995,4.976380499999999,24.4298333,40.7523615,..,..,..,..,..,..,..,..,..,0,..,..,..,..,..,..,..,..,..,0.03125,..,..,..,..,..,..,..,0.35858589999999996,..,..,0.41219999999999996,..,..,..,0.4375
STPpv1998,São Tomé and Príncipe,STP,Sub-Saharan Africa,Lower middle income,1998,pv,3,0.8462683999999999,0.3435455,0.2828538,1.409683,80.3500119,5.8683067,70.72598889999999,89.97403489999999,..,..,..,..,..,..,..,..,..,..,..,..,..,..,..,..,..,..,..,1,..,..,..,..,..,..,..,..,..,..,0.5781,..,..,..,0.875
SURpv1998,Suriname,SUR,Latin America & Caribbean,Upper middle income,1998,pv,4,0.4173262,0.3277727,-0.120221,0.9548734,73.0229927,5.598882,63.840826199999995,82.2051591,..,..,..,..,..,..,..,..,..,..,..,..,..,..,..,..,..,..,..,1,..,..,..,..,..,..,..,0.7373737,..,..,0.6577999999999999,..,..,..,0.6875
SVKpv1998,Slovak Republic,SVK,Europe & Central Asia,High income,1998,pv,5,1.2521788,0.2913299,0.7743977999999999,1.7299597999999998,87.2836111,4.976380499999999,79.12234699999999,95.4448752,..,..,..,..,..,..,..,..,..,0.75,..,..,..,..,..,..,..,..,..,0.875,..,..,..,..,..,..,..,0.9141414,..,..,0.6641,..,..,..,1
SVNpv1998,Slovenia,SVN,Europe & Central Asia,High income,1998,pv,5,1.3065822999999999,0.2913299,0.8288013,1.7843632999999999,88.21291,4.976380499999999,80.0516459,96.37417409999999,..,..,..,..,..,..,..,..,..,0.75,..,..,..,..,..,..,..,..,..,1,..,..,..,..,..,..,..,0.8838383999999999,..,..,0.6626,..,..,..,1
SWEpv1998,Sweden,SWE,Europe & Central Asia,High income,1998,pv,5,1.5294657,0.2913299,1.0516847,2.0072467,92.02011519999999,4.921082,83.858851,100.0,..,..,..,..,..,..,..,..,..,1,..,..,..,..,..,..,..,..,..,1,..,..,..,..,..,..,..,0.8232322999999999,..,..,0.6900999999999999,..,..,..,1
SWZpv1998,Eswatini,SWZ,Sub-Saharan Africa,Lower middle income,1998,pv,3,-0.1563032,0.3435455,-0.7197178,0.40711139999999996,63.224484499999996,5.8683067,53.6004614,72.8485075,..,..,..,..,..,..,..,..,..,..,..,..,..,..,..,..,..,..,..,0.6875,..,..,..,..,..,..,..,..,..,..,0.5969,..,..,..,0.625
SYCpv1998,Seychelles,SYC,Sub-Saharan Africa,High income,1998,pv,3,0.7672283,0.3435455,0.2038137,1.3306429,78.9998805,5.8683067,69.3758575,88.6239035,..,..,..,..,..,..,..,..,..,..,..,..,..,..,..,..,..,..,..,1,..,..,..,..,..,..,..,..,..,..,0.5167999999999999,..,..,..,0.875
SYRpv1998,Syrian Arab Republic,SYR,Middle East & North Africa,Low income,1998,pv,5,-0.30336029999999997,0.2913299,-0.7811412999999999,0.17442069999999998,60.7125139,4.976380499999999,52.5512498,68.873778,..,..,..,..,..,..,..,..,..,0.375,..,..,..,..,..,..,..,..,..,0.5,..,..,..,..,..,..,..,0.9696969999999999,..,..,0.4667,..,..,..,0.625
TCDpv1998,Chad,TCD,Sub-Saharan Africa,Low income,1998,pv,3,-1.4936904,0.3435455,-2.057105,-0.9302758,40.379770799999996,5.8683067,30.755747699999997,50.0037938,..,..,..,..,..,..,..,..,..,..,..,..,..,..,..,..,..,..,..,0.1875,..,..,..,..,..,..,..,..,..,..,0.34349999999999997,..,..,..,0.4375
TGOpv1998,Togo,TGO,Sub-Saharan Africa,Low income,1998,pv,4,-0.5853358,0.3277727,-1.1228829999999999,-0.0477886,55.895921099999995,5.598882,46.713754599999994,65.0780875,..,..,..,..,..,..,..,..,..,..,..,..,..,..,..,..,..,..,..,0.4375,..,..,..,..,..,..,..,0.5656566,..,..,0.35509999999999997,..,..,..,0.6875
THApv1998,Thailand,THA,East Asia & Pacific,Upper middle income,1998,pv,5,0.4948166,0.2913299,0.017035599999999998,0.9725976,74.34665269999999,4.976380499999999,66.1853886,82.50791679999999,..,..,..,..,..,..,..,..,..,0.5625,..,..,..,..,..,..,..,..,..,0.78125,..,..,..,..,..,..,..,0.8838383999999999,..,..,0.5745,..,..,..,0.8125
TJKpv1998,Tajikistan,TJK,Europe & Central Asia,Lower middle income,1998,pv,3,-2.2865354,0.3435455,-2.8499499999999998,-1.7231208,26.8367093,5.8683067,17.212686299999998,36.4607324,..,..,..,..,..,..,..,..,..,..,..,..,..,..,..,..,..,..,..,0.25,..,..,..,..,..,..,..,..,..,..,0.4058,..,..,..,0.125
TKMpv1998,Turkmenistan,TKM,Europe & Central Asia,Upper middle income,1998,pv,3,0.2620918,0.3435455,-0.3013228,0.8255064,70.37134069999999,5.8683067,60.747317599999995,79.9953637,..,..,..,..,..,..,..,..,..,..,..,..,..,..,..,..,..,..,..,0.65625,..,..,..,..,..,..,..,..,..,..,0.6548999999999999,..,..,..,0.75
TTOpv1998,Trinidad and Tobago,TTO,Latin America & Caribbean,High income,1998,pv,5,0.25620519999999997,0.2913299,-0.2215758,0.7339861999999999,70.27078809999999,4.976380499999999,62.109524,78.4320522,..,..,..,..,..,..,..,..,..,0.75,..,..,..,..,..,..,..,..,..,0.96875,..,..,..,..,..,..,..,0.6262626,..,..,0.6517999999999999,..,..,..,0.625
TUNpv1998,Tunisia,TUN,Middle East & North Africa,Lower middle income,1998,pv,5,0.161138,0.2913299,-0.316643,0.638919,68.64688819999999,4.976380499999999,60.485624099999995,76.8081523,..,..,..,..,..,..,..,..,..,0.625,..,..,..,..,..,..,..,..,..,0.625,..,..,..,..,..,..,..,0.8535353999999999,..,..,0.5734,..,..,..,0.6875
TURpv1998,Türkiye,TUR,Europe & Central Asia,Upper middle income,1998,pv,5,-0.9921065,0.2913299,-1.4698875,-0.5143255,48.9476265,4.976380499999999,40.7863624,57.108890599999995,..,..,..,..,..,..,..,..,..,0.1875,..,..,..,..,..,..,..,..,..,0.3125,..,..,..,..,..,..,..,0.44444439999999996,..,..,0.6796,..,..,..,0.5625
TWNpv1998,"Taiwan, China",TWN,East Asia & Pacific,High income,1998,pv,5,1.0593805,0.2913299,0.5815994999999999,1.5371614999999998,83.9903076,4.976380499999999,75.8290435,92.15157169999999,..,..,..,..,..,..,..,..,..,0.875,..,..,..,..,..,..,..,..,..,0.84375,..,..,..,..,..,..,..,0.9141414,..,..,0.6325,..,..,..,0.875
TZApv1998,Tanzania,TZA,Sub-Saharan Africa,Lower middle income,1998,pv,5,-0.8642019,0.2913299,-1.3419828999999999,-0.38642089999999996,51.132441799999995,4.976380499999999,42.9711777,59.2937059,..,..,..,..,..,..,..,..,..,0.4375,..,..,..,..,..,..,..,..,..,0.625,..,..,..,..,..,..,..,0.7979798,..,..,0.44039999999999996,..,..,..,0.375
UGApv1998,Uganda,UGA,Sub-Saharan Africa,Low income,1998,pv,5,-1.5517646999999999,0.2913299,-2.0295457,-1.0739836999999999,39.387768799999996,4.976380499999999,31.2265047,47.5490329,..,..,..,..,..,..,..,..,..,0.0625,..,..,..,..,..,..,..,..,..,0.59375,..,..,..,..,..,..,..,0.6464646,..,..,0.4053,..,..,..,0.3125
UKRpv1998,Ukraine,UKR,Europe & Central Asia,Upper middle income,1998,pv,5,-0.275414,0.2913299,-0.753195,0.202367,61.1898814,4.976380499999999,53.0286173,69.3511455,..,..,..,..,..,..,..,..,..,0.1875,..,..,..,..,..,..,..,..,..,0.625,..,..,..,..,..,..,..,0.8232322999999999,..,..,0.5993999999999999,..,..,..,0.6875
URYpv1998,Uruguay,URY,Latin America & Caribbean,High income,1998,pv,5,0.8256736,0.2913299,0.3478926,1.3034546,79.9982198,4.9763806,71.8369556,88.1594839,..,..,..,..,..,..,..,..,..,0.875,..,..,..,..,..,..,..,..,..,0.71875,..,..,..,..,..,..,..,0.8484847999999999,..,..,0.6723,..,..,..,0.8125
USApv1998,United States,USA,North America,High income,1998,pv,5,0.9462781,0.2913299,0.4684971,1.4240591,82.0583376,4.976380499999999,73.89707349999999,90.2196017,..,..,..,..,..,..,..,..,..,0.9375,..,..,..,..,..,..,..,..,..,0.875,..,..,..,..,..,..,..,0.8535353999999999,..,..,0.621,..,..,..,0.8125
UZBpv1998,Uzbekistan,UZB,Europe & Central Asia,Lower middle income,1998,pv,3,-0.8840420999999999,0.4046106,-1.5476035,-0.2204807,50.7935394,6.9113967,39.4588488,62.128230099999996,..,..,..,..,..,..,..,..,..,0,..,..,..,..,..,..,..,..,..,0.65625,..,..,..,..,..,..,..,..,..,..,0.6637,..,..,..,..
VCTpv1998,St. Vincent and the Grenadines,VCT,Latin America & Caribbean,Upper middle income,1998,pv,1,0.9624621,0.6122478,-0.041624299999999996,1.9665484999999998,82.3347862,10.4581723,65.1833836,99.4861889,..,..,..,..,..,..,..,..,..,..,..,..,..,..,..,..,..,..,..,1,..,..,..,..,..,..,..,..,..,..,..,..,..,..,..
VENpv1998,"Venezuela, RB",VEN,Latin America & Caribbean,,1998,pv,5,-0.5012683,0.2913299,-0.9790492999999999,-0.0234873,57.3319285,4.976380499999999,49.1706644,65.4931926,..,..,..,..,..,..,..,..,..,0.4375,..,..,..,..,..,..,..,..,..,0.375,..,..,..,..,..,..,..,0.7020202,..,..,0.6622,..,..,..,0.5625
VNMpv1998,Viet Nam,VNM,East Asia & Pacific,Lower middle income,1998,pv,5,0.2626312,0.2913299,-0.2151498,0.7404122,70.3805545,4.976380499999999,62.2192904,78.5418186,..,..,..,..,..,..,..,..,..,0.5,..,..,..,..,..,..,..,..,..,0.6875,..,..,..,..,..,..,..,0.8535353999999999,..,..,0.6288,..,..,..,0.75
VUTpv1998,Vanuatu,VUT,East Asia & Pacific,Lower middle income,1998,pv,2,0.9060494,0.5245728,0.04575,1.7663487999999998,81.3711671,8.960543,66.6758765,96.06645759999999,..,..,..,..,..,..,..,..,..,..,..,..,..,..,..,..,..,..,..,1,..,..,..,..,..,..,..,..,..,..,0.6078,..,..,..,..
WSMpv1998,Samoa,WSM,East Asia & Pacific,Upper middle income,1998,pv,2,1.3216288,0.36498749999999996,0.7230493,1.9202082999999999,88.46992829999999,6.2345706,78.2452325,98.6946241,..,..,..,..,..,..,..,..,..,..,..,..,..,..,..,..,..,..,..,1,..,..,..,..,..,..,..,..,..,..,..,..,..,..,1
YEMpv1998,"Yemen, Rep.",YEM,Middle East & North Africa,Low income,1998,pv,5,-1.6829439,0.2913299,-2.1607249,-1.2051629,37.1470181,4.976380499999999,28.985754,45.3082822,..,..,..,..,..,..,..,..,..,0.125,..,..,..,..,..,..,..,..,..,0.375,..,..,..,..,..,..,..,0.7323232,..,..,0.4164,..,..,..,0.25
ZAFpv1998,South Africa,ZAF,Sub-Saharan Africa,Upper middle income,1998,pv,5,-0.585965,0.2913299,-1.0637459999999999,-0.10818399999999999,55.8851733,4.976380499999999,47.7239092,64.0464374,..,..,..,..,..,..,..,..,..,0.5,..,..,..,..,..,..,..,..,..,0.3125,..,..,..,..,..,..,..,0.7121212,..,..,0.3943,..,..,..,0.625
ZMBpv1998,Zambia,ZMB,Sub-Saharan Africa,Lower middle income,1998,pv,5,0.0332176,0.2913299,-0.4445634,0.5109986,66.461803,4.9763806,58.3005389,74.6230672,..,..,..,..,..,..,..,..,..,0.25,..,..,..,..,..,..,..,..,..,0.59375,..,..,..,..,..,..,..,0.8535353999999999,..,..,0.4269,..,..,..,0.875
ZWEpv1998,Zimbabwe,ZWE,Sub-Saharan Africa,Lower middle income,1998,pv,5,-0.8364041,0.2913299,-1.3141851,-0.3586231,51.607272699999996,4.976380499999999,43.4460086,59.7685368,..,..,..,..,..,..,..,..,..,0,..,..,..,..,..,..,..,..,..,0.53125,..,..,..,..,..,..,..,0.6717172,..,..,0.3994,..,..,..,0.6875
ADOpv2000,Andorra,ADO,,,2000,pv,1,1.2490265,0.41535,0.5678525,1.9302005,87.2297648,7.0948427,75.5942228,98.8653069,..,..,..,..,..,..,..,..,..,..,..,..,..,..,..,..,..,..,..,..,..,..,..,..,..,..,..,..,..,..,..,..,..,..,1
AFGpv2000,Afghanistan,AFG,South Asia,Low income,2000,pv,2,-2.8505004,0.36498749999999996,-3.4490798999999996,-2.2519209,17.2032846,6.2345706,6.9785888,27.4279804,..,..,..,..,..,..,..,..,..,..,..,..,..,..,..,..,..,..,..,0,..,..,..,..,..,..,..,..,..,..,..,..,..,..,0.0625
AGOpv2000,Angola,AGO,Sub-Saharan Africa,Lower middle income,2000,pv,5,-2.4455505,0.29836609999999997,-2.9348709,-1.9562301,24.1204769,5.0965704999999994,15.762101399999999,32.478852499999995,..,..,..,..,..,..,..,..,..,0,..,..,..,..,..,..,..,..,..,0.03125,..,..,0,..,..,..,..,0.6818181999999999,..,..,..,..,..,..,0.125
ALBpv2000,Albania,ALB,Europe & Central Asia,Upper middle income,2000,pv,4,-1.2463975,0.3277727,-1.7839447,-0.7088502999999999,44.6039293,5.598882,35.421762799999996,53.7860957,..,..,..,..,..,..,..,..,..,..,..,..,..,..,..,..,..,..,..,0.53125,..,..,..,..,..,..,..,0.7929293,..,..,0.24109999999999998,..,..,..,0.375
AREpv2000,United Arab Emirates,ARE,Middle East & North Africa,High income,2000,pv,4,0.9921534999999999,0.30406489999999997,0.49348709999999996,1.4908199,82.8419629,5.1939147,74.3239427,91.359983,..,..,..,..,..,..,..,..,..,0.75,..,..,..,..,..,..,..,..,..,0.84375,..,..,..,..,..,..,..,0.8282828,..,..,..,..,..,..,0.9375
ARGpv2000,Argentina,ARG,Latin America & Caribbean,Upper middle income,2000,pv,6,-0.0569482,0.2819142,-0.5192875,0.4053911,64.92162689999999,4.8155458,57.0241317,72.819122,..,..,..,..,..,..,..,..,..,0.5625,..,..,..,..,..,..,..,..,..,0.4375,..,..,..,..,..,..,..,0.8787879,..,..,0.6932999999999999,..,0.8065574,..,0.5625
ARMpv2000,Armenia,ARM,Europe & Central Asia,Upper middle income,2000,pv,4,-0.8270133,0.3277727,-1.3645604999999998,-0.2894661,51.7676826,5.598882,42.5855161,60.949849,..,..,..,..,..,..,..,..,..,..,..,..,..,..,..,..,..,..,..,0.5625,..,..,..,..,..,..,..,0.7020202,..,..,0.5151,..,..,..,0.4375
ATGpv2000,Antigua and Barbuda,ATG,Latin America & Caribbean,High income,2000,pv,1,0.7054045,0.41535,0.0242305,1.3865785,77.9438311,7.0948427,66.308289,89.5793731,..,..,..,..,..,..,..,..,..,..,..,..,..,..,..,..,..,..,..,..,..,..,..,..,..,..,..,..,..,..,..,..,..,..,0.875
AUSpv2000,Australia,AUS,East Asia & Pacific,High income,2000,pv,6,1.4286336,0.2819142,0.9662942999999999,1.8909729,90.2977415,4.8155458,82.4002464,98.1952367,..,..,..,..,..,..,..,..,..,0.9375,..,..,..,..,..,..,..,..,..,0.875,..,..,..,..,..,..,..,0.8282828,..,..,0.6659999999999999,..,0.9562499999999999,..,1
AUTpv2000,Austria,AUT,Europe & Central Asia,High income,2000,pv,6,1.0727113,0.2819142,0.610372,1.5350506,84.218019,4.8155458,76.3205239,92.11551419999999,..,..,..,..,..,..,..,..,..,1,..,..,..,..,..,..,..,..,..,0.625,..,..,..,..,..,..,..,0.7373737,..,..,0.6569999999999999,..,0.8066667,..,0.9375
AZEpv2000,Azerbaijan,AZE,Europe & Central Asia,Upper middle income,2000,pv,5,-0.9438213,0.2913299,-1.4216023,-0.46604029999999996,49.772414999999995,4.976380499999999,41.6111509,57.9336791,..,..,..,..,..,..,..,..,..,0.25,..,..,..,..,..,..,..,..,..,0.53125,..,..,..,..,..,..,..,0.7070706999999999,..,..,0.5611999999999999,..,..,..,0.4375
BDIpv2000,Burundi,BDI,Sub-Saharan Africa,Low income,2000,pv,3,-2.5068037999999997,0.3552509,-3.0894152999999998,-1.9241922999999999,23.0741725,6.0682542,13.1222357,33.026109399999996,..,..,..,..,..,..,..,..,..,..,..,..,..,..,..,..,..,..,..,0.15625,..,..,0,..,..,..,..,..,..,..,..,..,..,..,0.125
BELpv2000,Belgium,BEL,Europe & Central Asia,High income,2000,pv,6,1.1723761,0.2819142,0.7100367999999999,1.6347154,85.92045329999999,4.8155459,78.0229581,93.8179485,..,..,..,..,..,..,..,..,..,1,..,..,..,..,..,..,..,..,..,1,..,..,..,..,..,..,..,0.7424242,..,..,0.6684,..,0.76,..,0.875
BENpv2000,Benin,BEN,Sub-Saharan Africa,Lower middle income,2000,pv,4,0.6165497999999999,0.3353891,0.06651169999999999,1.1665879,76.4260506,5.728982299999999,67.03051959999999,85.8215816,..,..,..,..,..,..,..,..,..,..,..,..,..,..,..,..,..,..,..,0.8125,..,..,0.75,..,..,..,..,..,..,..,0.5248999999999999,..,..,..,0.875
BFApv2000,Burkina Faso,BFA,Sub-Saharan Africa,Low income,2000,pv,5,0.0927698,0.32066649999999997,-0.4331233,0.6186629,67.47904989999999,5.4774974,58.4959542,76.4621457,..,..,..,..,..,..,..,..,..,..,..,..,..,..,..,..,..,..,..,0.5625,..,..,0.5,..,..,..,..,0.7373737,..,..,0.5659,..,..,..,0.75
BGDpv2000,Bangladesh,BGD,South Asia,Lower middle income,2000,pv,5,-0.8125629999999999,0.2913299,-1.290344,-0.33478199999999997,52.014516799999996,4.976380499999999,43.8532527,60.1757809,..,..,..,..,..,..,..,..,..,0.375,..,..,..,..,..,..,..,..,..,0.25,..,..,..,..,..,..,..,0.7020202,..,..,0.4824,..,..,..,0.5625
BGRpv2000,Bulgaria,BGR,Europe & Central Asia,High income,2000,pv,5,0.4296798,0.2913299,-0.0481012,0.9074608,73.2340119,4.976380499999999,65.0727478,81.395276,..,..,..,..,..,..,..,..,..,0.8125,..,..,..,..,..,..,..,..,..,0.53125,..,..,..,..,..,..,..,0.7626263,..,..,0.5233,..,..,..,0.8125
BHRpv2000,Bahrain,BHR,Middle East & North Africa,High income,2000,pv,4,0.1246273,0.30406489999999997,-0.37403909999999996,0.6232937,68.02322699999999,5.1939148,59.505206799999996,76.5412472,..,..,..,..,..,..,..,..,..,0.5,..,..,..,..,..,..,..,..,..,0.53125,..,..,..,..,..,..,..,0.7373737,..,..,..,..,..,..,0.8125
BHSpv2000,"Bahamas, The",BHS,Latin America & Caribbean,High income,2000,pv,3,1.0532862,0.3462368,0.4854578,1.6211145999999999,83.8862072,5.9142791,74.1867894,93.585625,..,..,..,..,..,..,..,..,..,..,..,..,..,..,..,..,..,..,..,1,..,..,..,..,..,..,..,0.8838383999999999,..,..,..,..,..,..,0.875
BIHpv2000,Bosnia and Herzegovina,BIH,Europe & Central Asia,Upper middle income,2000,pv,4,-0.7574485999999999,0.3022371,-1.2531174,-0.2617798,52.955959,5.1626929,44.4891426,61.4227753,..,..,..,..,..,..,..,..,..,0.5,..,..,..,..,..,..,..,..,..,0.5,..,..,..,..,..,..,..,..,..,..,0.5984999999999999,..,..,..,0.4375
BLRpv2000,Belarus,BLR,Europe & Central Asia,Upper middle income,2000,pv,4,0.2638464,0.3277727,-0.27370079999999997,0.8013935999999999,70.40131199999999,5.598882,61.2191456,79.5834785,..,..,..,..,..,..,..,..,..,..,..,..,..,..,..,..,..,..,..,0.625,..,..,..,..,..,..,..,0.7323232,..,..,0.6518999999999999,..,..,..,0.75
BLZpv2000,Belize,BLZ,Latin America & Caribbean,Upper middle income,2000,pv,2,0.09714779999999999,0.36498749999999996,-0.5014316999999999,0.6957272999999999,67.5538332,6.2345706,57.3291374,77.77852899999999,..,..,..,..,..,..,..,..,..,..,..,..,..,..,..,..,..,..,..,0.625,..,..,..,..,..,..,..,..,..,..,..,..,..,..,0.75
BMUpv2000,Bermuda,BMU,North America,High income,2000,pv,1,0.7054045,0.41535,0.0242305,1.3865785,77.9438311,7.0948427,66.308289,89.5793731,..,..,..,..,..,..,..,..,..,..,..,..,..,..,..,..,..,..,..,..,..,..,..,..,..,..,..,..,..,..,..,..,..,..,0.875
BOLpv2000,Bolivia,BOL,Latin America & Caribbean,Lower middle income,2000,pv,5,-0.3559096,0.2913299,-0.8336906,0.12187139999999999,59.8148877,4.976380499999999,51.653623599999996,67.9761518,..,..,..,..,..,..,..,..,..,0.5,..,..,..,..,..,..,..,..,..,0.53125,..,..,..,..,..,..,..,0.7121212,..,..,0.6341,..,..,..,0.5625
BRApv2000,Brazil,BRA,Latin America & Caribbean,Upper middle income,2000,pv,6,0.3964531,0.2819142,-0.06588619999999999,0.8587924,72.6664467,4.8155459,64.7689515,80.5639419,..,..,..,..,..,..,..,..,..,0.8125,..,..,..,..,..,..,..,..,..,0.34375,..,..,..,..,..,..,..,0.6818181999999999,..,..,0.6472,..,0.7347826,..,0.8125
BRBpv2000,Barbados,BRB,Latin America & Caribbean,High income,2000,pv,3,0.8841688999999999,0.3435455,0.3207543,1.4475835,80.9974131,5.8683067,71.3733901,90.6214361,..,..,..,..,..,..,..,..,..,..,..,..,..,..,..,..,..,..,..,1,..,..,..,..,..,..,..,..,..,..,0.6085999999999999,..,..,..,0.875
BRNpv2000,Brunei Darussalam,BRN,East Asia & Pacific,High income,2000,pv,3,1.3522379999999998,0.3462368,0.7844095999999999,1.9200663999999998,88.9927824,5.9142791,79.29336459999999,98.6922002,..,..,..,..,..,..,..,..,..,..,..,..,..,..,..,..,..,..,..,0.875,..,..,..,..,..,..,..,0.9141414,..,..,..,..,..,..,1
BTNpv2000,Bhutan,BTN,South Asia,Lower middle income,2000,pv,2,0.4028657,0.36498749999999996,-0.1957138,1.0014452,72.7759842,6.2345706,62.5512884,83.00068,..,..,..,..,..,..,..,..,..,..,..,..,..,..,..,..,..,..,..,0.71875,..,..,..,..,..,..,..,..,..,..,..,..,..,..,0.8125
BWApv2000,Botswana,BWA,Sub-Saharan Africa,Upper middle income,2000,pv,6,1.1550114999999999,0.286306,0.6854697,1.6245532999999999,85.6238382,4.8905642,77.6033128,93.6443635,..,..,..,..,..,..,..,..,..,0.625,..,..,..,..,..,..,..,..,..,0.875,..,..,1,..,..,..,..,0.9141414,..,..,0.6588999999999999,..,..,..,1
CAFpv2000,Central African Republic,CAF,Sub-Saharan Africa,Low income,2000,pv,4,-1.7988239,0.3353891,-2.348862,-1.2487857999999998,35.1676023,5.728982299999999,25.7720713,44.5631333,..,..,..,..,..,..,..,..,..,..,..,..,..,..,..,..,..,..,..,0.5625,..,..,0.5,..,..,..,..,..,..,..,0.3697,..,..,..,0.1875
CANpv2000,Canada,CAN,North America,High income,2000,pv,6,1.2454208,0.2819142,0.7830815,1.7077601,87.1681737,4.8155458,79.2706785,95.0656688,..,..,..,..,..,..,..,..,..,1,..,..,..,..,..,..,..,..,..,0.875,..,..,..,..,..,..,..,0.7424242,..,..,0.6547,..,0.8548387,..,0.9375
CHEpv2000,Switzerland,CHE,Europe & Central Asia,High income,2000,pv,6,1.5863519,0.2819142,1.1240126,2.0486912,92.9918225,4.5444124,85.09432729999999,100.0,..,..,..,..,..,..,..,..,..,1,..,..,..,..,..,..,..,..,..,1,..,..,..,..,..,..,..,0.8838383999999999,..,..,0.6537,..,0.9298968999999999,..,1
CHLpv2000,Chile,CHL,Latin America & Caribbean,High income,2000,pv,6,0.5944803,0.2819142,0.13214099999999998,1.0568195999999999,76.0490682,4.8155459,68.151573,83.9465634,..,..,..,..,..,..,..,..,..,0.6875,..,..,..,..,..,..,..,..,..,0.5625,..,..,..,..,..,..,..,0.8232322999999999,..,..,0.6867,..,0.8266667,..,0.8125
CHNpv2000,China,CHN,East Asia & Pacific,Upper middle income,2000,pv,5,-0.2665282,0.2934053,-0.7477129,0.2146565,61.3416651,5.0118322,53.1222603,69.5610698,..,..,..,..,..,..,..,..,..,0.375,..,..,..,..,..,..,..,..,..,0.40625,..,..,..,..,..,..,..,0.8282828,..,..,..,..,0.6111111,..,0.6875
CIVpv2000,Côte d’Ivoire,CIV,Sub-Saharan Africa,Lower middle income,2000,pv,6,-1.2897456,0.286306,-1.7592873999999998,-0.8202037999999999,43.8634744,4.8905642,35.842949,51.8839997,..,..,..,..,..,..,..,..,..,0,..,..,..,..,..,..,..,..,..,0.21875,..,..,0.25,..,..,..,..,0.5656566,..,..,0.2437,..,..,..,0.6875
CMRpv2000,Cameroon,CMR,Sub-Saharan Africa,Lower middle income,2000,pv,6,-0.5362139,0.286306,-1.0057557,-0.0666721,56.7350017,4.890564299999999,48.7144763,64.7555271,..,..,..,..,..,..,..,..,..,0.5625,..,..,..,..,..,..,..,..,..,0.1875,..,..,0.25,..,..,..,..,0.5959595999999999,..,..,0.33199999999999996,..,..,..,0.75
CODpv2000,"Congo, Dem. Rep.",COD,Sub-Saharan Africa,Low income,2000,pv,4,-2.550118,0.33789189999999997,-3.1042606999999998,-1.9959753,22.3342967,5.7717342,12.8686525,31.799940799999998,..,..,..,..,..,..,..,..,..,..,..,..,..,..,..,..,..,..,..,0,..,..,0,..,..,..,..,0.3939394,..,..,..,..,..,..,0.1875
COGpv2000,"Congo, Rep.",COG,Sub-Saharan Africa,Lower middle income,2000,pv,5,-1.7228409999999998,0.32066649999999997,-2.2487341,-1.1969478999999998,36.4655118,5.4774974,27.482415999999997,45.448607599999995,..,..,..,..,..,..,..,..,..,..,..,..,..,..,..,..,..,..,..,0.4375,..,..,0,..,..,..,..,0.7676767999999999,..,..,0.2602,..,..,..,0.25
COLpv2000,Colombia,COL,Latin America & Caribbean,Upper middle income,2000,pv,6,-2.1081402,0.2819142,-2.5704795,-1.6458009,29.8839848,4.8155458,21.9864897,37.781479999999995,..,..,..,..,..,..,..,..,..,0.3125,..,..,..,..,..,..,..,..,..,0,..,..,..,..,..,..,..,0.6717172,..,..,0.282,..,0.39999999999999997,..,0.125
COMpv2000,Comoros,COM,Sub-Saharan Africa,Lower middle income,2000,pv,4,-0.5814672,0.3353891,-1.1315053,-0.0314291,55.962002899999995,5.728982299999999,46.566471899999996,65.357534,..,..,..,..,..,..,..,..,..,..,..,..,..,..,..,..,..,..,..,0.75,..,..,0,..,..,..,..,..,..,..,0.4599,..,..,..,0.5625
CPVpv2000,Cabo Verde,CPV,Sub-Saharan Africa,Upper middle income,2000,pv,3,1.2012572,0.4968337,0.38644989999999996,2.0160644999999997,86.4137887,8.3854951,72.495576,100.0,..,..,..,..,..,..,..,..,..,..,..,..,..,..,..,..,..,..,..,1,..,..,1,..,..,..,..,..,..,..,0.6733,..,..,..,..
CRIpv2000,Costa Rica,CRI,Latin America & Caribbean,High income,2000,pv,5,0.6698023,0.2913299,0.19202129999999998,1.1475833,77.3356885,4.976380499999999,69.17442439999999,85.4969526,..,..,..,..,..,..,..,..,..,0.875,..,..,..,..,..,..,..,..,..,0.875,..,..,..,..,..,..,..,0.8484847999999999,..,..,0.6839999999999999,..,..,..,0.6875
CUBpv2000,Cuba,CUB,Latin America & Caribbean,Upper middle income,2000,pv,5,0.3752008,0.2913299,-0.1025802,0.8529818,72.3034234,4.976380499999999,64.1421593,80.4646875,..,..,..,..,..,..,..,..,..,0.4375,..,..,..,..,..,..,..,..,..,0.625,..,..,..,..,..,..,..,0.8787879,..,..,0.695,..,..,..,0.8125
CYMpv2000,Cayman Islands,CYM,Latin America & Caribbean,High income,2000,pv,1,0.7054045,0.41535,0.0242305,1.3865785,77.9438311,7.0948427,66.308289,89.5793731,..,..,..,..,..,..,..,..,..,..,..,..,..,..,..,..,..,..,..,..,..,..,..,..,..,..,..,..,..,..,..,..,..,..,0.875
CYPpv2000,Cyprus,CYP,Europe & Central Asia,High income,2000,pv,5,0.7090873,0.2913299,0.2313063,1.1868683,78.0067392,4.976380499999999,69.8454751,86.1680033,..,..,..,..,..,..,..,..,..,0.75,..,..,..,..,..,..,..,..,..,0.875,..,..,..,..,..,..,..,0.6262626,..,..,0.6303,..,..,..,0.875
CZEpv2000,Czechia,CZE,Europe & Central Asia,High income,2000,pv,6,0.6071485,0.2819142,0.1448092,1.0694877999999999,76.2654613,4.8155458,68.3679662,84.16295649999999,..,..,..,..,..,..,..,..,..,0.8125,..,..,..,..,..,..,..,..,..,0.84375,..,..,..,..,..,..,..,0.6515152,..,..,0.6745,..,0.48695649999999996,..,0.8125
DEUpv2000,Germany,DEU,Europe & Central Asia,High income,2000,pv,6,1.3500041,0.2819142,0.8876647999999999,1.8123433999999998,88.9546238,4.8155458,81.05712869999999,96.852119,..,..,..,..,..,..,..,..,..,1,..,..,..,..,..,..,..,..,..,1,..,..,..,..,..,..,..,0.9141414,..,..,0.6795,..,0.8447059,..,0.875
DJIpv2000,Djibouti,DJI,Middle East & North Africa,Lower middle income,2000,pv,4,-0.5423309,0.3353891,-1.092369,0.0077072,56.6305136,5.728982299999999,47.234982599999995,66.02604459999999,..,..,..,..,..,..,..,..,..,..,..,..,..,..,..,..,..,..,..,0.75,..,..,0.75,..,..,..,..,..,..,..,0.6353,..,..,..,0.4375
DMApv2000,Dominica,DMA,Latin America & Caribbean,Upper middle income,2000,pv,1,0.43359349999999997,0.41535,-0.24758049999999998,1.1147675,73.30086419999999,7.0948427,61.6653221,84.9364062,..,..,..,..,..,..,..,..,..,..,..,..,..,..,..,..,..,..,..,..,..,..,..,..,..,..,..,..,..,..,..,..,..,..,0.8125
DNKpv2000,Denmark,DNK,Europe & Central Asia,High income,2000,pv,6,1.4284227999999999,0.2819142,0.9660835,1.8907621,90.2941407,4.8155458,82.3966456,98.1916359,..,..,..,..,..,..,..,..,..,1,..,..,..,..,..,..,..,..,..,0.875,..,..,..,..,..,..,..,0.9393939,..,..,0.6557,..,0.9241379,..,0.9375
DOMpv2000,Dominican Republic,DOM,Latin America & Caribbean,Upper middle income,2000,pv,5,-0.132575,0.2913299,-0.610356,0.34520599999999996,63.6298001,4.976380499999999,55.468536,71.7910642,..,..,..,..,..,..,..,..,..,0.6875,..,..,..,..,..,..,..,..,..,0.40625,..,..,..,..,..,..,..,0.7676767999999999,..,..,0.4226,..,..,..,0.6875
DZApv2000,Algeria,DZA,Middle East & North Africa,Upper middle income,2000,pv,6,-1.6027185,0.286306,-2.0722603,-1.1331767,38.5173963,4.8905642,30.496871,46.5379217,..,..,..,..,..,..,..,..,..,0.25,..,..,..,..,..,..,..,..,..,0.40625,..,..,0.25,..,..,..,..,0.4747475,..,..,0.5868,..,..,..,0.25
ECUpv2000,Ecuador,ECU,Latin America & Caribbean,Upper middle income,2000,pv,5,-0.7547319,0.2913299,-1.2325129,-0.2769509,53.0023646,4.976380499999999,44.841100499999996,61.1636287,..,..,..,..,..,..,..,..,..,0.25,..,..,..,..,..,..,..,..,..,0.625,..,..,..,..,..,..,..,0.6212120999999999,..,..,0.4891,..,..,..,0.5625
EGYpv2000,"Egypt, Arab Rep.",EGY,Middle East & North Africa,Lower middle income,2000,pv,6,-0.4457866,0.286306,-0.9153283999999999,0.0237552,58.2796447,4.890564299999999,50.259119299999995,66.3001701,..,..,..,..,..,..,..,..,..,0.6875,..,..,..,..,..,..,..,..,..,0.625,..,..,0.5,..,..,..,..,0.8181818,..,..,0.3177,..,..,..,0.5
ERIpv2000,Eritrea,ERI,Sub-Saharan Africa,Low income,2000,pv,3,-1.7330086,0.3552509,-2.3156201,-1.1503971,36.291832899999996,6.0682541,26.339896099999997,46.2437697,..,..,..,..,..,..,..,..,..,..,..,..,..,..,..,..,..,..,..,0.75,..,..,0,..,..,..,..,..,..,..,..,..,..,..,0.1875
ESPpv2000,Spain,ESP,Europe & Central Asia,High income,2000,pv,6,0.31568209999999997,0.2819142,-0.1466572,0.7780214,71.2867488,4.8155458,63.389253599999996,79.1842439,..,..,..,..,..,..,..,..,..,0.8125,..,..,..,..,..,..,..,..,..,0.59375,..,..,..,..,..,..,..,0.7070706999999999,..,..,0.5906,..,0.8571428999999999,..,0.6875
ESTpv2000,Estonia,EST,Europe & Central Asia,High income,2000,pv,5,0.9095173999999999,0.2913299,0.43173639999999996,1.3872984,81.43040599999999,4.9763806,73.2691419,89.5916702,..,..,..,..,..,..,..,..,..,0.75,..,..,..,..,..,..,..,..,..,1,..,..,..,..,..,..,..,0.7424242,..,..,0.6527999999999999,..,..,..,0.875
ETHpv2000,Ethiopia,ETH,Sub-Saharan Africa,,2000,pv,6,-1.3044886,0.286306,-1.7740304,-0.8349468,43.6116403,4.890564299999999,35.5911149,51.632165699999995,..,..,..,..,..,..,..,..,..,0.3125,..,..,..,..,..,..,..,..,..,0.34375,..,..,0.5,..,..,..,..,0.7424242,..,..,0.316,..,..,..,0.375
FINpv2000,Finland,FIN,Europe & Central Asia,High income,2000,pv,6,1.6611776,0.2819142,1.1988383,2.1235169,94.2699652,4.1547348,86.37246999999999,100.0,..,..,..,..,..,..,..,..,..,1,..,..,..,..,..,..,..,..,..,1,..,..,..,..,..,..,..,0.9393939,..,..,0.6705,..,0.9728395,..,1
FJIpv2000,Fiji,FJI,East Asia & Pacific,Upper middle income,2000,pv,3,0.2537645,0.3435455,-0.3096501,0.8171790999999999,70.22909709999999,5.8683067,60.605073999999995,79.8531201,..,..,..,..,..,..,..,..,..,..,..,..,..,..,..,..,..,..,..,0.6875,..,..,..,..,..,..,..,..,..,..,0.6275999999999999,..,..,..,0.75
FRApv2000,France,FRA,Europe & Central Asia,High income,2000,pv,6,0.8231818,0.2819142,0.3608425,1.2855211,79.9556558,4.8155458,72.0581607,87.853151,..,..,..,..,..,..,..,..,..,0.9375,..,..,..,..,..,..,..,..,..,0.71875,..,..,..,..,..,..,..,0.7070706999999999,..,..,0.6581,..,0.8725275,..,0.8125
GABpv2000,Gabon,GAB,Sub-Saharan Africa,Upper middle income,2000,pv,6,0.3575739,0.286306,-0.1119679,0.8271157,72.0023277,4.8905642,63.9818024,80.02285309999999,..,..,..,..,..,..,..,..,..,0.5,..,..,..,..,..,..,..,..,..,0.9375,..,..,0.25,..,..,..,..,0.7373737,..,..,0.30879999999999996,..,..,..,0.9375
GBRpv2000,United Kingdom,GBR,Europe & Central Asia,High income,2000,pv,6,1.097531,0.2819142,0.6351917,1.5598702999999998,84.6419792,4.8155458,76.7444841,92.53947439999999,..,..,..,..,..,..,..,..,..,0.9375,..,..,..,..,..,..,..,..,..,0.71875,..,..,..,..,..,..,..,0.8535353999999999,..,..,0.6738999999999999,..,0.9239999999999999,..,0.875
GEOpv2000,Georgia,GEO,Europe & Central Asia,Upper middle income,2000,pv,3,-1.6345501999999998,0.3435455,-2.1979648,-1.0711355999999999,37.973659999999995,5.8683067,28.3496369,47.597682999999996,..,..,..,..,..,..,..,..,..,..,..,..,..,..,..,..,..,..,..,0.65625,..,..,..,..,..,..,..,..,..,..,0.3388,..,..,..,0.25
GHApv2000,Ghana,GHA,Sub-Saharan Africa,Lower middle income,2000,pv,6,-0.4701511,0.286306,-0.9396928999999999,-0.0006093,57.8634601,4.890564299999999,49.8429347,65.8839855,..,..,..,..,..,..,..,..,..,0.4375,..,..,..,..,..,..,..,..,..,0.5625,..,..,0.75,..,..,..,..,0.5959595999999999,..,..,0.4683,..,..,..,0.625
GINpv2000,Guinea,GIN,Sub-Saharan Africa,Lower middle income,2000,pv,5,-2.0253343999999998,0.32066649999999997,-2.5512275,-1.4994413,31.298440399999997,5.4774974,22.3153447,40.2815362,..,..,..,..,..,..,..,..,..,..,..,..,..,..,..,..,..,..,..,0.21875,..,..,0,..,..,..,..,0.5353534999999999,..,..,0.3563,..,..,..,0.25
GMBpv2000,"Gambia, The",GMB,Sub-Saharan Africa,Low income,2000,pv,5,0.31533289999999997,0.32066649999999997,-0.2105602,0.8412259999999999,71.2807839,5.4774974,62.297688099999995,80.2638796,..,..,..,..,..,..,..,..,..,..,..,..,..,..,..,..,..,..,..,0.75,..,..,0.5,..,..,..,..,0.7626263,..,..,0.46509999999999996,..,..,..,0.8125
GNBpv2000,Guinea-Bissau,GNB,Sub-Saharan Africa,Low income,2000,pv,5,-0.6650421999999999,0.32066649999999997,-1.1909353,-0.1391491,54.534408199999994,5.4774974,45.5513124,63.517503999999995,..,..,..,..,..,..,..,..,..,..,..,..,..,..,..,..,..,..,..,0.8125,..,..,0.75,..,..,..,..,0.6515152,..,..,0.611,..,..,..,0.375
GNQpv2000,Equatorial Guinea,GNQ,Sub-Saharan Africa,Upper middle income,2000,pv,5,-0.0046267999999999995,0.2966387,-0.4911143,0.4818607,65.81536009999999,5.0670641,57.505375099999995,74.1253452,..,..,..,..,..,..,..,..,..,0.1875,..,..,..,..,..,..,..,..,..,0.625,..,..,0.25,..,..,..,..,..,..,..,0.5115,..,..,..,0.9375
GRCpv2000,Greece,GRC,Europe & Central Asia,High income,2000,pv,6,0.8235076,0.2819142,0.3611683,1.2858469,79.961221,4.8155459,72.0637258,87.85871619999999,..,..,..,..,..,..,..,..,..,0.6875,..,..,..,..,..,..,..,..,..,0.84375,..,..,..,..,..,..,..,0.8787879,..,..,0.6997,..,0.8326530999999999,..,0.8125
GRDpv2000,Grenada,GRD,Latin America & Caribbean,Upper middle income,2000,pv,2,0.690345,0.36498749999999996,0.0917655,1.2889245,77.6865907,6.2345706,67.46189489999999,87.9112865,..,..,..,..,..,..,..,..,..,..,..,..,..,..,..,..,..,..,..,1,..,..,..,..,..,..,..,..,..,..,..,..,..,..,0.8125
GTMpv2000,Guatemala,GTM,Latin America & Caribbean,Upper middle income,2000,pv,5,-0.9180183,0.2913299,-1.3957993,-0.4402373,50.213171499999994,4.976380499999999,42.0519074,58.3744356,..,..,..,..,..,..,..,..,..,0.25,..,..,..,..,..,..,..,..,..,0.25,..,..,..,..,..,..,..,0.7121212,..,..,0.3493,..,..,..,0.625
GUFpv2000,French Guiana,GUF,,,2000,pv,1,-0.1100285,0.41535,-0.7912024999999999,0.5711455,64.0149304,7.0948427,52.379388399999996,75.65047249999999,..,..,..,..,..,..,..,..,..,..,..,..,..,..,..,..,..,..,..,..,..,..,..,..,..,..,..,..,..,..,..,..,..,..,0.6875
GUYpv2000,Guyana,GUY,Latin America & Caribbean,High income,2000,pv,4,-0.7353297999999999,0.3277727,-1.272877,-0.1977826,53.333783499999996,5.598882,44.151616999999995,62.515949899999995,..,..,..,..,..,..,..,..,..,..,..,..,..,..,..,..,..,..,..,0.65625,..,..,..,..,..,..,..,0.6212120999999999,..,..,0.4568,..,..,..,0.5
HKGpv2000,"Hong Kong SAR, China",HKG,East Asia & Pacific,High income,2000,pv,5,1.1557388,0.3032749,0.658368,1.6531095999999998,85.6362616,5.1804201999999995,77.14037239999999,94.13215079999999,..,..,..,..,..,..,..,..,..,0.6875,..,..,..,..,..,..,..,..,..,..,..,..,..,..,..,..,..,0.8232322999999999,..,..,0.6573,..,0.825,..,1
HNDpv2000,Honduras,HND,Latin America & Caribbean,Lower middle income,2000,pv,5,-0.36446639999999997,0.2913299,-0.8422474,0.1133146,59.668723899999996,4.976380499999999,51.5074598,67.829988,..,..,..,..,..,..,..,..,..,0.375,..,..,..,..,..,..,..,..,..,0.625,..,..,..,..,..,..,..,0.8232322999999999,..,..,0.4476,..,..,..,0.625
HRVpv2000,Croatia,HRV,Europe & Central Asia,High income,2000,pv,5,0.3448157,0.2913299,-0.13296529999999998,0.8225967,71.7843973,4.976380499999999,63.6231332,79.94566139999999,..,..,..,..,..,..,..,..,..,0.375,..,..,..,..,..,..,..,..,..,0.75,..,..,..,..,..,..,..,0.8232322999999999,..,..,0.6920999999999999,..,..,..,0.8125
HTIpv2000,Haiti,HTI,Latin America & Caribbean,Lower middle income,2000,pv,4,-1.0262932999999999,0.3277727,-1.5638405,-0.48874609999999996,48.3636613,5.598882,39.181494799999996,57.5458277,..,..,..,..,..,..,..,..,..,..,..,..,..,..,..,..,..,..,..,0.59375,..,..,..,..,..,..,..,0.6464646,..,..,0.374,..,..,..,0.4375
HUNpv2000,Hungary,HUN,Europe & Central Asia,High income,2000,pv,6,1.004162,0.2819142,0.5418227,1.4665013,83.0470873,4.8155458,75.14959209999999,90.9445824,..,..,..,..,..,..,..,..,..,0.75,..,..,..,..,..,..,..,..,..,0.9375,..,..,..,..,..,..,..,0.7121212,..,..,0.6346999999999999,..,0.8410255999999999,..,0.9375
IDNpv2000,Indonesia,IDN,East Asia & Pacific,Upper middle income,2000,pv,6,-1.9052026999999998,0.2819142,-2.367542,-1.4428634,33.3504821,4.8155458,25.452987,41.247977299999995,..,..,..,..,..,..,..,..,..,0,..,..,..,..,..,..,..,..,..,0.0625,..,..,..,..,..,..,..,0.4141414,..,..,0.4043,..,0.2083333,..,0.4375
INDpv2000,India,IND,South Asia,Lower middle income,2000,pv,6,-0.9733951,0.2819142,-1.4357343999999999,-0.5110558,49.2672472,4.8155458,41.369752,57.1647423,..,..,..,..,..,..,..,..,..,0.625,..,..,..,..,..,..,..,..,..,0.1875,..,..,..,..,..,..,..,0.5050505,..,..,0.4779,..,0.5717949,..,0.4375
IRLpv2000,Ireland,IRL,Europe & Central Asia,High income,2000,pv,6,1.5185589,0.2819142,1.0562196,1.9808982,91.8338096,4.8155458,83.9363144,99.7313047,..,..,..,..,..,..,..,..,..,1,..,..,..,..,..,..,..,..,..,1,..,..,..,..,..,..,..,0.9393939,..,..,0.6682,..,0.9322033999999999,..,0.9375
IRNpv2000,"Iran, Islamic Rep.",IRN,Middle East & North Africa,Upper middle income,2000,pv,5,-0.6213951,0.2913299,-1.0991761,-0.1436141,55.2799705,4.976380499999999,47.1187064,63.441234599999994,..,..,..,..,..,..,..,..,..,0.375,..,..,..,..,..,..,..,..,..,0.21875,..,..,..,..,..,..,..,0.7020202,..,..,0.5663,..,..,..,0.625
IRQpv2000,Iraq,IRQ,Middle East & North Africa,Upper middle income,2000,pv,5,-1.3589141999999999,0.2913299,-1.8366951999999999,-0.8811332,42.681964,4.976380499999999,34.5206999,50.8432281,..,..,..,..,..,..,..,..,..,0,..,..,..,..,..,..,..,..,..,0,..,..,..,..,..,..,..,0.5050505,..,..,0.362,..,..,..,0.6875
ISLpv2000,Iceland,ISL,Europe & Central Asia,High income,2000,pv,5,1.5565616,0.31453169999999997,1.0407296,2.0723936,92.4829565,4.978134,83.6717204,100.0,..,..,..,..,..,..,..,..,..,..,..,..,..,..,..,..,..,..,..,1,..,..,..,..,..,..,..,0.9696969999999999,..,..,0.6622,..,0.9039999999999999,..,1
ISRpv2000,Israel,ISR,Middle East & North Africa,High income,2000,pv,6,-0.8648943,0.2819142,-1.3272336,-0.402555,51.120614499999995,4.8155458,43.2231193,59.018109599999995,..,..,..,..,..,..,..,..,..,0.4375,..,..,..,..,..,..,..,..,..,0.3125,..,..,..,..,..,..,..,0.35858589999999996,..,..,0.6461,..,0.7076922999999999,..,0.5
ITApv2000,Italy,ITA,Europe & Central Asia,High income,2000,pv,6,1.0781398,0.2819142,0.6158005,1.5404791,84.3107465,4.8155459,76.4132513,92.2082417,..,..,..,..,..,..,..,..,..,1,..,..,..,..,..,..,..,..,..,0.84375,..,..,..,..,..,..,..,0.8232322999999999,..,..,0.6770999999999999,..,0.5741176,..,0.875
JAMpv2000,Jamaica,JAM,Latin America & Caribbean,Upper middle income,2000,pv,5,-0.3051137,0.2913299,-0.7828946999999999,0.1726673,60.682562999999995,4.976380499999999,52.5212989,68.8438271,..,..,..,..,..,..,..,..,..,0.5,..,..,..,..,..,..,..,..,..,0.75,..,..,..,..,..,..,..,0.7626263,..,..,0.345,..,..,..,0.625
JORpv2000,Jordan,JOR,Middle East & North Africa,Lower middle income,2000,pv,5,-0.23208789999999999,0.2913299,-0.7098688999999999,0.2456931,61.9299605,4.976380499999999,53.768696399999996,70.0912246,..,..,..,..,..,..,..,..,..,0.5,..,..,..,..,..,..,..,..,..,0.65625,..,..,..,..,..,..,..,0.7626263,..,..,0.4896,..,..,..,0.625
JPNpv2000,Japan,JPN,East Asia & Pacific,High income,2000,pv,6,1.3326571999999999,0.2819142,0.8703179,1.7949964999999999,88.658311,4.8155459,80.7608158,96.55580619999999,..,..,..,..,..,..,..,..,..,1,..,..,..,..,..,..,..,..,..,0.875,..,..,..,..,..,..,..,0.9090908999999999,..,..,0.6665,..,0.71,..,0.9375
KAZpv2000,Kazakhstan,KAZ,Europe & Central Asia,Upper middle income,2000,pv,5,0.09126,0.2913299,-0.386521,0.569041,67.4532601,4.976380499999999,59.291996,75.61452419999999,..,..,..,..,..,..,..,..,..,0.4375,..,..,..,..,..,..,..,..,..,0.5,..,..,..,..,..,..,..,0.8535353999999999,..,..,0.6437999999999999,..,..,..,0.75
KENpv2000,Kenya,KEN,Sub-Saharan Africa,Lower middle income,2000,pv,6,-1.3475172,0.286306,-1.817059,-0.8779754,42.876643,4.890564299999999,34.8561176,50.8971684,..,..,..,..,..,..,..,..,..,0.25,..,..,..,..,..,..,..,..,..,0.375,..,..,0.5,..,..,..,..,0.5959595999999999,..,..,0.3023,..,..,..,0.4375
KGZpv2000,Kyrgyz Republic,KGZ,Europe & Central Asia,Lower middle income,2000,pv,3,-0.6299215,0.3435455,-1.1933361,-0.0665069,55.1343259,5.8683067,45.5103029,64.758349,..,..,..,..,..,..,..,..,..,..,..,..,..,..,..,..,..,..,..,0.78125,..,..,..,..,..,..,..,..,..,..,0.5974999999999999,..,..,..,0.4375
KHMpv2000,Cambodia,KHM,East Asia & Pacific,Lower middle income,2000,pv,4,-1.0009785,0.3022371,-1.4966473,-0.5053097,48.7960786,5.1626929,40.329262199999995,57.2628949,..,..,..,..,..,..,..,..,..,0.1875,..,..,..,..,..,..,..,..,..,0.40625,..,..,..,..,..,..,..,..,..,..,0.3228,..,..,..,0.625
KORpv2000,"Korea, Rep.",KOR,East Asia & Pacific,High income,2000,pv,6,0.4324115,0.2819142,-0.029927799999999997,0.8947508,73.2806737,4.8155458,65.3831786,81.1781689,..,..,..,..,..,..,..,..,..,0.625,..,..,..,..,..,..,..,..,..,0.8125,..,..,..,..,..,..,..,0.8181818,..,..,0.6642,..,0.5428571,..,0.75
KWTpv2000,Kuwait,KWT,Middle East & North Africa,High income,2000,pv,5,0.6565508999999999,0.2913299,0.17876989999999998,1.1343319,77.1093334,4.976380499999999,68.9480693,85.2705975,..,..,..,..,..,..,..,..,..,0.6875,..,..,..,..,..,..,..,..,..,0.84375,..,..,..,..,..,..,..,0.8535353999999999,..,..,0.5997,..,..,..,0.8125
LAOpv2000,Lao PDR,LAO,East Asia & Pacific,Lower middle income,2000,pv,3,-0.6018274,0.3435455,-1.1652419999999999,-0.0384128,55.614218099999995,5.8683067,45.9901951,65.23824119999999,..,..,..,..,..,..,..,..,..,..,..,..,..,..,..,..,..,..,..,0.5,..,..,..,..,..,..,..,..,..,..,0.6726,..,..,..,0.5
LBNpv2000,Lebanon,LBN,Middle East & North Africa,Lower middle income,2000,pv,5,-0.647972,0.2913299,-1.125753,-0.17019099999999998,54.8259945,4.976380499999999,46.664730399999996,62.9872586,..,..,..,..,..,..,..,..,..,0.3125,..,..,..,..,..,..,..,..,..,0.5,..,..,..,..,..,..,..,0.7929293,..,..,0.46849999999999997,..,..,..,0.5625
LBRpv2000,Liberia,LBR,Sub-Saharan Africa,Low income,2000,pv,5,-1.8986231999999998,0.32066649999999997,-2.4245163,-1.3727300999999998,33.4628705,5.4774974,24.4797747,42.445966299999995,..,..,..,..,..,..,..,..,..,..,..,..,..,..,..,..,..,..,..,0.0625,..,..,0.75,..,..,..,..,0.6515152,..,..,0.4723,..,..,..,0.1875
LBYpv2000,Libya,LBY,Middle East & North Africa,Upper middle income,2000,pv,5,-0.3492053,0.29836609999999997,-0.8385256999999999,0.1401151,59.929407899999994,5.0965704,51.5710324,68.2877834,..,..,..,..,..,..,..,..,..,0.375,..,..,..,..,..,..,..,..,..,0.625,..,..,0,..,..,..,..,0.5656566,..,..,..,..,..,..,0.75
LCApv2000,St. Lucia,LCA,Latin America & Caribbean,Upper middle income,2000,pv,1,0.9579327999999999,0.6122478,-0.046153599999999996,1.9620191999999999,82.2574186,10.4581723,65.1060159,99.40882119999999,..,..,..,..,..,..,..,..,..,..,..,..,..,..,..,..,..,..,..,1,..,..,..,..,..,..,..,..,..,..,..,..,..,..,..
LIEpv2000,Liechtenstein,LIE,Europe & Central Asia,High income,2000,pv,1,1.2490265,0.41535,0.5678525,1.9302005,87.2297648,7.0948427,75.5942228,98.8653069,..,..,..,..,..,..,..,..,..,..,..,..,..,..,..,..,..,..,..,..,..,..,..,..,..,..,..,..,..,..,..,..,..,..,1
LKApv2000,Sri Lanka,LKA,South Asia,Lower middle income,2000,pv,5,-1.9678201,0.2913299,-2.4456010999999998,-1.4900391,32.2808767,4.976380499999999,24.1196126,40.4421408,..,..,..,..,..,..,..,..,..,0.125,..,..,..,..,..,..,..,..,..,0.03125,..,..,..,..,..,..,..,0.29797979999999996,..,..,0.3149,..,..,..,0.4375
LSOpv2000,Lesotho,LSO,Sub-Saharan Africa,Lower middle income,2000,pv,4,-0.4889743,0.3353891,-1.0390124,0.061063799999999994,57.5419297,5.728982299999999,48.1463987,66.9374607,..,..,..,..,..,..,..,..,..,..,..,..,..,..,..,..,..,..,..,0.71875,..,..,0.25,..,..,..,..,..,..,..,0.3646,..,..,..,0.625
LTUpv2000,Lithuania,LTU,Europe & Central Asia,High income,2000,pv,5,0.6100705,0.2913299,0.1322895,1.0878515,76.3153738,4.976380499999999,68.15410969999999,84.4766379,..,..,..,..,..,..,..,..,..,0.4375,..,..,..,..,..,..,..,..,..,0.875,..,..,..,..,..,..,..,0.6818181999999999,..,..,0.6638,..,..,..,0.9375
LUXpv2000,Luxembourg,LUX,Europe & Central Asia,High income,2000,pv,5,1.5335471999999999,0.31453169999999997,1.0177152,2.0493791999999997,92.0898337,5.0979885,83.2785976,100.0,..,..,..,..,..,..,..,..,..,..,..,..,..,..,..,..,..,..,..,1,..,..,..,..,..,..,..,0.9141414,..,..,0.6658,..,0.9629629999999999,..,1
LVApv2000,Latvia,LVA,Europe & Central Asia,High income,2000,pv,5,0.5717085,0.2913299,0.0939275,1.0494895,75.66008939999999,4.976380499999999,67.4988253,83.8213535,..,..,..,..,..,..,..,..,..,0.5,..,..,..,..,..,..,..,..,..,0.875,..,..,..,..,..,..,..,0.7121212,..,..,0.6719999999999999,..,..,..,0.875
MACpv2000,"Macao SAR, China",MAC,East Asia & Pacific,High income,2000,pv,1,0.43359349999999997,0.41535,-0.24758049999999998,1.1147675,73.30086419999999,7.0948427,61.6653221,84.9364062,..,..,..,..,..,..,..,..,..,..,..,..,..,..,..,..,..,..,..,..,..,..,..,..,..,..,..,..,..,..,..,..,..,..,0.8125
MARpv2000,Morocco,MAR,Middle East & North Africa,Lower middle income,2000,pv,6,-0.37891779999999997,0.286306,-0.8484596,0.090624,59.4218708,4.8905642,51.4013455,67.44239619999999,..,..,..,..,..,..,..,..,..,0.4375,..,..,..,..,..,..,..,..,..,0.65625,..,..,0,..,..,..,..,0.7929293,..,..,0.4697,..,..,..,0.625
MDApv2000,Moldova,MDA,Europe & Central Asia,Upper middle income,2000,pv,5,-0.32855829999999997,0.2913299,-0.8063393,0.14922269999999999,60.282091699999995,4.976380499999999,52.1208276,68.44335579999999,..,..,..,..,..,..,..,..,..,0.1875,..,..,..,..,..,..,..,..,..,0.6875,..,..,..,..,..,..,..,0.6464646,..,..,0.6604,..,..,..,0.6875
MDGpv2000,Madagascar,MDG,Sub-Saharan Africa,Low income,2000,pv,5,0.0538724,0.32066649999999997,-0.47202069999999996,0.5797654999999999,66.8146201,5.4774974,57.8315243,75.7977159,..,..,..,..,..,..,..,..,..,..,..,..,..,..,..,..,..,..,..,0.8125,..,..,0.75,..,..,..,..,0.5959595999999999,..,..,0.5805,..,..,..,0.6875
MDVpv2000,Maldives,MDV,South Asia,Upper middle income,2000,pv,3,1.1350154,0.3435455,0.5716008,1.6984299999999999,85.2822728,5.8683067,75.6582497,94.9062958,..,..,..,..,..,..,..,..,..,..,..,..,..,..,..,..,..,..,..,0.875,..,..,..,..,..,..,..,..,..,..,0.6024999999999999,..,..,..,1
MEXpv2000,Mexico,MEX,Latin America & Caribbean,Upper middle income,2000,pv,6,-0.0676808,0.2819142,-0.5300201,0.39465849999999997,64.7382969,4.8155459,56.8408017,72.6357921,..,..,..,..,..,..,..,..,..,0.5,..,..,..,..,..,..,..,..,..,0.25,..,..,..,..,..,..,..,0.8232322999999999,..,..,0.5913999999999999,..,0.5917526,..,0.75
MKDpv2000,North Macedonia,MKD,Europe & Central Asia,Upper middle income,2000,pv,4,-1.0865561,0.3022371,-1.5822249,-0.5908873,47.3342762,5.1626929,38.8674598,55.8010926,..,..,..,..,..,..,..,..,..,0.1875,..,..,..,..,..,..,..,..,..,0.8125,..,..,..,..,..,..,..,..,..,..,0.5286,..,..,..,0.375
MLIpv2000,Mali,MLI,Sub-Saharan Africa,Low income,2000,pv,5,-0.1842193,0.32066649999999997,-0.7101124,0.34167379999999997,62.7476328,5.4774974,53.764537,71.73072859999999,..,..,..,..,..,..,..,..,..,..,..,..,..,..,..,..,..,..,..,0.71875,..,..,0,..,..,..,..,0.7373737,..,..,0.45039999999999997,..,..,..,0.6875
MLTpv2000,Malta,MLT,Middle East & North Africa,High income,2000,pv,4,1.3221725,0.3277727,0.7846253,1.8597196999999999,88.47921559999999,5.598882,79.2970491,97.66138199999999,..,..,..,..,..,..,..,..,..,..,..,..,..,..,..,..,..,..,..,1,..,..,..,..,..,..,..,0.9696969999999999,..,..,0.497,..,..,..,1
MMRpv2000,Myanmar,MMR,East Asia & Pacific,Lower middle income,2000,pv,4,-1.6348752,0.30406489999999997,-2.1335416,-1.1362088,37.9681084,5.1939147,29.450088299999997,46.4861286,..,..,..,..,..,..,..,..,..,0,..,..,..,..,..,..,..,..,..,0.03125,..,..,..,..,..,..,..,0.5909091,..,..,..,..,..,..,0.5
MNEpv2000,Montenegro,MNE,Europe & Central Asia,Upper middle income,2000,pv,1,0.061292299999999994,0.7209384999999999,-1.1210468,1.2436314,66.9413639,12.314783,46.7451198,87.13760789999999,..,..,..,..,..,..,..,..,..,..,..,..,..,..,..,..,..,..,..,..,..,..,..,..,..,..,..,..,..,..,0.5626,..,..,..,..
MNGpv2000,Mongolia,MNG,East Asia & Pacific,Upper middle income,2000,pv,4,0.6004674999999999,0.3277727,0.0629203,1.1380147,76.1513392,5.598882,66.9691727,85.3335056,..,..,..,..,..,..,..,..,..,..,..,..,..,..,..,..,..,..,..,0.75,..,..,..,..,..,..,..,0.8838383999999999,..,..,0.5686,..,..,..,0.8125
MOZpv2000,Mozambique,MOZ,Sub-Saharan Africa,Low income,2000,pv,6,-0.2160945,0.286306,-0.6856363,0.2534473,62.2031534,4.890564299999999,54.182627999999994,70.2236788,..,..,..,..,..,..,..,..,..,0.5,..,..,..,..,..,..,..,..,..,0.25,..,..,0.5,..,..,..,..,0.7070706999999999,..,..,0.2746,..,..,..,0.875
MRTpv2000,Mauritania,MRT,Sub-Saharan Africa,Lower middle income,2000,pv,4,-0.0374667,0.3353891,-0.5875047999999999,0.5125714,65.2544021,5.728982299999999,55.858871099999995,74.6499331,..,..,..,..,..,..,..,..,..,..,..,..,..,..,..,..,..,..,..,0.78125,..,..,0.5,..,..,..,..,..,..,..,0.4956,..,..,..,0.6875
MTQpv2000,Martinique,MTQ,,,2000,pv,1,0.43359349999999997,0.41535,-0.24758049999999998,1.1147675,73.30086419999999,7.0948427,61.6653221,84.9364062,..,..,..,..,..,..,..,..,..,..,..,..,..,..,..,..,..,..,..,..,..,..,..,..,..,..,..,..,..,..,..,..,..,..,0.8125
MUSpv2000,Mauritius,MUS,Sub-Saharan Africa,Upper middle income,2000,pv,4,0.6733755,0.39146549999999997,0.0313721,1.3153789,77.39672449999999,6.686857,66.430279,88.36317,..,..,..,..,..,..,..,..,..,0.875,..,..,..,..,..,..,..,..,..,0.6875,..,..,1,..,..,..,..,..,..,..,0.5213,..,..,..,..
MWIpv2000,Malawi,MWI,Sub-Saharan Africa,Low income,2000,pv,6,-0.7863591999999999,0.286306,-1.255901,-0.31681739999999997,52.462119699999995,4.890564299999999,44.4415943,60.4826451,..,..,..,..,..,..,..,..,..,0.25,..,..,..,..,..,..,..,..,..,0.8125,..,..,0.25,..,..,..,..,0.6464646,..,..,0.47969999999999996,..,..,..,0.5
MYSpv2000,Malaysia,MYS,East Asia & Pacific,Upper middle income,2000,pv,6,0.016114899999999998,0.2819142,-0.44622439999999997,0.4784542,66.1696616,4.8155458,58.272166399999996,74.0671567,..,..,..,..,..,..,..,..,..,0.5625,..,..,..,..,..,..,..,..,..,0.4375,..,..,..,..,..,..,..,0.7676767999999999,..,..,0.47459999999999997,..,0.7411765,..,0.75
NAMpv2000,Namibia,NAM,Sub-Saharan Africa,Lower middle income,2000,pv,6,-0.1691489,0.286306,-0.6386907,0.30039289999999996,63.0050594,4.890564299999999,54.984534,71.02558479999999,..,..,..,..,..,..,..,..,..,0.0625,..,..,..,..,..,..,..,..,..,0.53125,..,..,0.5,..,..,..,..,0.8535353999999999,..,..,0.4652,..,..,..,0.875
NERpv2000,Niger,NER,Sub-Saharan Africa,Low income,2000,pv,5,-0.3813939,0.32066649999999997,-0.907287,0.1444992,59.3795751,5.4774974,50.396479299999996,68.3626709,..,..,..,..,..,..,..,..,..,..,..,..,..,..,..,..,..,..,..,0.8125,..,..,0.5,..,..,..,..,0.7121212,..,..,0.4239,..,..,..,0.5625
NGApv2000,Nigeria,NGA,Sub-Saharan Africa,Lower middle income,2000,pv,6,-1.6267513,0.286306,-2.0962931,-1.1572095,38.1068777,4.8905642,30.086352299999998,46.127403,..,..,..,..,..,..,..,..,..,0.125,..,..,..,..,..,..,..,..,..,0.25,..,..,0.25,..,..,..,..,0.479798,..,..,0.3665,..,..,..,0.4375
NICpv2000,Nicaragua,NIC,Latin America & Caribbean,Lower middle income,2000,pv,5,-0.3250112,0.2913299,-0.8027922,0.15276979999999998,60.342681799999994,4.9763806,52.1814177,68.503946,..,..,..,..,..,..,..,..,..,0.5625,..,..,..,..,..,..,..,..,..,0.5625,..,..,..,..,..,..,..,0.7929293,..,..,0.5048,..,..,..,0.5625
NLDpv2000,Netherlands,NLD,Europe & Central Asia,High income,2000,pv,6,1.6844708,0.2819142,1.2221315,2.1468100999999997,94.6678503,4.0334283,86.7703552,100.0,..,..,..,..,..,..,..,..,..,1,..,..,..,..,..,..,..,..,..,1,..,..,..,..,..,..,..,0.9696969999999999,..,..,0.6685,..,0.9756098,..,1
NORpv2000,Norway,NOR,Europe & Central Asia,High income,2000,pv,6,1.5602331999999999,0.2819142,1.0978938999999999,2.0225725,92.54567329999999,4.6804334999999995,84.6481781,100.0,..,..,..,..,..,..,..,..,..,1,..,..,..,..,..,..,..,..,..,1,..,..,..,..,..,..,..,0.8838383999999999,..,..,0.6454,..,0.88,..,1
NPLpv2000,Nepal,NPL,South Asia,Lower middle income,2000,pv,3,-1.3925858,0.3435455,-1.9560004,-0.8291712,42.1067992,5.8683067,32.482776099999995,51.7308222,..,..,..,..,..,..,..,..,..,..,..,..,..,..,..,..,..,..,..,0.1875,..,..,..,..,..,..,..,..,..,..,0.2788,..,..,..,0.5
NZLpv2000,New Zealand,NZL,East Asia & Pacific,High income,2000,pv,6,1.4272934,0.2819142,0.9649540999999999,1.8896327,90.2748488,4.8155458,82.37735359999999,98.1723439,..,..,..,..,..,..,..,..,..,0.9375,..,..,..,..,..,..,..,..,..,1,..,..,..,..,..,..,..,0.8282828,..,..,0.651,..,0.7859649,..,1
OMNpv2000,Oman,OMN,Middle East & North Africa,High income,2000,pv,5,1.0169263,0.2913299,0.5391452999999999,1.4947073,83.2651219,4.9763806,75.1038578,91.4263861,..,..,..,..,..,..,..,..,..,0.8125,..,..,..,..,..,..,..,..,..,0.875,..,..,..,..,..,..,..,0.9141414,..,..,0.6329,..,..,..,0.875
PAKpv2000,Pakistan,PAK,South Asia,Lower middle income,2000,pv,5,-1.1873447,0.2913299,-1.6651257,-0.7095637,45.6126456,4.976380499999999,37.4513815,53.7739097,..,..,..,..,..,..,..,..,..,0.3125,..,..,..,..,..,..,..,..,..,0.21875,..,..,..,..,..,..,..,0.7323232,..,..,0.428,..,..,..,0.4375
PANpv2000,Panama,PAN,Latin America & Caribbean,High income,2000,pv,5,0.103699,0.2913299,-0.37408199999999997,0.58148,67.66573819999999,4.9763806,59.504473999999995,75.82700229999999,..,..,..,..,..,..,..,..,..,0.625,..,..,..,..,..,..,..,..,..,0.6875,..,..,..,..,..,..,..,0.8232322999999999,..,..,0.6405,..,..,..,0.625
PERpv2000,Peru,PER,Latin America & Caribbean,Upper middle income,2000,pv,5,-1.2971466999999999,0.2913299,-1.7749276999999999,-0.8193657,43.737051699999995,4.976380499999999,35.5757876,51.8983158,..,..,..,..,..,..,..,..,..,0.125,..,..,..,..,..,..,..,..,..,0.5,..,..,..,..,..,..,..,0.6212120999999999,..,..,0.4144,..,..,..,0.4375
PHLpv2000,Philippines,PHL,East Asia & Pacific,Lower middle income,2000,pv,6,-1.4413357999999998,0.2819142,-1.9036750999999998,-0.9789964999999999,41.2740711,4.8155458,33.376576,49.171566299999995,..,..,..,..,..,..,..,..,..,0.1875,..,..,..,..,..,..,..,..,..,0.0625,..,..,..,..,..,..,..,0.5505051,..,..,0.4805,..,0.5122806999999999,..,0.4375
PNGpv2000,Papua New Guinea,PNG,East Asia & Pacific,Lower middle income,2000,pv,5,-0.267413,0.2913299,-0.7451939999999999,0.210368,61.3265513,4.976380499999999,53.165287199999995,69.4878154,..,..,..,..,..,..,..,..,..,0.3125,..,..,..,..,..,..,..,..,..,0.6875,..,..,..,..,..,..,..,0.5959595999999999,..,..,0.4941,..,..,..,0.75
POLpv2000,Poland,POL,Europe & Central Asia,High income,2000,pv,6,0.47751,0.2819142,0.015170699999999999,0.9398493,74.0510283,4.8155458,66.15353309999999,81.9485234,..,..,..,..,..,..,..,..,..,0.625,..,..,..,..,..,..,..,..,..,0.71875,..,..,..,..,..,..,..,0.7878788,..,..,0.6806,..,0.508,..,0.8125
PRIpv2000,Puerto Rico (U.S.),PRI,Latin America & Caribbean,High income,2000,pv,1,0.1617825,0.41535,-0.5193915,0.8429565,68.6578973,7.0948427,57.0223552,80.2934393,..,..,..,..,..,..,..,..,..,..,..,..,..,..,..,..,..,..,..,..,..,..,..,..,..,..,..,..,..,..,..,..,..,..,0.75
PRKpv2000,"Korea, Dem. People's Rep.",PRK,East Asia & Pacific,Low income,2000,pv,4,0.3029578,0.3277727,-0.23458939999999998,0.840505,71.06939729999999,5.598882,61.8872309,80.2515638,..,..,..,..,..,..,..,..,..,..,..,..,..,..,..,..,..,..,..,0,..,..,..,..,..,..,..,0.9090908999999999,..,..,0.3862,..,..,..,1
PRTpv2000,Portugal,PRT,Europe & Central Asia,High income,2000,pv,6,1.3809911,0.2819142,0.9186517999999999,1.8433304,89.4839314,4.8155458,81.5864362,97.38142649999999,..,..,..,..,..,..,..,..,..,1,..,..,..,..,..,..,..,..,..,0.75,..,..,..,..,..,..,..,0.9696969999999999,..,..,0.6759,..,0.890566,..,0.9375
PRYpv2000,Paraguay,PRY,Latin America & Caribbean,Upper middle income,2000,pv,5,-1.2346496,0.2913299,-1.7124306,-0.7568686,44.8046022,4.976380499999999,36.6433381,52.965866299999995,..,..,..,..,..,..,..,..,..,0.0625,..,..,..,..,..,..,..,..,..,0.5,..,..,..,..,..,..,..,0.7020202,..,..,0.6194,..,..,..,0.375
PSEpv2000,West Bank and Gaza,PSE,Middle East & North Africa,Lower middle income,2000,pv,3,-1.890909,0.3435455,-2.4543236,-1.3274944,33.5946414,5.8683067,23.970618299999998,43.2186644,..,..,..,..,..,..,..,..,..,..,..,..,..,..,..,..,..,..,..,0.25,..,..,..,..,..,..,..,..,..,..,0.42529999999999996,..,..,..,0.25
QATpv2000,Qatar,QAT,Middle East & North Africa,High income,2000,pv,4,1.0665358,0.30406489999999997,0.5678694,1.5652021999999999,84.1125316,5.1939148,75.5945114,92.63055179999999,..,..,..,..,..,..,..,..,..,0.8125,..,..,..,..,..,..,..,..,..,0.875,..,..,..,..,..,..,..,0.9696969999999999,..,..,..,..,..,..,0.875
ROUpv2000,Romania,ROU,Europe & Central Asia,High income,2000,pv,5,-0.2809081,0.2913299,-0.7586891,0.1968729,61.096033399999996,4.976380499999999,52.9347693,69.25729749999999,..,..,..,..,..,..,..,..,..,0.25,..,..,..,..,..,..,..,..,..,0.53125,..,..,..,..,..,..,..,0.5858586,..,..,0.5213,..,..,..,0.8125
RUSpv2000,Russian Federation,RUS,Europe & Central Asia,High income,2000,pv,6,-1.3108069,0.2819142,-1.7731462,-0.8484676,43.5037136,4.8155458,35.6062185,51.4012088,..,..,..,..,..,..,..,..,..,0.375,..,..,..,..,..,..,..,..,..,0.15625,..,..,..,..,..,..,..,0.6262626,..,..,0.5754,..,0.19999999999999998,..,0.375
RWApv2000,Rwanda,RWA,Sub-Saharan Africa,Low income,2000,pv,3,-2.0788583,0.3552509,-2.6614698,-1.4962468,30.3841666,6.0682542,20.4322297,40.3361034,..,..,..,..,..,..,..,..,..,..,..,..,..,..,..,..,..,..,..,0.1875,..,..,0,..,..,..,..,..,..,..,..,..,..,..,0.25
SAUpv2000,Saudi Arabia,SAU,Middle East & North Africa,High income,2000,pv,4,0.11757809999999999,0.30406489999999997,-0.3810883,0.6162445,67.9028154,5.1939148,59.3847952,76.42083559999999,..,..,..,..,..,..,..,..,..,0.4375,..,..,..,..,..,..,..,..,..,0.75,..,..,..,..,..,..,..,0.7929293,..,..,..,..,..,..,0.75
SDNpv2000,Sudan,SDN,Sub-Saharan Africa,Low income,2000,pv,6,-2.4804234999999997,0.286306,-2.9499652999999997,-2.0108817,23.5247903,4.890564299999999,15.504264899999999,31.5453157,..,..,..,..,..,..,..,..,..,0,..,..,..,..,..,..,..,..,..,0,..,..,0.25,..,..,..,..,0.36363639999999997,..,..,0.26139999999999997,..,..,..,0.25
SENpv2000,Senegal,SEN,Sub-Saharan Africa,Lower middle income,2000,pv,6,-0.5885307,0.286306,-1.0580725,-0.1189889,55.8413471,4.8905642,47.820821699999996,63.861872399999996,..,..,..,..,..,..,..,..,..,0.1875,..,..,..,..,..,..,..,..,..,0.53125,..,..,0.75,..,..,..,..,0.6818181999999999,..,..,0.4037,..,..,..,0.6875
SGPpv2000,Singapore,SGP,East Asia & Pacific,High income,2000,pv,6,1.1045471999999998,0.2819142,0.6422078999999999,1.5668864999999998,84.76182709999999,4.8155458,76.86433199999999,92.6593223,..,..,..,..,..,..,..,..,..,0.6875,..,..,..,..,..,..,..,..,..,0.84375,..,..,..,..,..,..,..,0.9696969999999999,..,..,0.6048,..,0.9409835999999999,..,0.9375
SLBpv2000,Solomon Islands,SLB,East Asia & Pacific,Lower middle income,2000,pv,2,-0.8014017999999999,0.5245728,-1.6617012,0.058897599999999994,52.205168,8.960543,37.5098774,66.9004585,..,..,..,..,..,..,..,..,..,..,..,..,..,..,..,..,..,..,..,0.375,..,..,..,..,..,..,..,..,..,..,0.4799,..,..,..,..
SLEpv2000,Sierra Leone,SLE,Sub-Saharan Africa,Low income,2000,pv,5,-2.1835343,0.32066649999999997,-2.7094274,-1.6576411999999998,28.596133,5.4774974,19.6130372,37.5792287,..,..,..,..,..,..,..,..,..,..,..,..,..,..,..,..,..,..,..,0.125,..,..,0,..,..,..,..,0.5656566,..,..,0.2537,..,..,..,0.25
SLVpv2000,El Salvador,SLV,Latin America & Caribbean,Upper middle income,2000,pv,5,-0.0182977,0.2913299,-0.4960787,0.4594833,65.5818393,4.976380499999999,57.420575199999995,73.7431034,..,..,..,..,..,..,..,..,..,0.6875,..,..,..,..,..,..,..,..,..,0.625,..,..,..,..,..,..,..,0.8181818,..,..,0.4904,..,..,..,0.625
SOMpv2000,Federal Republic of Somalia,SOM,Sub-Saharan Africa,Low income,2000,pv,4,-2.3846883,0.33789189999999997,-2.938831,-1.8305456,25.160100699999997,5.7717342,15.694456599999999,34.6257449,..,..,..,..,..,..,..,..,..,..,..,..,..,..,..,..,..,..,..,0.25,..,..,0,..,..,..,..,0.5050505,..,..,..,..,..,..,0.125
SRBpv2000,Serbia,SRB,Europe & Central Asia,Upper middle income,2000,pv,5,-1.7933712,0.2913299,-2.2711522,-1.3155902,35.2607431,4.976380499999999,27.099479,43.422007199999996,..,..,..,..,..,..,..,..,..,0.125,..,..,..,..,..,..,..,..,..,0.1875,..,..,..,..,..,..,..,0.530303,..,..,0.47,..,..,..,0.3125
STPpv2000,São Tomé and Príncipe,STP,Sub-Saharan Africa,Lower middle income,2000,pv,4,0.9031055,0.3353891,0.3530674,1.4531436,81.3208805,5.728982299999999,71.9253495,90.71641149999999,..,..,..,..,..,..,..,..,..,..,..,..,..,..,..,..,..,..,..,1,..,..,1,..,..,..,..,..,..,..,0.5781,..,..,..,0.875
SURpv2000,Suriname,SUR,Latin America & Caribbean,Upper middle income,2000,pv,4,0.1772732,0.3277727,-0.360274,0.7148204,68.9225032,5.598882,59.740336799999994,78.1046697,..,..,..,..,..,..,..,..,..,..,..,..,..,..,..,..,..,..,..,0.75,..,..,..,..,..,..,..,0.6464646,..,..,0.5686,..,..,..,0.75
SVKpv2000,Slovak Republic,SVK,Europe & Central Asia,High income,2000,pv,5,0.8799863,0.2913299,0.4022053,1.3577673,80.92596759999999,4.976380499999999,72.7647035,89.08723169999999,..,..,..,..,..,..,..,..,..,0.625,..,..,..,..,..,..,..,..,..,0.71875,..,..,..,..,..,..,..,0.7424242,..,..,0.6641,..,..,..,1
SVNpv2000,Slovenia,SVN,Europe & Central Asia,High income,2000,pv,6,1.1189495999999999,0.2819142,0.6566103,1.5812888999999999,85.0078432,4.8155458,77.110348,92.9053383,..,..,..,..,..,..,..,..,..,0.75,..,..,..,..,..,..,..,..,..,0.84375,..,..,..,..,..,..,..,0.8535353999999999,..,..,0.6625,..,0.6054054,..,1
SWEpv2000,Sweden,SWE,Europe & Central Asia,High income,2000,pv,6,1.4774528,0.2819142,1.0151135,1.9397921,91.1316516,4.8155458,83.23415639999999,99.0291467,..,..,..,..,..,..,..,..,..,1,..,..,..,..,..,..,..,..,..,0.875,..,..,..,..,..,..,..,0.8232322999999999,..,..,0.6900999999999999,..,0.8868421,..,1
SWZpv2000,Eswatini,SWZ,Sub-Saharan Africa,Lower middle income,2000,pv,4,-0.2898214,0.3353891,-0.8398595,0.26021669999999997,60.943779899999996,5.728982299999999,51.5482489,70.339311,..,..,..,..,..,..,..,..,..,..,..,..,..,..,..,..,..,..,..,0.6875,..,..,0,..,..,..,..,..,..,..,0.5969,..,..,..,0.625
SYCpv2000,Seychelles,SYC,Sub-Saharan Africa,High income,2000,pv,4,1.0050037,0.3353891,0.45496559999999997,1.5550418,83.06146489999999,5.728982299999999,73.66593379999999,92.4569959,..,..,..,..,..,..,..,..,..,..,..,..,..,..,..,..,..,..,..,1,..,..,1,..,..,..,..,..,..,..,0.5167999999999999,..,..,..,0.9375
SYRpv2000,Syrian Arab Republic,SYR,Middle East & North Africa,Low income,2000,pv,5,-0.4015513,0.2913299,-0.8793323,0.0762297,59.0352544,4.9763806,50.873990299999996,67.19651859999999,..,..,..,..,..,..,..,..,..,0.375,..,..,..,..,..,..,..,..,..,0.375,..,..,..,..,..,..,..,0.9696969999999999,..,..,0.4497,..,..,..,0.625
TCDpv2000,Chad,TCD,Sub-Saharan Africa,Low income,2000,pv,4,-1.4881328999999999,0.3353891,-2.0381709999999997,-0.9380948,40.4747018,5.728982299999999,31.0791708,49.8702328,..,..,..,..,..,..,..,..,..,..,..,..,..,..,..,..,..,..,..,0.34375,..,..,0.5,..,..,..,..,..,..,..,0.34349999999999997,..,..,..,0.375
TGOpv2000,Togo,TGO,Sub-Saharan Africa,Low income,2000,pv,5,-0.43451059999999997,0.32066649999999997,-0.9604037,0.09138249999999999,58.4722569,5.4774974,49.4891611,67.4553526,..,..,..,..,..,..,..,..,..,..,..,..,..,..,..,..,..,..,..,0.65625,..,..,0.25,..,..,..,..,0.5656566,..,..,0.3797,..,..,..,0.6875
THApv2000,Thailand,THA,East Asia & Pacific,Upper middle income,2000,pv,6,0.5759091,0.2819142,0.1135698,1.0382483999999998,75.73184239999999,4.8155458,67.8343472,83.62933749999999,..,..,..,..,..,..,..,..,..,0.6875,..,..,..,..,..,..,..,..,..,0.65625,..,..,..,..,..,..,..,0.8232322999999999,..,..,0.5745,..,0.5534884,..,0.875
TJKpv2000,Tajikistan,TJK,Europe & Central Asia,Lower middle income,2000,pv,3,-1.8578622999999999,0.3435455,-2.4212769,-1.2944476999999999,34.1591319,5.8683067,24.535108899999997,43.783155,..,..,..,..,..,..,..,..,..,..,..,..,..,..,..,..,..,..,..,0.28125,..,..,..,..,..,..,..,..,..,..,0.5731999999999999,..,..,..,0.1875
TKMpv2000,Turkmenistan,TKM,Europe & Central Asia,Upper middle income,2000,pv,3,0.1474683,0.3435455,-0.4159463,0.7108829,68.4133878,5.8683067,58.789364799999994,78.0374109,..,..,..,..,..,..,..,..,..,..,..,..,..,..,..,..,..,..,..,0.53125,..,..,..,..,..,..,..,..,..,..,0.6548999999999999,..,..,..,0.75
TLSpv2000,Timor-Leste,TLS,East Asia & Pacific,Lower middle income,2000,pv,1,0.23889359999999998,0.6122478,-0.7651928,1.24298,69.97507829999999,10.4581723,52.823675699999995,87.12648089999999,..,..,..,..,..,..,..,..,..,..,..,..,..,..,..,..,..,..,..,0.75,..,..,..,..,..,..,..,..,..,..,..,..,..,..,..
TTOpv2000,Trinidad and Tobago,TTO,Latin America & Caribbean,High income,2000,pv,5,-0.052021,0.2913299,-0.529802,0.42575999999999997,65.0057913,4.9763806,56.844527199999995,73.1670555,..,..,..,..,..,..,..,..,..,0.625,..,..,..,..,..,..,..,..,..,0.96875,..,..,..,..,..,..,..,0.5656566,..,..,0.654,..,..,..,0.5625
TUNpv2000,Tunisia,TUN,Middle East & North Africa,Lower middle income,2000,pv,6,0.23301629999999998,0.286306,-0.2365255,0.7025581,69.8746846,4.890564299999999,61.8541592,77.89520999999999,..,..,..,..,..,..,..,..,..,0.6875,..,..,..,..,..,..,..,..,..,0.5,..,..,1,..,..,..,..,0.8838383999999999,..,..,0.5744,..,..,..,0.6875
TURpv2000,Türkiye,TUR,Europe & Central Asia,Upper middle income,2000,pv,6,-0.5271918999999999,0.2819142,-0.9895311999999999,-0.0648526,56.889111899999996,4.8155458,48.991616799999996,64.7866071,..,..,..,..,..,..,..,..,..,0.375,..,..,..,..,..,..,..,..,..,0.34375,..,..,..,..,..,..,..,0.5959595999999999,..,..,0.6764,..,0.47619049999999996,..,0.625
TWNpv2000,"Taiwan, China",TWN,East Asia & Pacific,High income,2000,pv,6,0.7647693999999999,0.2819142,0.3024301,1.2271087,78.95787849999999,4.8155458,71.06038339999999,86.8553737,..,..,..,..,..,..,..,..,..,0.8125,..,..,..,..,..,..,..,..,..,0.75,..,..,..,..,..,..,..,0.8232322999999999,..,..,0.6111,..,0.51,..,0.875
TZApv2000,Tanzania,TZA,Sub-Saharan Africa,Lower middle income,2000,pv,6,-1.0126279999999999,0.286306,-1.4821697999999999,-0.5430862,48.597086499999996,4.8905642,40.5765611,56.6176118,..,..,..,..,..,..,..,..,..,0.25,..,..,..,..,..,..,..,..,..,0.5,..,..,0.5,..,..,..,..,0.6767677,..,..,0.3706,..,..,..,0.5
UGApv2000,Uganda,UGA,Sub-Saharan Africa,Low income,2000,pv,6,-1.6226250999999998,0.286306,-2.0921669,-1.1530833,38.1773598,4.8905642,30.156834399999997,46.1978851,..,..,..,..,..,..,..,..,..,0.0625,..,..,..,..,..,..,..,..,..,0.34375,..,..,0.5,..,..,..,..,0.7070706999999999,..,..,0.4053,..,..,..,0.3125
UKRpv2000,Ukraine,UKR,Europe & Central Asia,Upper middle income,2000,pv,5,-0.4992464,0.2913299,-0.9770274,-0.0214654,57.3664658,4.976380499999999,49.205201699999996,65.5277299,..,..,..,..,..,..,..,..,..,0.3125,..,..,..,..,..,..,..,..,..,0.53125,..,..,..,..,..,..,..,0.6767677,..,..,0.5686,..,..,..,0.625
URYpv2000,Uruguay,URY,Latin America & Caribbean,High income,2000,pv,5,0.8244769,0.2913299,0.3466959,1.3022578999999999,79.9777782,4.976380499999999,71.81651409999999,88.1390423,..,..,..,..,..,..,..,..,..,0.8125,..,..,..,..,..,..,..,..,..,0.8125,..,..,..,..,..,..,..,0.8484847999999999,..,..,0.6733,..,..,..,0.8125
USApv2000,United States,USA,North America,High income,2000,pv,6,1.0044581,0.2819142,0.5421188,1.4667974,83.05214509999999,4.8155458,75.15464999999999,90.9496403,..,..,..,..,..,..,..,..,..,0.9375,..,..,..,..,..,..,..,..,..,0.875,..,..,..,..,..,..,..,0.8232322999999999,..,..,0.6244999999999999,..,0.9338582999999999,..,0.8125
UZBpv2000,Uzbekistan,UZB,Europe & Central Asia,Lower middle income,2000,pv,3,-1.2021975999999999,0.4046106,-1.865759,-0.5386362,45.3589343,6.9113967999999995,34.0242436,56.693625,..,..,..,..,..,..,..,..,..,0,..,..,..,..,..,..,..,..,..,0.40625,..,..,..,..,..,..,..,..,..,..,0.6625,..,..,..,..
VCTpv2000,St. Vincent and the Grenadines,VCT,Latin America & Caribbean,Upper middle income,2000,pv,1,0.9579327999999999,0.6122478,-0.046153599999999996,1.9620191999999999,82.2574186,10.4581723,65.1060159,99.40882119999999,..,..,..,..,..,..,..,..,..,..,..,..,..,..,..,..,..,..,..,1,..,..,..,..,..,..,..,..,..,..,..,..,..,..,..
VENpv2000,"Venezuela, RB",VEN,Latin America & Caribbean,,2000,pv,6,-0.7443814,0.2819142,-1.2067207,-0.28204209999999996,53.1791677,4.8155458,45.2816725,61.076662799999994,..,..,..,..,..,..,..,..,..,0.4375,..,..,..,..,..,..,..,..,..,0.40625,..,..,..,..,..,..,..,0.7626263,..,..,0.5371,..,0.2809524,..,0.5
VNMpv2000,Viet Nam,VNM,East Asia & Pacific,Lower middle income,2000,pv,5,0.2924713,0.2913299,-0.1853097,0.7702523,70.89027109999999,4.9763806,62.729006999999996,79.0515353,..,..,..,..,..,..,..,..,..,0.5,..,..,..,..,..,..,..,..,..,0.65625,..,..,..,..,..,..,..,0.9141414,..,..,0.6288,..,..,..,0.75
VUTpv2000,Vanuatu,VUT,East Asia & Pacific,Lower middle income,2000,pv,2,0.9027244,0.5245728,0.042425,1.7630238,81.3143707,8.960543,66.6190802,96.00966129999999,..,..,..,..,..,..,..,..,..,..,..,..,..,..,..,..,..,..,..,1,..,..,..,..,..,..,..,..,..,..,0.6078,..,..,..,..
WSMpv2000,Samoa,WSM,East Asia & Pacific,Upper middle income,2000,pv,2,1.1101277999999999,0.36498749999999996,0.5115483,1.7087073,84.8571527,6.2345706,74.6324569,95.08184849999999,..,..,..,..,..,..,..,..,..,..,..,..,..,..,..,..,..,..,..,1,..,..,..,..,..,..,..,..,..,..,..,..,..,..,0.9375
YEMpv2000,"Yemen, Rep.",YEM,Middle East & North Africa,Low income,2000,pv,5,-1.6559503,0.2913299,-2.1337313,-1.1781693,37.608112,4.976380499999999,29.446847899999998,45.769376099999995,..,..,..,..,..,..,..,..,..,0.125,..,..,..,..,..,..,..,..,..,0.375,..,..,..,..,..,..,..,0.7626263,..,..,0.419,..,..,..,0.25
ZAFpv2000,South Africa,ZAF,Sub-Saharan Africa,Upper middle income,2000,pv,7,-0.3188879,0.2773544,-0.7737491,0.1359733,60.4472776,4.7376569,52.6775204,68.2170349,..,..,..,..,..,..,..,..,..,0.625,..,..,..,..,..,..,..,..,..,0.375,..,..,0.75,..,..,..,..,0.6515152,..,..,0.4431,..,0.6799999999999999,..,0.625
ZMBpv2000,Zambia,ZMB,Sub-Saharan Africa,Lower middle income,2000,pv,6,0.028696899999999997,0.286306,-0.4408449,0.4982387,66.38458229999999,4.8905642,58.364056899999994,74.4051076,..,..,..,..,..,..,..,..,..,0.375,..,..,..,..,..,..,..,..,..,0.53125,..,..,0.25,..,..,..,..,0.8232322999999999,..,..,0.4269,..,..,..,0.875
ZWEpv2000,Zimbabwe,ZWE,Sub-Saharan Africa,Lower middle income,2000,pv,6,-1.3514121,0.286306,-1.8209539,-0.8818703,42.8101118,4.8905642,34.7895865,50.8306372,..,..,..,..,..,..,..,..,..,0,..,..,..,..,..,..,..,..,..,0.34375,..,..,0,..,..,..,..,0.5,..,..,0.3394,..,..,..,0.625
ADOpv2002,Andorra,ADO,,,2002,pv,1,1.2512043,0.41535,0.5700303,1.9323782999999999,87.2669651,7.0948427,75.63142309999999,98.9025072,..,..,..,..,..,..,..,..,..,..,..,..,..,..,..,..,..,..,..,..,..,..,..,..,..,..,..,..,..,..,..,..,..,..,1
AFGpv2002,Afghanistan,AFG,South Asia,Low income,2002,pv,2,-2.4335706999999998,0.36498749999999996,-3.0321502,-1.8349912,24.325111099999997,6.2345706,14.1004153,34.5498069,..,..,..,..,..,..,..,..,..,..,..,..,..,..,..,..,..,..,..,0.40625,..,..,..,..,..,..,..,..,..,..,..,..,..,..,0.0625
AGOpv2002,Angola,AGO,Sub-Saharan Africa,Lower middle income,2002,pv,5,-1.8157925,0.29836609999999997,-2.3051128999999997,-1.3264721,34.8777514,5.0965704999999994,26.5193759,43.236126999999996,..,..,..,..,..,..,..,..,..,0.0625,..,..,..,..,..,..,..,..,..,0.09375,..,..,0,..,..,..,..,0.6363635999999999,..,..,..,..,..,..,0.375
ALBpv2002,Albania,ALB,Europe & Central Asia,Upper middle income,2002,pv,4,-0.6545571,0.3277727,-1.1921043,-0.1170099,54.7135105,5.598882,45.531344,63.8956769,..,..,..,..,..,..,..,..,..,..,..,..,..,..,..,..,..,..,..,0.625,..,..,..,..,..,..,..,0.8383838,..,..,0.49269999999999997,..,..,..,0.4375
AREpv2002,United Arab Emirates,ARE,Middle East & North Africa,High income,2002,pv,4,1.0774647,0.30406489999999997,0.5787983,1.5761311,84.2992147,5.1939148,75.7811945,92.8172349,..,..,..,..,..,..,..,..,..,0.8125,..,..,..,..,..,..,..,..,..,0.90625,..,..,..,..,..,..,..,0.7979798,..,..,..,..,..,..,0.9375
ARGpv2002,Argentina,ARG,Latin America & Caribbean,Upper middle income,2002,pv,7,-0.6587134,0.2754528,-1.1104559999999999,-0.20697079999999998,54.6425142,4.7051747,46.9260277,62.3590008,..,..,..,..,..,..,..,..,..,0.3125,..,..,..,..,0.7329059,..,..,..,..,0.53125,..,..,..,..,..,..,..,0.6212120999999999,..,..,0.6912999999999999,..,0.08888889999999999,..,0.5625
ARMpv2002,Armenia,ARM,Europe & Central Asia,Upper middle income,2002,pv,4,-0.2690225,0.3277727,-0.8065697,0.2685247,61.2990584,5.598882,52.116892,70.4812249,..,..,..,..,..,..,..,..,..,..,..,..,..,..,..,..,..,..,..,0.625,..,..,..,..,..,..,..,0.6994948999999999,..,..,0.5151,..,..,..,0.625
ATGpv2002,Antigua and Barbuda,ATG,Latin America & Caribbean,High income,2002,pv,1,0.7075823,0.41535,0.0264083,1.3887562999999998,77.98103139999999,7.0948427,66.3454893,89.6165734,..,..,..,..,..,..,..,..,..,..,..,..,..,..,..,..,..,..,..,..,..,..,..,..,..,..,..,..,..,..,..,..,..,..,0.875
AUSpv2002,Australia,AUS,East Asia & Pacific,High income,2002,pv,7,1.0955179,0.2754528,0.6437752999999999,1.5472605,84.6075923,4.7051747,76.8911057,92.3240788,..,..,..,..,..,..,..,..,..,0.9375,..,..,..,..,0.7380952,..,..,..,..,0.84375,..,..,..,..,..,..,..,0.7853534999999999,..,..,0.6648999999999999,..,0.9577777999999999,..,0.875
AUTpv2002,Austria,AUT,Europe & Central Asia,High income,2002,pv,7,1.2527913,0.2754528,0.8010487,1.7045339,87.29407359999999,4.7051747,79.5775871,95.0105602,..,..,..,..,..,..,..,..,..,1,..,..,..,..,0.8838383999999999,..,..,..,..,0.8125,..,..,..,..,..,..,..,0.7676767999999999,..,..,0.6575,..,0.8230769,..,0.9375
AZEpv2002,Azerbaijan,AZE,Europe & Central Asia,Upper middle income,2002,pv,5,-0.9031405,0.2913299,-1.3809215,-0.4253595,50.4673082,4.976380499999999,42.3060441,58.628572299999995,..,..,..,..,..,..,..,..,..,0.125,..,..,..,..,..,..,..,..,..,0.65625,..,..,..,..,..,..,..,0.6464646,..,..,0.5611999999999999,..,..,..,0.5
BDIpv2002,Burundi,BDI,Sub-Saharan Africa,Low income,2002,pv,3,-2.4576716,0.3552509,-3.0402831,-1.8750601,23.9134292,6.0682542,13.9614923,33.865366,..,..,..,..,..,..,..,..,..,..,..,..,..,..,..,..,..,..,..,0,..,..,0,..,..,..,..,..,..,..,..,..,..,..,0.1875
BELpv2002,Belgium,BEL,Europe & Central Asia,High income,2002,pv,7,1.1338998,0.2754528,0.6821572,1.5856424,85.2632165,4.7051747,77.54673,92.9797031,..,..,..,..,..,..,..,..,..,1,..,..,..,..,0.7916667,..,..,..,..,0.96875,..,..,..,..,..,..,..,0.7424242,..,..,0.6684,..,0.7211268,..,0.875
BENpv2002,Benin,BEN,Sub-Saharan Africa,Lower middle income,2002,pv,4,0.6190757,0.3353891,0.06903759999999999,1.1691137999999999,76.469197,5.728982299999999,67.073666,85.864728,..,..,..,..,..,..,..,..,..,..,..,..,..,..,..,..,..,..,..,0.8125,..,..,0.75,..,..,..,..,..,..,..,0.5257999999999999,..,..,..,0.875
BFApv2002,Burkina Faso,BFA,Sub-Saharan Africa,Low income,2002,pv,5,-0.2134057,0.32066649999999997,-0.7392987999999999,0.31248739999999997,62.2490824,5.4774974,53.2659866,71.23217819999999,..,..,..,..,..,..,..,..,..,..,..,..,..,..,..,..,..,..,..,0.375,..,..,0.5,..,..,..,..,0.7373737,..,..,0.5680999999999999,..,..,..,0.6875
BGDpv2002,Bangladesh,BGD,South Asia,Lower middle income,2002,pv,6,-1.2449478,0.28421569999999996,-1.7110615,-0.7788341,44.6286925,4.8548585,36.6667245,52.5906604,..,..,..,..,..,..,..,..,..,0.25,..,..,..,..,0.3474178,..,..,..,..,0.21875,..,..,..,..,..,..,..,0.6388889,..,..,0.35719999999999996,..,..,..,0.5625
BGRpv2002,Bulgaria,BGR,Europe & Central Asia,High income,2002,pv,6,0.40517,0.28421569999999996,-0.060943699999999996,0.8712837,72.81534529999999,4.8548585,64.8533774,80.7773133,..,..,..,..,..,..,..,..,..,0.75,..,..,..,..,0.5717171999999999,..,..,..,..,0.6875,..,..,..,..,..,..,..,0.75,..,..,0.5560999999999999,..,..,..,0.8125
BHRpv2002,Bahrain,BHR,Middle East & North Africa,High income,2002,pv,5,0.47977539999999996,0.2913299,0.0019944,0.9575564,74.0897249,4.976380499999999,65.9284608,82.25098899999999,..,..,..,..,..,..,..,..,..,0.5,..,..,..,..,..,..,..,..,..,0.8125,..,..,..,..,..,..,..,0.8989899,..,..,0.5895,..,..,..,0.8125
BHSpv2002,"Bahamas, The",BHS,Latin America & Caribbean,High income,2002,pv,3,0.8248435,0.3462368,0.2570151,1.3926718999999999,79.98404029999999,5.9142791,70.2846225,89.6834581,..,..,..,..,..,..,..,..,..,..,..,..,..,..,..,..,..,..,..,0.75,..,..,..,..,..,..,..,0.8838383999999999,..,..,..,..,..,..,0.875
BIHpv2002,Bosnia and Herzegovina,BIH,Europe & Central Asia,Upper middle income,2002,pv,4,-0.33702869999999996,0.3022371,-0.8326975,0.1586401,60.1374037,5.1626929,51.6705873,68.60422009999999,..,..,..,..,..,..,..,..,..,0.5,..,..,..,..,..,..,..,..,..,0.6875,..,..,..,..,..,..,..,..,..,..,0.5984999999999999,..,..,..,0.5625
BLRpv2002,Belarus,BLR,Europe & Central Asia,Upper middle income,2002,pv,4,0.33958659999999996,0.3277727,-0.1979606,0.8771338,71.69507589999999,5.598882,62.5129094,80.87724229999999,..,..,..,..,..,..,..,..,..,..,..,..,..,..,..,..,..,..,..,0.65625,..,..,..,..,..,..,..,0.7777778,..,..,0.6518999999999999,..,..,..,0.75
BLZpv2002,Belize,BLZ,Latin America & Caribbean,Upper middle income,2002,pv,2,0.340663,0.36498749999999996,-0.2579165,0.9392425,71.71346249999999,6.2345706,61.4887667,81.9381583,..,..,..,..,..,..,..,..,..,..,..,..,..,..,..,..,..,..,..,0.65625,..,..,..,..,..,..,..,..,..,..,..,..,..,..,0.8125
BMUpv2002,Bermuda,BMU,North America,High income,2002,pv,1,0.7075823,0.41535,0.0264083,1.3887562999999998,77.98103139999999,7.0948427,66.3454893,89.6165734,..,..,..,..,..,..,..,..,..,..,..,..,..,..,..,..,..,..,..,..,..,..,..,..,..,..,..,..,..,..,..,..,..,..,0.875
BOLpv2002,Bolivia,BOL,Latin America & Caribbean,Lower middle income,2002,pv,6,-0.345507,0.28421569999999996,-0.8116207,0.1206067,59.9925808,4.8548585,52.0306128,67.9545487,..,..,..,..,..,..,..,..,..,0.3125,..,..,..,..,0.6405229,..,..,..,..,0.78125,..,..,..,..,..,..,..,0.6060606,..,..,0.6335999999999999,..,..,..,0.625
BRApv2002,Brazil,BRA,Latin America & Caribbean,Upper middle income,2002,pv,7,0.3357229,0.2754528,-0.11601969999999999,0.7874654999999999,71.6290777,4.7051748,63.9125911,79.34556429999999,..,..,..,..,..,..,..,..,..,0.75,..,..,..,..,0.7749999999999999,..,..,..,..,0.3125,..,..,..,..,..,..,..,0.6818181999999999,..,..,0.6436999999999999,..,0.7204819,..,0.8125
BRBpv2002,Barbados,BRB,Latin America & Caribbean,High income,2002,pv,3,0.8856588,0.3435455,0.3222442,1.4490733999999998,81.022863,5.8683067,71.3988399,90.646886,..,..,..,..,..,..,..,..,..,..,..,..,..,..,..,..,..,..,..,1,..,..,..,..,..,..,..,..,..,..,0.6085999999999999,..,..,..,0.875
BRNpv2002,Brunei Darussalam,BRN,East Asia & Pacific,High income,2002,pv,3,1.0153957999999998,0.3462368,0.4475674,1.5832241999999999,83.2389786,5.914279199999999,73.5395607,92.9383964,..,..,..,..,..,..,..,..,..,..,..,..,..,..,..,..,..,..,..,0.9375,..,..,..,..,..,..,..,0.8989899,..,..,..,..,..,..,0.875
BTNpv2002,Bhutan,BTN,South Asia,Lower middle income,2002,pv,2,0.5323159,0.36498749999999996,-0.06626359999999999,1.1308954,74.9872008,6.2345706,64.7625049,85.2118966,..,..,..,..,..,..,..,..,..,..,..,..,..,..,..,..,..,..,..,0.84375,..,..,..,..,..,..,..,..,..,..,..,..,..,..,0.8125
BWApv2002,Botswana,BWA,Sub-Saharan Africa,Upper middle income,2002,pv,7,0.8510502,0.2795452,0.3925961,1.3095043,80.4316927,4.7750791,72.600563,88.26282239999999,..,..,..,..,..,..,..,..,..,0.75,..,..,..,..,0.7118055999999999,..,..,..,..,0.8125,..,..,1,..,..,..,..,0.7979798,..,..,0.6588999999999999,..,..,..,0.875
CAFpv2002,Central African Republic,CAF,Sub-Saharan Africa,Low income,2002,pv,4,-1.9592333,0.3353891,-2.5092714,-1.4091951999999999,32.427552999999996,5.728982299999999,23.032021999999998,41.823084,..,..,..,..,..,..,..,..,..,..,..,..,..,..,..,..,..,..,..,0.375,..,..,0.5,..,..,..,..,..,..,..,0.3697,..,..,..,0.1875
CANpv2002,Canada,CAN,North America,High income,2002,pv,7,1.1691335999999999,0.2754528,0.717391,1.6208761999999999,85.8650662,4.7051747,78.1485797,93.5815528,..,..,..,..,..,..,..,..,..,1,..,..,..,..,0.6818181999999999,..,..,..,..,0.84375,..,..,..,..,..,..,..,0.7272727,..,..,0.6547,..,0.895122,..,0.9375
CHEpv2002,Switzerland,CHE,Europe & Central Asia,High income,2002,pv,7,1.4788464,0.2754528,1.0271038,1.9305889999999999,91.1554565,4.7051748,83.43896989999999,98.8719431,..,..,..,..,..,..,..,..,..,1,..,..,..,..,0.6599098999999999,..,..,..,..,0.9375,..,..,..,..,..,..,..,0.8989899,..,..,0.6537,..,0.9421052999999999,..,1
CHLpv2002,Chile,CHL,Latin America & Caribbean,High income,2002,pv,7,0.9746237999999999,0.2754528,0.5228811999999999,1.4263664,82.54252749999999,4.7051747,74.826041,90.2590141,..,..,..,..,..,..,..,..,..,0.875,..,..,..,..,0.7708332999999999,..,..,..,..,0.9375,..,..,..,..,..,..,..,0.7777778,..,..,0.6857,..,0.8823529,..,0.8125
CHNpv2002,China,CHN,East Asia & Pacific,Upper middle income,2002,pv,6,-0.4590725,0.2861417,-0.9283448999999999,0.0101999,58.0527003,4.8877583,50.0367767,66.06862389999999,..,..,..,..,..,..,..,..,..,0.4375,..,..,..,..,0.6441441,..,..,..,..,0.1875,..,..,..,..,..,..,..,0.8535353999999999,..,..,..,..,0.6229167,..,0.625
CIVpv2002,Côte d’Ivoire,CIV,Sub-Saharan Africa,Lower middle income,2002,pv,6,-2.2833426,0.286306,-2.7528843999999997,-1.8138007999999999,26.8912475,4.890564299999999,18.8707221,34.911772899999995,..,..,..,..,..,..,..,..,..,0.0625,..,..,..,..,..,..,..,..,..,0.3125,..,..,0.25,..,..,..,..,0.4141414,..,..,0.292,..,..,..,0.1875
CMRpv2002,Cameroon,CMR,Sub-Saharan Africa,Lower middle income,2002,pv,6,-0.8576954,0.286306,-1.3272372,-0.3881536,51.243583199999996,4.890564299999999,43.2230578,59.2641086,..,..,..,..,..,..,..,..,..,0.375,..,..,..,..,..,..,..,..,..,0.25,..,..,0.25,..,..,..,..,0.5681818,..,..,0.44279999999999997,..,..,..,0.625
CODpv2002,"Congo, Dem. Rep.",COD,Sub-Saharan Africa,Low income,2002,pv,4,-2.2607758,0.33789189999999997,-2.8149184999999997,-1.7066331,27.2767245,5.7717342,17.811080399999998,36.7423687,..,..,..,..,..,..,..,..,..,..,..,..,..,..,..,..,..,..,..,0.25,..,..,0,..,..,..,..,0.4545455,..,..,..,..,..,..,0.1875
COGpv2002,"Congo, Rep.",COG,Sub-Saharan Africa,Lower middle income,2002,pv,5,-1.8087563999999998,0.32066649999999997,-2.3346495,-1.2828633,34.9979393,5.4774974,26.014843499999998,43.9810351,..,..,..,..,..,..,..,..,..,..,..,..,..,..,..,..,..,..,..,0.1875,..,..,0.75,..,..,..,..,0.7373737,..,..,0.3851,..,..,..,0.1875
COLpv2002,Colombia,COL,Latin America & Caribbean,Upper middle income,2002,pv,7,-2.3753425,0.2754528,-2.8270850999999997,-1.9235999,25.3197419,4.7051747,17.6032554,33.0362285,..,..,..,..,..,..,..,..,..,0.3125,..,..,..,..,0.1313131,..,..,..,..,0,..,..,..,..,..,..,..,0.5505051,..,..,0.2613,..,0.4272727,..,0.125
COMpv2002,Comoros,COM,Sub-Saharan Africa,Lower middle income,2002,pv,4,-0.16333419999999998,0.3353891,-0.7133723,0.3867039,63.1043837,5.728982299999999,53.708852699999994,72.4999148,..,..,..,..,..,..,..,..,..,..,..,..,..,..,..,..,..,..,..,1,..,..,0.25,..,..,..,..,..,..,..,0.4309,..,..,..,0.625
CPVpv2002,Cabo Verde,CPV,Sub-Saharan Africa,Upper middle income,2002,pv,4,0.8035321999999999,0.3353891,0.2534941,1.3535703,79.6200092,5.728982299999999,70.2244782,89.01554019999999,..,..,..,..,..,..,..,..,..,..,..,..,..,..,..,..,..,..,..,0.75,..,..,1,..,..,..,..,..,..,..,0.6715,..,..,..,0.875
CRIpv2002,Costa Rica,CRI,Latin America & Caribbean,High income,2002,pv,6,0.9303167,0.28421569999999996,0.464203,1.3964303999999998,81.78569139999999,4.8548585,73.82372339999999,89.7476593,..,..,..,..,..,..,..,..,..,0.875,..,..,..,..,0.7934272,..,..,..,..,0.875,..,..,..,..,..,..,..,0.8333332999999999,..,..,0.6836,..,..,..,0.8125
CUBpv2002,Cuba,CUB,Latin America & Caribbean,Upper middle income,2002,pv,5,0.3966228,0.2913299,-0.0811582,0.8744038,72.6693454,4.9763806,64.5080813,80.8306096,..,..,..,..,..,..,..,..,..,0.4375,..,..,..,..,..,..,..,..,..,0.65625,..,..,..,..,..,..,..,0.8787879,..,..,0.695,..,..,..,0.8125
CYMpv2002,Cayman Islands,CYM,Latin America & Caribbean,High income,2002,pv,1,0.7075823,0.41535,0.0264083,1.3887562999999998,77.98103139999999,7.0948427,66.3454893,89.6165734,..,..,..,..,..,..,..,..,..,..,..,..,..,..,..,..,..,..,..,..,..,..,..,..,..,..,..,..,..,..,..,..,..,..,0.875
CYPpv2002,Cyprus,CYP,Europe & Central Asia,High income,2002,pv,5,0.39589589999999997,0.2913299,-0.0818851,0.8736769,72.6569288,4.976380499999999,64.49566469999999,80.8181929,..,..,..,..,..,..,..,..,..,0.5,..,..,..,..,..,..,..,..,..,0.8125,..,..,..,..,..,..,..,0.5934343,..,..,0.6333,..,..,..,0.875
CZEpv2002,Czechia,CZE,Europe & Central Asia,High income,2002,pv,7,0.9775056,0.2754528,0.525763,1.4292482,82.5917533,4.7051748,74.8752667,90.30823989999999,..,..,..,..,..,..,..,..,..,0.875,..,..,..,..,0.7840908999999999,..,..,..,..,0.96875,..,..,..,..,..,..,..,0.6666667,..,..,0.6720999999999999,..,0.7555556,..,0.875
DEUpv2002,Germany,DEU,Europe & Central Asia,High income,2002,pv,7,1.0125434,0.2754528,0.5608008,1.464286,83.190255,4.7051748,75.4737684,90.90674159999999,..,..,..,..,..,..,..,..,..,0.9375,..,..,..,..,0.6382114,..,..,..,..,0.84375,..,..,..,..,..,..,..,0.7676767999999999,..,..,0.6800999999999999,..,0.8604651,..,0.875
DJIpv2002,Djibouti,DJI,Middle East & North Africa,Lower middle income,2002,pv,4,-0.3636812,0.3353891,-0.9137193,0.1863569,59.6821364,5.728982299999999,50.2866053,69.0776674,..,..,..,..,..,..,..,..,..,..,..,..,..,..,..,..,..,..,..,0.75,..,..,0.75,..,..,..,..,..,..,..,0.6353,..,..,..,0.5
DMApv2002,Dominica,DMA,Latin America & Caribbean,Upper middle income,2002,pv,1,0.4357713,0.41535,-0.2454027,1.1169453,73.3380645,7.0948427,61.7025224,84.9736065,..,..,..,..,..,..,..,..,..,..,..,..,..,..,..,..,..,..,..,..,..,..,..,..,..,..,..,..,..,..,..,..,..,..,0.8125
DNKpv2002,Denmark,DNK,Europe & Central Asia,High income,2002,pv,7,1.3888443,0.2754528,0.9371016999999999,1.8405869,89.6180766,4.7051748,81.90159,97.33456319999999,..,..,..,..,..,..,..,..,..,1,..,..,..,..,0.8708332999999999,..,..,..,..,0.96875,..,..,..,..,..,..,..,0.7828282999999999,..,..,0.6551,..,0.9384615,..,0.9375
DOMpv2002,Dominican Republic,DOM,Latin America & Caribbean,Upper middle income,2002,pv,6,-0.1599129,0.28421569999999996,-0.6260266,0.3062008,63.162825,4.8548585,55.2008571,71.124793,..,..,..,..,..,..,..,..,..,0.5625,..,..,..,..,0.6875,..,..,..,..,0.53125,..,..,..,..,..,..,..,0.7525253,..,..,0.44699999999999995,..,..,..,0.6875
DZApv2002,Algeria,DZA,Middle East & North Africa,Upper middle income,2002,pv,6,-1.7340248999999999,0.286306,-2.2035667,-1.2644830999999999,36.2744729,4.890564299999999,28.2539475,44.294998299999996,..,..,..,..,..,..,..,..,..,0.1875,..,..,..,..,..,..,..,..,..,0.3125,..,..,0.25,..,..,..,..,0.459596,..,..,0.5857,..,..,..,0.25
ECUpv2002,Ecuador,ECU,Latin America & Caribbean,Upper middle income,2002,pv,6,-0.8515978999999999,0.28421569999999996,-1.3177116,-0.3854842,51.347738299999996,4.8548585,43.3857703,59.3097062,..,..,..,..,..,..,..,..,..,0.3125,..,..,..,..,0.5205479,..,..,..,..,0.5,..,..,..,..,..,..,..,0.5883838,..,..,0.4861,..,..,..,0.5625
EGYpv2002,"Egypt, Arab Rep.",EGY,Middle East & North Africa,Lower middle income,2002,pv,6,-0.6231042,0.286306,-1.092646,-0.1535624,55.2507763,4.8905642,47.230250999999996,63.271301699999995,..,..,..,..,..,..,..,..,..,0.5,..,..,..,..,..,..,..,..,..,0.34375,..,..,0.5,..,..,..,..,0.8787879,..,..,0.3177,..,..,..,0.5625
ERIpv2002,Eritrea,ERI,Sub-Saharan Africa,Low income,2002,pv,3,-0.7069428,0.3552509,-1.2895543,-0.12433129999999999,53.818678899999995,6.0682541,43.866742099999996,63.7706157,..,..,..,..,..,..,..,..,..,..,..,..,..,..,..,..,..,..,..,0.78125,..,..,0,..,..,..,..,..,..,..,..,..,..,..,0.5
ESPpv2002,Spain,ESP,Europe & Central Asia,High income,2002,pv,7,0.2176146,0.2754528,-0.234128,0.6693572,69.61159889999999,4.7051748,61.895112299999994,77.3280855,..,..,..,..,..,..,..,..,..,0.8125,..,..,..,..,0.5483871,..,..,..,..,0.5,..,..,..,..,..,..,..,0.7373737,..,..,0.5906,..,0.8999999999999999,..,0.6875
ESTpv2002,Estonia,EST,Europe & Central Asia,High income,2002,pv,7,0.8618593,0.2754528,0.4101167,1.3136018999999999,80.6163294,4.7051747,72.8998429,88.332816,..,..,..,..,..,..,..,..,..,0.875,..,..,..,..,0.8419913,..,..,..,..,0.8125,..,..,..,..,..,..,..,0.6691919,..,..,0.6527999999999999,..,0.6509804,..,0.875
ETHpv2002,Ethiopia,ETH,Sub-Saharan Africa,,2002,pv,6,-1.5086032999999999,0.286306,-1.9781450999999999,-1.0390614999999999,40.1250346,4.890564299999999,32.104509199999995,48.145559999999996,..,..,..,..,..,..,..,..,..,0.3125,..,..,..,..,..,..,..,..,..,0.3125,..,..,0.5,..,..,..,..,0.5151515,..,..,0.316,..,..,..,0.375
FINpv2002,Finland,FIN,Europe & Central Asia,High income,2002,pv,7,1.6559791,0.2754528,1.2042365,2.1077217,94.18116649999999,4.126622,86.4646799,100.0,..,..,..,..,..,..,..,..,..,1,..,..,..,..,0.890625,..,..,..,..,1,..,..,..,..,..,..,..,0.9090908999999999,..,..,0.6705,..,0.9714286,..,1
FJIpv2002,Fiji,FJI,East Asia & Pacific,Upper middle income,2002,pv,3,0.370257,0.3435455,-0.19315759999999998,0.9336715999999999,72.21897539999999,5.8683067,62.594952299999996,81.8429984,..,..,..,..,..,..,..,..,..,..,..,..,..,..,..,..,..,..,..,0.8125,..,..,..,..,..,..,..,..,..,..,0.629,..,..,..,0.75
FRApv2002,France,FRA,Europe & Central Asia,High income,2002,pv,7,0.8013429,0.2754528,0.3496003,1.2530854999999999,79.5826125,4.7051747,71.8661259,87.299099,..,..,..,..,..,..,..,..,..,0.9375,..,..,..,..,0.6095238,..,..,..,..,0.8125,..,..,..,..,..,..,..,0.7550505,..,..,0.6586,..,0.7703704,..,0.8125
GABpv2002,Gabon,GAB,Sub-Saharan Africa,Upper middle income,2002,pv,6,0.09223289999999999,0.286306,-0.3773089,0.5617747,67.4698788,4.890564299999999,59.4493534,75.4904042,..,..,..,..,..,..,..,..,..,0.5,..,..,..,..,..,..,..,..,..,0.8125,..,..,0.25,..,..,..,..,0.6666667,..,..,0.30779999999999996,..,..,..,0.875
GBRpv2002,United Kingdom,GBR,Europe & Central Asia,High income,2002,pv,7,0.548758,0.2754528,0.0970154,1.0005005999999999,75.26805809999999,4.7051747,67.5515716,82.9845447,..,..,..,..,..,..,..,..,..,0.9375,..,..,..,..,0.47619049999999996,..,..,..,..,0.8125,..,..,..,..,..,..,..,0.7373737,..,..,0.6757,..,0.9042254,..,0.6875
GEOpv2002,Georgia,GEO,Europe & Central Asia,Upper middle income,2002,pv,3,-1.6613597,0.3435455,-2.2247743,-1.0979451,37.5157108,5.8683067,27.8916878,47.139733799999995,..,..,..,..,..,..,..,..,..,..,..,..,..,..,..,..,..,..,..,0.625,..,..,..,..,..,..,..,..,..,..,0.3388,..,..,..,0.25
GHApv2002,Ghana,GHA,Sub-Saharan Africa,Lower middle income,2002,pv,6,-0.2418341,0.286306,-0.7113759,0.22770769999999999,61.7634798,4.890564299999999,53.742954399999995,69.7840052,..,..,..,..,..,..,..,..,..,0.375,..,..,..,..,..,..,..,..,..,0.625,..,..,0.75,..,..,..,..,0.5833332999999999,..,..,0.4683,..,..,..,0.75
GINpv2002,Guinea,GIN,Sub-Saharan Africa,Lower middle income,2002,pv,5,-1.8186882999999998,0.32066649999999997,-2.3445814,-1.2927952,34.8282865,5.4774974,25.845190799999997,43.8113823,..,..,..,..,..,..,..,..,..,..,..,..,..,..,..,..,..,..,..,0.53125,..,..,0,..,..,..,..,0.5656566,..,..,0.292,..,..,..,0.25
GMBpv2002,"Gambia, The",GMB,Sub-Saharan Africa,Low income,2002,pv,5,0.4777181,0.32066649999999997,-0.048174999999999996,1.0036112,74.054583,5.4774974,65.07148719999999,83.0376787,..,..,..,..,..,..,..,..,..,..,..,..,..,..,..,..,..,..,..,0.9375,..,..,0.5,..,..,..,..,0.7777778,..,..,0.46299999999999997,..,..,..,0.8125
GNBpv2002,Guinea-Bissau,GNB,Sub-Saharan Africa,Low income,2002,pv,5,-0.5779576,0.32066649999999997,-1.1038507,-0.0520645,56.0219525,5.4774974,47.0388567,65.0050483,..,..,..,..,..,..,..,..,..,..,..,..,..,..,..,..,..,..,..,0.6875,..,..,0.75,..,..,..,..,0.5151515,..,..,0.611,..,..,..,0.5
GNQpv2002,Equatorial Guinea,GNQ,Sub-Saharan Africa,Upper middle income,2002,pv,5,-0.5037416,0.2966387,-0.9902291,-0.017254099999999998,57.2896806,5.0670641,48.9796955,65.5996656,..,..,..,..,..,..,..,..,..,0.1875,..,..,..,..,..,..,..,..,..,0.5,..,..,0.25,..,..,..,..,..,..,..,0.5115999999999999,..,..,..,0.75
GRCpv2002,Greece,GRC,Europe & Central Asia,High income,2002,pv,7,0.8168243,0.2754528,0.3650817,1.2685669,79.8470595,4.7051747,72.130573,87.5635461,..,..,..,..,..,..,..,..,..,0.8125,..,..,..,..,0.6958333999999999,..,..,..,..,0.8125,..,..,..,..,..,..,..,0.8080807999999999,..,..,0.6997,..,0.803125,..,0.8125
GRDpv2002,Grenada,GRD,Latin America & Caribbean,Upper middle income,2002,pv,2,0.6920267,0.36498749999999996,0.0934472,1.2906062,77.7153168,6.2345706,67.49062099999999,87.9400126,..,..,..,..,..,..,..,..,..,..,..,..,..,..,..,..,..,..,..,1,..,..,..,..,..,..,..,..,..,..,..,..,..,..,0.8125
GTMpv2002,Guatemala,GTM,Latin America & Caribbean,Upper middle income,2002,pv,6,-0.9767397999999999,0.28421569999999996,-1.4428535,-0.5106261,49.2101143,4.8548585,41.248146399999996,57.1720823,..,..,..,..,..,..,..,..,..,0.3125,..,..,..,..,0.3596491,..,..,..,..,0.375,..,..,..,..,..,..,..,0.6212120999999999,..,..,0.3493,..,..,..,0.625
GUFpv2002,French Guiana,GUF,,,2002,pv,1,0.1639603,0.41535,-0.5172137,0.8451343,68.6950976,7.0948427,57.059555499999995,80.33063969999999,..,..,..,..,..,..,..,..,..,..,..,..,..,..,..,..,..,..,..,..,..,..,..,..,..,..,..,..,..,..,..,..,..,..,0.75
GUYpv2002,Guyana,GUY,Latin America & Caribbean,High income,2002,pv,4,-0.6448598,0.3277727,-1.182407,-0.1073126,54.8791559,5.598882,45.6969894,64.0613223,..,..,..,..,..,..,..,..,..,..,..,..,..,..,..,..,..,..,..,0.5625,..,..,..,..,..,..,..,0.5353534999999999,..,..,0.5326,..,..,..,0.5625
HKGpv2002,"Hong Kong SAR, China",HKG,East Asia & Pacific,High income,2002,pv,6,0.9969772,0.29527359999999997,0.5127285,1.4812258999999999,82.9243594,5.043745599999999,74.6526166,91.1961022,..,..,..,..,..,..,..,..,..,0.625,..,..,..,..,0.8137255,..,..,..,..,..,..,..,..,..,..,..,..,0.8686868999999999,..,..,0.6573,..,0.8186047,..,0.9375
HNDpv2002,Honduras,HND,Latin America & Caribbean,Lower middle income,2002,pv,6,-0.3381027,0.28421569999999996,-0.8042163999999999,0.12801099999999999,60.1190581,4.8548585,52.1570901,68.081026,..,..,..,..,..,..,..,..,..,0.4375,..,..,..,..,0.5241935,..,..,..,..,0.625,..,..,..,..,..,..,..,0.7777778,..,..,0.383,..,..,..,0.6875
HRVpv2002,Croatia,HRV,Europe & Central Asia,High income,2002,pv,6,0.6641828,0.28421569999999996,0.1980691,1.1302965,77.2396984,4.8548585,69.27773049999999,85.2016664,..,..,..,..,..,..,..,..,..,0.625,..,..,..,..,0.7070706999999999,..,..,..,..,0.9375,..,..,..,..,..,..,..,0.7929293,..,..,0.6920999999999999,..,..,..,0.8125
HTIpv2002,Haiti,HTI,Latin America & Caribbean,Lower middle income,2002,pv,5,-1.5748529,0.3177377,-2.0959426999999997,-1.0537630999999998,38.9933854,5.4274681,30.092337699999998,47.8944331,..,..,..,..,..,..,..,..,..,..,..,..,..,..,0.5444445,..,..,..,..,0.375,..,..,..,..,..,..,..,0.6161616,..,..,0.374,..,..,..,0.3125
HUNpv2002,Hungary,HUN,Europe & Central Asia,High income,2002,pv,7,1.2359002,0.2754528,0.7841576,1.6876427999999999,87.0055466,4.7051748,79.28905999999999,94.7220332,..,..,..,..,..,..,..,..,..,0.875,..,..,..,..,0.8494624,..,..,..,..,0.8125,..,..,..,..,..,..,..,0.7979798,..,..,0.6354,..,0.7851851999999999,..,1
IDNpv2002,Indonesia,IDN,East Asia & Pacific,Upper middle income,2002,pv,7,-1.8442976999999998,0.2754528,-2.2960403,-1.3925551,34.390837,4.7051748,26.674350399999998,42.1073236,..,..,..,..,..,..,..,..,..,0.1875,..,..,..,..,0.5392157,..,..,..,..,0.0625,..,..,..,..,..,..,..,0.5505051,..,..,0.4043,..,0.2521739,..,0.3125
INDpv2002,India,IND,South Asia,Lower middle income,2002,pv,7,-1.2778882,0.2754528,-1.7296308,-0.8261455999999999,44.066017699999996,4.7051747,36.3495312,51.7825043,..,..,..,..,..,..,..,..,..,0.375,..,..,..,..,0.5138889,..,..,..,..,0.0625,..,..,..,..,..,..,..,0.5353534999999999,..,..,0.4779,..,0.5920792,..,0.4375
IRLpv2002,Ireland,IRL,Europe & Central Asia,High income,2002,pv,7,1.4347244,0.2754528,0.9829817999999999,1.886467,90.40178209999999,4.7051747,82.68529559999999,98.1182687,..,..,..,..,..,..,..,..,..,1,..,..,..,..,0.6419752999999999,..,..,..,..,1,..,..,..,..,..,..,..,0.9545454999999999,..,..,0.6703,..,0.9192982,..,0.9375
IRNpv2002,"Iran, Islamic Rep.",IRN,Middle East & North Africa,Upper middle income,2002,pv,5,-0.5266711,0.2913299,-1.0044521,-0.0488901,56.898008,4.976380499999999,48.7367439,65.0592721,..,..,..,..,..,..,..,..,..,0.4375,..,..,..,..,..,..,..,..,..,0.21875,..,..,..,..,..,..,..,0.6590908999999999,..,..,0.6394,..,..,..,0.625
IRQpv2002,Iraq,IRQ,Middle East & North Africa,Upper middle income,2002,pv,5,-1.3274614999999998,0.2913299,-1.8052424999999999,-0.8496805,43.2192264,4.976380499999999,35.0579623,51.3804905,..,..,..,..,..,..,..,..,..,0,..,..,..,..,..,..,..,..,..,0.03125,..,..,..,..,..,..,..,0.5353534999999999,..,..,0.3452,..,..,..,0.6875
ISLpv2002,Iceland,ISL,Europe & Central Asia,High income,2002,pv,6,1.5368353,0.30563239999999997,1.0355982,2.0380724,92.14599969999999,5.004857299999999,83.5840679,100.0,..,..,..,..,..,..,..,..,..,..,..,..,..,..,0.8863637,..,..,..,..,1,..,..,..,..,..,..,..,0.9393939,..,..,0.6622,..,0.8651163,..,1
ISRpv2002,Israel,ISR,Middle East & North Africa,High income,2002,pv,7,-1.1758100999999999,0.2754528,-1.6275526999999999,-0.7240675,45.809675,4.7051747,38.0931885,53.526161599999995,..,..,..,..,..,..,..,..,..,0.4375,..,..,..,..,0.0666667,..,..,..,..,0.25,..,..,..,..,..,..,..,0.4292929,..,..,0.6466999999999999,..,0.505,..,0.5
ITApv2002,Italy,ITA,Europe & Central Asia,High income,2002,pv,7,0.8264889999999999,0.2754528,0.3747464,1.2782316,80.01214809999999,4.7051748,72.2956615,87.7286347,..,..,..,..,..,..,..,..,..,0.75,..,..,..,..,0.6621621,..,..,..,..,0.8125,..,..,..,..,..,..,..,0.8535353999999999,..,..,0.6750999999999999,..,0.6582524,..,0.875
JAMpv2002,Jamaica,JAM,Latin America & Caribbean,Upper middle income,2002,pv,6,-0.4712879,0.28421569999999996,-0.9374016,-0.0051741999999999995,57.8440417,4.8548585,49.8820738,65.80600969999999,..,..,..,..,..,..,..,..,..,0.375,..,..,..,..,0.5526316,..,..,..,..,0.625,..,..,..,..,..,..,..,0.7474746999999999,..,..,0.4548,..,..,..,0.625
JORpv2002,Jordan,JOR,Middle East & North Africa,Lower middle income,2002,pv,6,-0.6190013999999999,0.28421569999999996,-1.0851150999999999,-0.1528877,55.320858699999995,4.8548585,47.3588908,63.282826699999994,..,..,..,..,..,..,..,..,..,0.1875,..,..,..,..,0.5384614999999999,..,..,..,..,0.78125,..,..,..,..,..,..,..,0.7929293,..,..,0.4896,..,..,..,0.5625
JPNpv2002,Japan,JPN,East Asia & Pacific,High income,2002,pv,7,1.162444,0.2754528,0.7107013999999999,1.6141866,85.7507971,4.7051747,78.0343106,93.4672837,..,..,..,..,..,..,..,..,..,1,..,..,..,..,0.5857143,..,..,..,..,0.8125,..,..,..,..,..,..,..,0.9116162,..,..,0.6665,..,0.64,..,0.9375
KAZpv2002,Kazakhstan,KAZ,Europe & Central Asia,Upper middle income,2002,pv,5,0.2486883,0.2913299,-0.22909269999999998,0.7264693,70.14238739999999,4.976380499999999,61.9811233,78.3036515,..,..,..,..,..,..,..,..,..,0.5,..,..,..,..,..,..,..,..,..,0.625,..,..,..,..,..,..,..,0.8686868999999999,..,..,0.6437999999999999,..,..,..,0.75
KENpv2002,Kenya,KEN,Sub-Saharan Africa,Lower middle income,2002,pv,6,-1.2330402999999999,0.286306,-1.7025820999999999,-0.7634985,44.8320916,4.890564299999999,36.8115662,52.852616999999995,..,..,..,..,..,..,..,..,..,0.4375,..,..,..,..,..,..,..,..,..,0.3125,..,..,0.75,..,..,..,..,0.4166667,..,..,0.38689999999999997,..,..,..,0.4375
KGZpv2002,Kyrgyz Republic,KGZ,Europe & Central Asia,Lower middle income,2002,pv,3,-0.8143863,0.3435455,-1.3778009,-0.25097169999999996,51.983371999999996,5.8683067,42.3593489,61.607395,..,..,..,..,..,..,..,..,..,..,..,..,..,..,..,..,..,..,..,0.78125,..,..,..,..,..,..,..,..,..,..,0.5974999999999999,..,..,..,0.375
KHMpv2002,Cambodia,KHM,East Asia & Pacific,Lower middle income,2002,pv,4,-0.9341163,0.3022371,-1.4297851,-0.4384475,49.9381919,5.1626929,41.471375599999995,58.4050083,..,..,..,..,..,..,..,..,..,0.1875,..,..,..,..,..,..,..,..,..,0.5,..,..,..,..,..,..,..,..,..,..,0.3228,..,..,..,0.625
KORpv2002,"Korea, Rep.",KOR,East Asia & Pacific,High income,2002,pv,7,0.3886948,0.2754528,-0.0630478,0.8404374,72.5339225,4.7051747,64.817436,80.2504091,..,..,..,..,..,..,..,..,..,0.625,..,..,..,..,0.6485148,..,..,..,..,0.625,..,..,..,..,..,..,..,0.7878788,..,..,0.6658,..,0.5636363999999999,..,0.8125
KWTpv2002,Kuwait,KWT,Middle East & North Africa,High income,2002,pv,5,0.1909264,0.2913299,-0.28685459999999996,0.6687074,69.1557217,4.9763806,60.9944576,77.31698589999999,..,..,..,..,..,..,..,..,..,0.4375,..,..,..,..,..,..,..,..,..,0.8125,..,..,..,..,..,..,..,0.7777778,..,..,0.5997,..,..,..,0.75
LAOpv2002,Lao PDR,LAO,East Asia & Pacific,Lower middle income,2002,pv,3,-0.0799686,0.3435455,-0.6433831999999999,0.483446,64.5284016,5.8683067,54.904378599999994,74.1524247,..,..,..,..,..,..,..,..,..,..,..,..,..,..,..,..,..,..,..,0.65625,..,..,..,..,..,..,..,..,..,..,0.6779999999999999,..,..,..,0.625
LBNpv2002,Lebanon,LBN,Middle East & North Africa,Lower middle income,2002,pv,5,-0.47316169999999996,0.2913299,-0.9509426999999999,0.0046193,57.8120342,4.976380499999999,49.650770099999995,65.9732983,..,..,..,..,..,..,..,..,..,0.375,..,..,..,..,..,..,..,..,..,0.75,..,..,..,..,..,..,..,0.7323232,..,..,0.46849999999999997,..,..,..,0.5625
LBRpv2002,Liberia,LBR,Sub-Saharan Africa,Low income,2002,pv,5,-1.9064680999999999,0.32066649999999997,-2.4323612,-1.3805749999999999,33.3288671,5.4774974,24.3457713,42.311962799999996,..,..,..,..,..,..,..,..,..,..,..,..,..,..,..,..,..,..,..,0.03125,..,..,0.75,..,..,..,..,0.6666667,..,..,0.4723,..,..,..,0.1875
LBYpv2002,Libya,LBY,Middle East & North Africa,Upper middle income,2002,pv,5,-0.2474046,0.29836609999999997,-0.736725,0.2419158,61.668326799999996,5.0965704999999994,53.3099512,70.0267023,..,..,..,..,..,..,..,..,..,0.4375,..,..,..,..,..,..,..,..,..,0.5,..,..,0,..,..,..,..,0.7020202,..,..,..,..,..,..,0.75
LCApv2002,St. Lucia,LCA,Latin America & Caribbean,Upper middle income,2002,pv,1,0.2436254,0.6122478,-0.7604609999999999,1.2477118,70.055905,10.4581723,52.9045024,87.2073076,..,..,..,..,..,..,..,..,..,..,..,..,..,..,..,..,..,..,..,0.75,..,..,..,..,..,..,..,..,..,..,..,..,..,..,..
LIEpv2002,Liechtenstein,LIE,Europe & Central Asia,High income,2002,pv,1,1.2512043,0.41535,0.5700303,1.9323782999999999,87.2669651,7.0948427,75.63142309999999,98.9025072,..,..,..,..,..,..,..,..,..,..,..,..,..,..,..,..,..,..,..,..,..,..,..,..,..,..,..,..,..,..,..,..,..,..,1
LKApv2002,Sri Lanka,LKA,South Asia,Lower middle income,2002,pv,6,-1.0484749,0.28421569999999996,-1.5145886,-0.5823612,47.984764,4.8548585,40.0227961,55.946732,..,..,..,..,..,..,..,..,..,0.4375,..,..,..,..,0.2741228,..,..,..,..,0.5,..,..,..,..,..,..,..,0.5252525,..,..,0.32639999999999997,..,..,..,0.5625
LSOpv2002,Lesotho,LSO,Sub-Saharan Africa,Lower middle income,2002,pv,4,-0.3393253,0.3353891,-0.8893633999999999,0.21071279999999998,60.098174099999994,5.728982299999999,50.702643099999996,69.4937051,..,..,..,..,..,..,..,..,..,..,..,..,..,..,..,..,..,..,..,0.8125,..,..,0.5,..,..,..,..,..,..,..,0.5153,..,..,..,0.5625
LTUpv2002,Lithuania,LTU,Europe & Central Asia,High income,2002,pv,6,0.9288215,0.28421569999999996,0.4627078,1.3949352,81.760151,4.8548585,73.798183,89.7221189,..,..,..,..,..,..,..,..,..,0.75,..,..,..,..,0.7567902,..,..,..,..,0.875,..,..,..,..,..,..,..,0.7070706999999999,..,..,0.6634,..,..,..,0.9375
LUXpv2002,Luxembourg,LUX,Europe & Central Asia,High income,2002,pv,5,1.5347146999999999,0.31453169999999997,1.0188827,2.0505467,92.1097765,5.0919083999999994,83.2985404,100.0,..,..,..,..,..,..,..,..,..,..,..,..,..,..,..,..,..,..,..,1,..,..,..,..,..,..,..,0.9141414,..,..,0.6658,..,0.9627907,..,1
LVApv2002,Latvia,LVA,Europe & Central Asia,High income,2002,pv,6,0.8974441,0.28421569999999996,0.4313304,1.3635578,81.2241748,4.8548585,73.2622068,89.18614269999999,..,..,..,..,..,..,..,..,..,0.75,..,..,..,..,0.7897436,..,..,..,..,0.875,..,..,..,..,..,..,..,0.7979798,..,..,0.6705,..,..,..,0.875
MACpv2002,"Macao SAR, China",MAC,East Asia & Pacific,High income,2002,pv,1,0.4357713,0.41535,-0.2454027,1.1169453,73.3380645,7.0948427,61.7025224,84.9736065,..,..,..,..,..,..,..,..,..,..,..,..,..,..,..,..,..,..,..,..,..,..,..,..,..,..,..,..,..,..,..,..,..,..,0.8125
MARpv2002,Morocco,MAR,Middle East & North Africa,Lower middle income,2002,pv,7,-0.3083776,0.2795452,-0.7668317,0.1500765,60.6268104,4.7750791,52.7956806,68.4579401,..,..,..,..,..,..,..,..,..,0.5,..,..,..,..,0.5666667,..,..,..,..,0.6875,..,..,0,..,..,..,..,0.7777778,..,..,0.5276,..,..,..,0.625
MDApv2002,Moldova,MDA,Europe & Central Asia,Upper middle income,2002,pv,5,-0.082243,0.2913299,-0.560024,0.395538,64.4895512,4.976380499999999,56.3282871,72.65081529999999,..,..,..,..,..,..,..,..,..,0.25,..,..,..,..,..,..,..,..,..,0.8125,..,..,..,..,..,..,..,0.7676767999999999,..,..,0.6596,..,..,..,0.6875
MDGpv2002,Madagascar,MDG,Sub-Saharan Africa,Low income,2002,pv,5,-0.24440699999999999,0.32066649999999997,-0.7703000999999999,0.28148609999999996,61.7195306,5.4774974,52.7364348,70.7026264,..,..,..,..,..,..,..,..,..,..,..,..,..,..,..,..,..,..,..,0.375,..,..,0.25,..,..,..,..,0.5025253,..,..,0.5144,..,..,..,0.8125
MDVpv2002,Maldives,MDV,South Asia,Upper middle income,2002,pv,3,1.0233078,0.3435455,0.4598932,1.5867224,83.3741282,5.8683067,73.7501051,92.9981512,..,..,..,..,..,..,..,..,..,..,..,..,..,..,..,..,..,..,..,0.75,..,..,..,..,..,..,..,..,..,..,0.6024999999999999,..,..,..,1
MEXpv2002,Mexico,MEX,Latin America & Caribbean,Upper middle income,2002,pv,7,-0.1388043,0.2754528,-0.5905469,0.3129383,63.5233937,4.7051748,55.8069071,71.2398803,..,..,..,..,..,..,..,..,..,0.625,..,..,..,..,0.6423221,..,..,..,..,0.25,..,..,..,..,..,..,..,0.5631313,..,..,0.5913999999999999,..,0.6872727,..,0.75
MKDpv2002,North Macedonia,MKD,Europe & Central Asia,Upper middle income,2002,pv,4,-1.2987171,0.3022371,-1.7943859,-0.8030482999999999,43.7102268,5.1626929,35.2434104,52.1770431,..,..,..,..,..,..,..,..,..,0.25,..,..,..,..,..,..,..,..,..,0.5,..,..,..,..,..,..,..,..,..,..,0.4673,..,..,..,0.375
MLIpv2002,Mali,MLI,Sub-Saharan Africa,Low income,2002,pv,5,0.1705088,0.32066649999999997,-0.3553843,0.6964019,68.8069565,5.4774974,59.8238607,77.79005219999999,..,..,..,..,..,..,..,..,..,..,..,..,..,..,..,..,..,..,..,0.9375,..,..,0.5,..,..,..,..,0.7222221999999999,..,..,0.5286,..,..,..,0.6875
MLTpv2002,Malta,MLT,Middle East & North Africa,High income,2002,pv,4,1.2749051,0.3277727,0.7373579,1.8124523,87.67181269999999,5.598882,78.48964629999999,96.8539792,..,..,..,..,..,..,..,..,..,..,..,..,..,..,..,..,..,..,..,1,..,..,..,..,..,..,..,0.9242423999999999,..,..,0.497,..,..,..,1
MMRpv2002,Myanmar,MMR,East Asia & Pacific,Lower middle income,2002,pv,4,-1.5158471999999998,0.30406489999999997,-2.0145136,-1.0171808,40.001297199999996,5.1939147,31.483276999999998,48.5193173,..,..,..,..,..,..,..,..,..,0,..,..,..,..,..,..,..,..,..,0.34375,..,..,..,..,..,..,..,0.6363635999999999,..,..,..,..,..,..,0.4375
MNEpv2002,Montenegro,MNE,Europe & Central Asia,Upper middle income,2002,pv,1,0.7503795,0.7209384999999999,-0.4319596,1.9327185999999998,78.712076,12.314782899999999,58.515831999999996,98.90831999999999,..,..,..,..,..,..,..,..,..,..,..,..,..,..,..,..,..,..,..,..,..,..,..,..,..,..,..,..,..,..,0.6828,..,..,..,..
MNGpv2002,Mongolia,MNG,East Asia & Pacific,Upper middle income,2002,pv,4,0.991888,0.3277727,0.4543408,1.5294352,82.83742769999999,5.598882,73.65526129999999,92.0195942,..,..,..,..,..,..,..,..,..,..,..,..,..,..,..,..,..,..,..,0.8125,..,..,..,..,..,..,..,0.8838383999999999,..,..,0.5686,..,..,..,0.9375
MOZpv2002,Mozambique,MOZ,Sub-Saharan Africa,Low income,2002,pv,6,-0.1425853,0.286306,-0.6121270999999999,0.3269565,63.4588082,4.890564299999999,55.438282799999996,71.47933359999999,..,..,..,..,..,..,..,..,..,0.5,..,..,..,..,..,..,..,..,..,0.53125,..,..,0.5,..,..,..,..,0.7373737,..,..,0.2746,..,..,..,0.8125
MRTpv2002,Mauritania,MRT,Sub-Saharan Africa,Lower middle income,2002,pv,4,0.0866841,0.3353891,-0.463354,0.6367222,67.3750964,5.728982299999999,57.9795654,76.7706275,..,..,..,..,..,..,..,..,..,..,..,..,..,..,..,..,..,..,..,0.75,..,..,0.5,..,..,..,..,..,..,..,0.47319999999999995,..,..,..,0.75
MTQpv2002,Martinique,MTQ,,,2002,pv,1,0.4357713,0.41535,-0.2454027,1.1169453,73.3380645,7.0948427,61.7025224,84.9736065,..,..,..,..,..,..,..,..,..,..,..,..,..,..,..,..,..,..,..,..,..,..,..,..,..,..,..,..,..,..,..,..,..,..,0.8125
MUSpv2002,Mauritius,MUS,Sub-Saharan Africa,Upper middle income,2002,pv,6,0.9327373,0.28913839999999996,0.45855029999999997,1.4069243,81.8270391,4.9389468,73.7271663,89.9269119,..,..,..,..,..,..,..,..,..,0.875,..,..,..,..,0.7735042999999999,..,..,..,..,0.75,..,..,1,..,..,..,..,..,..,..,0.5213,..,..,..,0.9375
MWIpv2002,Malawi,MWI,Sub-Saharan Africa,Low income,2002,pv,6,-0.057504099999999995,0.286306,-0.5270459,0.4120377,64.91213119999999,4.890564299999999,56.8916058,72.9326566,..,..,..,..,..,..,..,..,..,0.4375,..,..,..,..,..,..,..,..,..,0.625,..,..,0.25,..,..,..,..,0.5126263,..,..,0.47969999999999996,..,..,..,0.875
MYSpv2002,Malaysia,MYS,East Asia & Pacific,Upper middle income,2002,pv,7,0.3662257,0.2754528,-0.08551689999999999,0.8179683,72.1501143,4.7051747,64.4336278,79.8666009,..,..,..,..,..,..,..,..,..,0.6875,..,..,..,..,0.6925926,..,..,..,..,0.78125,..,..,..,..,..,..,..,0.8131313,..,..,0.47459999999999997,..,0.7549296,..,0.75
NAMpv2002,Namibia,NAM,Sub-Saharan Africa,Lower middle income,2002,pv,7,0.0532317,0.2795452,-0.4052224,0.5116858,66.8036759,4.7750791,58.9725462,74.63480559999999,..,..,..,..,..,..,..,..,..,0.4375,..,..,..,..,0.7613169,..,..,..,..,0.375,..,..,0.5,..,..,..,..,0.7651515,..,..,0.4652,..,..,..,0.875
NERpv2002,Niger,NER,Sub-Saharan Africa,Low income,2002,pv,5,-0.5421073,0.32066649999999997,-1.0680003999999998,-0.016214199999999998,56.634333,5.4774974,47.6512372,65.6174288,..,..,..,..,..,..,..,..,..,..,..,..,..,..,..,..,..,..,..,0.8125,..,..,0.5,..,..,..,..,0.7121212,..,..,0.4239,..,..,..,0.5
NGApv2002,Nigeria,NGA,Sub-Saharan Africa,Lower middle income,2002,pv,7,-2.0636563,0.2795452,-2.5221104,-1.6052022,30.643841,4.7750791,22.8127113,38.4749708,..,..,..,..,..,..,..,..,..,0.1875,..,..,..,..,0.7222221999999999,..,..,..,..,0.3125,..,..,0.25,..,..,..,..,0.3131313,..,..,0.3665,..,..,..,0.1875
NICpv2002,Nicaragua,NIC,Latin America & Caribbean,Lower middle income,2002,pv,6,-0.37211639999999996,0.28421569999999996,-0.8382301,0.09399729999999999,59.5380496,4.8548585,51.576081699999996,67.50001759999999,..,..,..,..,..,..,..,..,..,0.625,..,..,..,..,0.6140351,..,..,..,..,0.53125,..,..,..,..,..,..,..,0.6868687,..,..,0.5295,..,..,..,0.5625
NLDpv2002,Netherlands,NLD,Europe & Central Asia,High income,2002,pv,7,1.033487,0.2754528,0.5817443999999999,1.4852296,83.54800519999999,4.7051748,75.8315186,91.2644918,..,..,..,..,..,..,..,..,..,1,..,..,..,..,0.7121212,..,..,..,..,1,..,..,..,..,..,..,..,0.7196969999999999,..,..,0.5172,..,0.890625,..,0.875
NORpv2002,Norway,NOR,Europe & Central Asia,High income,2002,pv,7,1.5224853,0.2754528,1.0707427,1.9742278999999998,91.9008788,4.7051747,84.18439219999999,99.61736529999999,..,..,..,..,..,..,..,..,..,1,..,..,..,..,0.8535353,..,..,..,..,1,..,..,..,..,..,..,..,0.8106061,..,..,0.6526,..,0.8973684,..,1
NPLpv2002,Nepal,NPL,South Asia,Lower middle income,2002,pv,3,-1.9045021,0.3435455,-2.4679167,-1.3410875,33.3624495,5.8683067,23.738426399999998,42.9864725,..,..,..,..,..,..,..,..,..,..,..,..,..,..,..,..,..,..,..,0.03125,..,..,..,..,..,..,..,..,..,..,0.2788,..,..,..,0.375
NZLpv2002,New Zealand,NZL,East Asia & Pacific,High income,2002,pv,7,1.2246578,0.2754528,0.7729151999999999,1.6764004,86.81350839999999,4.7051747,79.0970219,94.529995,..,..,..,..,..,..,..,..,..,0.9375,..,..,..,..,0.8260869,..,..,..,..,0.875,..,..,..,..,..,..,..,0.7828282999999999,..,..,0.6513,..,0.856,..,0.9375
OMNpv2002,Oman,OMN,Middle East & North Africa,High income,2002,pv,5,0.9604254,0.2913299,0.4826444,1.4382063999999999,82.2999962,4.9763806,74.13873199999999,90.46126029999999,..,..,..,..,..,..,..,..,..,0.75,..,..,..,..,..,..,..,..,..,1,..,..,..,..,..,..,..,0.8232322999999999,..,..,0.6329,..,..,..,0.875
PAKpv2002,Pakistan,PAK,South Asia,Lower middle income,2002,pv,5,-1.6400553999999998,0.2913299,-2.1178364,-1.1622744,37.8796223,4.9763806,29.718358199999997,46.0408865,..,..,..,..,..,..,..,..,..,0.125,..,..,..,..,..,..,..,..,..,0.3125,..,..,..,..,..,..,..,0.7020202,..,..,0.38989999999999997,..,..,..,0.3125
PANpv2002,Panama,PAN,Latin America & Caribbean,High income,2002,pv,6,0.2858212,0.28421569999999996,-0.1802925,0.7519349,70.77667679999999,4.8548585,62.8147088,78.7386447,..,..,..,..,..,..,..,..,..,0.625,..,..,..,..,0.8005051,..,..,..,..,1,..,..,..,..,..,..,..,0.7474746999999999,..,..,0.6405,..,..,..,0.625
PERpv2002,Peru,PER,Latin America & Caribbean,Upper middle income,2002,pv,6,-1.2329146,0.28421569999999996,-1.6990283,-0.7668009,44.8342388,4.8548585,36.872270799999995,52.7962067,..,..,..,..,..,..,..,..,..,0.375,..,..,..,..,0.4918033,..,..,..,..,0.53125,..,..,..,..,..,..,..,0.4393939,..,..,0.5498,..,..,..,0.375
PHLpv2002,Philippines,PHL,East Asia & Pacific,Lower middle income,2002,pv,7,-1.0320493,0.2754528,-1.4837919,-0.5803067,48.2653396,4.7051747,40.548853,55.9818261,..,..,..,..,..,..,..,..,..,0.5,..,..,..,..,0.30092589999999997,..,..,..,..,0.375,..,..,..,..,..,..,..,0.7323232,..,..,0.4351,..,0.42539679999999996,..,0.4375
PNGpv2002,Papua New Guinea,PNG,East Asia & Pacific,Lower middle income,2002,pv,5,-0.8442622999999999,0.2913299,-1.3220433,-0.3664813,51.4730421,4.9763806,43.311777899999996,59.6343062,..,..,..,..,..,..,..,..,..,0.3125,..,..,..,..,..,..,..,..,..,0.53125,..,..,..,..,..,..,..,0.5959595999999999,..,..,0.26899999999999996,..,..,..,0.625
POLpv2002,Poland,POL,Europe & Central Asia,High income,2002,pv,7,0.7259513999999999,0.2754528,0.2742088,1.177694,78.294805,4.7051748,70.5783184,86.01129159999999,..,..,..,..,..,..,..,..,..,0.75,..,..,..,..,0.7230047,..,..,..,..,0.9375,..,..,..,..,..,..,..,0.8787879,..,..,0.6806,..,0.36521739999999997,..,0.8125
PRIpv2002,Puerto Rico (U.S.),PRI,Latin America & Caribbean,High income,2002,pv,1,0.1639603,0.41535,-0.5172137,0.8451343,68.6950976,7.0948427,57.059555499999995,80.33063969999999,..,..,..,..,..,..,..,..,..,..,..,..,..,..,..,..,..,..,..,..,..,..,..,..,..,..,..,..,..,..,..,..,..,..,0.75
PRKpv2002,"Korea, Dem. People's Rep.",PRK,East Asia & Pacific,Low income,2002,pv,4,0.3491798,0.3277727,-0.1883674,0.8867269999999999,71.85894309999999,5.598882,62.6767766,81.04110949999999,..,..,..,..,..,..,..,..,..,..,..,..,..,..,..,..,..,..,..,0.09375,..,..,..,..,..,..,..,0.8787879,..,..,0.3862,..,..,..,1
PRTpv2002,Portugal,PRT,Europe & Central Asia,High income,2002,pv,7,1.4436178,0.2754528,0.9918752,1.8953604,90.5536956,4.7051747,82.8372091,98.2701822,..,..,..,..,..,..,..,..,..,1,..,..,..,..,1,..,..,..,..,0.8125,..,..,..,..,..,..,..,0.8484847999999999,..,..,0.7148,..,0.5690141,..,1
PRYpv2002,Paraguay,PRY,Latin America & Caribbean,Upper middle income,2002,pv,6,-1.3529771,0.28421569999999996,-1.8190908,-0.8868634,42.7833791,4.8548585,34.8214112,50.7453471,..,..,..,..,..,..,..,..,..,0,..,..,..,..,0.6595744,..,..,..,..,0.53125,..,..,..,..,..,..,..,0.5505051,..,..,0.6194,..,..,..,0.375
PSEpv2002,West Bank and Gaza,PSE,Middle East & North Africa,Lower middle income,2002,pv,3,-1.8894191,0.3435455,-2.4528337,-1.3260045,33.6200913,5.8683067,23.9960682,43.2441143,..,..,..,..,..,..,..,..,..,..,..,..,..,..,..,..,..,..,..,0.25,..,..,..,..,..,..,..,..,..,..,0.42529999999999996,..,..,..,0.25
QATpv2002,Qatar,QAT,Middle East & North Africa,High income,2002,pv,4,0.8904537,0.30406489999999997,0.3917873,1.3891201,81.1047675,5.1939147,72.5867474,89.62278769999999,..,..,..,..,..,..,..,..,..,0.6875,..,..,..,..,..,..,..,..,..,0.875,..,..,..,..,..,..,..,0.9242423999999999,..,..,..,..,..,..,0.875
ROUpv2002,Romania,ROU,Europe & Central Asia,High income,2002,pv,6,0.3557613,0.28421569999999996,-0.11035239999999999,0.8218749999999999,71.9713656,4.8548585,64.0093977,79.9333336,..,..,..,..,..,..,..,..,..,0.625,..,..,..,..,0.7807970999999999,..,..,..,..,0.65625,..,..,..,..,..,..,..,0.7676767999999999,..,..,0.5213,..,..,..,0.8125
RUSpv2002,Russian Federation,RUS,Europe & Central Asia,High income,2002,pv,7,-0.8530867999999999,0.2754528,-1.3048294,-0.4013442,51.3223055,4.7051747,43.605818899999996,59.038792,..,..,..,..,..,..,..,..,..,0.5,..,..,..,..,0.5901084,..,..,..,..,0.3125,..,..,..,..,..,..,..,0.6565656999999999,..,..,0.5754,..,0.48118809999999995,..,0.4375
RWApv2002,Rwanda,RWA,Sub-Saharan Africa,Low income,2002,pv,3,-1.9562225,0.3552509,-2.538834,-1.373611,32.4789823,6.0682541,22.5270455,42.4309191,..,..,..,..,..,..,..,..,..,..,..,..,..,..,..,..,..,..,..,0.3125,..,..,0,..,..,..,..,..,..,..,..,..,..,..,0.25
SAUpv2002,Saudi Arabia,SAU,Middle East & North Africa,High income,2002,pv,4,-0.0650862,0.30406489999999997,-0.5637525999999999,0.43358019999999997,64.7826168,5.1939147,56.2645967,73.300637,..,..,..,..,..,..,..,..,..,0.5625,..,..,..,..,..,..,..,..,..,0.75,..,..,..,..,..,..,..,0.7626263,..,..,..,..,..,..,0.625
SDNpv2002,Sudan,SDN,Sub-Saharan Africa,Low income,2002,pv,6,-2.2201424999999997,0.286306,-2.6896842999999997,-1.7506007,27.9708063,4.890564299999999,19.9502809,35.991331699999996,..,..,..,..,..,..,..,..,..,0.125,..,..,..,..,..,..,..,..,..,0.03125,..,..,0.25,..,..,..,..,0.510101,..,..,0.26139999999999997,..,..,..,0.25
SENpv2002,Senegal,SEN,Sub-Saharan Africa,Lower middle income,2002,pv,6,-0.48192769999999996,0.286306,-0.9514695,-0.0123859,57.662296899999994,4.890564299999999,49.6417715,65.6828223,..,..,..,..,..,..,..,..,..,0.4375,..,..,..,..,..,..,..,..,..,0.53125,..,..,0.75,..,..,..,..,0.6666667,..,..,0.4115,..,..,..,0.625
SGPpv2002,Singapore,SGP,East Asia & Pacific,High income,2002,pv,7,1.1440472,0.2754528,0.6923045999999999,1.5957898,85.4365504,4.7051747,77.72006379999999,93.15303689999999,..,..,..,..,..,..,..,..,..,1,..,..,..,..,0.6925926,..,..,..,..,0.8125,..,..,..,..,..,..,..,0.9393939,..,..,0.6053999999999999,..,0.8624999999999999,..,0.875
SLBpv2002,Solomon Islands,SLB,East Asia & Pacific,Lower middle income,2002,pv,2,-0.523181,0.5245728,-1.3834803999999998,0.3371184,56.957624499999994,8.960543,42.262333999999996,71.6529151,..,..,..,..,..,..,..,..,..,..,..,..,..,..,..,..,..,..,..,0.5,..,..,..,..,..,..,..,..,..,..,0.4835,..,..,..,..
SLEpv2002,Sierra Leone,SLE,Sub-Saharan Africa,Low income,2002,pv,5,-0.9877052,0.32066649999999997,-1.5135983,-0.4618121,49.022807799999995,5.4774974,40.039712,58.005903499999995,..,..,..,..,..,..,..,..,..,..,..,..,..,..,..,..,..,..,..,0.90625,..,..,0.75,..,..,..,..,0.6717172,..,..,0.5267999999999999,..,..,..,0.25
SLVpv2002,El Salvador,SLV,Latin America & Caribbean,Upper middle income,2002,pv,6,-0.026344199999999998,0.28421569999999996,-0.4924579,0.4397695,65.4443922,4.8548585,57.4824242,73.4063601,..,..,..,..,..,..,..,..,..,0.6875,..,..,..,..,0.5582011,..,..,..,..,0.71875,..,..,..,..,..,..,..,0.8181818,..,..,0.4904,..,..,..,0.625
SOMpv2002,Federal Republic of Somalia,SOM,Sub-Saharan Africa,Low income,2002,pv,4,-2.2473901,0.33789189999999997,-2.8015328,-1.6932474,27.5053737,5.771734299999999,18.0397295,36.9710179,..,..,..,..,..,..,..,..,..,..,..,..,..,..,..,..,..,..,..,0.25,..,..,0,..,..,..,..,0.3080808,..,..,..,..,..,..,0.25
SRBpv2002,Serbia,SRB,Europe & Central Asia,Upper middle income,2002,pv,5,-0.6071111,0.2913299,-1.0848921,-0.1293301,55.5239641,4.976380499999999,47.3627,63.6852282,..,..,..,..,..,..,..,..,..,0.4375,..,..,..,..,..,..,..,..,..,0.65625,..,..,..,..,..,..,..,0.48484849999999996,..,..,0.5484,..,..,..,0.5625
STPpv2002,São Tomé and Príncipe,STP,Sub-Saharan Africa,Lower middle income,2002,pv,4,0.4524201,0.3353891,-0.097618,1.0024582,73.6224526,5.728982299999999,64.2269216,83.0179836,..,..,..,..,..,..,..,..,..,..,..,..,..,..,..,..,..,..,..,0.75,..,..,0.75,..,..,..,..,..,..,..,0.5782999999999999,..,..,..,0.8125
SURpv2002,Suriname,SUR,Latin America & Caribbean,Upper middle income,2002,pv,4,0.445148,0.3277727,-0.0923992,0.9826952,73.4982335,5.598882,64.3160671,82.68039999999999,..,..,..,..,..,..,..,..,..,..,..,..,..,..,..,..,..,..,..,0.75,..,..,..,..,..,..,..,0.7373737,..,..,0.5686,..,..,..,0.8125
SVKpv2002,Slovak Republic,SVK,Europe & Central Asia,High income,2002,pv,7,1.0121181,0.2754528,0.5603755,1.4638607,83.18299019999999,4.7051748,75.4665036,90.8994768,..,..,..,..,..,..,..,..,..,0.8125,..,..,..,..,0.8333332999999999,..,..,..,..,0.8125,..,..,..,..,..,..,..,0.739899,..,..,0.6588999999999999,..,0.4086957,..,1
SVNpv2002,Slovenia,SVN,Europe & Central Asia,High income,2002,pv,7,1.3176682,0.2754528,0.8659256,1.7694108,88.4022749,4.7051748,80.6857883,96.11876149999999,..,..,..,..,..,..,..,..,..,0.8125,..,..,..,..,0.8333332999999999,..,..,..,..,1,..,..,..,..,..,..,..,0.8838383999999999,..,..,0.6623,..,0.6431373,..,1
SWEpv2002,Sweden,SWE,Europe & Central Asia,High income,2002,pv,7,1.3874604,0.2754528,0.9357177999999999,1.839203,89.59443739999999,4.7051747,81.8779508,97.31092389999999,..,..,..,..,..,..,..,..,..,1,..,..,..,..,0.7619047999999999,..,..,..,..,0.96875,..,..,..,..,..,..,..,0.8232322999999999,..,..,0.6888,..,0.9147540999999999,..,0.9375
SWZpv2002,Eswatini,SWZ,Sub-Saharan Africa,Lower middle income,2002,pv,4,-0.1805152,0.3353891,-0.7305533,0.3695229,62.810904799999996,5.728982299999999,53.4153738,72.2064358,..,..,..,..,..,..,..,..,..,..,..,..,..,..,..,..,..,..,..,0.8125,..,..,0,..,..,..,..,..,..,..,0.5969,..,..,..,0.625
SYCpv2002,Seychelles,SYC,Sub-Saharan Africa,High income,2002,pv,4,0.7486297,0.3353891,0.19859159999999998,1.2986678,78.6821866,5.728982299999999,69.2866556,88.0777177,..,..,..,..,..,..,..,..,..,..,..,..,..,..,..,..,..,..,..,0.75,..,..,0.75,..,..,..,..,..,..,..,0.5308999999999999,..,..,..,0.9375
SYRpv2002,Syrian Arab Republic,SYR,Middle East & North Africa,Low income,2002,pv,5,0.0696956,0.2913299,-0.4080854,0.5474766,67.0849057,4.976380499999999,58.923641599999996,75.24616979999999,..,..,..,..,..,..,..,..,..,0.5625,..,..,..,..,..,..,..,..,..,0.625,..,..,..,..,..,..,..,0.9545454999999999,..,..,0.4497,..,..,..,0.6875
TCDpv2002,Chad,TCD,Sub-Saharan Africa,Low income,2002,pv,4,-1.7385005999999998,0.3353891,-2.2885386999999997,-1.1884625,36.1980208,5.728982299999999,26.8024898,45.5935518,..,..,..,..,..,..,..,..,..,..,..,..,..,..,..,..,..,..,..,0.375,..,..,0.5,..,..,..,..,..,..,..,0.40509999999999996,..,..,..,0.25
TGOpv2002,Togo,TGO,Sub-Saharan Africa,Low income,2002,pv,5,-0.23753839999999998,0.32066649999999997,-0.7634314999999999,0.28835469999999996,61.8368573,5.4774974,52.8537615,70.819953,..,..,..,..,..,..,..,..,..,..,..,..,..,..,..,..,..,..,..,0.6875,..,..,0.25,..,..,..,..,0.5959595999999999,..,..,0.3601,..,..,..,0.75
THApv2002,Thailand,THA,East Asia & Pacific,Upper middle income,2002,pv,7,0.2841788,0.2754528,-0.16756379999999998,0.7359214,70.748622,4.7051747,63.032135399999994,78.4651085,..,..,..,..,..,..,..,..,..,0.6875,..,..,..,..,0.7801418,..,..,..,..,0.65625,..,..,..,..,..,..,..,0.8080807999999999,..,..,0.5749,..,0.7265823,..,0.6875
TJKpv2002,Tajikistan,TJK,Europe & Central Asia,Lower middle income,2002,pv,3,-1.0721136,0.3435455,-1.6355282,-0.508699,47.5809772,5.8683067,37.9569542,57.2050002,..,..,..,..,..,..,..,..,..,..,..,..,..,..,..,..,..,..,..,0.53125,..,..,..,..,..,..,..,..,..,..,0.5731999999999999,..,..,..,0.375
TKMpv2002,Turkmenistan,TKM,Europe & Central Asia,Upper middle income,2002,pv,3,0.0762009,0.3435455,-0.48721369999999997,0.6396155,67.1960266,5.8683067,57.572003599999995,76.82004959999999,..,..,..,..,..,..,..,..,..,..,..,..,..,..,..,..,..,..,..,0.65625,..,..,..,..,..,..,..,..,..,..,0.6548999999999999,..,..,..,0.6875
TLSpv2002,Timor-Leste,TLS,East Asia & Pacific,Lower middle income,2002,pv,3,-0.8262868,0.3435455,-1.3897013999999999,-0.2628722,51.7800924,5.8683067,42.1560693,61.404115399999995,..,..,..,..,..,..,..,..,..,..,..,..,..,..,..,..,..,..,..,0.75,..,..,..,..,..,..,..,..,..,..,0.46599999999999997,..,..,..,0.4375
TTOpv2002,Trinidad and Tobago,TTO,Latin America & Caribbean,High income,2002,pv,6,-0.23849179999999998,0.28421569999999996,-0.7046055,0.2276219,61.820571699999995,4.8548585,53.858603699999996,69.78253959999999,..,..,..,..,..,..,..,..,..,0.5625,..,..,..,..,0.6518518,..,..,..,..,0.8125,..,..,..,..,..,..,..,0.3914141,..,..,0.654,..,..,..,0.625
TUNpv2002,Tunisia,TUN,Middle East & North Africa,Lower middle income,2002,pv,7,0.0705368,0.2795452,-0.38791729999999996,0.5289908999999999,67.0992747,4.7750791,59.268145,74.9304044,..,..,..,..,..,..,..,..,..,0.375,..,..,..,..,0.8005464999999999,..,..,..,..,0.65625,..,..,1,..,..,..,..,0.8686868999999999,..,..,0.5744,..,..,..,0.6875
TURpv2002,Türkiye,TUR,Europe & Central Asia,Upper middle income,2002,pv,7,-0.4967605,0.2754528,-0.9485030999999999,-0.0450179,57.4089289,4.7051747,49.6924424,65.1254155,..,..,..,..,..,..,..,..,..,0.3125,..,..,..,..,0.5980392,..,..,..,..,0.34375,..,..,..,..,..,..,..,0.6262626,..,..,0.6769999999999999,..,0.375,..,0.6875
TWNpv2002,"Taiwan, China",TWN,East Asia & Pacific,High income,2002,pv,7,0.9041644,0.2754528,0.4524218,1.355907,81.3389682,4.7051747,73.6224817,89.05545479999999,..,..,..,..,..,..,..,..,..,0.9375,..,..,..,..,0.7833333,..,..,..,..,0.875,..,..,..,..,..,..,..,0.7626263,..,..,0.6242,..,0.4605263,..,0.875
TZApv2002,Tanzania,TZA,Sub-Saharan Africa,Lower middle income,2002,pv,6,-0.6175252,0.286306,-1.087067,-0.1479834,55.346074599999994,4.890564299999999,47.3255492,63.3666,..,..,..,..,..,..,..,..,..,0.4375,..,..,..,..,..,..,..,..,..,0.78125,..,..,0.5,..,..,..,..,0.7222221999999999,..,..,0.3706,..,..,..,0.5
UGApv2002,Uganda,UGA,Sub-Saharan Africa,Low income,2002,pv,6,-1.6418571,0.286306,-2.1113988999999997,-1.1723153,37.8488464,4.890564299999999,29.828321,45.869371799999996,..,..,..,..,..,..,..,..,..,0.0625,..,..,..,..,..,..,..,..,..,0.4375,..,..,0.75,..,..,..,..,0.5909091,..,..,0.3744,..,..,..,0.3125
UKRpv2002,Ukraine,UKR,Europe & Central Asia,Upper middle income,2002,pv,6,-0.24071789999999998,0.28421569999999996,-0.7068316,0.22539579999999998,61.7825463,4.8548585,53.820578399999995,69.74451429999999,..,..,..,..,..,..,..,..,..,0.4375,..,..,..,..,0.655303,..,..,..,..,0.625,..,..,..,..,..,..,..,0.6313131,..,..,0.5524,..,..,..,0.6875
URYpv2002,Uruguay,URY,Latin America & Caribbean,High income,2002,pv,6,0.7788706,0.28421569999999996,0.3127569,1.2449843,79.1987496,4.8548585,71.2367817,87.1607176,..,..,..,..,..,..,..,..,..,0.6875,..,..,..,..,0.9320988,..,..,..,..,0.9375,..,..,..,..,..,..,..,0.7424242,..,..,0.6733,..,..,..,0.8125
USApv2002,United States,USA,North America,High income,2002,pv,7,0.3794999,0.2754528,-0.07224269999999999,0.8312425,72.3768589,4.7051748,64.66037229999999,80.0933455,..,..,..,..,..,..,..,..,..,0.75,..,..,..,..,0.3602151,..,..,..,..,0.8125,..,..,..,..,..,..,..,0.8535353999999999,..,..,0.6234999999999999,..,0.9249999999999999,..,0.6875
UZBpv2002,Uzbekistan,UZB,Europe & Central Asia,Lower middle income,2002,pv,4,-0.9717513999999999,0.3022371,-1.4674201999999998,-0.47608259999999997,49.295324199999996,5.1626929,40.8285078,57.762140599999995,..,..,..,..,..,..,..,..,..,0.125,..,..,..,..,..,..,..,..,..,0.46875,..,..,..,..,..,..,..,..,..,..,0.6625,..,..,..,0.5
VCTpv2002,St. Vincent and the Grenadines,VCT,Latin America & Caribbean,Upper middle income,2002,pv,1,0.2436254,0.6122478,-0.7604609999999999,1.2477118,70.055905,10.4581723,52.9045024,87.2073076,..,..,..,..,..,..,..,..,..,..,..,..,..,..,..,..,..,..,..,0.75,..,..,..,..,..,..,..,..,..,..,..,..,..,..,..
VENpv2002,"Venezuela, RB",VEN,Latin America & Caribbean,,2002,pv,7,-1.3442093,0.2754528,-1.7959519,-0.8924667,42.9331472,4.7051748,35.2166606,50.6496338,..,..,..,..,..,..,..,..,..,0.4375,..,..,..,..,0.5466667,..,..,..,..,0.3125,..,..,..,..,..,..,..,0.5050505,..,..,0.5371,..,0.0684211,..,0.375
VNMpv2002,Viet Nam,VNM,East Asia & Pacific,Lower middle income,2002,pv,6,0.385333,0.28421569999999996,-0.0807807,0.8514467,72.4764976,4.8548585,64.5145296,80.4384656,..,..,..,..,..,..,..,..,..,0.5625,..,..,..,..,0.6245421999999999,..,..,..,..,0.65625,..,..,..,..,..,..,..,0.8535353999999999,..,..,0.6323,..,..,..,0.8125
VUTpv2002,Vanuatu,VUT,East Asia & Pacific,Lower middle income,2002,pv,2,0.9101062999999999,0.5245728,0.0498069,1.7704057,81.4404654,8.960543,66.7451748,96.135756,..,..,..,..,..,..,..,..,..,..,..,..,..,..,..,..,..,..,..,1,..,..,..,..,..,..,..,..,..,..,0.6091,..,..,..,..
WSMpv2002,Samoa,WSM,East Asia & Pacific,Upper middle income,2002,pv,2,0.901918,0.36498749999999996,0.3033385,1.5004975,81.30059609999999,6.2345706,71.0759003,91.5252919,..,..,..,..,..,..,..,..,..,..,..,..,..,..,..,..,..,..,..,1,..,..,..,..,..,..,..,..,..,..,..,..,..,..,0.875
XKXpv2002,Kosovo,XKX,Europe & Central Asia,Upper middle income,2002,pv,1,-0.0088031,0.7209384999999999,-1.1911422,1.173536,65.7440222,12.314783,45.547778199999996,85.94026629999999,..,..,..,..,..,..,..,..,..,..,..,..,..,..,..,..,..,..,..,..,..,..,..,..,..,..,..,..,..,..,0.5490999999999999,..,..,..,..
YEMpv2002,"Yemen, Rep.",YEM,Middle East & North Africa,Low income,2002,pv,5,-1.7068902,0.2913299,-2.1846712,-1.2291092,36.737977,4.976380499999999,28.5767129,44.8992411,..,..,..,..,..,..,..,..,..,0.125,..,..,..,..,..,..,..,..,..,0.625,..,..,..,..,..,..,..,0.6666667,..,..,0.419,..,..,..,0.1875
ZAFpv2002,South Africa,ZAF,Sub-Saharan Africa,Upper middle income,2002,pv,8,-0.3584803,0.2711948,-0.8032398,0.0862792,59.7709761,4.6324415,52.173772,67.3681801,..,..,..,..,..,..,..,..,..,0.625,..,..,..,..,0.6976743999999999,..,..,..,..,0.5,..,..,0.75,..,..,..,..,0.6212120999999999,..,..,0.4431,..,0.7123288,..,0.5625
ZMBpv2002,Zambia,ZMB,Sub-Saharan Africa,Lower middle income,2002,pv,6,-0.37058589999999997,0.286306,-0.8401276999999999,0.0989559,59.564192999999996,4.890564299999999,51.5436676,67.5847184,..,..,..,..,..,..,..,..,..,0.375,..,..,..,..,..,..,..,..,..,0.5,..,..,0.25,..,..,..,..,0.5656566,..,..,0.38079999999999997,..,..,..,0.8125
ZWEpv2002,Zimbabwe,ZWE,Sub-Saharan Africa,Lower middle income,2002,pv,7,-1.6078263,0.2795452,-2.0662804,-1.1493722,38.4301469,4.7750791,30.5990172,46.261276699999996,..,..,..,..,..,..,..,..,..,0,..,..,..,..,0.4019608,..,..,..,..,0.34375,..,..,0,..,..,..,..,0.4393939,..,..,0.3293,..,..,..,0.5625
ADOpv2003,Andorra,ADO,,,2003,pv,2,1.3177029999999998,0.36498749999999996,0.7191234999999999,1.9162824999999999,88.40286929999999,6.2345706,78.1781735,98.62756519999999,..,..,..,..,..,..,..,..,..,..,..,..,..,..,..,..,..,..,..,1,..,..,..,..,..,..,..,..,..,..,..,..,..,..,1
AFGpv2003,Afghanistan,AFG,South Asia,Low income,2003,pv,2,-2.387388,0.36498749999999996,-2.9859674999999997,-1.7888085,25.1139855,6.2345706,14.889289699999999,35.3386813,..,..,..,..,..,..,..,..,..,..,..,..,..,..,..,..,..,..,..,0.25,..,..,..,..,..,..,..,..,..,..,..,..,..,..,0.125
AGOpv2003,Angola,AGO,Sub-Saharan Africa,Lower middle income,2003,pv,6,-1.2506922999999999,0.2907374,-1.7275015999999999,-0.773883,44.5305672,4.9662597,36.3859013,52.6752331,..,..,..,..,..,..,..,..,..,0.1875,..,..,..,..,0.6444443999999999,..,..,..,..,0.1875,..,..,0,..,..,..,..,0.6969696999999999,..,..,..,..,..,..,0.5
ALBpv2003,Albania,ALB,Europe & Central Asia,Upper middle income,2003,pv,4,-0.43559,0.3277727,-0.9731371999999999,0.1019572,58.453818999999996,5.598882,49.271652499999995,67.6359854,..,..,..,..,..,..,..,..,..,..,..,..,..,..,..,..,..,..,..,0.5625,..,..,..,..,..,..,..,0.7777778,..,..,0.49269999999999997,..,..,..,0.5625
AREpv2003,United Arab Emirates,ARE,Middle East & North Africa,High income,2003,pv,4,0.9511885,0.30406489999999997,0.4525221,1.4498548999999998,82.1422151,5.1939147,73.624195,90.6602353,..,..,..,..,..,..,..,..,..,0.8125,..,..,..,..,..,..,..,..,..,0.9375,..,..,..,..,..,..,..,0.7979798,..,..,..,..,..,..,0.875
ARGpv2003,Argentina,ARG,Latin America & Caribbean,Upper middle income,2003,pv,7,-0.2505519,0.2754528,-0.7022944999999999,0.2011907,61.614565799999994,4.7051747,53.8980793,69.33105239999999,..,..,..,..,..,..,..,..,..,0.5,..,..,..,..,0.7786885,..,..,..,..,0.5625,..,..,..,..,..,..,..,0.8484847999999999,..,..,0.6927,..,0.175,..,0.5625
ARMpv2003,Armenia,ARM,Europe & Central Asia,Upper middle income,2003,pv,4,0.0578823,0.3277727,-0.4796649,0.5954295,66.8831156,5.598882,57.700949099999995,76.06528209999999,..,..,..,..,..,..,..,..,..,..,..,..,..,..,..,..,..,..,..,0.8125,..,..,..,..,..,..,..,0.8055555999999999,..,..,0.42379999999999995,..,..,..,0.6875
ATGpv2003,Antigua and Barbuda,ATG,Latin America & Caribbean,High income,2003,pv,2,0.7275619999999999,0.36498749999999996,0.1289825,1.3261414999999999,78.3223166,6.2345706,68.0976208,88.5470124,..,..,..,..,..,..,..,..,..,..,..,..,..,..,..,..,..,..,..,0.8333332999999999,..,..,..,..,..,..,..,..,..,..,..,..,..,..,0.875
AUSpv2003,Australia,AUS,East Asia & Pacific,High income,2003,pv,7,0.9329388999999999,0.2754528,0.48119629999999997,1.3846815,81.83048269999999,4.7051747,74.1139962,89.5469693,..,..,..,..,..,..,..,..,..,0.9375,..,..,..,..,0.5333333,..,..,..,..,0.8125,..,..,..,..,..,..,..,0.7247475,..,..,0.6648999999999999,..,0.9578947,..,0.875
AUTpv2003,Austria,AUT,Europe & Central Asia,High income,2003,pv,7,1.0139604,0.2754528,0.5622178,1.465703,83.2144596,4.7051747,75.4979731,90.9309462,..,..,..,..,..,..,..,..,..,1,..,..,..,..,0.753012,..,..,..,..,0.6875,..,..,..,..,..,..,..,0.7828282999999999,..,..,0.6575,..,0.8393442999999999,..,0.875
AZEpv2003,Azerbaijan,AZE,Europe & Central Asia,Upper middle income,2003,pv,5,-0.9887094,0.2913299,-1.4664903999999999,-0.5109284,49.0056544,4.976380499999999,40.8443903,57.166918499999994,..,..,..,..,..,..,..,..,..,0.125,..,..,..,..,..,..,..,..,..,0.53125,..,..,..,..,..,..,..,0.7373737,..,..,0.47659999999999997,..,..,..,0.5
BDIpv2003,Burundi,BDI,Sub-Saharan Africa,Low income,2003,pv,3,-2.4009377,0.3552509,-2.9835491999999997,-1.8183262,24.882534999999997,6.0682542,14.9305981,34.834471799999996,..,..,..,..,..,..,..,..,..,..,..,..,..,..,..,..,..,..,..,0.0625,..,..,0,..,..,..,..,..,..,..,..,..,..,..,0.1875
BELpv2003,Belgium,BEL,Europe & Central Asia,High income,2003,pv,7,0.8724133,0.2754528,0.4206707,1.3241558999999998,80.7966086,4.7051747,73.0801221,88.5130952,..,..,..,..,..,..,..,..,..,1,..,..,..,..,0.7391304,..,..,..,..,0.96875,..,..,..,..,..,..,..,0.7424242,..,..,0.6708,..,0.7283582,..,0.75
BENpv2003,Benin,BEN,Sub-Saharan Africa,Lower middle income,2003,pv,4,0.5773695,0.3353891,0.0273314,1.1274076,75.7567883,5.728982299999999,66.36125729999999,85.1523194,..,..,..,..,..,..,..,..,..,..,..,..,..,..,..,..,..,..,..,0.6875,..,..,0.75,..,..,..,..,..,..,..,0.5824,..,..,..,0.875
BFApv2003,Burkina Faso,BFA,Sub-Saharan Africa,Low income,2003,pv,5,0.062428199999999996,0.32066649999999997,-0.46346489999999996,0.5883212999999999,66.9607668,5.4774974,57.977671099999995,75.9438626,..,..,..,..,..,..,..,..,..,..,..,..,..,..,..,..,..,..,..,0.5625,..,..,0.5,..,..,..,..,0.7070706999999999,..,..,0.5680999999999999,..,..,..,0.75
BGDpv2003,Bangladesh,BGD,South Asia,Lower middle income,2003,pv,6,-1.2322975,0.28421569999999996,-1.6984112,-0.7661838,44.8447798,4.8548585,36.8828119,52.8067478,..,..,..,..,..,..,..,..,..,0.3125,..,..,..,..,0.4627193,..,..,..,..,0.09375,..,..,..,..,..,..,..,0.6085859,..,..,0.35719999999999996,..,..,..,0.5625
BGRpv2003,Bulgaria,BGR,Europe & Central Asia,High income,2003,pv,6,0.1952399,0.28421569999999996,-0.2708738,0.6613536,69.2294032,4.8548585,61.267435299999995,77.19137119999999,..,..,..,..,..,..,..,..,..,0.75,..,..,..,..,0.5905349999999999,..,..,..,..,0.5625,..,..,..,..,..,..,..,0.7348485,..,..,0.5560999999999999,..,..,..,0.75
BHRpv2003,Bahrain,BHR,Middle East & North Africa,High income,2003,pv,5,0.34241269999999996,0.2913299,-0.1353683,0.8201936999999999,71.7433502,4.976380499999999,63.5820861,79.90461429999999,..,..,..,..,..,..,..,..,..,0.375,..,..,..,..,..,..,..,..,..,0.875,..,..,..,..,..,..,..,0.8383838,..,..,0.5895,..,..,..,0.8125
BHSpv2003,"Bahamas, The",BHS,Latin America & Caribbean,High income,2003,pv,3,0.7456716,0.3462368,0.17784319999999998,1.3135,78.6316576,5.9142791,68.93223979999999,88.33107539999999,..,..,..,..,..,..,..,..,..,..,..,..,..,..,..,..,..,..,..,0.6875,..,..,..,..,..,..,..,0.8686868999999999,..,..,..,..,..,..,0.875
BIHpv2003,Bosnia and Herzegovina,BIH,Europe & Central Asia,Upper middle income,2003,pv,4,-0.48369439999999997,0.3022371,-0.9793632,0.0119744,57.6321188,5.1626929,49.165302499999996,66.0989352,..,..,..,..,..,..,..,..,..,0.5,..,..,..,..,..,..,..,..,..,0.6875,..,..,..,..,..,..,..,..,..,..,0.5984999999999999,..,..,..,0.5
BLRpv2003,Belarus,BLR,Europe & Central Asia,Upper middle income,2003,pv,4,0.7235292999999999,0.3277727,0.18598209999999998,1.2610765,78.2534316,5.598882,69.0712652,87.43559809999999,..,..,..,..,..,..,..,..,..,..,..,..,..,..,..,..,..,..,..,0.65625,..,..,..,..,..,..,..,0.8232322999999999,..,..,0.6518999999999999,..,..,..,0.875
BLZpv2003,Belize,BLZ,Latin America & Caribbean,Upper middle income,2003,pv,2,0.36860729999999997,0.36498749999999996,-0.2299722,0.9671867999999999,72.1907959,6.2345706,61.9661001,82.41549169999999,..,..,..,..,..,..,..,..,..,..,..,..,..,..,..,..,..,..,..,0.6875,..,..,..,..,..,..,..,..,..,..,..,..,..,..,0.8125
BMUpv2003,Bermuda,BMU,North America,High income,2003,pv,1,0.702405,0.41535,0.021231,1.383579,77.8925948,7.0948427,66.2570527,89.5281368,..,..,..,..,..,..,..,..,..,..,..,..,..,..,..,..,..,..,..,..,..,..,..,..,..,..,..,..,..,..,..,..,..,..,0.875
BOLpv2003,Bolivia,BOL,Latin America & Caribbean,Lower middle income,2003,pv,6,-0.8846276999999999,0.28421569999999996,-1.3507414,-0.418514,50.783536399999996,4.8548585,42.8215685,58.745504399999994,..,..,..,..,..,..,..,..,..,0.25,..,..,..,..,0.6493506,..,..,..,..,0.375,..,..,..,..,..,..,..,0.6363635999999999,..,..,0.6335999999999999,..,..,..,0.5
BRApv2003,Brazil,BRA,Latin America & Caribbean,Upper middle income,2003,pv,7,0.1101752,0.2754528,-0.34156739999999997,0.5619178,67.77636199999999,4.7051747,60.0598755,75.4928486,..,..,..,..,..,..,..,..,..,0.75,..,..,..,..,0.7671958,..,..,..,..,0.3125,..,..,..,..,..,..,..,0.7272727,..,..,0.6436999999999999,..,0.6794521,..,0.6875
BRBpv2003,Barbados,BRB,Latin America & Caribbean,High income,2003,pv,3,0.7682747,0.3435455,0.2048601,1.3316892999999999,79.0177547,5.8683067,69.3937316,88.64177769999999,..,..,..,..,..,..,..,..,..,..,..,..,..,..,..,..,..,..,..,0.875,..,..,..,..,..,..,..,..,..,..,0.6081,..,..,..,0.875
BRNpv2003,Brunei Darussalam,BRN,East Asia & Pacific,High income,2003,pv,3,1.0479687,0.3462368,0.48014029999999996,1.6157971,83.7953758,5.9142791,74.095958,93.4947936,..,..,..,..,..,..,..,..,..,..,..,..,..,..,..,..,..,..,..,0.9375,..,..,..,..,..,..,..,0.9292929,..,..,..,..,..,..,0.875
BTNpv2003,Bhutan,BTN,South Asia,Lower middle income,2003,pv,2,0.7701515999999999,0.36498749999999996,0.1715721,1.3687311,79.04981509999999,6.2345706,68.8251193,89.27451099999999,..,..,..,..,..,..,..,..,..,..,..,..,..,..,..,..,..,..,..,0.875,..,..,..,..,..,..,..,..,..,..,..,..,..,..,0.875
BWApv2003,Botswana,BWA,Sub-Saharan Africa,Upper middle income,2003,pv,7,1.1094732999999999,0.2795452,0.6510192,1.5679273999999999,84.8459728,4.7750791,77.0148431,92.67710249999999,..,..,..,..,..,..,..,..,..,0.875,..,..,..,..,0.7393938999999999,..,..,..,..,0.8125,..,..,1,..,..,..,..,0.8106061,..,..,0.6588999999999999,..,..,..,0.9375
CAFpv2003,Central African Republic,CAF,Sub-Saharan Africa,Low income,2003,pv,4,-1.7807906,0.3353891,-2.3308287,-1.2307525,35.4756399,5.728982299999999,26.0801089,44.871170899999996,..,..,..,..,..,..,..,..,..,..,..,..,..,..,..,..,..,..,..,0.3125,..,..,0,..,..,..,..,..,..,..,0.3697,..,..,..,0.3125
CANpv2003,Canada,CAN,North America,High income,2003,pv,7,1.0801699999999999,0.2754528,0.6284274,1.5319125999999998,84.3454256,4.7051747,76.628939,92.0619121,..,..,..,..,..,..,..,..,..,1,..,..,..,..,0.6216216,..,..,..,..,0.875,..,..,..,..,..,..,..,0.7853534999999999,..,..,0.6547,..,0.8926829,..,0.875
CHEpv2003,Switzerland,CHE,Europe & Central Asia,High income,2003,pv,7,1.2468777,0.2754528,0.7951351,1.6986203,87.1930599,4.7051747,79.4765733,94.9095464,..,..,..,..,..,..,..,..,..,1,..,..,..,..,0.787037,..,..,..,..,0.8125,..,..,..,..,..,..,..,0.7828282999999999,..,..,0.6526,..,0.9185184999999999,..,0.9375
CHLpv2003,Chile,CHL,Latin America & Caribbean,High income,2003,pv,7,0.7887046999999999,0.2754528,0.3369621,1.2404473,79.3667318,4.7051747,71.6502452,87.0832183,..,..,..,..,..,..,..,..,..,0.875,..,..,..,..,0.7889546,..,..,..,..,0.8125,..,..,..,..,..,..,..,0.7777778,..,..,0.6857,..,0.8827586,..,0.75
CHNpv2003,China,CHN,East Asia & Pacific,Upper middle income,2003,pv,6,-0.5750816,0.2861417,-1.044354,-0.10580919999999999,56.0710792,4.8877583,48.0551556,64.0870028,..,..,..,..,..,..,..,..,..,0.4375,..,..,..,..,0.6269113,..,..,..,..,0.1875,..,..,..,..,..,..,..,0.8989899,..,..,..,..,0.59,..,0.5625
CIVpv2003,Côte d’Ivoire,CIV,Sub-Saharan Africa,Lower middle income,2003,pv,6,-2.0672136,0.286306,-2.5367554,-1.5976717999999999,30.5830767,4.890564299999999,22.5625513,38.603602099999996,..,..,..,..,..,..,..,..,..,0,..,..,..,..,..,..,..,..,..,0.1875,..,..,0.25,..,..,..,..,0.5353534999999999,..,..,0.292,..,..,..,0.3125
CMRpv2003,Cameroon,CMR,Sub-Saharan Africa,Lower middle income,2003,pv,7,-0.6465010999999999,0.2795452,-1.1049552,-0.188047,54.8511198,4.7750791,47.0199901,62.6822496,..,..,..,..,..,..,..,..,..,0.375,..,..,..,..,0.5660377,..,..,..,..,0.4375,..,..,0.25,..,..,..,..,0.5681818,..,..,0.44279999999999997,..,..,..,0.6875
CODpv2003,"Congo, Dem. Rep.",COD,Sub-Saharan Africa,Low income,2003,pv,4,-2.0947308,0.33789189999999997,-2.6488734999999997,-1.5405881,30.1130389,5.7717342,20.6473947,39.578683,..,..,..,..,..,..,..,..,..,..,..,..,..,..,..,..,..,..,..,0,..,..,0,..,..,..,..,0.479798,..,..,..,..,..,..,0.3125
COGpv2003,"Congo, Rep.",COG,Sub-Saharan Africa,Lower middle income,2003,pv,5,-1.2440365,0.32066649999999997,-1.7699296,-0.7181434,44.6442589,5.4774974,35.6611632,53.6273547,..,..,..,..,..,..,..,..,..,..,..,..,..,..,..,..,..,..,..,0.4375,..,..,0.75,..,..,..,..,0.7828282999999999,..,..,0.3851,..,..,..,0.3125
COLpv2003,Colombia,COL,Latin America & Caribbean,Upper middle income,2003,pv,7,-2.3338791999999997,0.2754528,-2.7856218,-1.8821366,26.0280015,4.7051747,18.3115149,33.744488,..,..,..,..,..,..,..,..,..,0.25,..,..,..,..,0.1851852,..,..,..,..,0,..,..,..,..,..,..,..,0.5656566,..,..,0.2613,..,0.6,..,0.125
COMpv2003,Comoros,COM,Sub-Saharan Africa,Lower middle income,2003,pv,4,-0.9681147999999999,0.3353891,-1.5181529,-0.41807669999999997,49.3574431,5.728982299999999,39.9619121,58.7529742,..,..,..,..,..,..,..,..,..,..,..,..,..,..,..,..,..,..,..,0.6875,..,..,0.25,..,..,..,..,..,..,..,0.4309,..,..,..,0.4375
CPVpv2003,Cabo Verde,CPV,Sub-Saharan Africa,Upper middle income,2003,pv,4,0.9080427999999999,0.3353891,0.3580047,1.4580809,81.40521749999999,5.728982299999999,72.0096865,90.8007485,..,..,..,..,..,..,..,..,..,..,..,..,..,..,..,..,..,..,..,0.875,..,..,1,..,..,..,..,..,..,..,0.6715,..,..,..,0.875
CRIpv2003,Costa Rica,CRI,Latin America & Caribbean,High income,2003,pv,6,0.6002004,0.28421569999999996,0.1340867,1.0663141,76.14677669999999,4.8548585,68.18480869999999,84.1087446,..,..,..,..,..,..,..,..,..,0.875,..,..,..,..,0.7690475999999999,..,..,..,..,0.875,..,..,..,..,..,..,..,0.7575757999999999,..,..,0.6836,..,..,..,0.6875
CUBpv2003,Cuba,CUB,Latin America & Caribbean,Upper middle income,2003,pv,5,0.2949967,0.2913299,-0.18278429999999998,0.7727777,70.933409,4.976380499999999,62.7721449,79.0946731,..,..,..,..,..,..,..,..,..,0.375,..,..,..,..,..,..,..,..,..,0.65625,..,..,..,..,..,..,..,0.8333332999999999,..,..,0.6966,..,..,..,0.8125
CYMpv2003,Cayman Islands,CYM,Latin America & Caribbean,High income,2003,pv,1,0.702405,0.41535,0.021231,1.383579,77.8925948,7.0948427,66.2570527,89.5281368,..,..,..,..,..,..,..,..,..,..,..,..,..,..,..,..,..,..,..,..,..,..,..,..,..,..,..,..,..,..,..,..,..,..,0.875
CYPpv2003,Cyprus,CYP,Europe & Central Asia,High income,2003,pv,5,0.4053342,0.2913299,-0.07244679999999999,0.8831152,72.8181501,4.976380499999999,64.656886,80.9794142,..,..,..,..,..,..,..,..,..,0.4375,..,..,..,..,..,..,..,..,..,0.8125,..,..,..,..,..,..,..,0.6843433999999999,..,..,0.6304,..,..,..,0.875
CZEpv2003,Czechia,CZE,Europe & Central Asia,High income,2003,pv,7,0.9056461,0.2754528,0.45390349999999996,1.3573887,81.364278,4.7051747,73.6477915,89.0807646,..,..,..,..,..,..,..,..,..,0.875,..,..,..,..,0.6543209999999999,..,..,..,..,0.84375,..,..,..,..,..,..,..,0.6212120999999999,..,..,0.6720999999999999,..,0.6976743999999999,..,0.9375
DEUpv2003,Germany,DEU,Europe & Central Asia,High income,2003,pv,7,0.7285007,0.2754528,0.2767581,1.1802432999999999,78.3383511,4.7051748,70.6218645,86.0548377,..,..,..,..,..,..,..,..,..,0.9375,..,..,..,..,0.5023148,..,..,..,..,0.8125,..,..,..,..,..,..,..,0.7070706999999999,..,..,0.6800999999999999,..,0.7657143,..,0.8125
DJIpv2003,Djibouti,DJI,Middle East & North Africa,Lower middle income,2003,pv,4,-0.7653435,0.3353891,-1.3153816,-0.21530539999999998,52.8211015,5.728982299999999,43.4255704,62.216632499999996,..,..,..,..,..,..,..,..,..,..,..,..,..,..,..,..,..,..,..,0.5,..,..,0.75,..,..,..,..,..,..,..,0.631,..,..,..,0.4375
DMApv2003,Dominica,DMA,Latin America & Caribbean,Upper middle income,2003,pv,2,0.5176706999999999,0.36498749999999996,-0.0809088,1.1162501999999999,74.7370373,6.2345706,64.51234149999999,84.96173309999999,..,..,..,..,..,..,..,..,..,..,..,..,..,..,..,..,..,..,..,0.8333332999999999,..,..,..,..,..,..,..,..,..,..,..,..,..,..,0.8125
DNKpv2003,Denmark,DNK,Europe & Central Asia,High income,2003,pv,7,1.2107071,0.2754528,0.7589644999999999,1.6624497,86.5752081,4.7051747,78.8587216,94.2916947,..,..,..,..,..,..,..,..,..,1,..,..,..,..,0.8253967999999999,..,..,..,..,1,..,..,..,..,..,..,..,0.7222221999999999,..,..,0.6551,..,0.9181817999999999,..,0.875
DOMpv2003,Dominican Republic,DOM,Latin America & Caribbean,Upper middle income,2003,pv,6,-0.5957007,0.28421569999999996,-1.0618144,-0.129587,55.718872,4.8548585,47.756904,63.680839899999995,..,..,..,..,..,..,..,..,..,0.375,..,..,..,..,0.8186275,..,..,..,..,0.375,..,..,..,..,..,..,..,0.6313131,..,..,0.44699999999999995,..,..,..,0.625
DZApv2003,Algeria,DZA,Middle East & North Africa,Upper middle income,2003,pv,7,-1.6466235,0.2795452,-2.1050776,-1.1881694,37.767428699999996,4.7750791,29.936298999999998,45.598558399999995,..,..,..,..,..,..,..,..,..,0.375,..,..,..,..,0.3946078,..,..,..,..,0.15625,..,..,0.25,..,..,..,..,0.3989899,..,..,0.5857,..,..,..,0.3125
ECUpv2003,Ecuador,ECU,Latin America & Caribbean,Upper middle income,2003,pv,6,-1.072906,0.28421569999999996,-1.5390196999999999,-0.6067923,47.567441699999996,4.8548585,39.6054738,55.529409699999995,..,..,..,..,..,..,..,..,..,0.3125,..,..,..,..,0.6139456,..,..,..,..,0.375,..,..,..,..,..,..,..,0.5126263,..,..,0.4861,..,..,..,0.5
EGYpv2003,"Egypt, Arab Rep.",EGY,Middle East & North Africa,Lower middle income,2003,pv,7,-0.8097073,0.2795452,-1.2681613999999999,-0.3512532,52.063296799999996,4.7750791,44.232167,59.894426499999994,..,..,..,..,..,..,..,..,..,0.375,..,..,..,..,0.4656863,..,..,..,..,0.34375,..,..,0.5,..,..,..,..,0.8939393999999999,..,..,0.3177,..,..,..,0.5625
ERIpv2003,Eritrea,ERI,Sub-Saharan Africa,Low income,2003,pv,3,-0.9830762,0.3552509,-1.5656877,-0.4004647,49.1018785,6.0682541,39.1499417,59.0538153,..,..,..,..,..,..,..,..,..,..,..,..,..,..,..,..,..,..,..,0.5,..,..,0,..,..,..,..,..,..,..,..,..,..,..,0.5
ESPpv2003,Spain,ESP,Europe & Central Asia,High income,2003,pv,7,0.0877584,0.2754528,-0.3639842,0.539501,67.3934472,4.7051748,59.676960599999994,75.1099338,..,..,..,..,..,..,..,..,..,0.875,..,..,..,..,0.6880952,..,..,..,..,0.28125,..,..,..,..,..,..,..,0.7525253,..,..,0.5906,..,0.8628570999999999,..,0.625
ESTpv2003,Estonia,EST,Europe & Central Asia,High income,2003,pv,7,0.9085481999999999,0.2754528,0.4568056,1.3602908,81.41385059999999,4.7051747,73.697364,89.13033709999999,..,..,..,..,..,..,..,..,..,0.875,..,..,..,..,0.8794871999999999,..,..,..,..,0.875,..,..,..,..,..,..,..,0.6843433999999999,..,..,0.6518999999999999,..,0.6074073999999999,..,0.875
ETHpv2003,Ethiopia,ETH,Sub-Saharan Africa,,2003,pv,7,-1.5308526,0.2795452,-1.9893067,-1.0723985,39.7449809,4.7750791,31.9138512,47.5761107,..,..,..,..,..,..,..,..,..,0.3125,..,..,..,..,0.5853174999999999,..,..,..,..,0.1875,..,..,0.5,..,..,..,..,0.5631313,..,..,0.316,..,..,..,0.375
FINpv2003,Finland,FIN,Europe & Central Asia,High income,2003,pv,7,1.6280328,0.2754528,1.1762902,2.0797754,93.70379899999999,4.272160899999999,85.9873124,100.0,..,..,..,..,..,..,..,..,..,1,..,..,..,..,0.8842593,..,..,..,..,1,..,..,..,..,..,..,..,0.8939393999999999,..,..,0.6668999999999999,..,0.9486486,..,1
FJIpv2003,Fiji,FJI,East Asia & Pacific,Upper middle income,2003,pv,3,0.36671509999999996,0.3435455,-0.1966995,0.9301297,72.15847409999999,5.8683067,62.534451,81.7824971,..,..,..,..,..,..,..,..,..,..,..,..,..,..,..,..,..,..,..,0.8125,..,..,..,..,..,..,..,..,..,..,0.629,..,..,..,0.75
FRApv2003,France,FRA,Europe & Central Asia,High income,2003,pv,7,0.34346709999999997,0.2754528,-0.1082755,0.7952097,71.761361,4.7051747,64.04487449999999,79.47784759999999,..,..,..,..,..,..,..,..,..,0.9375,..,..,..,..,0.6827957,..,..,..,..,0.5625,..,..,..,..,..,..,..,0.739899,..,..,0.6586,..,0.8409639,..,0.625
FSMpv2003,"Micronesia, Fed. Sts.",FSM,East Asia & Pacific,Lower middle income,2003,pv,1,0.4720559,0.6122478,-0.5320305,1.4761423,73.9578635,10.4581723,56.8064609,91.1092661,..,..,..,..,..,..,..,..,..,..,..,..,..,..,..,..,..,..,..,0.8333332999999999,..,..,..,..,..,..,..,..,..,..,..,..,..,..,..
GABpv2003,Gabon,GAB,Sub-Saharan Africa,Upper middle income,2003,pv,6,-0.1685302,0.286306,-0.638072,0.3010116,63.0156278,4.8905642,54.9951024,71.03615309999999,..,..,..,..,..,..,..,..,..,0.5,..,..,..,..,..,..,..,..,..,0.8125,..,..,0.25,..,..,..,..,0.6666667,..,..,0.30779999999999996,..,..,..,0.75
GBRpv2003,United Kingdom,GBR,Europe & Central Asia,High income,2003,pv,7,0.41960929999999996,0.2754528,-0.0321333,0.8713519,73.0619917,4.7051747,65.3455051,80.7784782,..,..,..,..,..,..,..,..,..,0.9375,..,..,..,..,0.5,..,..,..,..,0.8125,..,..,..,..,..,..,..,0.7373737,..,..,0.6757,..,0.853012,..,0.625
GEOpv2003,Georgia,GEO,Europe & Central Asia,Upper middle income,2003,pv,3,-1.6120010999999999,0.3435455,-2.1754157,-1.0485864999999999,38.358834699999996,5.8683067,28.7348116,47.9828577,..,..,..,..,..,..,..,..,..,..,..,..,..,..,..,..,..,..,..,0.5,..,..,..,..,..,..,..,..,..,..,0.32339999999999997,..,..,..,0.3125
GHApv2003,Ghana,GHA,Sub-Saharan Africa,Lower middle income,2003,pv,7,-0.21651479999999998,0.2795452,-0.6749689,0.2419393,62.195974,4.7750791,54.364844299999994,70.0271037,..,..,..,..,..,..,..,..,..,0.375,..,..,..,..,0.6891615999999999,..,..,..,..,0.65625,..,..,0.75,..,..,..,..,0.5833332999999999,..,..,0.4683,..,..,..,0.75
GINpv2003,Guinea,GIN,Sub-Saharan Africa,Lower middle income,2003,pv,5,-1.0722605,0.32066649999999997,-1.5981535999999998,-0.5463674,47.5784679,5.4774974,38.5953721,56.5615637,..,..,..,..,..,..,..,..,..,..,..,..,..,..,..,..,..,..,..,0.6875,..,..,0.25,..,..,..,..,0.5808080999999999,..,..,0.35469999999999996,..,..,..,0.4375
GMBpv2003,"Gambia, The",GMB,Sub-Saharan Africa,Low income,2003,pv,6,0.0176281,0.31125179999999997,-0.49282489999999995,0.5280811,66.19550939999999,5.3166794,57.476155299999995,74.91486359999999,..,..,..,..,..,..,..,..,..,..,..,..,..,..,0.7742616,..,..,..,..,0.8125,..,..,0.5,..,..,..,..,0.8535353999999999,..,..,0.46299999999999997,..,..,..,0.625
GNBpv2003,Guinea-Bissau,GNB,Sub-Saharan Africa,Low income,2003,pv,5,-0.4942607,0.32066649999999997,-1.0201537999999999,0.0316324,57.451629499999996,5.4774974,48.468533699999995,66.4347253,..,..,..,..,..,..,..,..,..,..,..,..,..,..,..,..,..,..,..,0.5625,..,..,0,..,..,..,..,0.6969696999999999,..,..,0.611,..,..,..,0.5625
GNQpv2003,Equatorial Guinea,GNQ,Sub-Saharan Africa,Upper middle income,2003,pv,5,-0.2622451,0.2966387,-0.7487326,0.22424239999999998,61.4148273,5.0670641,53.1048422,69.7248123,..,..,..,..,..,..,..,..,..,0.1875,..,..,..,..,..,..,..,..,..,0.65625,..,..,0.25,..,..,..,..,..,..,..,0.5115999999999999,..,..,..,0.8125
GRCpv2003,Greece,GRC,Europe & Central Asia,High income,2003,pv,7,0.6057467999999999,0.2754528,0.15400419999999998,1.0574894,76.241518,4.7051747,68.5250315,83.9580046,..,..,..,..,..,..,..,..,..,0.875,..,..,..,..,0.6872851999999999,..,..,..,..,0.5625,..,..,..,..,..,..,..,0.7929293,..,..,0.6997,..,0.8478873,..,0.75
GRDpv2003,Grenada,GRD,Latin America & Caribbean,Upper middle income,2003,pv,2,0.6880288,0.36498749999999996,0.0894493,1.2866083,77.6470263,6.2345706,67.4223305,87.8717221,..,..,..,..,..,..,..,..,..,..,..,..,..,..,..,..,..,..,..,1,..,..,..,..,..,..,..,..,..,..,..,..,..,..,0.8125
GTMpv2003,Guatemala,GTM,Latin America & Caribbean,Upper middle income,2003,pv,6,-0.9245241,0.28421569999999996,-1.3906378,-0.4584104,50.1020421,4.8548585,42.1400741,58.064009999999996,..,..,..,..,..,..,..,..,..,0.3125,..,..,..,..,0.4555556,..,..,..,..,0.5,..,..,..,..,..,..,..,0.6060606,..,..,0.427,..,..,..,0.5625
GUFpv2003,French Guiana,GUF,,,2003,pv,1,0.15878299999999998,0.41535,-0.5223909999999999,0.839957,68.606661,7.0948427,56.971118999999995,80.2422031,..,..,..,..,..,..,..,..,..,..,..,..,..,..,..,..,..,..,..,..,..,..,..,..,..,..,..,..,..,..,..,..,..,..,0.75
GUYpv2003,Guyana,GUY,Latin America & Caribbean,High income,2003,pv,4,-0.4492941,0.3277727,-0.9868412999999999,0.0882531,58.219730999999996,5.598882,49.037564599999996,67.4018975,..,..,..,..,..,..,..,..,..,..,..,..,..,..,..,..,..,..,..,0.5,..,..,..,..,..,..,..,0.6111111,..,..,0.5326,..,..,..,0.625
HKGpv2003,"Hong Kong SAR, China",HKG,East Asia & Pacific,High income,2003,pv,6,0.8351641,0.29527359999999997,0.3509154,1.3194127999999998,80.1603327,5.043745599999999,71.8885899,88.4320755,..,..,..,..,..,..,..,..,..,0.5625,..,..,..,..,0.7805556,..,..,..,..,..,..,..,..,..,..,..,..,0.7777778,..,..,0.6573,..,0.8222222,..,0.9375
HNDpv2003,Honduras,HND,Latin America & Caribbean,Lower middle income,2003,pv,6,-0.5840145999999999,0.28421569999999996,-1.0501283,-0.11790089999999999,55.9184893,4.8548585,47.9565213,63.880457199999995,..,..,..,..,..,..,..,..,..,0.375,..,..,..,..,0.5792683,..,..,..,..,0.46875,..,..,..,..,..,..,..,0.7929293,..,..,0.383,..,..,..,0.625
HRVpv2003,Croatia,HRV,Europe & Central Asia,High income,2003,pv,6,0.6065075,0.28421569999999996,0.14039379999999999,1.0726212,76.25451199999999,4.8548585,68.2925441,84.21647999999999,..,..,..,..,..,..,..,..,..,0.6875,..,..,..,..,0.6804281,..,..,..,..,0.8125,..,..,..,..,..,..,..,0.7626263,..,..,0.693,..,..,..,0.8125
HTIpv2003,Haiti,HTI,Latin America & Caribbean,Lower middle income,2003,pv,5,-1.4445052,0.3177377,-1.965595,-0.9234154,41.2199327,5.4274681,32.318885,50.1209804,..,..,..,..,..,..,..,..,..,..,..,..,..,..,0.5763889,..,..,..,..,0.375,..,..,..,..,..,..,..,0.5707071,..,..,0.374,..,..,..,0.375
HUNpv2003,Hungary,HUN,Europe & Central Asia,High income,2003,pv,7,1.0864226,0.2754528,0.63468,1.5381652,84.45223,4.7051747,76.73574339999999,92.1687165,..,..,..,..,..,..,..,..,..,0.875,..,..,..,..,0.8176101,..,..,..,..,0.8125,..,..,..,..,..,..,..,0.7828282999999999,..,..,0.6354,..,0.7818182,..,0.9375
IDNpv2003,Indonesia,IDN,East Asia & Pacific,Upper middle income,2003,pv,7,-2.1269128999999998,0.2754528,-2.5786555,-1.6751703,29.5633171,4.7051748,21.8468305,37.279803699999995,..,..,..,..,..,..,..,..,..,0.0625,..,..,..,..,0.5175439,..,..,..,..,0.03125,..,..,..,..,..,..,..,0.5353534999999999,..,..,0.4043,..,0.22499999999999998,..,0.25
INDpv2003,India,IND,South Asia,Lower middle income,2003,pv,7,-1.4209266999999999,0.2754528,-1.8726692999999999,-0.9691841,41.6226912,4.7051747,33.906204699999996,49.339177799999995,..,..,..,..,..,..,..,..,..,0.3125,..,..,..,..,0.5582011,..,..,..,..,0.0625,..,..,..,..,..,..,..,0.5505051,..,..,0.4779,..,0.5977273,..,0.375
IRLpv2003,Ireland,IRL,Europe & Central Asia,High income,2003,pv,7,1.364074,0.2754528,0.9123313999999999,1.8158166,89.1949602,4.7051747,81.4784737,96.9114468,..,..,..,..,..,..,..,..,..,1,..,..,..,..,0.7208333,..,..,..,..,0.875,..,..,..,..,..,..,..,0.9116162,..,..,0.6703,..,0.9185184999999999,..,0.9375
IRNpv2003,"Iran, Islamic Rep.",IRN,Middle East & North Africa,Upper middle income,2003,pv,5,-0.6139157,0.2913299,-1.0916967,-0.1361347,55.4077306,4.976380499999999,47.2464665,63.5689947,..,..,..,..,..,..,..,..,..,0.25,..,..,..,..,..,..,..,..,..,0.375,..,..,..,..,..,..,..,0.6590908999999999,..,..,0.6394,..,..,..,0.625
IRQpv2003,Iraq,IRQ,Middle East & North Africa,Upper middle income,2003,pv,5,-2.4734997,0.2913299,-2.9512807,-1.9957186999999998,23.643059899999997,4.976380499999999,15.481795799999999,31.804323999999998,..,..,..,..,..,..,..,..,..,0,..,..,..,..,..,..,..,..,..,0,..,..,..,..,..,..,..,0.4722222,..,..,0.3452,..,..,..,0.1875
ISLpv2003,Iceland,ISL,Europe & Central Asia,High income,2003,pv,6,1.4335228,0.30563239999999997,0.9322857,1.9347599,90.3812569,5.2206902,81.81932499999999,98.9431887,..,..,..,..,..,..,..,..,..,..,..,..,..,..,0.8024690999999999,..,..,..,..,1,..,..,..,..,..,..,..,0.8939393999999999,..,..,0.6598999999999999,..,0.8487804999999999,..,1
ISRpv2003,Israel,ISR,Middle East & North Africa,High income,2003,pv,7,-1.1825503,0.2754528,-1.6342929,-0.7308077,45.6945416,4.7051747,37.9780551,53.4110282,..,..,..,..,..,..,..,..,..,0.4375,..,..,..,..,0.11904759999999999,..,..,..,..,0.28125,..,..,..,..,..,..,..,0.5505051,..,..,0.6454,..,0.4545455,..,0.4375
ITApv2003,Italy,ITA,Europe & Central Asia,High income,2003,pv,7,0.4883646,0.2754528,0.036622,0.9401071999999999,74.2364422,4.7051748,66.5199556,81.9529288,..,..,..,..,..,..,..,..,..,0.75,..,..,..,..,0.6666667,..,..,..,..,0.71875,..,..,..,..,..,..,..,0.7929293,..,..,0.6750999999999999,..,0.6623656,..,0.75
JAMpv2003,Jamaica,JAM,Latin America & Caribbean,Upper middle income,2003,pv,6,-0.6133632,0.28421569999999996,-1.0794769,-0.1472495,55.4171682,4.8548585,47.4552003,63.3791362,..,..,..,..,..,..,..,..,..,0.375,..,..,..,..,0.7212121,..,..,..,..,0.46875,..,..,..,..,..,..,..,0.7474746999999999,..,..,0.4548,..,..,..,0.5625
JORpv2003,Jordan,JOR,Middle East & North Africa,Lower middle income,2003,pv,7,-0.3478648,0.2754528,-0.7996074,0.10387779999999999,59.9523058,4.7051747,52.235819199999995,67.66879229999999,..,..,..,..,..,..,..,..,..,0.1875,..,..,..,..,0.7400793999999999,..,..,..,..,0.8125,..,..,..,..,..,..,..,0.7929293,..,..,0.4864,..,0.58,..,0.625
JPNpv2003,Japan,JPN,East Asia & Pacific,High income,2003,pv,7,1.1294391,0.2754528,0.6776964999999999,1.5811817,85.1870206,4.7051747,77.4705341,92.90350719999999,..,..,..,..,..,..,..,..,..,1,..,..,..,..,0.5046296,..,..,..,..,0.8125,..,..,..,..,..,..,..,0.9116162,..,..,0.6641,..,0.6660377,..,0.9375
KAZpv2003,Kazakhstan,KAZ,Europe & Central Asia,Upper middle income,2003,pv,5,0.3519678,0.2913299,-0.1258132,0.8297488,71.90656659999999,4.976380499999999,63.745302499999994,80.0678307,..,..,..,..,..,..,..,..,..,0.5,..,..,..,..,..,..,..,..,..,0.5625,..,..,..,..,..,..,..,0.8838383999999999,..,..,0.6437999999999999,..,..,..,0.8125
KENpv2003,Kenya,KEN,Sub-Saharan Africa,Lower middle income,2003,pv,7,-1.2300985,0.2795452,-1.6885526,-0.7716444,44.8823423,4.7750791,37.0512126,52.713471999999996,..,..,..,..,..,..,..,..,..,0.5,..,..,..,..,0.3511111,..,..,..,..,0.34375,..,..,0.75,..,..,..,..,0.6237374,..,..,0.38689999999999997,..,..,..,0.375
KGZpv2003,Kyrgyz Republic,KGZ,Europe & Central Asia,Lower middle income,2003,pv,3,-1.1170803,0.3435455,-1.6804949,-0.5536656999999999,46.812874,5.8683067,37.188851,56.436896999999995,..,..,..,..,..,..,..,..,..,..,..,..,..,..,..,..,..,..,..,0.65625,..,..,..,..,..,..,..,..,..,..,0.5974999999999999,..,..,..,0.3125
KHMpv2003,Cambodia,KHM,East Asia & Pacific,Lower middle income,2003,pv,4,-0.9692824,0.3022371,-1.4649512,-0.47361359999999997,49.3374987,5.1626929,40.8706823,57.804314999999995,..,..,..,..,..,..,..,..,..,0.1875,..,..,..,..,..,..,..,..,..,0.375,..,..,..,..,..,..,..,..,..,..,0.3781,..,..,..,0.625
KIRpv2003,Kiribati,KIR,East Asia & Pacific,Lower middle income,2003,pv,1,0.9514153999999999,0.6122478,-0.052670999999999996,1.9555018,82.14609089999999,10.4581723,64.99468829999999,99.2974936,..,..,..,..,..,..,..,..,..,..,..,..,..,..,..,..,..,..,..,1,..,..,..,..,..,..,..,..,..,..,..,..,..,..,..
KNApv2003,St. Kitts and Nevis,KNA,Latin America & Caribbean,High income,2003,pv,1,0.9514153999999999,0.6122478,-0.052670999999999996,1.9555018,82.14609089999999,10.4581723,64.99468829999999,99.2974936,..,..,..,..,..,..,..,..,..,..,..,..,..,..,..,..,..,..,..,1,..,..,..,..,..,..,..,..,..,..,..,..,..,..,..
KORpv2003,"Korea, Rep.",KOR,East Asia & Pacific,High income,2003,pv,7,0.335961,0.2754528,-0.1157816,0.7877036,71.6331448,4.7051747,63.916658299999995,79.34963139999999,..,..,..,..,..,..,..,..,..,0.625,..,..,..,..,0.6763754,..,..,..,..,0.8125,..,..,..,..,..,..,..,0.7878788,..,..,0.6658,..,0.4166667,..,0.75
KWTpv2003,Kuwait,KWT,Middle East & North Africa,High income,2003,pv,5,0.25332709999999997,0.2913299,-0.22445389999999998,0.7311080999999999,70.2216256,4.976380499999999,62.0603615,78.38288969999999,..,..,..,..,..,..,..,..,..,0.4375,..,..,..,..,..,..,..,..,..,0.8125,..,..,..,..,..,..,..,0.8535353999999999,..,..,0.6007,..,..,..,0.75
LAOpv2003,Lao PDR,LAO,East Asia & Pacific,Lower middle income,2003,pv,3,-1.0092662,0.3435455,-1.5726807999999999,-0.44585159999999996,48.6545114,5.8683067,39.030488299999995,58.2785344,..,..,..,..,..,..,..,..,..,..,..,..,..,..,..,..,..,..,..,0.25,..,..,..,..,..,..,..,..,..,..,0.6779999999999999,..,..,..,0.4375
LBNpv2003,Lebanon,LBN,Middle East & North Africa,Lower middle income,2003,pv,5,-0.5699154,0.2913299,-1.0476964,-0.09213439999999999,56.159326199999995,4.976380499999999,47.9980621,64.32059029999999,..,..,..,..,..,..,..,..,..,0.375,..,..,..,..,..,..,..,..,..,0.625,..,..,..,..,..,..,..,0.7171717,..,..,0.46849999999999997,..,..,..,0.5625
LBRpv2003,Liberia,LBR,Sub-Saharan Africa,Low income,2003,pv,5,-2.0654274999999997,0.32066649999999997,-2.5913206,-1.5395344,30.6135861,5.4774974,21.630490299999998,39.5966819,..,..,..,..,..,..,..,..,..,..,..,..,..,..,..,..,..,..,..,0.03125,..,..,0,..,..,..,..,0.5151515,..,..,0.4723,..,..,..,0.25
LBYpv2003,Libya,LBY,Middle East & North Africa,Upper middle income,2003,pv,5,-0.1098149,0.29836609999999997,-0.5991352999999999,0.3795055,64.018579,5.0965704999999994,55.660203499999994,72.37695459999999,..,..,..,..,..,..,..,..,..,0.4375,..,..,..,..,..,..,..,..,..,0.5,..,..,0,..,..,..,..,0.7020202,..,..,..,..,..,..,0.8125
LCApv2003,St. Lucia,LCA,Latin America & Caribbean,Upper middle income,2003,pv,1,0.9514153999999999,0.6122478,-0.052670999999999996,1.9555018,82.14609089999999,10.4581723,64.99468829999999,99.2974936,..,..,..,..,..,..,..,..,..,..,..,..,..,..,..,..,..,..,..,1,..,..,..,..,..,..,..,..,..,..,..,..,..,..,..
LIEpv2003,Liechtenstein,LIE,Europe & Central Asia,High income,2003,pv,2,1.3177029999999998,0.36498749999999996,0.7191234999999999,1.9162824999999999,88.40286929999999,6.2345706,78.1781735,98.62756519999999,..,..,..,..,..,..,..,..,..,..,..,..,..,..,..,..,..,..,..,1,..,..,..,..,..,..,..,..,..,..,..,..,..,..,1
LKApv2003,Sri Lanka,LKA,South Asia,Lower middle income,2003,pv,6,-1.0793401,0.28421569999999996,-1.5454538,-0.6132264,47.457536999999995,4.8548585,39.4955691,55.419505,..,..,..,..,..,..,..,..,..,0.4375,..,..,..,..,0.3430233,..,..,..,..,0.5,..,..,..,..,..,..,..,0.44696969999999997,..,..,0.32639999999999997,..,..,..,0.5625
LSOpv2003,Lesotho,LSO,Sub-Saharan Africa,Lower middle income,2003,pv,4,-0.0961278,0.3353891,-0.6461659,0.4539103,64.25237659999999,5.728982299999999,54.8568456,73.6479076,..,..,..,..,..,..,..,..,..,..,..,..,..,..,..,..,..,..,..,0.6875,..,..,0.5,..,..,..,..,..,..,..,0.5153,..,..,..,0.6875
LTUpv2003,Lithuania,LTU,Europe & Central Asia,High income,2003,pv,6,1.0000414,0.28421569999999996,0.5339277,1.4661551,82.9767008,4.8548585,75.0147329,90.9386688,..,..,..,..,..,..,..,..,..,0.8125,..,..,..,..,0.7857143,..,..,..,..,0.875,..,..,..,..,..,..,..,0.7070706999999999,..,..,0.6634,..,..,..,0.9375
LUXpv2003,Luxembourg,LUX,Europe & Central Asia,High income,2003,pv,6,1.3466046,0.30563239999999997,0.8453674999999999,1.8478416999999998,88.8965549,5.2206902,80.3346231,97.45848679999999,..,..,..,..,..,..,..,..,..,..,..,..,..,..,0.8080807999999999,..,..,..,..,1,..,..,..,..,..,..,..,0.9141414,..,..,0.6658,..,0.9210526,..,0.9375
LVApv2003,Latvia,LVA,Europe & Central Asia,High income,2003,pv,6,0.94211,0.28421569999999996,0.4759963,1.4082237,81.9871398,4.8548585,74.0251719,89.9491078,..,..,..,..,..,..,..,..,..,0.8125,..,..,..,..,0.7413479,..,..,..,..,0.875,..,..,..,..,..,..,..,0.8131313,..,..,0.6705,..,..,..,0.875
MACpv2003,"Macao SAR, China",MAC,East Asia & Pacific,High income,2003,pv,1,0.974216,0.41535,0.29304199999999997,1.65539,82.5355617,7.0948427,70.9000196,94.17110369999999,..,..,..,..,..,..,..,..,..,..,..,..,..,..,..,..,..,..,..,..,..,..,..,..,..,..,..,..,..,..,..,..,..,..,0.9375
MARpv2003,Morocco,MAR,Middle East & North Africa,Lower middle income,2003,pv,7,-0.4523723,0.2795452,-0.9108263999999999,0.0060818,58.1671504,4.7750791,50.3360207,65.9982802,..,..,..,..,..,..,..,..,..,0.625,..,..,..,..,0.6666667,..,..,..,..,0.53125,..,..,0,..,..,..,..,0.8232322999999999,..,..,0.5276,..,..,..,0.5
MCOpv2003,Monaco,MCO,Europe & Central Asia,High income,2003,pv,1,0.9514153999999999,0.6122478,-0.052670999999999996,1.9555018,82.14609089999999,10.4581723,64.99468829999999,99.2974936,..,..,..,..,..,..,..,..,..,..,..,..,..,..,..,..,..,..,..,1,..,..,..,..,..,..,..,..,..,..,..,..,..,..,..
MDApv2003,Moldova,MDA,Europe & Central Asia,Upper middle income,2003,pv,5,-0.24869349999999998,0.2913299,-0.7264744999999999,0.2290875,61.646310299999996,4.976380499999999,53.4850462,69.8075744,..,..,..,..,..,..,..,..,..,0.1875,..,..,..,..,..,..,..,..,..,0.65625,..,..,..,..,..,..,..,0.7676767999999999,..,..,0.6596,..,..,..,0.6875
MDGpv2003,Madagascar,MDG,Sub-Saharan Africa,Low income,2003,pv,6,0.2935597,0.31125179999999997,-0.21689329999999998,0.8040126999999999,70.9088628,5.3166794,62.189508599999996,79.6282169,..,..,..,..,..,..,..,..,..,..,..,..,..,..,0.7267442,..,..,..,..,0.8125,..,..,0.25,..,..,..,..,0.5328282999999999,..,..,0.5144,..,..,..,0.875
MDVpv2003,Maldives,MDV,South Asia,Upper middle income,2003,pv,3,0.8715847999999999,0.3435455,0.3081702,1.4349994,80.7824565,5.8683067,71.1584335,90.4064796,..,..,..,..,..,..,..,..,..,..,..,..,..,..,..,..,..,..,..,0.8125,..,..,..,..,..,..,..,..,..,..,0.5879,..,..,..,0.9375
MEXpv2003,Mexico,MEX,Latin America & Caribbean,Upper middle income,2003,pv,7,-0.09243259999999999,0.2754528,-0.5441752,0.35930999999999996,64.3154965,4.7051747,56.59901,72.03198309999999,..,..,..,..,..,..,..,..,..,0.625,..,..,..,..,0.6987179,..,..,..,..,0.375,..,..,..,..,..,..,..,0.5328282999999999,..,..,0.5935,..,0.6057142999999999,..,0.75
MHLpv2003,Marshall Islands,MHL,East Asia & Pacific,Upper middle income,2003,pv,1,0.9514153999999999,0.6122478,-0.052670999999999996,1.9555018,82.14609089999999,10.4581723,64.99468829999999,99.2974936,..,..,..,..,..,..,..,..,..,..,..,..,..,..,..,..,..,..,..,1,..,..,..,..,..,..,..,..,..,..,..,..,..,..,..
MKDpv2003,North Macedonia,MKD,Europe & Central Asia,Upper middle income,2003,pv,5,-1.2182328999999998,0.2943156,-1.7009105,-0.7355552999999999,45.085025699999996,5.0273816,36.8401198,53.329931599999995,..,..,..,..,..,..,..,..,..,0.25,..,..,..,..,0.2763158,..,..,..,..,0.65625,..,..,..,..,..,..,..,..,..,..,0.4673,..,..,..,0.4375
MLIpv2003,Mali,MLI,Sub-Saharan Africa,Low income,2003,pv,6,0.0765265,0.31125179999999997,-0.4339265,0.5869795,67.20158839999999,5.3166794,58.4822342,75.9209425,..,..,..,..,..,..,..,..,..,..,..,..,..,..,0.6891892,..,..,..,..,0.8125,..,..,0.5,..,..,..,..,0.7373737,..,..,0.5286,..,..,..,0.6875
MLTpv2003,Malta,MLT,Middle East & North Africa,High income,2003,pv,5,1.2267078999999999,0.3177377,0.7056180999999999,1.7477977,86.8485274,5.4274681,77.9474797,95.7495751,..,..,..,..,..,..,..,..,..,..,..,..,..,..,0.7705628,..,..,..,..,1,..,..,..,..,..,..,..,0.9090908999999999,..,..,0.4961,..,..,..,1
MMRpv2003,Myanmar,MMR,East Asia & Pacific,Lower middle income,2003,pv,4,-1.2950773,0.30406489999999997,-1.7937436999999998,-0.7964108999999999,43.772400399999995,5.1939147,35.2543802,52.290420499999996,..,..,..,..,..,..,..,..,..,0,..,..,..,..,..,..,..,..,..,0.0625,..,..,..,..,..,..,..,0.6212120999999999,..,..,..,..,..,..,0.625
MNEpv2003,Montenegro,MNE,Europe & Central Asia,Upper middle income,2003,pv,1,0.7347817,0.7209384999999999,-0.4475574,1.9171208,78.44564059999999,12.314783,58.2493966,98.64188469999999,..,..,..,..,..,..,..,..,..,..,..,..,..,..,..,..,..,..,..,..,..,..,..,..,..,..,..,..,..,..,0.6828,..,..,..,..
MNGpv2003,Mongolia,MNG,East Asia & Pacific,Upper middle income,2003,pv,4,0.8598615,0.3277727,0.3223143,1.3974087,80.5822038,5.598882,71.4000373,89.7643703,..,..,..,..,..,..,..,..,..,..,..,..,..,..,..,..,..,..,..,0.65625,..,..,..,..,..,..,..,0.8838383999999999,..,..,0.5686,..,..,..,0.9375
MOZpv2003,Mozambique,MOZ,Sub-Saharan Africa,Low income,2003,pv,7,-0.18911239999999999,0.2795452,-0.6475664999999999,0.26934169999999996,62.6640508,4.7750791,54.8329211,70.4951806,..,..,..,..,..,..,..,..,..,0.4375,..,..,..,..,0.7072071999999999,..,..,..,..,0.53125,..,..,0.5,..,..,..,..,0.7373737,..,..,0.2746,..,..,..,0.8125
MRTpv2003,Mauritania,MRT,Sub-Saharan Africa,Lower middle income,2003,pv,4,-0.2889869,0.3353891,-0.8390249999999999,0.2610512,60.9580345,5.728982299999999,51.5625035,70.3535656,..,..,..,..,..,..,..,..,..,..,..,..,..,..,..,..,..,..,..,0.65625,..,..,0,..,..,..,..,..,..,..,0.4769,..,..,..,0.6875
MTQpv2003,Martinique,MTQ,,,2003,pv,1,0.702405,0.41535,0.021231,1.383579,77.8925948,7.0948427,66.2570527,89.5281368,..,..,..,..,..,..,..,..,..,..,..,..,..,..,..,..,..,..,..,..,..,..,..,..,..,..,..,..,..,..,..,..,..,..,0.875
MUSpv2003,Mauritius,MUS,Sub-Saharan Africa,Upper middle income,2003,pv,6,0.858401,0.28913839999999996,0.384214,1.3325879999999999,80.55725609999999,4.9389468999999995,72.4573833,88.657129,..,..,..,..,..,..,..,..,..,0.875,..,..,..,..,0.734375,..,..,..,..,0.875,..,..,1,..,..,..,..,..,..,..,0.5213,..,..,..,0.875
MWIpv2003,Malawi,MWI,Sub-Saharan Africa,Low income,2003,pv,7,-0.21677369999999999,0.2795452,-0.6752277999999999,0.2416804,62.1915516,4.7750791,54.3604218,70.0226813,..,..,..,..,..,..,..,..,..,0.4375,..,..,..,..,0.6617647,..,..,..,..,0.53125,..,..,0.25,..,..,..,..,0.5580807999999999,..,..,0.47969999999999996,..,..,..,0.8125
MYSpv2003,Malaysia,MYS,East Asia & Pacific,Upper middle income,2003,pv,7,0.3617264,0.2754528,-0.09001619999999999,0.813469,72.0732591,4.7051748,64.35677249999999,79.7897457,..,..,..,..,..,..,..,..,..,0.625,..,..,..,..,0.7222221999999999,..,..,..,..,0.65625,..,..,..,..,..,..,..,0.7828282999999999,..,..,0.47459999999999997,..,0.7978022,..,0.8125
NAMpv2003,Namibia,NAM,Sub-Saharan Africa,Lower middle income,2003,pv,7,0.1957486,0.2795452,-0.2627055,0.6542027,69.2380926,4.7750791,61.406962899999996,77.0692224,..,..,..,..,..,..,..,..,..,0.4375,..,..,..,..,0.6879432999999999,..,..,..,..,0.65625,..,..,0.5,..,..,..,..,0.780303,..,..,0.4652,..,..,..,0.875
NERpv2003,Niger,NER,Sub-Saharan Africa,Low income,2003,pv,5,-0.24582579999999998,0.32066649999999997,-0.7717189,0.28006729999999996,61.6952952,5.4774974,52.712199399999996,70.67839099999999,..,..,..,..,..,..,..,..,..,..,..,..,..,..,..,..,..,..,..,0.78125,..,..,0.5,..,..,..,..,0.7121212,..,..,0.4239,..,..,..,0.625
NGApv2003,Nigeria,NGA,Sub-Saharan Africa,Lower middle income,2003,pv,7,-1.8566436,0.2795452,-2.3150977,-1.3981895,34.1799493,4.7750791,26.348819499999998,42.011078999999995,..,..,..,..,..,..,..,..,..,0.25,..,..,..,..,0.6940170999999999,..,..,..,..,0.21875,..,..,0,..,..,..,..,0.5353534999999999,..,..,0.3281,..,..,..,0.25
NICpv2003,Nicaragua,NIC,Latin America & Caribbean,Lower middle income,2003,pv,6,-0.402922,0.28421569999999996,-0.8690357,0.0631917,59.0118407,4.8548585,51.049872699999995,66.9738086,..,..,..,..,..,..,..,..,..,0.625,..,..,..,..,0.6690141,..,..,..,..,0.5,..,..,..,..,..,..,..,0.6414141,..,..,0.5295,..,..,..,0.5625
NLDpv2003,Netherlands,NLD,Europe & Central Asia,High income,2003,pv,7,1.1398884,0.2754528,0.6881457999999999,1.591631,85.3655114,4.7051748,77.64902479999999,93.081998,..,..,..,..,..,..,..,..,..,1,..,..,..,..,0.7142856999999999,..,..,..,..,1,..,..,..,..,..,..,..,0.780303,..,..,0.6652,..,0.7225806,..,0.875
NORpv2003,Norway,NOR,Europe & Central Asia,High income,2003,pv,7,1.1755929,0.2754528,0.7238503,1.6273354999999998,85.9754014,4.7051748,78.2589148,93.69188799999999,..,..,..,..,..,..,..,..,..,1,..,..,..,..,0.7222221999999999,..,..,..,..,1,..,..,..,..,..,..,..,0.7651515,..,..,0.6526,..,0.8714286,..,0.875
NPLpv2003,Nepal,NPL,South Asia,Lower middle income,2003,pv,3,-2.1384564999999998,0.3435455,-2.7018711,-1.5750419,29.366133899999998,5.8683067,19.7421109,38.990156999999996,..,..,..,..,..,..,..,..,..,..,..,..,..,..,..,..,..,..,..,0.1875,..,..,..,..,..,..,..,..,..,..,0.2788,..,..,..,0.25
NRUpv2003,Nauru,NRU,East Asia & Pacific,High income,2003,pv,1,0.9514153999999999,0.6122478,-0.052670999999999996,1.9555018,82.14609089999999,10.4581723,64.99468829999999,99.2974936,..,..,..,..,..,..,..,..,..,..,..,..,..,..,..,..,..,..,..,1,..,..,..,..,..,..,..,..,..,..,..,..,..,..,..
NZLpv2003,New Zealand,NZL,East Asia & Pacific,High income,2003,pv,7,1.1780353,0.2754528,0.7262927,1.6297779,86.0171215,4.7051748,78.30063489999999,93.7336081,..,..,..,..,..,..,..,..,..,0.9375,..,..,..,..,0.7023809999999999,..,..,..,..,0.875,..,..,..,..,..,..,..,0.7828282999999999,..,..,0.6513,..,0.8943396,..,0.9375
OMNpv2003,Oman,OMN,Middle East & North Africa,High income,2003,pv,5,1.0039654999999998,0.2913299,0.5261844999999999,1.4817464999999999,83.0437307,4.9763806,74.8824666,91.2049949,..,..,..,..,..,..,..,..,..,0.6875,..,..,..,..,..,..,..,..,..,0.9375,..,..,..,..,..,..,..,0.8383838,..,..,0.6355,..,..,..,0.9375
PAKpv2003,Pakistan,PAK,South Asia,Lower middle income,2003,pv,6,-1.5829175,0.28421569999999996,-2.0490312,-1.1168038,38.8556291,4.8548585,30.8936612,46.8175971,..,..,..,..,..,..,..,..,..,0.125,..,..,..,..,0.4826389,..,..,..,..,0.1875,..,..,..,..,..,..,..,0.7474746999999999,..,..,0.38989999999999997,..,..,..,0.375
PANpv2003,Panama,PAN,Latin America & Caribbean,High income,2003,pv,6,0.0824331,0.28421569999999996,-0.3836806,0.5485468,67.30248259999999,4.8548585,59.3405146,75.2644505,..,..,..,..,..,..,..,..,..,0.625,..,..,..,..,0.6799999999999999,..,..,..,..,0.8125,..,..,..,..,..,..,..,0.7171717,..,..,0.6405,..,..,..,0.625
PERpv2003,Peru,PER,Latin America & Caribbean,Upper middle income,2003,pv,6,-1.2849879,0.28421569999999996,-1.7511016,-0.8188742,43.9447435,4.8548585,35.982775499999995,51.9067114,..,..,..,..,..,..,..,..,..,0.25,..,..,..,..,0.6431624,..,..,..,..,0.5,..,..,..,..,..,..,..,0.4545455,..,..,0.5498,..,..,..,0.375
PHLpv2003,Philippines,PHL,East Asia & Pacific,Lower middle income,2003,pv,7,-1.5732442,0.2754528,-2.0249867999999998,-1.1215016,39.020864599999996,4.7051747,31.304378,46.7373511,..,..,..,..,..,..,..,..,..,0.25,..,..,..,..,0.24468089999999998,..,..,..,..,0.3125,..,..,..,..,..,..,..,0.7171717,..,..,0.4351,..,0.4163265,..,0.3125
PLWpv2003,Palau,PLW,East Asia & Pacific,High income,2003,pv,1,0.9514153999999999,0.6122478,-0.052670999999999996,1.9555018,82.14609089999999,10.4581723,64.99468829999999,99.2974936,..,..,..,..,..,..,..,..,..,..,..,..,..,..,..,..,..,..,..,1,..,..,..,..,..,..,..,..,..,..,..,..,..,..,..
PNGpv2003,Papua New Guinea,PNG,East Asia & Pacific,Lower middle income,2003,pv,5,-0.9055723,0.2913299,-1.3833533,-0.4277913,50.4257691,4.976380499999999,42.264505,58.5870332,..,..,..,..,..,..,..,..,..,0.3125,..,..,..,..,..,..,..,..,..,0.5,..,..,..,..,..,..,..,0.5505051,..,..,0.26899999999999996,..,..,..,0.625
POLpv2003,Poland,POL,Europe & Central Asia,High income,2003,pv,7,0.594482,0.2754528,0.1427394,1.0462246,76.04909719999999,4.7051747,68.3326107,83.7655838,..,..,..,..,..,..,..,..,..,0.75,..,..,..,..,0.6865941999999999,..,..,..,..,0.875,..,..,..,..,..,..,..,0.7727273,..,..,0.6806,..,0.3775281,..,0.8125
PRIpv2003,Puerto Rico (U.S.),PRI,Latin America & Caribbean,High income,2003,pv,1,0.15878299999999998,0.41535,-0.5223909999999999,0.839957,68.606661,7.0948427,56.971118999999995,80.2422031,..,..,..,..,..,..,..,..,..,..,..,..,..,..,..,..,..,..,..,..,..,..,..,..,..,..,..,..,..,..,..,..,..,..,0.75
PRKpv2003,"Korea, Dem. People's Rep.",PRK,East Asia & Pacific,Low income,2003,pv,4,0.2729801,0.3277727,-0.2645671,0.8105273,70.5573303,5.598882,61.375163799999996,79.73949669999999,..,..,..,..,..,..,..,..,..,..,..,..,..,..,..,..,..,..,..,0.0625,..,..,..,..,..,..,..,0.8333332999999999,..,..,0.38739999999999997,..,..,..,1
PRTpv2003,Portugal,PRT,Europe & Central Asia,High income,2003,pv,7,1.3478881999999999,0.2754528,0.8961456,1.7996307999999999,88.91848089999999,4.7051747,81.2019943,96.6349674,..,..,..,..,..,..,..,..,..,1,..,..,..,..,0.8629629999999999,..,..,..,..,0.8125,..,..,..,..,..,..,..,0.8484847999999999,..,..,0.7148,..,0.8193547999999999,..,0.9375
PRYpv2003,Paraguay,PRY,Latin America & Caribbean,Upper middle income,2003,pv,6,-0.9283429999999999,0.28421569999999996,-1.3944566999999999,-0.46222929999999995,50.0368091,4.8548585,42.0748412,57.9987771,..,..,..,..,..,..,..,..,..,0,..,..,..,..,0.7487178999999999,..,..,..,..,0.65625,..,..,..,..,..,..,..,0.7171717,..,..,0.6688,..,..,..,0.4375
PSEpv2003,West Bank and Gaza,PSE,Middle East & North Africa,Lower middle income,2003,pv,3,-1.4078541999999998,0.3435455,-1.9712687999999998,-0.8444396,41.8459904,5.8683067,32.2219674,51.4700135,..,..,..,..,..,..,..,..,..,..,..,..,..,..,..,..,..,..,..,0.375,..,..,..,..,..,..,..,..,..,..,0.42529999999999996,..,..,..,0.375
QATpv2003,Qatar,QAT,Middle East & North Africa,High income,2003,pv,4,1.1757788999999998,0.30406489999999997,0.6771125,1.6744453,85.97857859999999,5.1939147,77.4605584,94.49659869999999,..,..,..,..,..,..,..,..,..,0.75,..,..,..,..,..,..,..,..,..,1,..,..,..,..,..,..,..,0.9090908999999999,..,..,..,..,..,..,0.9375
ROUpv2003,Romania,ROU,Europe & Central Asia,High income,2003,pv,7,0.22975289999999998,0.2754528,-0.22198969999999998,0.6814954999999999,69.8189405,4.7051748,62.1024539,77.53542709999999,..,..,..,..,..,..,..,..,..,0.625,..,..,..,..,0.7464539,..,..,..,..,0.6875,..,..,..,..,..,..,..,0.7676767999999999,..,..,0.5213,..,0.6063158,..,0.75
RUSpv2003,Russian Federation,RUS,Europe & Central Asia,High income,2003,pv,7,-1.0155684,0.2754528,-1.467311,-0.5638257999999999,48.5468597,4.7051748,40.830373099999996,56.263346299999995,..,..,..,..,..,..,..,..,..,0.5,..,..,..,..,0.6079545,..,..,..,..,0.0625,..,..,..,..,..,..,..,0.6565656999999999,..,..,0.5740999999999999,..,0.420438,..,0.4375
RWApv2003,Rwanda,RWA,Sub-Saharan Africa,Low income,2003,pv,4,-1.2290478999999999,0.3353891,-1.779086,-0.6790098,44.9002882,5.728982299999999,35.5047572,54.2958192,..,..,..,..,..,..,..,..,..,..,..,..,..,..,..,..,..,..,..,0.34375,..,..,0.5,..,..,..,..,..,..,..,0.41169999999999995,..,..,..,0.4375
SAUpv2003,Saudi Arabia,SAU,Middle East & North Africa,High income,2003,pv,4,0.0638615,0.30406489999999997,-0.4348049,0.5625279,66.9852499,5.1939148,58.4672297,75.5032701,..,..,..,..,..,..,..,..,..,0.5625,..,..,..,..,..,..,..,..,..,0.75,..,..,..,..,..,..,..,0.7474746999999999,..,..,..,..,..,..,0.6875
SDNpv2003,Sudan,SDN,Sub-Saharan Africa,Low income,2003,pv,6,-2.2084235999999997,0.286306,-2.6779653999999997,-1.7388818,28.1709839,4.890564299999999,20.1504585,36.1915093,..,..,..,..,..,..,..,..,..,0,..,..,..,..,..,..,..,..,..,0,..,..,0.25,..,..,..,..,0.540404,..,..,0.26139999999999997,..,..,..,0.3125
SENpv2003,Senegal,SEN,Sub-Saharan Africa,Lower middle income,2003,pv,7,-0.4774697,0.2795452,-0.9359238,-0.0190156,57.7384467,4.7750791,49.9073169,65.5695764,..,..,..,..,..,..,..,..,..,0.4375,..,..,..,..,0.58,..,..,..,..,0.65625,..,..,0.75,..,..,..,..,0.6212120999999999,..,..,0.4115,..,..,..,0.625
SGPpv2003,Singapore,SGP,East Asia & Pacific,High income,2003,pv,7,0.8806358,0.2754528,0.4288932,1.3323783999999999,80.93706209999999,4.7051748,73.2205755,88.6535487,..,..,..,..,..,..,..,..,..,0.9375,..,..,..,..,0.5791666999999999,..,..,..,..,0.9375,..,..,..,..,..,..,..,0.9393939,..,..,0.6053999999999999,..,0.9015384999999999,..,0.75
SLBpv2003,Solomon Islands,SLB,East Asia & Pacific,Lower middle income,2003,pv,2,-0.0035900999999999997,0.5245728,-0.8638895,0.8567093,65.83306859999999,8.960543,51.1377781,80.5283592,..,..,..,..,..,..,..,..,..,..,..,..,..,..,..,..,..,..,..,0.75,..,..,..,..,..,..,..,..,..,..,0.4835,..,..,..,..
SLEpv2003,Sierra Leone,SLE,Sub-Saharan Africa,Low income,2003,pv,5,-1.0119464,0.32066649999999997,-1.5378395,-0.48605329999999997,48.6087293,5.4774974,39.6256335,57.591825,..,..,..,..,..,..,..,..,..,..,..,..,..,..,..,..,..,..,..,0.46875,..,..,0.75,..,..,..,..,0.6717172,..,..,0.5267999999999999,..,..,..,0.375
SLVpv2003,El Salvador,SLV,Latin America & Caribbean,Upper middle income,2003,pv,6,-0.312913,0.28421569999999996,-0.7790267,0.1532007,60.5493385,4.8548585,52.5873705,68.5113064,..,..,..,..,..,..,..,..,..,0.5625,..,..,..,..,0.5416667,..,..,..,..,0.5,..,..,..,..,..,..,..,0.8181818,..,..,0.46549999999999997,..,..,..,0.625
SMRpv2003,San Marino,SMR,Europe & Central Asia,High income,2003,pv,1,0.9514153999999999,0.6122478,-0.052670999999999996,1.9555018,82.14609089999999,10.4581723,64.99468829999999,99.2974936,..,..,..,..,..,..,..,..,..,..,..,..,..,..,..,..,..,..,..,1,..,..,..,..,..,..,..,..,..,..,..,..,..,..,..
SOMpv2003,Federal Republic of Somalia,SOM,Sub-Saharan Africa,Low income,2003,pv,4,-2.5761377,0.33789189999999997,-3.1302803999999997,-2.021995,21.889838599999997,5.7717342,12.4241944,31.3554827,..,..,..,..,..,..,..,..,..,..,..,..,..,..,..,..,..,..,..,0.25,..,..,0,..,..,..,..,0.3383838,..,..,..,..,..,..,0.125
SRBpv2003,Serbia,SRB,Europe & Central Asia,Upper middle income,2003,pv,6,-0.6791377,0.28421569999999996,-1.1452514,-0.213024,54.293634499999996,4.8548585,46.3316665,62.255602399999994,..,..,..,..,..,..,..,..,..,0.4375,..,..,..,..,0.5683332999999999,..,..,..,..,0.5,..,..,..,..,..,..,..,0.5606061,..,..,0.5484,..,..,..,0.5625
STPpv2003,São Tomé and Príncipe,STP,Sub-Saharan Africa,Lower middle income,2003,pv,4,0.1485281,0.3353891,-0.40151,0.6985661999999999,68.4314909,5.728982299999999,59.035959899999995,77.82702189999999,..,..,..,..,..,..,..,..,..,..,..,..,..,..,..,..,..,..,..,0.8125,..,..,0.75,..,..,..,..,..,..,..,0.5782999999999999,..,..,..,0.6875
SURpv2003,Suriname,SUR,Latin America & Caribbean,Upper middle income,2003,pv,4,0.43237129999999996,0.3277727,-0.10517589999999999,0.9699184999999999,73.27998699999999,5.598882,64.09782059999999,82.4621535,..,..,..,..,..,..,..,..,..,..,..,..,..,..,..,..,..,..,..,0.71875,..,..,..,..,..,..,..,0.7525253,..,..,0.5686,..,..,..,0.8125
SVKpv2003,Slovak Republic,SVK,Europe & Central Asia,High income,2003,pv,7,0.9388736,0.2754528,0.487131,1.3906162,81.9318569,4.7051747,74.2153704,89.6483435,..,..,..,..,..,..,..,..,..,0.8125,..,..,..,..,0.7206573,..,..,..,..,0.75,..,..,..,..,..,..,..,0.6792929,..,..,0.6588999999999999,..,0.5862069,..,1
SVNpv2003,Slovenia,SVN,Europe & Central Asia,High income,2003,pv,7,1.1458901,0.2754528,0.6941474999999999,1.5976327,85.46803,4.7051747,77.7515435,93.1845166,..,..,..,..,..,..,..,..,..,0.8125,..,..,..,..,0.7279692999999999,..,..,..,..,0.84375,..,..,..,..,..,..,..,0.8282828,..,..,0.6623,..,0.6791208999999999,..,1
SWEpv2003,Sweden,SWE,Europe & Central Asia,High income,2003,pv,7,1.3494061,0.2754528,0.8976635,1.8011487,88.944409,4.7051747,81.22792249999999,96.66089559999999,..,..,..,..,..,..,..,..,..,1,..,..,..,..,0.8580247,..,..,..,..,0.875,..,..,..,..,..,..,..,0.8080807999999999,..,..,0.6888,..,0.8733333,..,0.9375
SWZpv2003,Eswatini,SWZ,Sub-Saharan Africa,Lower middle income,2003,pv,4,-0.24201779999999998,0.3353891,-0.7920558999999999,0.30802029999999997,61.7603419,5.728982299999999,52.364810899999995,71.155873,..,..,..,..,..,..,..,..,..,..,..,..,..,..,..,..,..,..,..,0.8125,..,..,0,..,..,..,..,..,..,..,0.5496,..,..,..,0.625
SYCpv2003,Seychelles,SYC,Sub-Saharan Africa,High income,2003,pv,4,0.44473769999999996,0.3353891,-0.10530039999999999,0.9947758,73.49122489999999,5.728982299999999,64.0956939,82.88675599999999,..,..,..,..,..,..,..,..,..,..,..,..,..,..,..,..,..,..,..,0.8125,..,..,0.75,..,..,..,..,..,..,..,0.5308999999999999,..,..,..,0.8125
SYRpv2003,Syrian Arab Republic,SYR,Middle East & North Africa,Low income,2003,pv,5,-0.0276145,0.2913299,-0.5053955,0.45016649999999997,65.4226934,4.976380499999999,57.261429299999996,73.5839575,..,..,..,..,..,..,..,..,..,0.5625,..,..,..,..,..,..,..,..,..,0.5,..,..,..,..,..,..,..,0.9393939,..,..,0.4491,..,..,..,0.6875
TCDpv2003,Chad,TCD,Sub-Saharan Africa,Low income,2003,pv,5,-1.4914337,0.3246611,-2.0238779,-0.9589894999999999,40.4183188,5.545731099999999,31.3233198,49.5133179,..,..,..,..,..,..,..,..,..,..,..,..,..,..,0.44,..,..,..,..,0.34375,..,..,0.5,..,..,..,..,..,..,..,0.40509999999999996,..,..,..,0.375
TGOpv2003,Togo,TGO,Sub-Saharan Africa,Low income,2003,pv,5,-0.5357911,0.32066649999999997,-1.0616842,-0.009897999999999999,56.7422238,5.4774974,47.759128,65.72531959999999,..,..,..,..,..,..,..,..,..,..,..,..,..,..,..,..,..,..,..,0.625,..,..,0.25,..,..,..,..,0.5353534999999999,..,..,0.3407,..,..,..,0.6875
THApv2003,Thailand,THA,East Asia & Pacific,Upper middle income,2003,pv,7,-0.16500289999999998,0.2754528,-0.6167455,0.2867397,63.075879699999994,4.7051747,55.3593931,70.7923662,..,..,..,..,..,..,..,..,..,0.5625,..,..,..,..,0.7740741,..,..,..,..,0.5,..,..,..,..,..,..,..,0.8080807999999999,..,..,0.5749,..,0.7186441,..,0.5625
TJKpv2003,Tajikistan,TJK,Europe & Central Asia,Lower middle income,2003,pv,3,-1.1484127,0.3435455,-1.7118273,-0.5849981,46.277666499999995,5.8683067,36.6536434,55.901689499999996,..,..,..,..,..,..,..,..,..,..,..,..,..,..,..,..,..,..,..,0.65625,..,..,..,..,..,..,..,..,..,..,0.5731999999999999,..,..,..,0.3125
TKMpv2003,Turkmenistan,TKM,Europe & Central Asia,Upper middle income,2003,pv,2,-0.032937,0.36498749999999996,-0.6315164999999999,0.5656424999999999,65.3317766,6.2345706,55.1070808,75.55647239999999,..,..,..,..,..,..,..,..,..,..,..,..,..,..,..,..,..,..,..,0.5,..,..,..,..,..,..,..,..,..,..,..,..,..,..,0.75
TLSpv2003,Timor-Leste,TLS,East Asia & Pacific,Lower middle income,2003,pv,3,-0.5145181999999999,0.3435455,-1.0779328,0.0488964,57.105599,5.8683067,47.481576,66.72962199999999,..,..,..,..,..,..,..,..,..,..,..,..,..,..,..,..,..,..,..,0.6875,..,..,..,..,..,..,..,..,..,..,0.46599999999999997,..,..,..,0.5625
TONpv2003,Tonga,TON,East Asia & Pacific,Upper middle income,2003,pv,1,0.4720559,0.6122478,-0.5320305,1.4761423,73.9578635,10.4581723,56.8064609,91.1092661,..,..,..,..,..,..,..,..,..,..,..,..,..,..,..,..,..,..,..,0.8333332999999999,..,..,..,..,..,..,..,..,..,..,..,..,..,..,..
TTOpv2003,Trinidad and Tobago,TTO,Latin America & Caribbean,High income,2003,pv,6,-0.299185,0.28421569999999996,-0.7652987,0.16692869999999999,60.7838347,4.8548585,52.8218667,68.74580259999999,..,..,..,..,..,..,..,..,..,0.5625,..,..,..,..,0.5928962,..,..,..,..,0.6875,..,..,..,..,..,..,..,0.4520202,..,..,0.654,..,..,..,0.625
TUNpv2003,Tunisia,TUN,Middle East & North Africa,Lower middle income,2003,pv,7,0.2633531,0.2795452,-0.195101,0.7218072,70.3928857,4.7750791,62.561755999999995,78.2240154,..,..,..,..,..,..,..,..,..,0.625,..,..,..,..,0.7696078,..,..,..,..,0.625,..,..,1,..,..,..,..,0.8686868999999999,..,..,0.5744,..,..,..,0.6875
TURpv2003,Türkiye,TUR,Europe & Central Asia,Upper middle income,2003,pv,7,-0.6244676,0.2754528,-1.0762102,-0.172725,55.2274873,4.7051748,47.5110007,62.943973899999996,..,..,..,..,..,..,..,..,..,0.3125,..,..,..,..,0.6485506999999999,..,..,..,..,0.5,..,..,..,..,..,..,..,0.5959595999999999,..,..,0.6769999999999999,..,0.43529409999999996,..,0.5625
TUVpv2003,Tuvalu,TUV,East Asia & Pacific,Upper middle income,2003,pv,1,0.9514153999999999,0.6122478,-0.052670999999999996,1.9555018,82.14609089999999,10.4581723,64.99468829999999,99.2974936,..,..,..,..,..,..,..,..,..,..,..,..,..,..,..,..,..,..,..,1,..,..,..,..,..,..,..,..,..,..,..,..,..,..,..
TWNpv2003,"Taiwan, China",TWN,East Asia & Pacific,High income,2003,pv,7,0.8211044,0.2754528,0.36936179999999996,1.2728469999999998,79.9201705,4.7051748,72.2036839,87.6366571,..,..,..,..,..,..,..,..,..,0.9375,..,..,..,..,0.6860465,..,..,..,..,0.84375,..,..,..,..,..,..,..,0.7626263,..,..,0.6242,..,0.41408449999999997,..,0.875
TZApv2003,Tanzania,TZA,Sub-Saharan Africa,Lower middle income,2003,pv,7,-1.0209242,0.2795452,-1.4793783,-0.5624701,48.4553741,4.7750791,40.624244399999995,56.2865038,..,..,..,..,..,..,..,..,..,0.4375,..,..,..,..,0.4090909,..,..,..,..,0.5,..,..,0.5,..,..,..,..,0.7222221999999999,..,..,0.3706,..,..,..,0.4375
UGApv2003,Uganda,UGA,Sub-Saharan Africa,Low income,2003,pv,7,-1.6969824999999998,0.2795452,-2.1554366,-1.2385283999999999,36.907216399999996,4.7750791,29.0760866,44.7383461,..,..,..,..,..,..,..,..,..,0.0625,..,..,..,..,0.32766439999999997,..,..,..,..,0.3125,..,..,0.75,..,..,..,..,0.5909091,..,..,0.3744,..,..,..,0.375
UKRpv2003,Ukraine,UKR,Europe & Central Asia,Upper middle income,2003,pv,6,-0.3714753,0.28421569999999996,-0.8375889999999999,0.0946384,59.5490007,4.8548585,51.587032699999995,67.5109686,..,..,..,..,..,..,..,..,..,0.4375,..,..,..,..,0.7348485,..,..,..,..,0.5,..,..,..,..,..,..,..,0.6767677,..,..,0.5524,..,..,..,0.625
URYpv2003,Uruguay,URY,Latin America & Caribbean,High income,2003,pv,6,0.6814346,0.28421569999999996,0.21532089999999998,1.1475483,77.5343868,4.8548585,69.5724188,85.49635479999999,..,..,..,..,..,..,..,..,..,0.6875,..,..,..,..,0.9401042,..,..,..,..,0.71875,..,..,..,..,..,..,..,0.7878788,..,..,0.6733,..,..,..,0.8125
USApv2003,United States,USA,North America,High income,2003,pv,7,0.2636677,0.2754528,-0.1880749,0.7154102999999999,70.3982596,4.7051747,62.681773,78.11474609999999,..,..,..,..,..,..,..,..,..,0.75,..,..,..,..,0.41025639999999997,..,..,..,..,0.8125,..,..,..,..,..,..,..,0.8535353999999999,..,..,0.6234999999999999,..,0.8764706,..,0.625
UZBpv2003,Uzbekistan,UZB,Europe & Central Asia,Lower middle income,2003,pv,4,-1.3398113999999999,0.3022371,-1.8354802,-0.8441426,43.0082704,5.1626929,34.541454,51.4750867,..,..,..,..,..,..,..,..,..,0,..,..,..,..,..,..,..,..,..,0.34375,..,..,..,..,..,..,..,..,..,..,0.6625,..,..,..,0.4375
VCTpv2003,St. Vincent and the Grenadines,VCT,Latin America & Caribbean,Upper middle income,2003,pv,1,0.5918958,0.6122478,-0.41219059999999996,1.5959822,76.0049208,10.4581723,58.853518199999996,93.15632339999999,..,..,..,..,..,..,..,..,..,..,..,..,..,..,..,..,..,..,..,0.875,..,..,..,..,..,..,..,..,..,..,..,..,..,..,..
VENpv2003,"Venezuela, RB",VEN,Latin America & Caribbean,,2003,pv,7,-1.2032513,0.2754528,-1.6549939,-0.7515086999999999,45.3409354,4.7051747,37.6244489,53.057421999999995,..,..,..,..,..,..,..,..,..,0.3125,..,..,..,..,0.5245098,..,..,..,..,0.375,..,..,..,..,..,..,..,0.6717172,..,..,0.5371,..,0.0212766,..,0.4375
VNMpv2003,Viet Nam,VNM,East Asia & Pacific,Lower middle income,2003,pv,6,0.1353139,0.28421569999999996,-0.3307998,0.6014276,68.2057712,4.8548585,60.243803299999996,76.1677392,..,..,..,..,..,..,..,..,..,0.5625,..,..,..,..,0.5776836,..,..,..,..,0.5,..,..,..,..,..,..,..,0.8535353999999999,..,..,0.6323,..,..,..,0.75
VUTpv2003,Vanuatu,VUT,East Asia & Pacific,Lower middle income,2003,pv,2,0.6379237,0.5245728,-0.22237569999999998,1.4982231,76.791151,8.960543,62.0958604,91.4864415,..,..,..,..,..,..,..,..,..,..,..,..,..,..,..,..,..,..,..,0.875,..,..,..,..,..,..,..,..,..,..,0.6091,..,..,..,..
WSMpv2003,Samoa,WSM,East Asia & Pacific,Upper middle income,2003,pv,2,1.1078116,0.36498749999999996,0.5092321,1.7063910999999998,84.8175883,6.2345706,74.59289249999999,95.04228409999999,..,..,..,..,..,..,..,..,..,..,..,..,..,..,..,..,..,..,..,1,..,..,..,..,..,..,..,..,..,..,..,..,..,..,0.9375
XKXpv2003,Kosovo,XKX,Europe & Central Asia,Upper middle income,2003,pv,1,-0.0244009,0.7209384999999999,-1.20674,1.1579382,65.47758689999999,12.314783,45.2813428,85.6738309,..,..,..,..,..,..,..,..,..,..,..,..,..,..,..,..,..,..,..,..,..,..,..,..,..,..,..,..,..,..,0.5490999999999999,..,..,..,..
YEMpv2003,"Yemen, Rep.",YEM,Middle East & North Africa,Low income,2003,pv,5,-1.6548399999999999,0.2913299,-2.132621,-1.1770589999999999,37.6270777,4.976380499999999,29.465813599999997,45.7883418,..,..,..,..,..,..,..,..,..,0.1875,..,..,..,..,..,..,..,..,..,0.375,..,..,..,..,..,..,..,0.6969696999999999,..,..,0.41459999999999997,..,..,..,0.25
ZAFpv2003,South Africa,ZAF,Sub-Saharan Africa,Upper middle income,2003,pv,8,-0.25332499999999997,0.2711948,-0.6980845,0.19143449999999998,61.5671969,4.6324415,53.9699928,69.1644009,..,..,..,..,..,..,..,..,..,0.625,..,..,..,..,0.7284946,..,..,..,..,0.375,..,..,0.75,..,..,..,..,0.6969696999999999,..,..,0.4431,..,0.6909090999999999,..,0.625
ZMBpv2003,Zambia,ZMB,Sub-Saharan Africa,Lower middle income,2003,pv,7,-0.1153273,0.2795452,-0.5737814,0.3431268,63.9244184,4.7750791,56.093288699999995,71.75554819999999,..,..,..,..,..,..,..,..,..,0.375,..,..,..,..,0.7655367,..,..,..,..,0.5,..,..,0.25,..,..,..,..,0.6717172,..,..,0.38079999999999997,..,..,..,0.875
ZWEpv2003,Zimbabwe,ZWE,Sub-Saharan Africa,Lower middle income,2003,pv,7,-1.4557018,0.2795452,-1.9141559,-0.9972477,41.0286769,4.7750791,33.1975471,48.8598066,..,..,..,..,..,..,..,..,..,0,..,..,..,..,0.540404,..,..,..,..,0.3125,..,..,0,..,..,..,..,0.5757576,..,..,0.3293,..,..,..,0.5625
ABWpv2004,Aruba,ABW,Latin America & Caribbean,High income,2004,pv,1,0.6292149,0.41535,-0.051959099999999994,1.3103889,76.6423908,7.0948427,65.00684869999999,88.2779328,..,..,..,..,..,..,..,..,..,..,..,..,..,..,..,..,..,..,..,..,..,..,..,..,..,..,..,..,..,..,..,..,..,..,0.8585859
ADOpv2004,Andorra,ADO,,,2004,pv,2,1.0449339,0.36498749999999996,0.4463544,1.6435134,83.7435366,6.2345706,73.51884079999999,93.96823239999999,..,..,..,..,..,..,..,..,..,..,..,..,..,..,..,..,..,..,..,1,..,..,..,..,..,..,..,..,..,..,..,..,..,..,0.9191919
AFGpv2004,Afghanistan,AFG,South Asia,Low income,2004,pv,6,-2.1912579,0.2621791,-2.6212315999999998,-1.7612842,28.464201499999998,4.4784384,21.1195626,35.8088404,..,..,..,..,..,..,0.44999999999999996,..,..,0.1875,..,..,..,..,..,..,..,..,..,0.125,..,0,..,..,..,..,..,..,..,..,0.2999,..,..,..,0.2373737
AGOpv2004,Angola,AGO,Sub-Saharan Africa,Lower middle income,2004,pv,8,-1.1591344,0.25456619999999996,-1.5766229999999999,-0.7416458,46.0945227,4.3483984,38.9631492,53.2258961,..,..,..,..,..,..,0.39999999999999997,..,..,0.4375,..,..,..,..,0.7137681,..,..,..,..,0.1875,..,0.25,0,..,..,..,..,0.6515152,..,..,..,..,..,..,0.4747475
AIApv2004,Anguilla,AIA,,,2004,pv,1,0.45349849999999997,0.41535,-0.2276755,1.1346725,73.64087339999999,7.0948427,62.005331399999996,85.2764155,..,..,..,..,..,..,..,..,..,..,..,..,..,..,..,..,..,..,..,..,..,..,..,..,..,..,..,..,..,..,..,..,..,..,0.8181818
ALBpv2004,Albania,ALB,Europe & Central Asia,Upper middle income,2004,pv,6,-0.6084853,0.2783287,-1.0649444,-0.1520262,55.5004905,4.7543,47.7034386,63.2975425,..,..,..,..,..,..,0.6,..,..,..,..,..,..,..,..,..,..,..,..,0.65625,..,0.25,..,..,..,..,..,0.7045454999999999,..,..,0.49269999999999997,..,..,..,0.5909091
ANTpv2004,Netherlands Antilles (former),ANT,,,2004,pv,1,0.3656404,0.41535,-0.31553359999999997,1.0468144,72.14011649999999,7.0948427,60.504574399999996,83.77565849999999,..,..,..,..,..,..,..,..,..,..,..,..,..,..,..,..,..,..,..,..,..,..,..,..,..,..,..,..,..,..,..,..,..,..,0.7979798
AREpv2004,United Arab Emirates,ARE,Middle East & North Africa,High income,2004,pv,7,0.5785838999999999,0.2580781,0.1553358,1.001832,75.7775322,4.4083871,68.54777729999999,83.0072871,..,..,..,..,..,..,0.39999999999999997,..,..,0.8125,..,..,..,..,0.6666667,..,..,..,..,0.6875,..,0.75,..,..,..,..,..,0.7979798,..,..,..,..,..,..,0.8232322999999999
ARGpv2004,Argentina,ARG,Latin America & Caribbean,Upper middle income,2004,pv,9,-0.32846539999999996,0.2441168,-0.7288169999999999,0.0718862,60.283678599999995,4.1699060999999995,53.445032499999996,67.1223246,..,..,..,..,..,..,0.7999999999999999,..,..,0.5625,..,..,..,..,0.7401960999999999,..,..,..,..,0.40625,..,0.5,..,..,..,..,..,0.8030303,..,..,0.6927,..,0.354321,..,0.489899
ARMpv2004,Armenia,ARM,Europe & Central Asia,Upper middle income,2004,pv,6,-0.2215046,0.2783287,-0.6779637,0.23495449999999998,62.110740199999995,4.7543,54.313688299999995,69.9077922,..,..,..,..,..,..,0.65,..,..,..,..,..,..,..,..,..,..,..,..,0.65625,..,0.5,..,..,..,..,..,0.7601009999999999,..,..,0.43589999999999995,..,..,..,0.6414141
ASMpv2004,American Samoa,ASM,East Asia & Pacific,High income,2004,pv,1,0.4095694,0.41535,-0.2716046,1.0907434,72.8904941,7.0948427,61.254951999999996,84.5260362,..,..,..,..,..,..,..,..,..,..,..,..,..,..,..,..,..,..,..,..,..,..,..,..,..,..,..,..,..,..,..,..,..,..,0.8080807999999999
ATGpv2004,Antigua and Barbuda,ATG,Latin America & Caribbean,High income,2004,pv,3,0.9658169,0.3093239,0.4585257,1.4731081,82.3920916,5.2837473,73.72674599999999,91.0574372,..,..,..,..,..,..,..,..,..,..,..,..,..,..,..,..,..,..,..,0.8333332999999999,..,1,..,..,..,..,..,..,..,..,..,..,..,..,0.8131313
AUSpv2004,Australia,AUS,East Asia & Pacific,High income,2004,pv,8,0.9065584999999999,0.24903329999999999,0.4981439,1.3149731,81.3798633,4.253887199999999,74.40348829999999,88.3562383,..,..,..,..,..,..,..,..,..,1,..,..,..,..,0.6792929,..,..,..,..,0.84375,..,0.75,..,..,..,..,..,0.739899,..,..,0.6658999999999999,..,0.9558441999999999,..,0.7828282999999999
AUTpv2004,Austria,AUT,Europe & Central Asia,High income,2004,pv,8,0.9547247,0.24903329999999999,0.5463101,1.3631392999999998,82.20261909999999,4.253887199999999,75.2262441,89.1789941,..,..,..,..,..,..,..,..,..,0.9375,..,..,..,..,0.7666666999999999,..,..,..,..,0.8125,..,0.75,..,..,..,..,..,0.7676767999999999,..,..,0.6576,..,0.9296296,..,0.8282828
AZEpv2004,Azerbaijan,AZE,Europe & Central Asia,Upper middle income,2004,pv,7,-1.1248396999999999,0.2549636,-1.54298,-0.7066994,46.680330999999995,4.3551863,39.5378255,53.8228365,..,..,..,..,..,..,0.35,..,..,0.125,..,..,..,..,..,..,..,..,..,0.53125,..,0.25,..,..,..,..,..,0.7676767999999999,..,..,0.47659999999999997,..,..,..,0.48484849999999996
BDIpv2004,Burundi,BDI,Sub-Saharan Africa,Low income,2004,pv,5,-2.411696,0.29457,-2.8947908,-1.9286012,24.698766,5.031727,16.4467337,32.950798299999995,..,..,..,..,..,..,0.35,..,..,..,..,..,..,..,..,..,..,..,..,0.03125,..,0,0,..,..,..,..,..,..,..,..,..,..,..,0.21212119999999998
BELpv2004,Belgium,BEL,Europe & Central Asia,High income,2004,pv,8,0.6781942999999999,0.24903329999999999,0.2697797,1.0866088999999999,77.4790373,4.253887199999999,70.5026623,84.45541229999999,..,..,..,..,..,..,..,..,..,0.875,..,..,..,..,0.745614,..,..,..,..,0.84375,..,0.75,..,..,..,..,..,0.6969696999999999,..,..,0.6708,..,0.8033332999999999,..,0.7222221999999999
BENpv2004,Benin,BEN,Sub-Saharan Africa,Lower middle income,2004,pv,6,0.17683959999999999,0.2829469,-0.2871933,0.6408725,68.91509669999999,4.8331857,60.988672099999995,76.8415212,..,..,..,..,..,..,0.8999999999999999,..,..,..,..,..,..,..,..,..,..,..,..,0.8125,..,0.5,0.75,..,..,..,..,..,..,..,0.5824,..,..,..,0.7070706999999999
BFApv2004,Burkina Faso,BFA,Sub-Saharan Africa,Low income,2004,pv,7,-0.1499539,0.273938,-0.5992122,0.29930439999999997,63.332940699999995,4.6792992,55.6588899,71.00699139999999,..,..,..,..,..,..,0.5,..,..,..,..,..,..,..,..,..,..,..,..,0.59375,..,0.5,0.5,..,..,..,..,0.6919192,..,..,0.5680999999999999,..,..,..,0.6969696999999999
BGDpv2004,Bangladesh,BGD,South Asia,Lower middle income,2004,pv,8,-1.3285917,0.2501539,-1.7388441,-0.9183393,43.1999208,4.273029,36.1921532,50.2076883,..,..,..,..,..,..,0.5499999999999999,..,..,0.375,..,..,..,..,0.3980392,..,..,..,..,0.1875,..,0.25,..,..,..,..,..,0.5479798,..,..,0.35719999999999996,..,..,..,0.4949495
BGRpv2004,Bulgaria,BGR,Europe & Central Asia,High income,2004,pv,8,0.052069399999999995,0.2501539,-0.358183,0.4623218,66.783822,4.273029,59.7760544,73.7915895,..,..,..,..,..,..,0.85,..,..,0.75,..,..,..,..,0.5976562999999999,..,..,..,..,0.5625,..,0.5,..,..,..,..,..,0.7045454999999999,..,..,0.5560999999999999,..,..,..,0.6919192
BHRpv2004,Bahrain,BHR,Middle East & North Africa,High income,2004,pv,8,0.1508948,0.2501539,-0.25935759999999997,0.5611472,68.471918,4.273029,61.464150399999994,75.4796855,..,..,..,..,..,..,0.5,..,..,0.3125,..,..,..,..,0.625,..,..,..,..,0.875,..,0.75,..,..,..,..,..,0.8232322999999999,..,..,0.5895,..,..,..,0.7121212
BHSpv2004,"Bahamas, The",BHS,Latin America & Caribbean,High income,2004,pv,4,0.6906112,0.2976608,0.2024475,1.1787748999999998,77.69113779999999,5.0845227,69.35252059999999,86.0297551,..,..,..,..,..,..,..,..,..,..,..,..,..,..,..,..,..,..,..,0.71875,..,0.75,..,..,..,..,..,0.8838383999999999,..,..,..,..,..,..,0.8181818
BIHpv2004,Bosnia and Herzegovina,BIH,Europe & Central Asia,Upper middle income,2004,pv,7,-0.2817497,0.2569578,-0.7031605,0.13966109999999998,61.0816575,4.3892505,53.8832866,68.28002839999999,..,..,..,..,..,..,0.5,..,..,0.5,..,..,..,..,0.7615740999999999,..,..,..,..,0.8125,..,0.25,..,..,..,..,..,..,..,..,0.5984999999999999,..,..,..,0.6818181999999999
BLRpv2004,Belarus,BLR,Europe & Central Asia,Upper middle income,2004,pv,6,0.0167691,0.2783287,-0.43968999999999997,0.4732282,66.1808363,4.7543,58.383784399999996,73.9778883,..,..,..,..,..,..,0.35,..,..,..,..,..,..,..,..,..,..,..,..,0.5,..,0.5,..,..,..,..,..,0.8232322999999999,..,..,0.6537999999999999,..,..,..,0.7424242
BLZpv2004,Belize,BLZ,Latin America & Caribbean,Upper middle income,2004,pv,3,0.2908113,0.3093239,-0.2164799,0.7981024999999999,70.8619157,5.2837473,62.196570099999995,79.5272612,..,..,..,..,..,..,..,..,..,..,..,..,..,..,..,..,..,..,..,0.5625,..,0.75,..,..,..,..,..,..,..,..,..,..,..,..,0.7575757999999999
BMUpv2004,Bermuda,BMU,North America,High income,2004,pv,2,0.6303306,0.3382293,0.0756345,1.1850266999999999,76.6614487,5.7774982,67.1863516,86.1365458,..,..,..,..,..,..,..,..,..,..,..,..,..,..,..,..,..,..,..,..,..,0.75,..,..,..,..,..,..,..,..,..,..,..,..,0.8282828
BOLpv2004,Bolivia,BOL,Latin America & Caribbean,Lower middle income,2004,pv,8,-0.6014065,0.2501539,-1.0116589,-0.1911541,55.6214078,4.273029,48.6136402,62.6291753,..,..,..,..,..,..,0.65,..,..,0.3125,..,..,..,..,0.6777778,..,..,..,..,0.65625,..,0.5,..,..,..,..,..,0.5606061,..,..,0.6335999999999999,..,..,..,0.489899
BRApv2004,Brazil,BRA,Latin America & Caribbean,Upper middle income,2004,pv,9,-0.2198219,0.2441168,-0.6201734999999999,0.1805297,62.139483399999996,4.1699060999999995,55.3008374,68.9781295,..,..,..,..,..,..,0.75,..,..,0.75,..,..,..,..,0.8676471,..,..,..,..,0.3125,..,0.25,..,..,..,..,..,0.6666667,..,..,0.6436999999999999,..,0.625,..,0.6464646
BRBpv2004,Barbados,BRB,Latin America & Caribbean,High income,2004,pv,4,0.9561666999999999,0.2959455,0.47081609999999996,1.4415173,82.2272507,5.0552225,73.93668579999999,90.5178157,..,..,..,..,..,..,..,..,..,..,..,..,..,..,..,..,..,..,..,0.8125,..,1,..,..,..,..,..,..,..,..,0.6081,..,..,..,0.8232322999999999
BRNpv2004,Brunei Darussalam,BRN,East Asia & Pacific,High income,2004,pv,3,1.0993465,0.3462368,0.5315181,1.6671749,84.6729909,5.9142791,74.9735731,94.3724087,..,..,..,..,..,..,..,..,..,..,..,..,..,..,..,..,..,..,..,0.96875,..,..,..,..,..,..,..,0.9141414,..,..,..,..,..,..,0.8888889
BTNpv2004,Bhutan,BTN,South Asia,Lower middle income,2004,pv,3,0.8706687,0.3093239,0.36337749999999996,1.3779599,80.76680809999999,5.2837473,72.1014625,89.43215359999999,..,..,..,..,..,..,..,..,..,..,..,..,..,..,..,..,..,..,..,0.9375,..,0.75,..,..,..,..,..,..,..,..,..,..,..,..,0.8838383999999999
BWApv2004,Botswana,BWA,Sub-Saharan Africa,Upper middle income,2004,pv,8,0.9068069,0.2726438,0.4596711,1.3539427,81.3841064,4.6571921,73.7463113,89.02190139999999,..,..,..,..,..,..,0.8999999999999999,..,..,0.75,..,..,..,..,0.715812,..,..,..,..,0.8125,..,..,1,..,..,..,..,0.8409091,..,..,0.6588999999999999,..,..,..,0.8585859
CAFpv2004,Central African Republic,CAF,Sub-Saharan Africa,Low income,2004,pv,6,-1.5073250999999999,0.2829469,-1.971358,-1.0432922,40.1468683,4.8331857,32.2204437,48.0732928,..,..,..,..,..,..,0.44999999999999996,..,..,..,..,..,..,..,..,..,..,..,..,0.375,..,0.25,0,..,..,..,..,..,..,..,0.3697,..,..,..,0.37878789999999996
CANpv2004,Canada,CAN,North America,High income,2004,pv,8,0.7763304999999999,0.24903329999999999,0.36791589999999996,1.1847451,79.1553606,4.253887199999999,72.1789857,86.1317356,..,..,..,..,..,..,..,..,..,0.8125,..,..,..,..,0.6356208999999999,..,..,..,..,0.875,..,0.75,..,..,..,..,..,0.709596,..,..,0.6538999999999999,..,0.9666667,..,0.8030303
CHEpv2004,Switzerland,CHE,Europe & Central Asia,High income,2004,pv,8,1.0757322999999999,0.24903329999999999,0.6673177,1.4841468999999998,84.2696225,4.253887199999999,77.2932476,91.2459975,..,..,..,..,..,..,..,..,..,1,..,..,..,..,0.7546296,..,..,..,..,0.8125,..,0.75,..,..,..,..,..,0.7979798,..,..,0.6526,..,0.9354838999999999,..,0.8686868999999999
