ID variable (economy code/ gov. dimension/ year),Economy (name),Economy (code),Region,Income classification,Year,Governance dimension,Number of sources,Governance estimate (approx. -2.5 to +2.5),Standard error (estimate),Lower threshold (90% conf. int. estimate),Upper threshold (90% conf. int. estimate),Governance score (0-100),Standard error (gov. score),Lower threshold (90% conf. int. score),Upper threshold (90% conf. int. score),ADB mean,AFR mean,ARB mean,ASB mean,ASD mean,BPS mean,BTI mean,CCR mean,EBR mean,EIU mean,EQI mean,EUB mean,FRH mean,GCB mean,GCS mean,GII mean,GWP mean,HER mean,HRM mean,HUM mean,IFD mean,IJT mean,IRP mean,LBO mean,MSI mean,OBI mean,PIA mean,PRS mean,RSF mean,VAB mean,VDM mean,WBS mean,WCY mean,WJP mean,WMO mean
ADOrl1996,Andorra,ADO,,,1996,rl,2,0.9914350999999999,0.4243771,0.29545669999999996,1.6874135,74.0280057,7.3038279,62.049727999999995,86.0062835,..,..,..,..,..,..,..,..,..,..,..,..,..,..,..,..,..,..,..,0.5,..,..,..,..,..,..,..,..,..,..,..,..,..,..,0.9375
AFGrl1996,Afghanistan,AFG,South Asia,Low income,1996,rl,3,-1.9170946999999998,0.38423219999999997,-2.5472354999999998,-1.2869538999999999,23.9701623,6.6129063,13.1249959,34.8153286,..,..,..,..,..,..,..,..,..,..,..,..,..,..,..,..,..,..,..,0,..,..,..,..,..,..,..,..,..,..,0.055999999999999994,..,..,..,0.1875
AGOrl1996,Angola,AGO,Sub-Saharan Africa,Lower middle income,1996,rl,6,-1.570214,0.20834,-1.9118916,-1.2285363999999999,29.940223099999997,3.5856779,24.0597113,35.8207349,..,..,..,..,..,..,..,..,..,0.075,..,..,..,..,..,..,..,0.3,..,0,..,..,..,..,..,..,..,0.3333333,..,..,0.22399999999999998,..,..,..,0.25
ALBrl1996,Albania,ALB,Europe & Central Asia,Upper middle income,1996,rl,6,-0.39460059999999997,0.2545822,-0.8121153999999999,0.0229142,50.1733565,4.3815386,42.9876332,57.3590799,..,..,..,..,..,..,..,..,..,..,..,..,0.375,..,..,..,..,0.5,..,0.5,..,..,..,..,..,..,..,0.6666667,..,..,0.744,..,..,..,0.25
ARErl1996,United Arab Emirates,ARE,Middle East & North Africa,High income,1996,rl,6,0.6268910999999999,0.20834,0.2852135,0.9685687,67.75394709999999,3.5856779,61.8734353,73.6344589,..,..,..,..,..,..,..,..,..,0.525,..,..,..,..,..,..,..,0.8999999999999999,..,1,..,..,..,..,..,..,..,0.6666667,..,..,0.27599999999999997,..,..,..,0.875
ARGrl1996,Argentina,ARG,Latin America & Caribbean,Upper middle income,1996,rl,9,0.1293667,0.185324,-0.1745647,0.43329809999999996,59.1912023,3.1895567999999996,53.960329099999996,64.4220754,..,..,..,..,..,..,..,..,..,0.5,..,..,..,..,0.4573333,..,..,0.7,..,0.5,..,..,..,0.3966667,..,..,..,0.8333332999999999,..,..,0.737,..,0.3339667,..,0.625
ARMrl1996,Armenia,ARM,Europe & Central Asia,Upper middle income,1996,rl,5,-0.2632008,0.2765858,-0.7168015,0.19039989999999998,52.434839499999995,4.760236,44.6280524,60.2416266,..,..,..,..,..,..,..,..,..,..,..,..,0.375,..,..,..,..,0.5,..,0.5,..,..,..,..,..,..,..,..,..,..,0.46399999999999997,..,..,..,0.5
ATGrl1996,Antigua and Barbuda,ATG,Latin America & Caribbean,High income,1996,rl,2,0.9792620999999999,0.4243771,0.28328369999999997,1.6752405,73.8184998,7.3038279,61.8402221,85.7967776,..,..,..,..,..,..,..,..,..,..,..,..,..,..,..,..,..,..,..,1,..,..,..,..,..,..,..,..,..,..,..,..,..,..,0.8125
AUSrl1996,Australia,AUS,East Asia & Pacific,High income,1996,rl,8,1.6900906999999998,0.1868126,1.383718,1.9964633999999999,86.05236,3.2151766,80.7794703,91.32524959999999,..,..,..,..,..,..,..,..,..,0.8999999999999999,..,..,..,..,0.7536666999999999,..,..,0.8999999999999999,..,1,..,..,..,..,..,..,..,1,..,..,0.966,..,0.7692333,..,0.9375
AUTrl1996,Austria,AUT,Europe & Central Asia,High income,1996,rl,8,1.8410601,0.1868126,1.5346874,2.1474328,88.6506495,3.2151766,83.3777599,93.9235392,..,..,..,..,..,..,..,..,..,0.9249999999999999,..,..,..,..,0.8173332999999999,..,..,0.8999999999999999,..,1,..,..,..,..,..,..,..,1,..,..,0.9179999999999999,..,0.8481,..,1
AZErl1996,Azerbaijan,AZE,Europe & Central Asia,Upper middle income,1996,rl,6,-1.2189282,0.21075649999999999,-1.5645689,-0.8732875,35.9860988,3.627268,30.0373792,41.934818299999996,..,..,..,..,..,..,..,..,..,0.19999999999999998,..,..,0.25,..,..,..,..,0.3,..,0,..,..,..,..,..,..,..,..,..,..,0.191,..,..,..,0.3125
BDIrl1996,Burundi,BDI,Sub-Saharan Africa,Low income,1996,rl,4,-1.2478356,0.2982756,-1.7370075999999999,-0.7586636,35.488582099999995,5.133533,27.0695879,43.907576299999995,..,..,..,..,..,..,..,..,..,..,..,..,..,..,..,..,..,0.3,..,0,..,..,..,..,..,..,..,..,..,..,0.434,..,..,..,0.1875
BELrl1996,Belgium,BEL,Europe & Central Asia,High income,1996,rl,8,1.3991182,0.1868126,1.0927455,1.7054909,81.04451859999999,3.2151766,75.77162899999999,86.3174083,..,..,..,..,..,..,..,..,..,0.85,..,..,..,..,0.6046667,..,..,0.8999999999999999,..,1,..,..,..,..,..,..,..,1,..,..,0.9309999999999999,..,0.6358667,..,0.875
BENrl1996,Benin,BEN,Sub-Saharan Africa,Lower middle income,1996,rl,4,0.0875553,0.2982756,-0.4016167,0.5767272999999999,58.471598699999994,5.133533,50.0526045,66.8905928,..,..,..,..,..,..,..,..,..,..,..,..,..,..,..,..,..,0.5,..,0.5,..,..,..,..,..,..,..,..,..,..,0.818,..,..,..,0.5625
BFArl1996,Burkina Faso,BFA,Sub-Saharan Africa,Low income,1996,rl,5,-0.5683809,0.2711907,-1.0131336,-0.1236282,47.1824753,4.6673822,39.5279686,54.8369821,..,..,..,..,..,..,..,..,..,..,..,..,..,..,..,..,..,0.5,..,0,..,..,..,..,..,..,..,0.6666667,..,..,0.441,..,..,..,0.3125
BGDrl1996,Bangladesh,BGD,South Asia,Lower middle income,1996,rl,6,-0.9202554,0.20834,-1.261933,-0.5785777999999999,41.1264677,3.5856779,35.2459559,47.0069795,..,..,..,..,..,..,..,..,..,0.27499999999999997,..,..,..,..,..,..,..,0.3,..,0.5,..,..,..,..,..,..,..,0.5,..,..,0.437,..,..,..,0.3125
BGRrl1996,Bulgaria,BGR,Europe & Central Asia,High income,1996,rl,7,-0.1951306,0.20052,-0.5239834,0.13372219999999999,53.6063755,3.4510902,47.9465875,59.2661635,..,..,..,..,..,..,..,..,..,0.35,..,..,0.4583333,..,..,..,..,0.5,..,0.5,..,..,..,..,..,..,..,0.8333332999999999,..,..,0.867,..,..,..,0.4375
BHRrl1996,Bahrain,BHR,Middle East & North Africa,High income,1996,rl,5,0.1249887,0.2140899,-0.22611869999999998,0.47609609999999997,59.1158538,3.6846373999999997,53.0730485,65.1586591,..,..,..,..,..,..,..,..,..,0.35,..,..,..,..,..,..,..,0.6,..,0.5,..,..,..,..,..,..,..,0.8333332999999999,..,..,..,..,..,..,0.8125
BHSrl1996,"Bahamas, The",BHS,Latin America & Caribbean,High income,1996,rl,4,1.2490705,0.2842523,0.7828967,1.7152443,78.4620922,4.8921823,70.4389132,86.48527109999999,..,..,..,..,..,..,..,..,..,..,..,..,..,..,..,..,..,0.8999999999999999,..,1,..,..,..,..,..,..,..,0.6666667,..,..,..,..,..,..,0.875
BIHrl1996,Bosnia and Herzegovina,BIH,Europe & Central Asia,Upper middle income,1996,rl,3,-0.3076488,0.25895419999999997,-0.7323337,0.11703609999999999,51.6698582,4.4567841,44.360732299999995,58.978984,..,..,..,..,..,..,..,..,..,0.5,..,..,..,..,..,..,..,..,..,..,..,..,..,..,..,..,..,..,..,..,0.359,..,..,..,0.4375
BLRrl1996,Belarus,BLR,Europe & Central Asia,Upper middle income,1996,rl,5,-0.5074489999999999,0.2765858,-0.9610497,-0.053848299999999995,48.2311562,4.760236,40.4243691,56.037943299999995,..,..,..,..,..,..,..,..,..,..,..,..,0.1666667,..,..,..,..,0.5,..,0,..,..,..,..,..,..,..,..,..,..,0.376,..,..,..,0.5625
BLZrl1996,Belize,BLZ,Latin America & Caribbean,Upper middle income,1996,rl,3,0.3842312,0.3159268,-0.1338888,0.9023511999999999,63.5775996,5.4373229,54.66039,72.49480919999999,..,..,..,..,..,..,..,..,..,..,..,..,..,..,..,..,..,0.7,..,0.5,..,..,..,..,..,..,..,..,..,..,..,..,..,..,0.5625
BMUrl1996,Bermuda,BMU,North America,High income,1996,rl,1,1.0623179999999999,0.4850462,0.2668422,1.8577937999999998,75.2479503,8.3479866,61.557252299999995,88.9386483,..,..,..,..,..,..,..,..,..,..,..,..,..,..,..,..,..,..,..,..,..,..,..,..,..,..,..,..,..,..,..,..,..,..,0.875
BOLrl1996,Bolivia,BOL,Latin America & Caribbean,Lower middle income,1996,rl,7,-0.304672,0.2062812,-0.6429732,0.0336292,51.721090999999994,3.5502449,45.898689399999995,57.5434926,..,..,..,..,..,..,..,..,..,0.425,..,..,..,..,..,..,..,0.5,..,0.5,..,..,..,0.37666669999999997,..,..,..,0.5,..,..,0.618,..,..,..,0.5
BRArl1996,Brazil,BRA,Latin America & Caribbean,Upper middle income,1996,rl,9,-0.3408545,0.185324,-0.6447859,-0.0369231,51.0983647,3.1895567999999996,45.8674916,56.329237899999995,..,..,..,..,..,..,..,..,..,0.44999999999999996,..,..,..,..,0.478,..,..,0.5,..,0.5,..,..,..,0.43666669999999996,..,..,..,0.5,..,..,0.82,..,0.3058667,..,0.4375
BRBrl1996,Barbados,BRB,Latin America & Caribbean,High income,1996,rl,4,0.7767276999999999,0.2982756,0.28755569999999997,1.2658996999999999,70.33274039999999,5.133533,61.9137462,78.7517345,..,..,..,..,..,..,..,..,..,..,..,..,..,..,..,..,..,0.5,..,1,..,..,..,..,..,..,..,..,..,..,0.855,..,..,..,0.875
BRNrl1996,Brunei Darussalam,BRN,East Asia & Pacific,High income,1996,rl,3,1.0524394,0.355562,0.4693177,1.6355610999999999,75.0779326,6.1194723,65.0419981,85.1138672,..,..,..,..,..,..,..,..,..,..,..,..,..,..,..,..,..,..,..,1,..,..,..,..,..,..,..,1,..,..,..,..,..,..,0.6875
BTNrl1996,Bhutan,BTN,South Asia,Lower middle income,1996,rl,3,-0.2320111,0.38423219999999997,-0.8621519,0.3981297,52.9716362,6.6129063,42.126469799999995,63.816802499999994,..,..,..,..,..,..,..,..,..,..,..,..,..,..,..,..,..,..,..,0,..,..,..,..,..,..,..,..,..,..,0.51,..,..,..,0.6875
BWArl1996,Botswana,BWA,Sub-Saharan Africa,Upper middle income,1996,rl,6,0.5926621,0.20834,0.2509845,0.9343397,67.1648419,3.5856779,61.2843301,73.04535369999999,..,..,..,..,..,..,..,..,..,0.6,..,..,..,..,..,..,..,0.7,..,1,..,..,..,..,..,..,..,0.6666667,..,..,0.866,..,..,..,0.6875
CAFrl1996,Central African Republic,CAF,Sub-Saharan Africa,Low income,1996,rl,3,-1.2167888999999998,0.38423219999999997,-1.8469297,-0.5866481,36.0229176,6.6129063,25.1777513,46.868083999999996,..,..,..,..,..,..,..,..,..,..,..,..,..,..,..,..,..,..,..,0.5,..,..,..,..,..,..,..,..,..,..,0.494,..,..,..,0.1875
CANrl1996,Canada,CAN,North America,High income,1996,rl,8,1.7544174,0.1868126,1.4480446999999999,2.0607900999999997,87.1594677,3.2151766,81.8865781,92.4323574,..,..,..,..,..,..,..,..,..,0.875,..,..,..,..,0.834,..,..,0.8999999999999999,..,1,..,..,..,..,..,..,..,1,..,..,0.9159999999999999,..,0.8026,..,1
CHErl1996,Switzerland,CHE,Europe & Central Asia,High income,1996,rl,8,1.9615908999999998,0.1868126,1.6552182,2.2679636,90.7250694,3.2151766,85.4521797,95.997959,..,..,..,..,..,..,..,..,..,1,..,..,..,..,0.852,..,..,0.8999999999999999,..,1,..,..,..,..,..,..,..,1,..,..,0.954,..,0.8252333,..,1
CHLrl1996,Chile,CHL,Latin America & Caribbean,High income,1996,rl,9,1.1908862999999998,0.185324,0.8869549,1.4948177,77.4607012,3.1895567999999996,72.229828,82.6915743,..,..,..,..,..,..,..,..,..,0.825,..,..,..,..,0.7063332999999999,..,..,0.8999999999999999,..,0.5,..,..,..,0.48333329999999997,..,..,..,0.8333332999999999,..,..,0.9329999999999999,..,0.6395333,..,0.75
CHNrl1996,China,CHN,East Asia & Pacific,Upper middle income,1996,rl,8,-0.5345321,0.1868126,-0.8409048,-0.22815939999999998,47.765037,3.2151766,42.4921474,53.0379266,..,..,..,..,..,..,..,..,..,0.3,..,..,..,..,0.5419999999999999,..,..,0.3,..,0,..,..,..,..,..,..,..,0.8333332999999999,..,..,0.22399999999999998,..,0.5503333,..,0.4375
CIVrl1996,Côte d’Ivoire,CIV,Sub-Saharan Africa,Lower middle income,1996,rl,6,-0.806346,0.20834,-1.1480236,-0.4646684,43.0869286,3.5856779,37.2064168,48.9674404,..,..,..,..,..,..,..,..,..,0.3,..,..,..,..,..,..,..,0.3,..,0.5,..,..,..,..,..,..,..,0.5,..,..,0.527,..,..,..,0.375
CMRrl1996,Cameroon,CMR,Sub-Saharan Africa,Lower middle income,1996,rl,6,-1.37748,0.20834,-1.7191576,-1.0358024,33.2573108,3.5856779,27.376799,39.1378226,..,..,..,..,..,..,..,..,..,0.049999999999999996,..,..,..,..,..,..,..,0.3,..,0.5,..,..,..,..,..,..,..,0.5,..,..,0.358,..,..,..,0.25
CODrl1996,"Congo, Dem. Rep.",COD,Sub-Saharan Africa,Low income,1996,rl,4,-1.7535603,0.2851901,-2.2212720999999997,-1.2858485,26.784704299999998,4.9083226,18.7350553,34.8343533,..,..,..,..,..,..,..,..,..,..,..,..,..,..,..,..,..,0.3,..,..,..,..,..,..,..,..,..,0.1666667,..,..,0.078,..,..,..,0.1875
COGrl1996,"Congo, Rep.",COG,Sub-Saharan Africa,Lower middle income,1996,rl,5,-0.912102,0.2711907,-1.3568547,-0.46734929999999997,41.2667935,4.6673822,33.6122867,48.9213002,..,..,..,..,..,..,..,..,..,..,..,..,..,..,..,..,..,0.3,..,0.5,..,..,..,..,..,..,..,0.5,..,..,0.594,..,..,..,0.25
COLrl1996,Colombia,COL,Latin America & Caribbean,Upper middle income,1996,rl,9,-0.8696204,0.185324,-1.1735518,-0.565689,41.997931699999995,3.1895567999999996,36.7670585,47.2288048,..,..,..,..,..,..,..,..,..,0.35,..,..,..,..,0.23866669999999998,..,..,0.5,..,0.5,..,..,..,0.3933333,..,..,..,0.3333333,..,..,0.747,..,0.27999999999999997,..,0.25
COMrl1996,Comoros,COM,Sub-Saharan Africa,Lower middle income,1996,rl,3,-1.0622657,0.38423219999999997,-1.6924065,-0.4321249,38.6823706,6.6129063,27.8372042,49.5275369,..,..,..,..,..,..,..,..,..,..,..,..,..,..,..,..,..,..,..,0.5,..,..,..,..,..,..,..,..,..,..,0.308,..,..,..,0.3125
CPVrl1996,Cabo Verde,CPV,Sub-Saharan Africa,Upper middle income,1996,rl,3,1.0866875,0.35443749999999996,0.50541,1.667965,75.6673665,6.1001186999999994,65.6631719,85.67156109999999,..,..,..,..,..,..,..,..,..,..,..,..,..,..,..,..,..,0.7,..,1,..,..,..,..,..,..,..,..,..,..,0.9049999999999999,..,..,..,..
CRIrl1996,Costa Rica,CRI,Latin America & Caribbean,High income,1996,rl,8,0.5214281,0.19591619999999998,0.20012549999999998,0.8427306999999999,65.9388547,3.3718559,60.409011,71.4686984,..,..,..,..,..,..,..,..,..,0.7,..,..,..,..,0.4643333,..,..,0.5,..,1,..,..,..,0.43,..,..,..,0.6666667,..,..,0.952,..,..,..,0.75
CUBrl1996,Cuba,CUB,Latin America & Caribbean,Upper middle income,1996,rl,6,-1.0893701,0.20834,-1.4310477,-0.7476925,38.2158848,3.5856779,32.335373,44.0963966,..,..,..,..,..,..,..,..,..,0.19999999999999998,..,..,..,..,..,..,..,0.09999999999999999,..,0,..,..,..,..,..,..,..,0.8333332999999999,..,..,0.11499999999999999,..,..,..,0.4375
CYMrl1996,Cayman Islands,CYM,Latin America & Caribbean,High income,1996,rl,1,1.3174393,0.4850462,0.5219635,2.1129151,79.6387673,8.3479866,65.9480693,93.3294653,..,..,..,..,..,..,..,..,..,..,..,..,..,..,..,..,..,..,..,..,..,..,..,..,..,..,..,..,..,..,..,..,..,..,0.9375
CYPrl1996,Cyprus,CYP,Europe & Central Asia,High income,1996,rl,6,0.8595763,0.20834,0.5178986999999999,1.2012539,71.7586231,3.5856779,65.8781113,77.6391349,..,..,..,..,..,..,..,..,..,0.7749999999999999,..,..,..,..,..,..,..,0.5,..,1,..,..,..,..,..,..,..,0.8333332999999999,..,..,0.8069999999999999,..,..,..,0.75
CZErl1996,Czechia,CZE,Europe & Central Asia,High income,1996,rl,9,0.7981957,0.18111259999999998,0.5011709999999999,1.0952203999999999,70.7022198,3.1170755999999997,65.5902158,75.8142237,..,..,..,..,..,..,..,..,..,0.7,..,..,0.9166667,..,0.4556667,..,..,0.7,..,1,..,..,..,..,..,..,..,1,..,..,0.9199999999999999,..,0.3538,..,0.8125
DEUrl1996,Germany,DEU,Europe & Central Asia,High income,1996,rl,8,1.6971005,0.1868126,1.3907277999999998,2.0034731999999997,86.1730036,3.2151766,80.9001139,91.4458932,..,..,..,..,..,..,..,..,..,0.8999999999999999,..,..,..,..,0.7546666999999999,..,..,0.8999999999999999,..,1,..,..,..,..,..,..,..,1,..,..,0.969,..,0.7787666999999999,..,0.9375
DJIrl1996,Djibouti,DJI,Middle East & North Africa,Lower middle income,1996,rl,4,-0.6797124999999999,0.2982756,-1.1688844999999999,-0.1905405,45.2663802,5.133533,36.8473861,53.6853744,..,..,..,..,..,..,..,..,..,..,..,..,..,..,..,..,..,0.5,..,0,..,..,..,..,..,..,..,..,..,..,0.27599999999999997,..,..,..,0.375
DMArl1996,Dominica,DMA,Latin America & Caribbean,Upper middle income,1996,rl,2,0.7839701,0.4243771,0.08799169999999999,1.4799485,70.4573872,7.3038279,58.4791094,82.43566489999999,..,..,..,..,..,..,..,..,..,..,..,..,..,..,..,..,..,..,..,1,..,..,..,..,..,..,..,..,..,..,..,..,..,..,0.75
DNKrl1996,Denmark,DNK,Europe & Central Asia,High income,1996,rl,8,1.8641661999999999,0.1868126,1.5577934999999998,2.1705389,89.0483218,3.2151766,83.7754321,94.3212114,..,..,..,..,..,..,..,..,..,0.95,..,..,..,..,0.7979999999999999,..,..,0.8999999999999999,..,1,..,..,..,..,..,..,..,1,..,..,0.984,..,0.8262666999999999,..,1
DOMrl1996,Dominican Republic,DOM,Latin America & Caribbean,Upper middle income,1996,rl,6,-0.5997454,0.20834,-0.941423,-0.2580678,46.6426702,3.5856779,40.7621584,52.523182,..,..,..,..,..,..,..,..,..,0.375,..,..,..,..,..,..,..,0.3,..,0,..,..,..,..,..,..,..,0.6666667,..,..,0.38999999999999996,..,..,..,0.5
DZArl1996,Algeria,DZA,Middle East & North Africa,Upper middle income,1996,rl,6,-0.9458618,0.20834,-1.2875394,-0.6041842,40.6857636,3.5856779,34.8052518,46.566275399999995,..,..,..,..,..,..,..,..,..,0.175,..,..,..,..,..,..,..,0.5,..,0.5,..,..,..,..,..,..,..,0.5,..,..,0.323,..,..,..,0.3125
ECUrl1996,Ecuador,ECU,Latin America & Caribbean,Upper middle income,1996,rl,7,-0.4051692,0.2062812,-0.7434704,-0.066868,49.991463499999995,3.5502449,44.169061899999996,55.8138651,..,..,..,..,..,..,..,..,..,0.325,..,..,..,..,..,..,..,0.5,..,0.5,..,..,..,0.4333333,..,..,..,0.6666667,..,..,0.578,..,..,..,0.4375
EGYrl1996,"Egypt, Arab Rep.",EGY,Middle East & North Africa,Lower middle income,1996,rl,7,0.0157875,0.1976774,-0.3084034,0.33997839999999996,57.2364244,3.4021667,51.656870999999995,62.8159778,..,..,..,..,..,..,..,..,..,0.44999999999999996,..,..,..,..,0.7983332999999999,..,..,0.5,..,0.5,..,..,..,..,..,..,..,0.6666667,..,..,0.47,..,..,..,0.5
ERIrl1996,Eritrea,ERI,Sub-Saharan Africa,Low income,1996,rl,3,-0.7583386999999999,0.38423219999999997,-1.3884794999999999,-0.1281979,43.913168,6.6129063,33.068001699999996,54.758334399999995,..,..,..,..,..,..,..,..,..,..,..,..,..,..,..,..,..,..,..,0.5,..,..,..,..,..,..,..,..,..,..,0.11,..,..,..,0.5
ESPrl1996,Spain,ESP,Europe & Central Asia,High income,1996,rl,8,1.3116732,0.1868126,1.0053005,1.6180459,79.53952869999999,3.2151766,74.266639,84.81241829999999,..,..,..,..,..,..,..,..,..,0.875,..,..,..,..,0.6723333,..,..,0.7,..,1,..,..,..,..,..,..,..,1,..,..,0.9209999999999999,..,0.5378333,..,0.9375
ESTrl1996,Estonia,EST,Europe & Central Asia,High income,1996,rl,6,0.6733108999999999,0.21075649999999999,0.32767019999999997,1.0189515999999998,68.5528645,3.627268,62.604144999999995,74.5015841,..,..,..,..,..,..,..,..,..,0.575,..,..,0.7916667,..,..,..,..,0.7,..,1,..,..,..,..,..,..,..,..,..,..,0.9349999999999999,..,..,..,0.6875
ETHrl1996,Ethiopia,ETH,Sub-Saharan Africa,,1996,rl,6,-0.8649532999999999,0.20834,-1.2066309,-0.5232757,42.0782558,3.5856779,36.197744,47.958767599999995,..,..,..,..,..,..,..,..,..,0.15,..,..,..,..,..,..,..,0.3,..,0.5,..,..,..,..,..,..,..,0.8333332999999999,..,..,0.27699999999999997,..,..,..,0.4375
FINrl1996,Finland,FIN,Europe & Central Asia,High income,1996,rl,8,1.9289737999999998,0.1868126,1.6226011,2.2353465,90.1637061,3.2151766,84.8908165,95.43659579999999,..,..,..,..,..,..,..,..,..,1,..,..,..,..,0.82,..,..,0.8999999999999999,..,1,..,..,..,..,..,..,..,1,..,..,0.972,..,0.7989666999999999,..,1
FJIrl1996,Fiji,FJI,East Asia & Pacific,Upper middle income,1996,rl,4,0.3011934,0.2982756,-0.1879786,0.7903654,62.1484606,5.133533,53.7294665,70.5674548,..,..,..,..,..,..,..,..,..,..,..,..,..,..,..,..,..,0.5,..,1,..,..,..,..,..,..,..,..,..,..,0.688,..,..,..,0.625
FRArl1996,France,FRA,Europe & Central Asia,High income,1996,rl,8,1.4177545999999999,0.1868126,1.1113819,1.7241273,81.3652642,3.2151766,76.09237449999999,86.6381538,..,..,..,..,..,..,..,..,..,0.875,..,..,..,..,0.7553333,..,..,0.7,..,1,..,..,..,..,..,..,..,1,..,..,0.9139999999999999,..,0.6907,..,0.875
FSMrl1996,"Micronesia, Fed. Sts.",FSM,East Asia & Pacific,Lower middle income,1996,rl,1,0.9038562,0.6633167,-0.18398319999999999,1.9916956,72.5207113,11.416146999999999,53.7982301,91.2431924,..,..,..,..,..,..,..,..,..,..,..,..,..,..,..,..,..,..,..,1,..,..,..,..,..,..,..,..,..,..,..,..,..,..,..
GABrl1996,Gabon,GAB,Sub-Saharan Africa,Upper middle income,1996,rl,6,-0.6741237,0.20834,-1.0158013,-0.33244609999999997,45.362567399999996,3.5856779,39.482055599999995,51.2430792,..,..,..,..,..,..,..,..,..,0.175,..,..,..,..,..,..,..,0.5,..,0.5,..,..,..,..,..,..,..,0.5,..,..,0.46199999999999997,..,..,..,0.625
GBRrl1996,United Kingdom,GBR,Europe & Central Asia,High income,1996,rl,8,1.6546899,0.1868126,1.3483171999999999,1.9610626,85.4430873,3.2151766,80.1701977,90.715977,..,..,..,..,..,..,..,..,..,0.8999999999999999,..,..,..,..,0.8333332999999999,..,..,0.8999999999999999,..,1,..,..,..,..,..,..,..,1,..,..,0.9349999999999999,..,0.6359332999999999,..,0.9375
GEOrl1996,Georgia,GEO,Europe & Central Asia,Upper middle income,1996,rl,5,-1.1916685,0.2765858,-1.6452692,-0.7380677999999999,36.4552574,4.760236,28.6484703,44.262044499999995,..,..,..,..,..,..,..,..,..,..,..,..,0.3333333,..,..,..,..,0.3,..,0,..,..,..,..,..,..,..,..,..,..,0.431,..,..,..,0.1875
GHArl1996,Ghana,GHA,Sub-Saharan Africa,Lower middle income,1996,rl,6,-0.2889734,0.20834,-0.630651,0.0527042,51.9912749,3.5856779,46.1107631,57.871786699999994,..,..,..,..,..,..,..,..,..,0.39999999999999997,..,..,..,..,..,..,..,0.5,..,0.5,..,..,..,..,..,..,..,0.5,..,..,0.8049999999999999,..,..,..,0.5
GINrl1996,Guinea,GIN,Sub-Saharan Africa,Lower middle income,1996,rl,5,-1.2165933,0.2711907,-1.661346,-0.7718406,36.026284,4.6673822,28.371777299999998,43.6807908,..,..,..,..,..,..,..,..,..,..,..,..,..,..,..,..,..,0.3,..,0,..,..,..,..,..,..,..,0.5,..,..,0.256,..,..,..,0.25
GMBrl1996,"Gambia, The",GMB,Sub-Saharan Africa,Low income,1996,rl,5,0.3103372,0.2711907,-0.1344155,0.7550899,62.305831899999994,4.6673822,54.651325099999994,69.9603386,..,..,..,..,..,..,..,..,..,..,..,..,..,..,..,..,..,0.7,..,0.5,..,..,..,..,..,..,..,0.8333332999999999,..,..,0.258,..,..,..,0.5625
GNBrl1996,Guinea-Bissau,GNB,Sub-Saharan Africa,Low income,1996,rl,4,-1.8769757,0.3309379,-2.4197139,-1.3342375,24.660638499999997,5.6956745,15.3197324,34.001544599999995,..,..,..,..,..,..,..,..,..,..,..,..,..,..,..,..,..,..,..,0.5,..,..,..,..,..,..,..,0.1666667,..,..,0.45599999999999996,..,..,..,0.125
GNQrl1996,Equatorial Guinea,GNQ,Sub-Saharan Africa,Upper middle income,1996,rl,4,-1.4877084999999999,0.2483387,-1.894984,-1.080433,31.360200799999998,4.274084,24.350703,38.3696986,..,..,..,..,..,..,..,..,..,0.09999999999999999,..,..,..,..,..,..,..,..,..,0,..,..,..,..,..,..,..,..,..,..,0.129,..,..,..,0.4375
GRCrl1996,Greece,GRC,Europe & Central Asia,High income,1996,rl,8,0.9934539,0.1868126,0.6870812,1.2998265999999998,74.0627507,3.2151766,68.7898611,79.3356403,..,..,..,..,..,..,..,..,..,0.7999999999999999,..,..,..,..,0.49166669999999996,..,..,0.7,..,1,..,..,..,..,..,..,..,1,..,..,0.9029999999999999,..,0.5708,..,0.75
GRDrl1996,Grenada,GRD,Latin America & Caribbean,Upper middle income,1996,rl,2,0.39338599999999996,0.4243771,-0.3025924,1.0893644,63.735160099999995,7.3038279,51.756882399999995,75.7134379,..,..,..,..,..,..,..,..,..,..,..,..,..,..,..,..,..,..,..,1,..,..,..,..,..,..,..,..,..,..,..,..,..,..,0.625
GTMrl1996,Guatemala,GTM,Latin America & Caribbean,Upper middle income,1996,rl,8,-1.0761371,0.19591619999999998,-1.3974396999999998,-0.7548345,38.443633999999996,3.3718559,32.913790299999995,43.9734778,..,..,..,..,..,..,..,..,..,0.175,..,..,..,..,0.2053333,..,..,0.5,..,0.5,..,..,..,0.30666669999999996,..,..,..,0.5,..,..,0.494,..,..,..,0.3125
GUFrl1996,French Guiana,GUF,,,1996,rl,1,0.8071967,0.4850462,0.0117209,1.6026725,70.8571333,8.3479866,57.166435299999996,84.5478313,..,..,..,..,..,..,..,..,..,..,..,..,..,..,..,..,..,..,..,..,..,..,..,..,..,..,..,..,..,..,..,..,..,..,0.8125
GUYrl1996,Guyana,GUY,Latin America & Caribbean,High income,1996,rl,5,-0.0288352,0.2711907,-0.4735879,0.4159175,56.4684363,4.6673822,48.8139295,64.1229431,..,..,..,..,..,..,..,..,..,..,..,..,..,..,..,..,..,0.5,..,1,..,..,..,..,..,..,..,0.6666667,..,..,0.601,..,..,..,0.4375
HKGrl1996,"Hong Kong SAR, China",HKG,East Asia & Pacific,High income,1996,rl,7,1.0111299999999999,0.19120769999999998,0.6975494,1.3247106,74.3669688,3.2908187,68.9700261,79.76391149999999,..,..,..,..,..,..,..,..,..,0.575,..,..,..,..,0.7919999999999999,..,..,0.8999999999999999,..,..,..,..,..,..,..,..,..,1,..,..,0.741,..,0.7218333,..,0.6875
HNDrl1996,Honduras,HND,Latin America & Caribbean,Lower middle income,1996,rl,8,-0.9342201,0.19591619999999998,-1.2555227,-0.6129175,40.8861254,3.3718559,35.3562817,46.4159691,..,..,..,..,..,..,..,..,..,0.15,..,..,..,..,0.36033329999999997,..,..,0.5,..,0.5,..,..,..,0.43666669999999996,..,..,..,0.5,..,..,0.45699999999999996,..,..,..,0.375
HRVrl1996,Croatia,HRV,Europe & Central Asia,High income,1996,rl,6,-0.6749124999999999,0.21075649999999999,-1.0205532,-0.3292718,45.3489916,3.627268,39.400272,51.2977111,..,..,..,..,..,..,..,..,..,0.25,..,..,0.375,..,..,..,..,0.3,..,0.5,..,..,..,..,..,..,..,..,..,..,0.48,..,..,..,0.625
HTIrl1996,Haiti,HTI,Latin America & Caribbean,Lower middle income,1996,rl,5,-1.3946205999999999,0.2711907,-1.8393732999999999,-0.9498679,32.962309,4.6673822,25.307802199999998,40.6168158,..,..,..,..,..,..,..,..,..,..,..,..,..,..,..,..,..,0.09999999999999999,..,0,..,..,..,..,..,..,..,0.5,..,..,0.532,..,..,..,0.25
HUNrl1996,Hungary,HUN,Europe & Central Asia,High income,1996,rl,9,0.8658286,0.18111259999999998,0.5688039,1.1628532999999999,71.8662295,3.1170755999999997,66.7542255,76.9782335,..,..,..,..,..,..,..,..,..,0.7999999999999999,..,..,0.875,..,0.435,..,..,0.7,..,1,..,..,..,..,..,..,..,1,..,..,0.8979999999999999,..,0.4168,..,0.6875
IDNrl1996,Indonesia,IDN,East Asia & Pacific,Upper middle income,1996,rl,8,-0.5238167,0.1868126,-0.8301894,-0.217444,47.9494566,3.2151766,42.6765669,53.2223462,..,..,..,..,..,..,..,..,..,0.35,..,..,..,..,0.5483333,..,..,0.5,..,0,..,..,..,..,..,..,..,0.6666667,..,..,0.109,..,0.3955333,..,0.4375
INDrl1996,India,IND,South Asia,Lower middle income,1996,rl,8,0.21848309999999999,0.1868126,-0.0878896,0.5248558,60.724958199999996,3.2151766,55.4520686,65.9978478,..,..,..,..,..,..,..,..,..,0.525,..,..,..,..,0.5286666999999999,..,..,0.5,..,1,..,..,..,..,..,..,..,0.6666667,..,..,0.7799999999999999,..,0.5783332999999999,..,0.625
IRLrl1996,Ireland,IRL,Europe & Central Asia,High income,1996,rl,8,1.5126505,0.1868126,1.2062777999999998,1.8190232,82.9984893,3.2151766,77.72559969999999,88.271379,..,..,..,..,..,..,..,..,..,0.85,..,..,..,..,0.7556666999999999,..,..,0.8999999999999999,..,1,..,..,..,..,..,..,..,1,..,..,0.9059999999999999,..,0.6717,..,0.875
IRNrl1996,"Iran, Islamic Rep.",IRN,Middle East & North Africa,Upper middle income,1996,rl,6,-0.9692510999999999,0.20834,-1.3109286999999998,-0.6275735,40.2832173,3.5856779,34.402705499999996,46.1637291,..,..,..,..,..,..,..,..,..,0.15,..,..,..,..,..,..,..,0.09999999999999999,..,0,..,..,..,..,..,..,..,0.8333332999999999,..,..,0.365,..,..,..,0.625
IRQrl1996,Iraq,IRQ,Middle East & North Africa,Upper middle income,1996,rl,6,-1.6176059999999999,0.20834,-1.9592836,-1.2759284,29.1245734,3.5856779,23.2440616,35.005085199999996,..,..,..,..,..,..,..,..,..,0.125,..,..,..,..,..,..,..,0.09999999999999999,..,0,..,..,..,..,..,..,..,0.3333333,..,..,0.21,..,..,..,0.3125
ISLrl1996,Iceland,ISL,Europe & Central Asia,High income,1996,rl,7,1.5775442,0.2281413,1.2033924999999999,1.9516958999999998,84.1153556,3.9264718999999997,77.6759417,90.55476949999999,..,..,..,..,..,..,..,..,..,..,..,..,..,..,0.625,..,..,0.8999999999999999,..,1,..,..,..,..,..,..,..,1,..,..,0.8999999999999999,..,0.7435333,..,1
ISRrl1996,Israel,ISR,Middle East & North Africa,High income,1996,rl,8,1.1809797,0.1868126,0.8746069999999999,1.4873524,77.2902016,3.2151766,72.01731199999999,82.5630913,..,..,..,..,..,..,..,..,..,0.7999999999999999,..,..,..,..,0.7246667,..,..,0.7,..,1,..,..,..,..,..,..,..,0.8333332999999999,..,..,0.9169999999999999,..,0.7748667,..,0.75
ITArl1996,Italy,ITA,Europe & Central Asia,High income,1996,rl,8,0.9265850999999999,0.1868126,0.6202124,1.2329577999999999,72.91189159999999,3.2151766,67.63900199999999,78.1847813,..,..,..,..,..,..,..,..,..,0.7999999999999999,..,..,..,..,0.514,..,..,0.7,..,1,..,..,..,..,..,..,..,1,..,..,0.9059999999999999,..,0.43466669999999996,..,0.75
JAMrl1996,Jamaica,JAM,Latin America & Caribbean,Upper middle income,1996,rl,6,-0.1660905,0.20834,-0.5077681,0.1755871,54.1061761,3.5856779,48.2256643,59.9866879,..,..,..,..,..,..,..,..,..,0.35,..,..,..,..,..,..,..,0.7,..,1,..,..,..,..,..,..,..,0.5,..,..,0.759,..,..,..,0.4375
JORrl1996,Jordan,JOR,Middle East & North Africa,Lower middle income,1996,rl,7,0.23002879999999998,0.1976774,-0.0941621,0.5542197,60.9236678,3.4021667,55.344114399999995,66.5032212,..,..,..,..,..,..,..,..,..,0.5,..,..,..,..,0.4963333,..,..,0.7,..,1,..,..,..,..,..,..,..,0.6666667,..,..,0.587,..,..,..,0.625
JPNrl1996,Japan,JPN,East Asia & Pacific,High income,1996,rl,8,1.3867410999999998,0.1868126,1.0803684,1.6931138,80.83149999999999,3.2151766,75.55861039999999,86.1043897,..,..,..,..,..,..,..,..,..,0.725,..,..,..,..,0.7176667,..,..,0.8999999999999999,..,1,..,..,..,..,..,..,..,1,..,..,0.9159999999999999,..,0.7258667,..,0.9375
KAZrl1996,Kazakhstan,KAZ,Europe & Central Asia,Upper middle income,1996,rl,5,-1.4202500999999998,0.23539659999999998,-1.8063004999999999,-1.0341997,32.5212073,4.0513408,25.877008399999998,39.1654062,..,..,..,..,..,..,..,..,..,0.09999999999999999,..,..,0.3333333,..,..,..,..,..,..,0,..,..,..,..,..,..,..,..,..,..,0.313,..,..,..,0.375
KENrl1996,Kenya,KEN,Sub-Saharan Africa,Lower middle income,1996,rl,6,-0.8762169999999999,0.20834,-1.2178946,-0.5345394,41.884399599999995,3.5856779,36.0038878,47.764911399999995,..,..,..,..,..,..,..,..,..,0.09999999999999999,..,..,..,..,..,..,..,0.5,..,0.5,..,..,..,..,..,..,..,0.6666667,..,..,0.486,..,..,..,0.375
KGZrl1996,Kyrgyz Republic,KGZ,Europe & Central Asia,Lower middle income,1996,rl,4,-0.8466018,0.3408885,-1.4056589,-0.2875447,42.394098,5.866930399999999,32.7723321,52.0158639,..,..,..,..,..,..,..,..,..,..,..,..,0.4166667,..,..,..,..,..,..,0,..,..,..,..,..,..,..,..,..,..,0.427,..,..,..,0.4375
KHMrl1996,Cambodia,KHM,East Asia & Pacific,Lower middle income,1996,rl,5,-1.2491542,0.21989309999999998,-1.6097789,-0.8885295,35.4658881,3.7845150999999997,29.2592833,41.6724928,..,..,..,..,..,..,..,..,..,0.15,..,..,..,..,..,..,..,0.3,..,0,..,..,..,..,..,..,..,..,..,..,0.245,..,..,..,0.375
KIRrl1996,Kiribati,KIR,East Asia & Pacific,Lower middle income,1996,rl,1,0.9038562,0.6633167,-0.18398319999999999,1.9916956,72.5207113,11.416146999999999,53.7982301,91.2431924,..,..,..,..,..,..,..,..,..,..,..,..,..,..,..,..,..,..,..,1,..,..,..,..,..,..,..,..,..,..,..,..,..,..,..
KNArl1996,St. Kitts and Nevis,KNA,Latin America & Caribbean,High income,1996,rl,1,0.9038562,0.6633167,-0.18398319999999999,1.9916956,72.5207113,11.416146999999999,53.7982301,91.2431924,..,..,..,..,..,..,..,..,..,..,..,..,..,..,..,..,..,..,..,1,..,..,..,..,..,..,..,..,..,..,..,..,..,..,..
KORrl1996,"Korea, Rep.",KOR,East Asia & Pacific,High income,1996,rl,8,0.7851404,0.1868126,0.47876769999999996,1.0915131,70.4775289,3.2151766,65.2046392,75.7504185,..,..,..,..,..,..,..,..,..,0.65,..,..,..,..,0.5753332999999999,..,..,0.8999999999999999,..,0.5,..,..,..,..,..,..,..,0.8333332999999999,..,..,0.836,..,0.5369333,..,0.75
KWTrl1996,Kuwait,KWT,Middle East & North Africa,High income,1996,rl,6,0.7869404999999999,0.20834,0.44526289999999996,1.1286181,70.5085098,3.5856779999999997,64.62799799999999,76.3890217,..,..,..,..,..,..,..,..,..,0.525,..,..,..,..,..,..,..,0.8999999999999999,..,0.5,..,..,..,..,..,..,..,1,..,..,0.757,..,..,..,0.75
LAOrl1996,Lao PDR,LAO,East Asia & Pacific,Lower middle income,1996,rl,4,-1.2234224,0.2982756,-1.7125944,-0.7342504,35.908750399999995,5.133533,27.4897563,44.327744599999996,..,..,..,..,..,..,..,..,..,..,..,..,..,..,..,..,..,0.09999999999999999,..,0,..,..,..,..,..,..,..,..,..,..,0.258,..,..,..,0.5
LBNrl1996,Lebanon,LBN,Middle East & North Africa,Lower middle income,1996,rl,5,-0.2320591,0.21448969999999998,-0.5838222,0.11970399999999999,52.970810099999994,3.6915185,46.916719699999994,59.0249004,..,..,..,..,..,..,..,..,..,0.39999999999999997,..,..,..,..,..,..,..,0.5,..,..,..,..,..,..,..,..,..,0.6666667,..,..,0.45799999999999996,..,..,..,0.5625
LBRrl1996,Liberia,LBR,Sub-Saharan Africa,Low income,1996,rl,4,-2.1566479,0.3309379,-2.6993861,-1.6139097,19.8472832,5.6956745,10.5063771,29.1881894,..,..,..,..,..,..,..,..,..,..,..,..,..,..,..,..,..,..,..,0,..,..,..,..,..,..,..,0.1666667,..,..,0.381,..,..,..,0.125
LBYrl1996,Libya,LBY,Middle East & North Africa,Upper middle income,1996,rl,6,-1.2657422,0.20834,-1.6074198,-0.9240645999999999,35.1803969,3.5856779,29.299885099999997,41.0609087,..,..,..,..,..,..,..,..,..,0.09999999999999999,..,..,..,..,..,..,..,0.09999999999999999,..,0,..,..,..,..,..,..,..,0.6666667,..,..,0.162,..,..,..,0.5625
LCArl1996,St. Lucia,LCA,Latin America & Caribbean,Upper middle income,1996,rl,1,0.9038562,0.6633167,-0.18398319999999999,1.9916956,72.5207113,11.416146999999999,53.7982301,91.2431924,..,..,..,..,..,..,..,..,..,..,..,..,..,..,..,..,..,..,..,1,..,..,..,..,..,..,..,..,..,..,..,..,..,..,..
LIErl1996,Liechtenstein,LIE,Europe & Central Asia,High income,1996,rl,2,1.3698461,0.4243771,0.6738677,2.0658244999999997,80.5407252,7.3038279,68.5624474,92.51900289999999,..,..,..,..,..,..,..,..,..,..,..,..,..,..,..,..,..,..,..,1,..,..,..,..,..,..,..,..,..,..,..,..,..,..,0.9375
LKArl1996,Sri Lanka,LKA,South Asia,Lower middle income,1996,rl,6,0.12039029999999999,0.20834,-0.2212873,0.4620679,59.036712099999995,3.5856779,53.156200299999995,64.9172239,..,..,..,..,..,..,..,..,..,0.475,..,..,..,..,..,..,..,0.5,..,1,..,..,..,..,..,..,..,0.6666667,..,..,0.566,..,..,..,0.6875
LSOrl1996,Lesotho,LSO,Sub-Saharan Africa,Lower middle income,1996,rl,4,0.0992281,0.2982756,-0.3899439,0.5884001,58.6724958,5.133533,50.2535016,67.0914899,..,..,..,..,..,..,..,..,..,..,..,..,..,..,..,..,..,0.5,..,0.5,..,..,..,..,..,..,..,..,..,..,0.6599999999999999,..,..,..,0.625
LTUrl1996,Lithuania,LTU,Europe & Central Asia,High income,1996,rl,6,0.40526819999999997,0.21075649999999999,0.0596275,0.7509089,63.939661099999995,3.627268,57.9909416,69.8883807,..,..,..,..,..,..,..,..,..,0.5,..,..,0.7916667,..,..,..,..,0.5,..,1,..,..,..,..,..,..,..,..,..,..,0.9279999999999999,..,..,..,0.75
LUXrl1996,Luxembourg,LUX,Europe & Central Asia,High income,1996,rl,7,1.7057696999999998,0.2281413,1.331618,2.0799214,86.3222066,3.9264718999999997,79.8827927,92.76162049999999,..,..,..,..,..,..,..,..,..,..,..,..,..,..,0.7446667,..,..,0.8999999999999999,..,1,..,..,..,..,..,..,..,1,..,..,0.9109999999999999,..,0.7545,..,1
LVArl1996,Latvia,LVA,Europe & Central Asia,High income,1996,rl,6,0.06292389999999999,0.21075649999999999,-0.2827168,0.4085646,58.047675,3.627268,52.098955399999994,63.996394499999994,..,..,..,..,..,..,..,..,..,0.425,..,..,0.7916667,..,..,..,..,0.5,..,0.5,..,..,..,..,..,..,..,..,..,..,0.854,..,..,..,0.625
MACrl1996,"Macao SAR, China",MAC,East Asia & Pacific,High income,1996,rl,1,0.041832799999999996,0.4850462,-0.753643,0.8373086,57.6846823,8.3479866,43.9939843,71.3753803,..,..,..,..,..,..,..,..,..,..,..,..,..,..,..,..,..,..,..,..,..,..,..,..,..,..,..,..,..,..,..,..,..,..,0.625
MARrl1996,Morocco,MAR,Middle East & North Africa,Lower middle income,1996,rl,6,0.4363129,0.20834,0.09463529999999999,0.7779904999999999,64.4739623,3.5856779,58.593450499999996,70.35447409999999,..,..,..,..,..,..,..,..,..,0.5,..,..,..,..,..,..,..,0.7,..,0.5,..,..,..,..,..,..,..,1,..,..,0.62,..,..,..,0.625
MCOrl1996,Monaco,MCO,Europe & Central Asia,High income,1996,rl,1,0.9038562,0.6633167,-0.18398319999999999,1.9916956,72.5207113,11.416146999999999,53.7982301,91.2431924,..,..,..,..,..,..,..,..,..,..,..,..,..,..,..,..,..,..,..,1,..,..,..,..,..,..,..,..,..,..,..,..,..,..,..
MDArl1996,Moldova,MDA,Europe & Central Asia,Upper middle income,1996,rl,6,-0.07514169999999999,0.21075649999999999,-0.4207824,0.270499,55.6714689,3.627268,49.7227493,61.620188399999996,..,..,..,..,..,..,..,..,..,0.5,..,..,0.4583333,..,..,..,..,0.5,..,1,..,..,..,..,..,..,..,..,..,..,0.65,..,..,..,0.375
MDGrl1996,Madagascar,MDG,Sub-Saharan Africa,Low income,1996,rl,5,-0.3072618,0.2711907,-0.7520144999999999,0.1374909,51.676518699999995,4.6673822,44.022011899999995,59.331025499999996,..,..,..,..,..,..,..,..,..,..,..,..,..,..,..,..,..,0.5,..,0.5,..,..,..,..,..,..,..,0.5,..,..,0.5609999999999999,..,..,..,0.5
MDVrl1996,Maldives,MDV,South Asia,Upper middle income,1996,rl,3,-0.07967529999999999,0.38423219999999997,-0.7098161,0.5504654999999999,55.5934424,6.6129063,44.7482761,66.4386088,..,..,..,..,..,..,..,..,..,..,..,..,..,..,..,..,..,..,..,0.5,..,..,..,..,..,..,..,..,..,..,0.153,..,..,..,0.75
MEXrl1996,Mexico,MEX,Latin America & Caribbean,Upper middle income,1996,rl,9,-0.686834,0.185324,-0.9907653999999999,-0.3829026,45.1438142,3.1895567999999996,39.912941,50.3746873,..,..,..,..,..,..,..,..,..,0.325,..,..,..,..,0.42633329999999997,..,..,0.5,..,0.5,..,..,..,0.2733333,..,..,..,0.5,..,..,0.485,..,0.31703329999999996,..,0.375
MHLrl1996,Marshall Islands,MHL,East Asia & Pacific,Upper middle income,1996,rl,1,-0.0206329,0.6633167,-1.1084722999999999,1.0672065,56.6096037,11.416146999999999,37.8871225,75.33208479999999,..,..,..,..,..,..,..,..,..,..,..,..,..,..,..,..,..,..,..,0.5,..,..,..,..,..,..,..,..,..,..,..,..,..,..,..
MKDrl1996,North Macedonia,MKD,Europe & Central Asia,Upper middle income,1996,rl,5,-0.4462073,0.23539659999999998,-0.8322577,-0.0601569,49.285168899999995,4.0513408,42.640969999999996,55.929367799999994,..,..,..,..,..,..,..,..,..,0.35,..,..,0.4583333,..,..,..,..,..,..,1,..,..,..,..,..,..,..,..,..,..,0.714,..,..,..,0.375
MLIrl1996,Mali,MLI,Sub-Saharan Africa,Low income,1996,rl,5,-0.25490799999999997,0.2711907,-0.6996606999999999,0.1898447,52.5775644,4.6673822,44.9230577,60.2320712,..,..,..,..,..,..,..,..,..,..,..,..,..,..,..,..,..,0.5,..,0.5,..,..,..,..,..,..,..,0.5,..,..,0.6789999999999999,..,..,..,0.5
MLTrl1996,Malta,MLT,Middle East & North Africa,High income,1996,rl,5,0.9664356,0.2711907,0.5216829,1.4111882999999998,73.5977468,4.6673822,65.94324,81.2522535,..,..,..,..,..,..,..,..,..,..,..,..,..,..,..,..,..,0.5,..,1,..,..,..,..,..,..,..,1,..,..,0.748,..,..,..,0.875
MMRrl1996,Myanmar,MMR,East Asia & Pacific,Lower middle income,1996,rl,6,-1.5043605,0.20834,-1.8460381,-1.1626828999999999,31.073608099999998,3.5856779,25.1930963,36.954119899999995,..,..,..,..,..,..,..,..,..,0.049999999999999996,..,..,..,..,..,..,..,0.3,..,0,..,..,..,..,..,..,..,0.5,..,..,0.041999999999999996,..,..,..,0.3125
MNGrl1996,Mongolia,MNG,East Asia & Pacific,Upper middle income,1996,rl,5,0.2371468,0.2711907,-0.20760589999999998,0.6818995,61.046173599999996,4.6673822,53.391666799999996,68.7006804,..,..,..,..,..,..,..,..,..,..,..,..,..,..,..,..,..,0.5,..,1,..,..,..,..,..,..,..,0.6666667,..,..,0.841,..,..,..,0.5625
MOZrl1996,Mozambique,MOZ,Sub-Saharan Africa,Low income,1996,rl,6,-0.7144999,0.20834,-1.0561775,-0.3728223,44.667664599999995,3.5856779,38.7871528,50.548176399999996,..,..,..,..,..,..,..,..,..,0.39999999999999997,..,..,..,..,..,..,..,0.3,..,0,..,..,..,..,..,..,..,0.5,..,..,0.565,..,..,..,0.375
MRTrl1996,Mauritania,MRT,Sub-Saharan Africa,Lower middle income,1996,rl,4,-0.5587984,0.2982756,-1.0479703999999999,-0.06962639999999999,47.3473969,5.133533,38.9284028,55.7663911,..,..,..,..,..,..,..,..,..,..,..,..,..,..,..,..,..,0.3,..,0.5,..,..,..,..,..,..,..,..,..,..,0.291,..,..,..,0.5625
MTQrl1996,Martinique,MTQ,,,1996,rl,1,1.0623179999999999,0.4850462,0.2668422,1.8577937999999998,75.2479503,8.3479866,61.557252299999995,88.9386483,..,..,..,..,..,..,..,..,..,..,..,..,..,..,..,..,..,..,..,..,..,..,..,..,..,..,..,..,..,..,..,..,..,..,0.875
MUSrl1996,Mauritius,MUS,Sub-Saharan Africa,Upper middle income,1996,rl,3,0.8053907,0.27804639999999997,0.3493946,1.2613868,70.82605079999999,4.785374099999999,62.978037199999996,78.67406439999999,..,..,..,..,..,..,..,..,..,0.725,..,..,..,..,..,..,..,..,..,0.5,..,..,..,..,..,..,..,..,..,..,0.857,..,..,..,..
MWIrl1996,Malawi,MWI,Sub-Saharan Africa,Low income,1996,rl,6,-0.3229574,0.20834,-0.664635,0.0187202,51.406386399999995,3.5856779,45.525874599999995,57.286898199999996,..,..,..,..,..,..,..,..,..,0.325,..,..,..,..,..,..,..,0.5,..,0.5,..,..,..,..,..,..,..,0.6666667,..,..,0.752,..,..,..,0.5
MYSrl1996,Malaysia,MYS,East Asia & Pacific,Upper middle income,1996,rl,8,0.5043567999999999,0.1868126,0.1979841,0.8107295,65.6450456,3.2151766,60.372156,70.9179353,..,..,..,..,..,..,..,..,..,0.525,..,..,..,..,0.6736667,..,..,0.7,..,0.5,..,..,..,..,..,..,..,0.8333332999999999,..,..,0.427,..,0.6971999999999999,..,0.6875
NAMrl1996,Namibia,NAM,Sub-Saharan Africa,Lower middle income,1996,rl,6,0.4917662,0.20834,0.1500886,0.8334438,65.4283525,3.5856779,59.547840699999995,71.3088643,..,..,..,..,..,..,..,..,..,0.44999999999999996,..,..,..,..,..,..,..,0.7,..,1,..,..,..,..,..,..,..,1,..,..,0.814,..,..,..,0.625
NERrl1996,Niger,NER,Sub-Saharan Africa,Low income,1996,rl,5,-0.6903746,0.2711907,-1.1351273,-0.24562189999999998,45.082878,4.6673822,37.4283712,52.7373847,..,..,..,..,..,..,..,..,..,..,..,..,..,..,..,..,..,0.5,..,0.5,..,..,..,..,..,..,..,0.3333333,..,..,0.476,..,..,..,0.375
NGArl1996,Nigeria,NGA,Sub-Saharan Africa,Lower middle income,1996,rl,6,-1.1352687,0.20834,-1.4769462999999998,-0.7935911,37.4259376,3.5856779,31.5454258,43.3064494,..,..,..,..,..,..,..,..,..,0.09999999999999999,..,..,..,..,..,..,..,0.5,..,0,..,..,..,..,..,..,..,0.5,..,..,0.264,..,..,..,0.375
NICrl1996,Nicaragua,NIC,Latin America & Caribbean,Lower middle income,1996,rl,8,-0.6057045,0.19591619999999998,-0.9270071,-0.2844019,46.5401099,3.3718559,41.0102662,52.0699537,..,..,..,..,..,..,..,..,..,0.375,..,..,..,..,0.3466667,..,..,0.3,..,0.5,..,..,..,0.49666669999999996,..,..,..,0.6666667,..,..,0.614,..,..,..,0.375
NLDrl1996,Netherlands,NLD,Europe & Central Asia,High income,1996,rl,8,1.727061,0.1868126,1.4206883,2.0334337,86.68864479999999,3.2151766,81.41575519999999,91.9615345,..,..,..,..,..,..,..,..,..,0.95,..,..,..,..,0.7693333,..,..,0.8999999999999999,..,1,..,..,..,..,..,..,..,1,..,..,0.96,..,0.7003332999999999,..,0.9375
NORrl1996,Norway,NOR,Europe & Central Asia,High income,1996,rl,8,1.9288330999999999,0.1868126,1.6224604,2.2352057999999997,90.1612846,3.2151766,84.888395,95.4341742,..,..,..,..,..,..,..,..,..,1,..,..,..,..,0.8086667,..,..,0.8999999999999999,..,1,..,..,..,..,..,..,..,1,..,..,0.978,..,0.8087667,..,1
NPLrl1996,Nepal,NPL,South Asia,Lower middle income,1996,rl,4,0.0150975,0.2982756,-0.47407449999999995,0.5042694999999999,57.224548999999996,5.133533,48.805554799999996,65.6435431,..,..,..,..,..,..,..,..,..,..,..,..,..,..,..,..,..,0.5,..,0.5,..,..,..,..,..,..,..,..,..,..,0.6829999999999999,..,..,..,0.5625
NRUrl1996,Nauru,NRU,East Asia & Pacific,High income,1996,rl,1,0.9038562,0.6633167,-0.18398319999999999,1.9916956,72.5207113,11.416146999999999,53.7982301,91.2431924,..,..,..,..,..,..,..,..,..,..,..,..,..,..,..,..,..,..,..,1,..,..,..,..,..,..,..,..,..,..,..,..,..,..,..
NZLrl1996,New Zealand,NZL,East Asia & Pacific,High income,1996,rl,8,1.8309867,0.1868126,1.524614,2.1373594,88.4772792,3.2151766,83.2043896,93.75016889999999,..,..,..,..,..,..,..,..,..,0.975,..,..,..,..,0.7976667,..,..,0.8999999999999999,..,1,..,..,..,..,..,..,..,1,..,..,0.946,..,0.7898333,..,0.9375
OMNrl1996,Oman,OMN,Middle East & North Africa,High income,1996,rl,6,0.5199857999999999,0.20834,0.1783082,0.8616634,65.9140317,3.5856779,60.033519899999995,71.7945435,..,..,..,..,..,..,..,..,..,0.6,..,..,..,..,..,..,..,0.7,..,0.5,..,..,..,..,..,..,..,0.8333332999999999,..,..,0.33799999999999997,..,..,..,0.75
PAKrl1996,Pakistan,PAK,South Asia,Lower middle income,1996,rl,6,-0.4566375,0.20834,-0.7983150999999999,-0.11495989999999999,49.1056579,3.5856779999999997,43.225145999999995,54.9861697,..,..,..,..,..,..,..,..,..,0.27499999999999997,..,..,..,..,..,..,..,0.7,..,0.5,..,..,..,..,..,..,..,0.6666667,..,..,0.434,..,..,..,0.3125
PANrl1996,Panama,PAN,Latin America & Caribbean,High income,1996,rl,7,-0.2148676,0.2062812,-0.5531688,0.12343359999999999,53.2666879,3.5502449,47.444286299999995,59.0890895,..,..,..,..,..,..,..,..,..,0.44999999999999996,..,..,..,..,..,..,..,0.5,..,0.5,..,..,..,0.44,..,..,..,0.5,..,..,0.724,..,..,..,0.5
PERrl1996,Peru,PER,Latin America & Caribbean,Upper middle income,1996,rl,8,-0.6279175,0.19591619999999998,-0.9492201,-0.30661489999999997,46.157808599999996,3.3718559,40.627964899999995,51.687652299999996,..,..,..,..,..,..,..,..,..,0.35,..,..,..,..,0.4603333,..,..,0.5,..,0.5,..,..,..,0.3833333,..,..,..,0.5,..,..,0.218,..,..,..,0.375
PHLrl1996,Philippines,PHL,East Asia & Pacific,Lower middle income,1996,rl,8,-0.0199003,0.1868126,-0.326273,0.28647239999999996,56.6222122,3.2151766,51.3493226,61.8951019,..,..,..,..,..,..,..,..,..,0.5499999999999999,..,..,..,..,0.39899999999999997,..,..,0.7,..,0.5,..,..,..,..,..,..,..,0.6666667,..,..,0.718,..,0.3583,..,0.4375
PLWrl1996,Palau,PLW,East Asia & Pacific,High income,1996,rl,1,0.9038562,0.6633167,-0.18398319999999999,1.9916956,72.5207113,11.416146999999999,53.7982301,91.2431924,..,..,..,..,..,..,..,..,..,..,..,..,..,..,..,..,..,..,..,1,..,..,..,..,..,..,..,..,..,..,..,..,..,..,..
PNGrl1996,Papua New Guinea,PNG,East Asia & Pacific,Lower middle income,1996,rl,6,-0.4790176,0.20834,-0.8206952,-0.13734,48.720480599999995,3.5856779,42.8399688,54.600992399999996,..,..,..,..,..,..,..,..,..,0.27499999999999997,..,..,..,..,..,..,..,0.5,..,1,..,..,..,..,..,..,..,0.5,..,..,0.737,..,..,..,0.4375
POLrl1996,Poland,POL,Europe & Central Asia,High income,1996,rl,9,0.6571317,0.18111259999999998,0.360107,0.9541563999999999,68.2744091,3.1170755999999997,63.162405099999994,73.3864131,..,..,..,..,..,..,..,..,..,0.725,..,..,0.9166667,..,0.42566669999999995,..,..,0.7,..,1,..,..,..,..,..,..,..,0.8333332999999999,..,..,0.9179999999999999,..,0.28883329999999996,..,0.75
PRIrl1996,Puerto Rico (U.S.),PRI,Latin America & Caribbean,High income,1996,rl,1,0.8071967,0.4850462,0.0117209,1.6026725,70.8571333,8.3479866,57.166435299999996,84.5478313,..,..,..,..,..,..,..,..,..,..,..,..,..,..,..,..,..,..,..,..,..,..,..,..,..,..,..,..,..,..,..,..,..,..,0.8125
PRKrl1996,"Korea, Dem. People's Rep.",PRK,East Asia & Pacific,Low income,1996,rl,5,-1.0049641,0.2711907,-1.4497168,-0.5602114,39.6685714,4.6673822,32.0140647,47.3230782,..,..,..,..,..,..,..,..,..,..,..,..,..,..,..,..,..,0.09999999999999999,..,0,..,..,..,..,..,..,..,0.8333332999999999,..,..,0.033,..,..,..,0.4375
PRTrl1996,Portugal,PRT,Europe & Central Asia,High income,1996,rl,8,1.2571558,0.1868126,0.9507831,1.5635284999999999,78.6012459,3.2151766,73.3283562,83.8741355,..,..,..,..,..,..,..,..,..,0.85,..,..,..,..,0.6936667,..,..,0.7,..,1,..,..,..,..,..,..,..,1,..,..,0.95,..,0.5349667,..,0.875
PRYrl1996,Paraguay,PRY,Latin America & Caribbean,Upper middle income,1996,rl,7,-0.4953376,0.2062812,-0.8336388,-0.1570364,48.4396019,3.5502449,42.6172003,54.2620035,..,..,..,..,..,..,..,..,..,0.3,..,..,..,..,..,..,..,0.5,..,1,..,..,..,0.5,..,..,..,0.6666667,..,..,0.6799999999999999,..,..,..,0.1875
PSErl1996,West Bank and Gaza,PSE,Middle East & North Africa,Lower middle income,1996,rl,2,-0.2712559,0.427517,-0.9723837999999999,0.429872,52.2962056,7.3578684,40.229301299999996,64.3631098,..,..,..,..,..,..,..,..,..,..,..,..,..,..,..,..,..,..,..,..,..,..,..,..,..,..,..,..,..,..,0.52,..,..,..,0.5625
QATrl1996,Qatar,QAT,Middle East & North Africa,High income,1996,rl,5,-0.0123173,0.2320438,-0.39286909999999997,0.36823449999999996,56.752720999999994,3.9936366,50.203156899999996,63.3022851,..,..,..,..,..,..,..,..,..,0.35,..,..,..,..,..,..,..,..,..,0.5,..,..,..,..,..,..,..,1,..,..,0.352,..,..,..,0.75
ROUrl1996,Romania,ROU,Europe & Central Asia,High income,1996,rl,7,-0.036600099999999997,0.20052,-0.36545289999999997,0.2922527,56.3347969,3.4510902,50.675008899999995,61.9945849,..,..,..,..,..,..,..,..,..,0.5,..,..,0.4583333,..,..,..,..,0.3,..,0.5,..,..,..,..,..,..,..,0.8333332999999999,..,..,0.6669999999999999,..,..,..,0.625
RUSrl1996,Russian Federation,RUS,Europe & Central Asia,High income,1996,rl,9,-0.8671886999999999,0.18111259999999998,-1.1642134,-0.570164,42.039783,3.1170755999999997,36.927779,47.1517869,..,..,..,..,..,..,..,..,..,0.25,..,..,0.5,..,0.238,..,..,0.5,..,0.5,..,..,..,..,..,..,..,0.6666667,..,..,0.5399999999999999,..,0.0989,..,0.375
RWArl1996,Rwanda,RWA,Sub-Saharan Africa,Low income,1996,rl,4,-1.5234476,0.2982756,-2.0126196,-1.0342756,30.7451057,5.133533,22.326111599999997,39.1640999,..,..,..,..,..,..,..,..,..,..,..,..,..,..,..,..,..,0.09999999999999999,..,0,..,..,..,..,..,..,..,..,..,..,0.418,..,..,..,0.25
SAUrl1996,Saudi Arabia,SAU,Middle East & North Africa,High income,1996,rl,6,0.208554,0.20834,-0.13312359999999998,0.5502315999999999,60.5540714,3.5856779,54.6735596,66.43458319999999,..,..,..,..,..,..,..,..,..,0.39999999999999997,..,..,..,..,..,..,..,0.8999999999999999,..,0.5,..,..,..,..,..,..,..,0.8333332999999999,..,..,0.153,..,..,..,0.625
SDNrl1996,Sudan,SDN,Sub-Saharan Africa,Low income,1996,rl,6,-1.6598369,0.20834,-2.0015145,-1.3181593,28.39775,3.5856779,22.517238199999998,34.278261799999996,..,..,..,..,..,..,..,..,..,0.049999999999999996,..,..,..,..,..,..,..,0.3,..,0,..,..,..,..,..,..,..,0.3333333,..,..,0.047,..,..,..,0.25
SENrl1996,Senegal,SEN,Sub-Saharan Africa,Lower middle income,1996,rl,6,-0.0853833,0.20834,-0.42706089999999997,0.2562943,55.4952037,3.5856779,49.6146919,61.3757155,..,..,..,..,..,..,..,..,..,0.375,..,..,..,..,..,..,..,0.7,..,0.5,..,..,..,..,..,..,..,0.5,..,..,0.711,..,..,..,0.625
SGPrl1996,Singapore,SGP,East Asia & Pacific,High income,1996,rl,8,1.4214369,0.1868126,1.1150642,1.7278095999999998,81.4286391,3.2151766,76.1557495,86.70152879999999,..,..,..,..,..,..,..,..,..,0.7999999999999999,..,..,..,..,0.849,..,..,0.8999999999999999,..,0.5,..,..,..,..,..,..,..,1,..,..,0.698,..,0.8563666999999999,..,0.75
SLBrl1996,Solomon Islands,SLB,East Asia & Pacific,Lower middle income,1996,rl,2,0.8129293,0.5350058999999999,-0.0644804,1.6903389999999998,70.9557954,9.2078281,55.854957299999995,86.0566334,..,..,..,..,..,..,..,..,..,..,..,..,..,..,..,..,..,..,..,1,..,..,..,..,..,..,..,..,..,..,0.746,..,..,..,..
SLErl1996,Sierra Leone,SLE,Sub-Saharan Africa,Low income,1996,rl,5,-1.2382042,0.2711907,-1.6829569,-0.7934515,35.654345299999996,4.6673822,27.9998385,43.308851999999995,..,..,..,..,..,..,..,..,..,..,..,..,..,..,..,..,..,0.3,..,0.5,..,..,..,..,..,..,..,0.3333333,..,..,0.27799999999999997,..,..,..,0.25
SLVrl1996,El Salvador,SLV,Latin America & Caribbean,Upper middle income,1996,rl,8,-0.8525657,0.19591619999999998,-1.1738682999999999,-0.5312631,42.2914551,3.3718559,36.7616113,47.8212988,..,..,..,..,..,..,..,..,..,0.175,..,..,..,..,0.383,..,..,0.5,..,0.5,..,..,..,0.37,..,..,..,0.5,..,..,0.478,..,..,..,0.4375
SMRrl1996,San Marino,SMR,Europe & Central Asia,High income,1996,rl,1,0.9038562,0.6633167,-0.18398319999999999,1.9916956,72.5207113,11.416146999999999,53.7982301,91.2431924,..,..,..,..,..,..,..,..,..,..,..,..,..,..,..,..,..,..,..,1,..,..,..,..,..,..,..,..,..,..,..,..,..,..,..
SOMrl1996,Federal Republic of Somalia,SOM,Sub-Saharan Africa,Low income,1996,rl,3,-2.3086666,0.35740259999999996,-2.8948069,-1.7225263,17.2309345,6.1511505,7.1430476999999994,27.3188213,..,..,..,..,..,..,..,..,..,..,..,..,..,..,..,..,..,..,..,..,..,..,..,..,..,..,..,0.3333333,..,..,0.046,..,..,..,0.0625
SRBrl1996,Serbia,SRB,Europe & Central Asia,Upper middle income,1996,rl,5,-1.1833661,0.2320438,-1.5639178999999999,-0.8028143,36.598147499999996,3.9936366999999997,30.0485834,43.147711699999995,..,..,..,..,..,..,..,..,..,0.15,..,..,..,..,..,..,..,..,..,0,..,..,..,..,..,..,..,0.8333332999999999,..,..,0.45399999999999996,..,..,..,0.1875
STPrl1996,São Tomé and Príncipe,STP,Sub-Saharan Africa,Lower middle income,1996,rl,3,0.16035639999999998,0.38423219999999997,-0.4697844,0.7904972,59.724556799999995,6.6129063,48.8793905,70.5697232,..,..,..,..,..,..,..,..,..,..,..,..,..,..,..,..,..,..,..,0.5,..,..,..,..,..,..,..,..,..,..,0.7819999999999999,..,..,..,0.625
SURrl1996,Suriname,SUR,Latin America & Caribbean,Upper middle income,1996,rl,5,-0.0988458,0.2711907,-0.5435985,0.34590689999999996,55.2635046,4.6673822,47.6089979,62.9180114,..,..,..,..,..,..,..,..,..,..,..,..,..,..,..,..,..,0.5,..,0.5,..,..,..,..,..,..,..,0.5,..,..,0.851,..,..,..,0.5625
SVKrl1996,Slovak Republic,SVK,Europe & Central Asia,High income,1996,rl,8,0.25220739999999997,0.1909604,-0.0609677,0.5653825,61.305377099999994,3.2865632,55.9154134,66.6953408,..,..,..,..,..,..,..,..,..,0.5499999999999999,..,..,0.5,..,0.5476667,..,..,0.5,..,0.5,..,..,..,..,..,..,..,0.8333332999999999,..,..,0.733,..,..,..,0.6875
SVNrl1996,Slovenia,SVN,Europe & Central Asia,High income,1996,rl,6,1.0563444,0.21075649999999999,0.7107036999999999,1.4019850999999999,75.1451404,3.627268,69.19642089999999,81.09385999999999,..,..,..,..,..,..,..,..,..,0.7999999999999999,..,..,0.875,..,..,..,..,0.5,..,1,..,..,..,..,..,..,..,..,..,..,0.9059999999999999,..,..,..,0.875
SWErl1996,Sweden,SWE,Europe & Central Asia,High income,1996,rl,8,1.7291339,0.1868126,1.4227611999999998,2.0355065999999997,86.7243209,3.2151766,81.4514313,91.9972106,..,..,..,..,..,..,..,..,..,1,..,..,..,..,0.757,..,..,0.7,..,1,..,..,..,..,..,..,..,1,..,..,0.974,..,0.7705333,..,1
SWZrl1996,Eswatini,SWZ,Sub-Saharan Africa,Lower middle income,1996,rl,4,-0.005536999999999999,0.2982756,-0.49470899999999995,0.483635,56.8694147,5.133533,48.4504206,65.2884089,..,..,..,..,..,..,..,..,..,..,..,..,..,..,..,..,..,0.7,..,1,..,..,..,..,..,..,..,..,..,..,0.33799999999999997,..,..,..,0.3125
SYCrl1996,Seychelles,SYC,Sub-Saharan Africa,High income,1996,rl,3,0.4589395,0.38423219999999997,-0.1712013,1.0890803,64.863382,6.6129063,54.0182156,75.70854829999999,..,..,..,..,..,..,..,..,..,..,..,..,..,..,..,..,..,..,..,0.5,..,..,..,..,..,..,..,..,..,..,0.578,..,..,..,0.8125
SYRrl1996,Syrian Arab Republic,SYR,Middle East & North Africa,Low income,1996,rl,6,-0.557519,0.20834,-0.8991966,-0.2158414,47.3694163,3.5856779,41.4889045,53.2499281,..,..,..,..,..,..,..,..,..,0.3,..,..,..,..,..,..,..,0.3,..,0.5,..,..,..,..,..,..,..,0.8333332999999999,..,..,0.09999999999999999,..,..,..,0.5625
TCDrl1996,Chad,TCD,Sub-Saharan Africa,Low income,1996,rl,4,-1.0856135,0.2982756,-1.5747855,-0.5964415,38.2805385,5.133533,29.8615444,46.6995327,..,..,..,..,..,..,..,..,..,..,..,..,..,..,..,..,..,0.3,..,0,..,..,..,..,..,..,..,..,..,..,0.19699999999999998,..,..,..,0.375
TGOrl1996,Togo,TGO,Sub-Saharan Africa,Low income,1996,rl,4,-0.8890874,0.3309379,-1.4318256,-0.34634919999999997,41.6628909,5.6956745,32.321984799999996,51.0037971,..,..,..,..,..,..,..,..,..,..,..,..,..,..,..,..,..,..,..,0,..,..,..,..,..,..,..,0.5,..,..,0.383,..,..,..,0.5
THArl1996,Thailand,THA,East Asia & Pacific,Upper middle income,1996,rl,8,0.6088091999999999,0.1868126,0.3024365,0.9151819,67.4427449,3.2151766,62.169855299999995,72.7156345,..,..,..,..,..,..,..,..,..,0.625,..,..,..,..,0.5153333,..,..,0.8999999999999999,..,0.5,..,..,..,..,..,..,..,0.8333332999999999,..,..,0.605,..,0.5096333,..,0.6875
TJKrl1996,Tajikistan,TJK,Europe & Central Asia,Lower middle income,1996,rl,4,-1.8166771,0.3408885,-2.3757341999999997,-1.25762,25.6984198,5.866930399999999,16.0766539,35.320185699999996,..,..,..,..,..,..,..,..,..,..,..,..,0.125,..,..,..,..,..,..,0,..,..,..,..,..,..,..,..,..,..,0.144,..,..,..,0.1875
TKMrl1996,Turkmenistan,TKM,Europe & Central Asia,Upper middle income,1996,rl,4,-1.5768069999999998,0.3408885,-2.1358641,-1.0177498999999999,29.8267529,5.866930399999999,20.204987,39.448518799999995,..,..,..,..,..,..,..,..,..,..,..,..,0.0416667,..,..,..,..,..,..,0,..,..,..,..,..,..,..,..,..,..,0.055999999999999994,..,..,..,0.375
TONrl1996,Tonga,TON,East Asia & Pacific,Upper middle income,1996,rl,1,0.9038562,0.6633167,-0.18398319999999999,1.9916956,72.5207113,11.416146999999999,53.7982301,91.2431924,..,..,..,..,..,..,..,..,..,..,..,..,..,..,..,..,..,..,..,1,..,..,..,..,..,..,..,..,..,..,..,..,..,..,..
TTOrl1996,Trinidad and Tobago,TTO,Latin America & Caribbean,High income,1996,rl,6,0.7552135,0.20834,0.41353589999999996,1.0968911,69.9624659,3.5856779,64.08195409999999,75.84297769999999,..,..,..,..,..,..,..,..,..,0.625,..,..,..,..,..,..,..,0.8999999999999999,..,1,..,..,..,..,..,..,..,0.6666667,..,..,0.824,..,..,..,0.625
TUNrl1996,Tunisia,TUN,Middle East & North Africa,Lower middle income,1996,rl,6,-0.25376509999999997,0.20834,-0.5954427,0.08791249999999999,52.5972345,3.5856779,46.7167227,58.4777463,..,..,..,..,..,..,..,..,..,0.39999999999999997,..,..,..,..,..,..,..,0.5,..,0,..,..,..,..,..,..,..,0.8333332999999999,..,..,0.26999999999999996,..,..,..,0.5625
TURrl1996,Türkiye,TUR,Europe & Central Asia,Upper middle income,1996,rl,8,-0.1278568,0.1868126,-0.4342295,0.1785159,54.764204899999996,3.2151766,49.4913153,60.037094599999996,..,..,..,..,..,..,..,..,..,0.375,..,..,..,..,0.5243333,..,..,0.7,..,0.5,..,..,..,..,..,..,..,0.6666667,..,..,0.654,..,0.4090333,..,0.5
TUVrl1996,Tuvalu,TUV,East Asia & Pacific,Upper middle income,1996,rl,1,0.9038562,0.6633167,-0.18398319999999999,1.9916956,72.5207113,11.416146999999999,53.7982301,91.2431924,..,..,..,..,..,..,..,..,..,..,..,..,..,..,..,..,..,..,..,1,..,..,..,..,..,..,..,..,..,..,..,..,..,..,..
TWNrl1996,"Taiwan, China",TWN,East Asia & Pacific,High income,1996,rl,8,0.843376,0.1868126,0.5370033,1.1497487,71.4798045,3.2151766,66.2069149,76.7526941,..,..,..,..,..,..,..,..,..,0.6749999999999999,..,..,..,..,0.6,..,..,0.8999999999999999,..,0.5,..,..,..,..,..,..,..,0.8333332999999999,..,..,0.724,..,0.5887,..,0.75
TZArl1996,Tanzania,TZA,Sub-Saharan Africa,Lower middle income,1996,rl,6,-0.2035512,0.20834,-0.5452288,0.13812639999999998,53.4614511,3.5856779,47.5809393,59.3419629,..,..,..,..,..,..,..,..,..,0.325,..,..,..,..,..,..,..,0.5,..,0.5,..,..,..,..,..,..,..,0.8333332999999999,..,..,0.7889999999999999,..,..,..,0.5
UGArl1996,Uganda,UGA,Sub-Saharan Africa,Low income,1996,rl,6,-0.3990359,0.20834,-0.7407134999999999,-0.057358299999999994,50.097021899999994,3.5856779,44.2165101,55.977533699999995,..,..,..,..,..,..,..,..,..,0.22499999999999998,..,..,..,..,..,..,..,0.7,..,0.5,..,..,..,..,..,..,..,0.6666667,..,..,0.625,..,..,..,0.4375
UKRrl1996,Ukraine,UKR,Europe & Central Asia,Upper middle income,1996,rl,7,-0.906503,0.199738,-1.2340733,-0.5789327,41.3631562,3.4376311999999998,35.725441,47.0008714,..,..,..,..,..,..,..,..,..,0.19999999999999998,..,..,0.5416667,..,0.3016667,..,..,0.5,..,0.5,..,..,..,..,..,..,..,..,..,..,0.509,..,..,..,0.25
URYrl1996,Uruguay,URY,Latin America & Caribbean,High income,1996,rl,7,0.5417948,0.2062812,0.2034936,0.880096,66.2893799,3.5502447999999998,60.466978399999995,72.11178149999999,..,..,..,..,..,..,..,..,..,0.6,..,..,..,..,..,..,..,0.7,..,1,..,..,..,0.5933333,..,..,..,0.5,..,..,0.9249999999999999,..,..,..,0.6875
USArl1996,United States,USA,North America,High income,1996,rl,8,1.5355907,0.1868126,1.229218,1.8419633999999998,83.39330629999999,3.2151766,78.12041669999999,88.666196,..,..,..,..,..,..,..,..,..,0.875,..,..,..,..,0.7343333,..,..,0.8999999999999999,..,1,..,..,..,..,..,..,..,1,..,..,0.94,..,0.6629333,..,0.875
UZBrl1996,Uzbekistan,UZB,Europe & Central Asia,Lower middle income,1996,rl,4,-1.3274610999999998,0.26022819999999997,-1.7542353,-0.9006869,34.1181712,4.4787098,26.773087099999998,41.4632554,..,..,..,..,..,..,..,..,..,0.175,..,..,0.0833333,..,..,..,..,..,..,0.5,..,..,..,..,..,..,..,..,..,..,0.09799999999999999,..,..,..,..
VCTrl1996,St. Vincent and the Grenadines,VCT,Latin America & Caribbean,Upper middle income,1996,rl,1,0.9038562,0.6633167,-0.18398319999999999,1.9916956,72.5207113,11.416146999999999,53.7982301,91.2431924,..,..,..,..,..,..,..,..,..,..,..,..,..,..,..,..,..,..,..,1,..,..,..,..,..,..,..,..,..,..,..,..,..,..,..
VENrl1996,"Venezuela, RB",VEN,Latin America & Caribbean,,1996,rl,9,-0.7866599,0.185324,-1.0905913,-0.4827285,43.4257402,3.1895567999999996,38.194867099999996,48.6566134,..,..,..,..,..,..,..,..,..,0.3,..,..,..,..,0.252,..,..,0.5,..,0.5,..,..,..,0.3366667,..,..,..,0.6666667,..,..,0.7909999999999999,..,0.1745333,..,0.3125
VNMrl1996,Viet Nam,VNM,East Asia & Pacific,Lower middle income,1996,rl,7,-0.6793928,0.1976774,-1.0035836999999999,-0.35520189999999996,45.2718825,3.4021667,39.692329099999995,50.8514359,..,..,..,..,..,..,..,..,..,0.375,..,..,..,..,0.486,..,..,0.09999999999999999,..,0,..,..,..,..,..,..,..,0.8333332999999999,..,..,0.256,..,..,..,0.5
VUTrl1996,Vanuatu,VUT,East Asia & Pacific,Lower middle income,1996,rl,2,0.3686461,0.5350058999999999,-0.5087636,1.2460558,63.309369,9.2078281,48.208531,78.4102071,..,..,..,..,..,..,..,..,..,..,..,..,..,..,..,..,..,..,..,0.5,..,..,..,..,..,..,..,..,..,..,0.837,..,..,..,..
WSMrl1996,Samoa,WSM,East Asia & Pacific,Upper middle income,1996,rl,3,0.7273105999999999,0.3159268,0.2091906,1.2454306,69.4822373,5.4373229,60.565027699999995,78.3994469,..,..,..,..,..,..,..,..,..,..,..,..,..,..,..,..,..,0.5,..,1,..,..,..,..,..,..,..,..,..,..,..,..,..,..,0.875
YEMrl1996,"Yemen, Rep.",YEM,Middle East & North Africa,Low income,1996,rl,6,-1.1998794,0.20834,-1.5415569999999998,-0.8582018,36.313942,3.5856779,30.4334302,42.1944538,..,..,..,..,..,..,..,..,..,0.125,..,..,..,..,..,..,..,0.3,..,0,..,..,..,..,..,..,..,0.6666667,..,..,0.29,..,..,..,0.3125
ZAFrl1996,South Africa,ZAF,Sub-Saharan Africa,Upper middle income,1996,rl,8,-0.0116072,0.1868126,-0.3179799,0.2947655,56.764942299999994,3.2151766,51.492052699999995,62.0378319,..,..,..,..,..,..,..,..,..,0.525,..,..,..,..,0.418,..,..,0.5,..,1,..,..,..,..,..,..,..,0.6666667,..,..,0.837,..,0.4201667,..,0.5
ZMBrl1996,Zambia,ZMB,Sub-Saharan Africa,Lower middle income,1996,rl,6,-0.4599043,0.20834,-0.8015819,-0.11822669999999999,49.0494339,3.5856779,43.168922099999996,54.9299457,..,..,..,..,..,..,..,..,..,0.25,..,..,..,..,..,..,..,0.5,..,1,..,..,..,..,..,..,..,0.6666667,..,..,0.736,..,..,..,0.375
ZWErl1996,Zimbabwe,ZWE,Sub-Saharan Africa,Lower middle income,1996,rl,7,-0.6513025,0.1976774,-0.9754934,-0.3271116,45.755336299999996,3.4021667,40.1757829,51.3348897,..,..,..,..,..,..,..,..,..,0.075,..,..,..,..,0.5403333,..,..,0.5,..,1,..,..,..,..,..,..,..,0.6666667,..,..,0.5599999999999999,..,..,..,0.5
ADOrl1998,Andorra,ADO,,,1998,rl,2,0.9824423,0.4243771,0.2864639,1.6784207,73.8732333,7.3038279,61.894955599999996,85.8515111,..,..,..,..,..,..,..,..,..,..,..,..,..,..,..,..,..,..,..,0.5,..,..,..,..,..,..,..,..,..,..,..,..,..,..,0.9375
AFGrl1998,Afghanistan,AFG,South Asia,Low income,1998,rl,3,-1.9102162999999999,0.38423219999999997,-2.5403571,-1.2800755,24.0885444,6.6129063,13.243378,34.9337107,..,..,..,..,..,..,..,..,..,..,..,..,..,..,..,..,..,..,..,0,..,..,..,..,..,..,..,..,..,..,0.072,..,..,..,0.1875
AGOrl1998,Angola,AGO,Sub-Saharan Africa,Lower middle income,1998,rl,6,-1.4626637999999998,0.20834,-1.8043414,-1.1209862,31.7912377,3.5856779,25.9107259,37.6717495,..,..,..,..,..,..,..,..,..,0.075,..,..,..,..,..,..,..,0.3,..,0,..,..,..,..,..,..,..,0.5,..,..,0.22399999999999998,..,..,..,0.25
ALBrl1998,Albania,ALB,Europe & Central Asia,Upper middle income,1998,rl,6,-0.8718551999999999,0.2545822,-1.28937,-0.4543404,41.9594692,4.3815386,34.7737459,49.145192599999994,..,..,..,..,..,..,..,..,..,..,..,..,0.2916667,..,..,..,..,0.3,..,0.5,..,..,..,..,..,..,..,0.5,..,..,0.737,..,..,..,0.25
ARErl1998,United Arab Emirates,ARE,Middle East & North Africa,High income,1998,rl,6,0.5335215,0.20834,0.19184389999999998,0.8751991,66.1469906,3.5856779,60.266478799999994,72.0275024,..,..,..,..,..,..,..,..,..,0.525,..,..,..,..,..,..,..,0.8999999999999999,..,0.5,..,..,..,..,..,..,..,0.6666667,..,..,0.27599999999999997,..,..,..,0.875
ARGrl1998,Argentina,ARG,Latin America & Caribbean,Upper middle income,1998,rl,9,0.0341532,0.185324,-0.26977819999999997,0.33808459999999996,57.552510999999996,3.1895567999999996,52.3216378,62.7833841,..,..,..,..,..,..,..,..,..,0.5,..,..,..,..,0.38694439999999997,..,..,0.7,..,0.5,..,..,..,0.29333329999999996,..,..,..,0.8333332999999999,..,..,0.734,..,0.2973,..,0.625
ARMrl1998,Armenia,ARM,Europe & Central Asia,Upper middle income,1998,rl,6,-0.0989389,0.2545822,-0.5164537,0.31857589999999997,55.261902299999996,4.3815386,48.076178999999996,62.447625699999996,..,..,..,..,..,..,..,..,..,..,..,..,0.3333333,..,..,..,..,0.5,..,0.5,..,..,..,..,..,..,..,0.8333332999999999,..,..,0.425,..,..,..,0.5
ATGrl1998,Antigua and Barbuda,ATG,Latin America & Caribbean,High income,1998,rl,2,0.9702693,0.4243771,0.2742909,1.6662477,73.6637274,7.3038279,61.6854497,85.6420052,..,..,..,..,..,..,..,..,..,..,..,..,..,..,..,..,..,..,..,1,..,..,..,..,..,..,..,..,..,..,..,..,..,..,0.8125
AUSrl1998,Australia,AUS,East Asia & Pacific,High income,1998,rl,8,1.7275882999999999,0.1868126,1.4212156,2.033961,86.6977201,3.2151766,81.42483039999999,91.9706097,..,..,..,..,..,..,..,..,..,0.8999999999999999,..,..,..,..,0.8180556,..,..,0.8999999999999999,..,1,..,..,..,..,..,..,..,1,..,..,0.966,..,0.7655333,..,0.9375
AUTrl1998,Austria,AUT,Europe & Central Asia,High income,1998,rl,8,1.8028917,0.1868126,1.496519,2.1092644,87.99374449999999,3.2151766,82.72085489999999,93.2666342,..,..,..,..,..,..,..,..,..,0.9249999999999999,..,..,..,..,0.8108333,..,..,0.8999999999999999,..,1,..,..,..,..,..,..,..,1,..,..,0.9179999999999999,..,0.7945,..,1
AZErl1998,Azerbaijan,AZE,Europe & Central Asia,Upper middle income,1998,rl,7,-1.0059308999999999,0.20052,-1.3347837,-0.6770781,39.651932099999996,3.4510902,33.9921441,45.311720099999995,..,..,..,..,..,..,..,..,..,0.19999999999999998,..,..,0.25,..,..,..,..,0.3,..,0,..,..,..,..,..,..,..,0.8333332999999999,..,..,0.182,..,..,..,0.3125
BDIrl1998,Burundi,BDI,Sub-Saharan Africa,Low income,1998,rl,4,-1.2415435,0.2982756,-1.7307154999999999,-0.7523715,35.596873599999995,5.133533,27.1778794,44.0158677,..,..,..,..,..,..,..,..,..,..,..,..,..,..,..,..,..,0.3,..,0,..,..,..,..,..,..,..,..,..,..,0.45399999999999996,..,..,..,0.1875
BELrl1998,Belgium,BEL,Europe & Central Asia,High income,1998,rl,8,1.1982433,0.1868126,0.8918706,1.504616,77.5873203,3.2151766,72.3144307,82.86021,..,..,..,..,..,..,..,..,..,0.85,..,..,..,..,0.5972221999999999,..,..,0.8999999999999999,..,1,..,..,..,..,..,..,..,0.8333332999999999,..,..,0.9269999999999999,..,0.4608333,..,0.875
BENrl1998,Benin,BEN,Sub-Saharan Africa,Lower middle income,1998,rl,4,0.0782823,0.2982756,-0.41088969999999997,0.5674543,58.3120038,5.133533,49.8930097,66.730998,..,..,..,..,..,..,..,..,..,..,..,..,..,..,..,..,..,0.5,..,0.5,..,..,..,..,..,..,..,..,..,..,0.8089999999999999,..,..,..,0.5625
BFArl1998,Burkina Faso,BFA,Sub-Saharan Africa,Low income,1998,rl,5,-0.5720531999999999,0.2711907,-1.0168059,-0.12730049999999998,47.1192725,4.6673822,39.4647657,54.7737792,..,..,..,..,..,..,..,..,..,..,..,..,..,..,..,..,..,0.5,..,0,..,..,..,..,..,..,..,0.6666667,..,..,0.441,..,..,..,0.3125
BGDrl1998,Bangladesh,BGD,South Asia,Lower middle income,1998,rl,6,-0.9232083999999999,0.20834,-1.264886,-0.5815308,41.075644499999996,3.5856779,35.195132699999995,46.956156299999996,..,..,..,..,..,..,..,..,..,0.27499999999999997,..,..,..,..,..,..,..,0.3,..,0.5,..,..,..,..,..,..,..,0.5,..,..,0.434,..,..,..,0.3125
BGRrl1998,Bulgaria,BGR,Europe & Central Asia,High income,1998,rl,7,-0.1508416,0.20052,-0.47969439999999997,0.17801119999999998,54.3686204,3.4510902,48.7088324,60.028408299999995,..,..,..,..,..,..,..,..,..,0.425,..,..,0.5416667,..,..,..,..,0.5,..,0.5,..,..,..,..,..,..,..,0.6666667,..,..,0.872,..,..,..,0.4375
BHRrl1998,Bahrain,BHR,Middle East & North Africa,High income,1998,rl,5,0.3054841,0.2140899,-0.0456233,0.6565915,62.222306599999996,3.6846373999999997,56.1795013,68.2651119,..,..,..,..,..,..,..,..,..,0.44999999999999996,..,..,..,..,..,..,..,0.6,..,0.5,..,..,..,..,..,..,..,0.8333332999999999,..,..,..,..,..,..,0.8125
BHSrl1998,"Bahamas, The",BHS,Latin America & Caribbean,High income,1998,rl,4,1.2450359,0.2842523,0.7788621,1.7112097,78.3926539,4.8921823,70.3694749,86.41583279999999,..,..,..,..,..,..,..,..,..,..,..,..,..,..,..,..,..,0.8999999999999999,..,1,..,..,..,..,..,..,..,0.6666667,..,..,..,..,..,..,0.875
BIHrl1998,Bosnia and Herzegovina,BIH,Europe & Central Asia,Upper middle income,1998,rl,5,-0.6541091,0.2171294,-1.0102012999999999,-0.2980169,45.7070327,3.7369494999999997,39.5784355,51.8356299,..,..,..,..,..,..,..,..,..,0.5,..,..,0.1666667,..,..,..,..,0.09999999999999999,..,..,..,..,..,..,..,..,..,..,..,..,0.528,..,..,..,0.4375
BLRrl1998,Belarus,BLR,Europe & Central Asia,Upper middle income,1998,rl,6,-0.7693011,0.2545822,-1.1868159,-0.3517863,43.7244974,4.3815386,36.538774,50.910220699999996,..,..,..,..,..,..,..,..,..,..,..,..,0.125,..,..,..,..,0.3,..,0,..,..,..,..,..,..,..,0.6666667,..,..,0.248,..,..,..,0.5625
BLZrl1998,Belize,BLZ,Latin America & Caribbean,Upper middle income,1998,rl,3,-0.028547299999999998,0.3159268,-0.5466673,0.48957269999999997,56.473391299999996,5.4373229,47.556181699999996,65.3906009,..,..,..,..,..,..,..,..,..,..,..,..,..,..,..,..,..,0.5,..,0.5,..,..,..,..,..,..,..,..,..,..,..,..,..,..,0.5625
BMUrl1998,Bermuda,BMU,North America,High income,1998,rl,1,1.0505702,0.4850462,0.2550944,1.8460459999999999,75.0457624,8.3479866,61.355064399999996,88.7364604,..,..,..,..,..,..,..,..,..,..,..,..,..,..,..,..,..,..,..,..,..,..,..,..,..,..,..,..,..,..,..,..,..,..,0.875
BOLrl1998,Bolivia,BOL,Latin America & Caribbean,Lower middle income,1998,rl,7,-0.2522387,0.2062812,-0.5905399,0.0860625,52.623504999999994,3.5502447999999998,46.801103399999995,58.4459065,..,..,..,..,..,..,..,..,..,0.44999999999999996,..,..,..,..,..,..,..,0.5,..,0.5,..,..,..,0.3833333,..,..,..,0.5,..,..,0.6569999999999999,..,..,..,0.5
BRArl1998,Brazil,BRA,Latin America & Caribbean,Upper middle income,1998,rl,9,-0.36979979999999996,0.185324,-0.6737312,-0.0658684,50.6001957,3.1895567999999996,45.3693226,55.8310689,..,..,..,..,..,..,..,..,..,0.44999999999999996,..,..,..,..,0.47305559999999997,..,..,0.5,..,0.5,..,..,..,0.41,..,..,..,0.3333333,..,..,0.82,..,0.4234,..,0.4375
BRBrl1998,Barbados,BRB,Latin America & Caribbean,High income,1998,rl,4,1.1357849,0.2982756,0.6466128999999999,1.6249569,76.5123673,5.133533,68.0933732,84.9313615,..,..,..,..,..,..,..,..,..,..,..,..,..,..,..,..,..,0.7,..,1,..,..,..,..,..,..,..,..,..,..,0.855,..,..,..,0.875
BRNrl1998,Brunei Darussalam,BRN,East Asia & Pacific,High income,1998,rl,3,0.7804884,0.355562,0.19736669999999998,1.3636101,70.3974647,6.1194723,60.361530099999996,80.4333992,..,..,..,..,..,..,..,..,..,..,..,..,..,..,..,..,..,..,..,0.5,..,..,..,..,..,..,..,1,..,..,..,..,..,..,0.6875
BTNrl1998,Bhutan,BTN,South Asia,Lower middle income,1998,rl,3,-0.20286659999999998,0.38423219999999997,-0.8330074,0.4272742,53.4732335,6.6129063,42.6280672,64.3183999,..,..,..,..,..,..,..,..,..,..,..,..,..,..,..,..,..,..,..,0,..,..,..,..,..,..,..,..,..,..,0.5509999999999999,..,..,..,0.6875
BWArl1998,Botswana,BWA,Sub-Saharan Africa,Upper middle income,1998,rl,6,0.5904946999999999,0.20834,0.24881709999999999,0.9321723,67.1275395,3.5856779,61.2470277,73.00805129999999,..,..,..,..,..,..,..,..,..,0.6,..,..,..,..,..,..,..,0.7,..,1,..,..,..,..,..,..,..,0.6666667,..,..,0.866,..,..,..,0.6875
CAFrl1998,Central African Republic,CAF,Sub-Saharan Africa,Low income,1998,rl,3,-1.2241608,0.38423219999999997,-1.8543015999999999,-0.59402,35.896042099999995,6.6129063,25.0508757,46.7412084,..,..,..,..,..,..,..,..,..,..,..,..,..,..,..,..,..,..,..,0.5,..,..,..,..,..,..,..,..,..,..,0.494,..,..,..,0.1875
CANrl1998,Canada,CAN,North America,High income,1998,rl,8,1.7449390999999999,0.1868126,1.4385664,2.0513117999999997,86.99633949999999,3.2151766,81.72344989999999,92.2692292,..,..,..,..,..,..,..,..,..,0.875,..,..,..,..,0.8419443999999999,..,..,0.8999999999999999,..,1,..,..,..,..,..,..,..,1,..,..,0.9159999999999999,..,0.7812333,..,1
CHErl1998,Switzerland,CHE,Europe & Central Asia,High income,1998,rl,8,1.9390266999999999,0.1868126,1.6326539999999998,2.2453993999999997,90.3367236,3.2151766,85.063834,95.60961329999999,..,..,..,..,..,..,..,..,..,1,..,..,..,..,0.8366667,..,..,0.8999999999999999,..,1,..,..,..,..,..,..,..,1,..,..,0.954,..,0.8070333,..,1
CHLrl1998,Chile,CHL,Latin America & Caribbean,High income,1998,rl,9,1.1108542,0.185324,0.8069227999999999,1.4147855999999999,76.08329239999999,3.1895567999999996,70.8524193,81.3141656,..,..,..,..,..,..,..,..,..,0.825,..,..,..,..,0.7019443999999999,..,..,0.8999999999999999,..,0.5,..,..,..,0.5366666999999999,..,..,..,0.8333332999999999,..,..,0.9329999999999999,..,0.4887667,..,0.75
CHNrl1998,China,CHN,East Asia & Pacific,Upper middle income,1998,rl,8,-0.49668179999999995,0.1868126,-0.8030545,-0.19030909999999998,48.4164673,3.2151766,43.1435776,53.6893569,..,..,..,..,..,..,..,..,..,0.35,..,..,..,..,0.4802778,..,..,0.3,..,0,..,..,..,..,..,..,..,0.8333332999999999,..,..,0.22899999999999998,..,0.5648,..,0.4375
CIVrl1998,Côte d’Ivoire,CIV,Sub-Saharan Africa,Lower middle income,1998,rl,6,-0.9789926,0.20834,-1.3206702,-0.637315,40.1155592,3.5856779,34.2350474,45.996071,..,..,..,..,..,..,..,..,..,0.19999999999999998,..,..,..,..,..,..,..,0.3,..,0.5,..,..,..,..,..,..,..,0.5,..,..,0.5369999999999999,..,..,..,0.375
CMRrl1998,Cameroon,CMR,Sub-Saharan Africa,Lower middle income,1998,rl,6,-1.1637989,0.20834,-1.5054764999999999,-0.8221212999999999,36.9349128,3.5856779,31.054401,42.8154246,..,..,..,..,..,..,..,..,..,0.175,..,..,..,..,..,..,..,0.3,..,0.5,..,..,..,..,..,..,..,0.5,..,..,0.356,..,..,..,0.25
CODrl1998,"Congo, Dem. Rep.",COD,Sub-Saharan Africa,Low income,1998,rl,4,-2.0820764,0.2851901,-2.5497882,-1.6143645999999998,21.1307112,4.9083226,13.0810622,29.1803602,..,..,..,..,..,..,..,..,..,..,..,..,..,..,..,..,..,0.09999999999999999,..,..,..,..,..,..,..,..,..,0.1666667,..,..,0.094,..,..,..,0.1875
COGrl1998,"Congo, Rep.",COG,Sub-Saharan Africa,Lower middle income,1998,rl,5,-1.6004965,0.2711907,-2.0452491999999998,-1.1557438,29.41904,4.6673822,21.7645332,37.0735467,..,..,..,..,..,..,..,..,..,..,..,..,..,..,..,..,..,0.3,..,0,..,..,..,..,..,..,..,0.1666667,..,..,0.237,..,..,..,0.25
COLrl1998,Colombia,COL,Latin America & Caribbean,Upper middle income,1998,rl,9,-0.797549,0.185324,-1.1014804,-0.4936176,43.2383312,3.1895567999999996,38.007458,48.4692043,..,..,..,..,..,..,..,..,..,0.39999999999999997,..,..,..,..,0.2833333,..,..,0.5,..,0.5,..,..,..,0.41,..,..,..,0.3333333,..,..,0.747,..,0.2339,..,0.25
COMrl1998,Comoros,COM,Sub-Saharan Africa,Lower middle income,1998,rl,3,-0.9921515999999999,0.38423219999999997,-1.6222923999999999,-0.36201079999999997,39.8890836,6.6129063,29.0439172,50.734249899999995,..,..,..,..,..,..,..,..,..,..,..,..,..,..,..,..,..,..,..,0.5,..,..,..,..,..,..,..,..,..,..,0.39499999999999996,..,..,..,0.3125
CPVrl1998,Cabo Verde,CPV,Sub-Saharan Africa,Upper middle income,1998,rl,3,0.8111488,0.35443749999999996,0.2298713,1.3924263,70.9251517,6.1001186999999994,60.920957099999995,80.92934629999999,..,..,..,..,..,..,..,..,..,..,..,..,..,..,..,..,..,0.7,..,0.5,..,..,..,..,..,..,..,..,..,..,0.8979999999999999,..,..,..,..
CRIrl1998,Costa Rica,CRI,Latin America & Caribbean,High income,1998,rl,8,0.4535106,0.19591619999999998,0.132208,0.7748132,64.7699468,3.3718559,59.240103,70.2997905,..,..,..,..,..,..,..,..,..,0.65,..,..,..,..,0.4643333,..,..,0.5,..,1,..,..,..,0.4666667,..,..,..,0.6666667,..,..,0.952,..,..,..,0.75
CUBrl1998,Cuba,CUB,Latin America & Caribbean,Upper middle income,1998,rl,6,-1.0044648999999999,0.20834,-1.3461425,-0.6627873,39.677163,3.5856779,33.7966512,45.5576748,..,..,..,..,..,..,..,..,..,0.25,..,..,..,..,..,..,..,0.09999999999999999,..,0,..,..,..,..,..,..,..,0.8333332999999999,..,..,0.11699999999999999,..,..,..,0.4375
CYMrl1998,Cayman Islands,CYM,Latin America & Caribbean,High income,1998,rl,1,1.3056915,0.4850462,0.5102156999999999,2.1011672999999997,79.4365794,8.3479866,65.7458814,93.1272774,..,..,..,..,..,..,..,..,..,..,..,..,..,..,..,..,..,..,..,..,..,..,..,..,..,..,..,..,..,..,..,..,..,..,0.9375
CYPrl1998,Cyprus,CYP,Europe & Central Asia,High income,1998,rl,6,0.9938342,0.20834,0.6521566,1.3355118,74.0692959,3.5856779,68.18878409999999,79.9498077,..,..,..,..,..,..,..,..,..,0.75,..,..,..,..,..,..,..,0.7,..,1,..,..,..,..,..,..,..,0.8333332999999999,..,..,0.816,..,..,..,0.75
CZErl1998,Czechia,CZE,Europe & Central Asia,High income,1998,rl,9,0.7319665,0.18111259999999998,0.4349418,1.0289911999999999,69.5623686,3.1170755999999997,64.4503647,74.6743726,..,..,..,..,..,..,..,..,..,0.725,..,..,0.9166667,..,0.4216667,..,..,0.7,..,1,..,..,..,..,..,..,..,0.8333332999999999,..,..,0.9199999999999999,..,0.3647667,..,0.8125
DEUrl1998,Germany,DEU,Europe & Central Asia,High income,1998,rl,8,1.6810298,0.1868126,1.3746570999999999,1.9874025,85.89641549999999,3.2151766,80.62352589999999,91.1693052,..,..,..,..,..,..,..,..,..,0.8999999999999999,..,..,..,..,0.7633333,..,..,0.8999999999999999,..,1,..,..,..,..,..,..,..,1,..,..,0.969,..,0.7456667,..,0.9375
DJIrl1998,Djibouti,DJI,Middle East & North Africa,Lower middle income,1998,rl,4,-0.6777143,0.2982756,-1.1668863,-0.1885423,45.3007706,5.133533,36.8817765,53.7197648,..,..,..,..,..,..,..,..,..,..,..,..,..,..,..,..,..,0.5,..,0,..,..,..,..,..,..,..,..,..,..,0.288,..,..,..,0.375
DMArl1998,Dominica,DMA,Latin America & Caribbean,Upper middle income,1998,rl,2,0.7749773,0.4243771,0.0789989,1.4709557,70.3026148,7.3038279,58.324337,82.2808925,..,..,..,..,..,..,..,..,..,..,..,..,..,..,..,..,..,..,..,1,..,..,..,..,..,..,..,..,..,..,..,..,..,..,0.75
DNKrl1998,Denmark,DNK,Europe & Central Asia,High income,1998,rl,8,1.8488546,0.1868126,1.5424818999999999,2.1552273,88.7847984,3.2151766,83.51190869999999,94.057688,..,..,..,..,..,..,..,..,..,0.95,..,..,..,..,0.825,..,..,0.8999999999999999,..,1,..,..,..,..,..,..,..,1,..,..,0.984,..,0.7747999999999999,..,1
DOMrl1998,Dominican Republic,DOM,Latin America & Caribbean,Upper middle income,1998,rl,6,-0.6675732999999999,0.20834,-1.0092509,-0.3258957,45.4753044,3.5856779,39.5947926,51.3558162,..,..,..,..,..,..,..,..,..,0.27499999999999997,..,..,..,..,..,..,..,0.3,..,0.5,..,..,..,..,..,..,..,0.6666667,..,..,0.45199999999999996,..,..,..,0.5
DZArl1998,Algeria,DZA,Middle East & North Africa,Upper middle income,1998,rl,6,-1.1010212,0.20834,-1.4426987999999998,-0.7593436,38.0153612,3.5856779,32.1348494,43.895872999999995,..,..,..,..,..,..,..,..,..,0.15,..,..,..,..,..,..,..,0.5,..,0.5,..,..,..,..,..,..,..,0.3333333,..,..,0.323,..,..,..,0.3125
ECUrl1998,Ecuador,ECU,Latin America & Caribbean,Upper middle income,1998,rl,7,-0.5390699999999999,0.2062812,-0.8773711999999999,-0.2007688,47.686936499999995,3.5502447999999998,41.864535,53.5093381,..,..,..,..,..,..,..,..,..,0.325,..,..,..,..,..,..,..,0.5,..,0.5,..,..,..,0.3266667,..,..,..,0.5,..,..,0.616,..,..,..,0.4375
EGYrl1998,"Egypt, Arab Rep.",EGY,Middle East & North Africa,Lower middle income,1998,rl,7,-0.18276299999999998,0.1976774,-0.5069539,0.1414279,53.8192306,3.4021667,48.239677199999996,59.398784,..,..,..,..,..,..,..,..,..,0.44999999999999996,..,..,..,..,0.5266666999999999,..,..,0.5,..,0.5,..,..,..,..,..,..,..,0.6666667,..,..,0.46699999999999997,..,..,..,0.5
ERIrl1998,Eritrea,ERI,Sub-Saharan Africa,Low income,1998,rl,3,-0.7808514999999999,0.38423219999999997,-1.4109923,-0.1507107,43.525706899999996,6.6129063,32.6805405,54.3708732,..,..,..,..,..,..,..,..,..,..,..,..,..,..,..,..,..,..,..,0.5,..,..,..,..,..,..,..,..,..,..,0.093,..,..,..,0.5
ESPrl1998,Spain,ESP,Europe & Central Asia,High income,1998,rl,8,1.1005825,0.1868126,0.7942098,1.4069551999999999,75.9065093,3.2151766,70.6336196,81.1793989,..,..,..,..,..,..,..,..,..,0.85,..,..,..,..,0.6825,..,..,0.7,..,1,..,..,..,..,..,..,..,0.6666667,..,..,0.9209999999999999,..,0.5300667,..,0.9375
ESTrl1998,Estonia,EST,Europe & Central Asia,High income,1998,rl,7,0.6475926,0.20052,0.31873979999999996,0.9764453999999999,68.11023449999999,3.4510902,62.4504465,73.7700225,..,..,..,..,..,..,..,..,..,0.6,..,..,0.7916667,..,..,..,..,0.7,..,1,..,..,..,..,..,..,..,0.6666667,..,..,0.9349999999999999,..,..,..,0.6875
ETHrl1998,Ethiopia,ETH,Sub-Saharan Africa,,1998,rl,6,-0.8671207,0.20834,-1.2087983,-0.5254430999999999,42.0409533,3.5856779,36.1604415,47.9214651,..,..,..,..,..,..,..,..,..,0.15,..,..,..,..,..,..,..,0.3,..,0.5,..,..,..,..,..,..,..,0.8333332999999999,..,..,0.27699999999999997,..,..,..,0.4375
FINrl1998,Finland,FIN,Europe & Central Asia,High income,1998,rl,8,1.9332585999999998,0.1868126,1.6268859,2.2396313,90.2374506,3.2151766,84.9645609,95.5103402,..,..,..,..,..,..,..,..,..,1,..,..,..,..,0.8641667,..,..,0.8999999999999999,..,1,..,..,..,..,..,..,..,1,..,..,0.972,..,0.7616999999999999,..,1
FJIrl1998,Fiji,FJI,East Asia & Pacific,Upper middle income,1998,rl,4,0.3053385,0.2982756,-0.18383349999999998,0.7945105,62.2198007,5.133533,53.800806599999994,70.6387949,..,..,..,..,..,..,..,..,..,..,..,..,..,..,..,..,..,0.5,..,1,..,..,..,..,..,..,..,..,..,..,0.704,..,..,..,0.625
FRArl1998,France,FRA,Europe & Central Asia,High income,1998,rl,8,1.2498061999999999,0.1868126,0.9434334999999999,1.5561789,78.4747541,3.2151766,73.20186439999999,83.7476437,..,..,..,..,..,..,..,..,..,0.875,..,..,..,..,0.6913889,..,..,0.7,..,1,..,..,..,..,..,..,..,0.8333332999999999,..,..,0.9139999999999999,..,0.6295,..,0.875
FSMrl1998,"Micronesia, Fed. Sts.",FSM,East Asia & Pacific,Lower middle income,1998,rl,1,0.8818861,0.6633167,-0.20595329999999998,1.9697255,72.1425904,11.4161471,53.4201092,90.8650716,..,..,..,..,..,..,..,..,..,..,..,..,..,..,..,..,..,..,..,1,..,..,..,..,..,..,..,..,..,..,..,..,..,..,..
GABrl1998,Gabon,GAB,Sub-Saharan Africa,Upper middle income,1998,rl,6,-0.5464678,0.20834,-0.8881454,-0.20479019999999998,47.559615199999996,3.5856779,41.679103399999995,53.440127,..,..,..,..,..,..,..,..,..,0.25,..,..,..,..,..,..,..,0.5,..,0.5,..,..,..,..,..,..,..,0.5,..,..,0.46199999999999997,..,..,..,0.625
GBRrl1998,United Kingdom,GBR,Europe & Central Asia,High income,1998,rl,8,1.7086388,0.1868126,1.4022660999999998,2.0150115,86.37158579999999,3.2151766,81.09869619999999,91.6444755,..,..,..,..,..,..,..,..,..,0.8999999999999999,..,..,..,..,0.8719444,..,..,0.8999999999999999,..,1,..,..,..,..,..,..,..,1,..,..,0.9359999999999999,..,0.6868333,..,0.9375
GEOrl1998,Georgia,GEO,Europe & Central Asia,Upper middle income,1998,rl,5,-1.1638568999999999,0.2765858,-1.6174575999999998,-0.7102562,36.9339146,4.760236,29.1271275,44.740701699999995,..,..,..,..,..,..,..,..,..,..,..,..,0.375,..,..,..,..,0.3,..,0,..,..,..,..,..,..,..,..,..,..,0.445,..,..,..,0.1875
GHArl1998,Ghana,GHA,Sub-Saharan Africa,Lower middle income,1998,rl,6,-0.4973006,0.20834,-0.8389782,-0.15562299999999998,48.405817299999995,3.5856779,42.525305499999995,54.286329099999996,..,..,..,..,..,..,..,..,..,0.27499999999999997,..,..,..,..,..,..,..,0.5,..,0.5,..,..,..,..,..,..,..,0.5,..,..,0.844,..,..,..,0.5
GINrl1998,Guinea,GIN,Sub-Saharan Africa,Lower middle income,1998,rl,5,-1.221153,0.2711907,-1.6659057,-0.7764002999999999,35.9478084,4.6673822,28.2933016,43.6023152,..,..,..,..,..,..,..,..,..,..,..,..,..,..,..,..,..,0.3,..,0,..,..,..,..,..,..,..,0.5,..,..,0.254,..,..,..,0.25
GMBrl1998,"Gambia, The",GMB,Sub-Saharan Africa,Low income,1998,rl,5,0.33506009999999997,0.2711907,-0.1096926,0.7798128,62.7313304,4.6673822,55.0768236,70.3858371,..,..,..,..,..,..,..,..,..,..,..,..,..,..,..,..,..,0.7,..,0.5,..,..,..,..,..,..,..,0.8333332999999999,..,..,0.322,..,..,..,0.5625
GNBrl1998,Guinea-Bissau,GNB,Sub-Saharan Africa,Low income,1998,rl,5,-1.8087843,0.2711907,-2.2535369999999997,-1.3640316,25.834260399999998,4.6673822,18.1797537,33.4887672,..,..,..,..,..,..,..,..,..,..,..,..,..,..,..,..,..,0.09999999999999999,..,0.5,..,..,..,..,..,..,..,0.1666667,..,..,0.45599999999999996,..,..,..,0.125
GNQrl1998,Equatorial Guinea,GNQ,Sub-Saharan Africa,Upper middle income,1998,rl,5,-1.528694,0.21989309999999998,-1.8893187,-1.1680693,30.654811499999997,3.7845150999999997,24.448206799999998,36.8614162,..,..,..,..,..,..,..,..,..,0.09999999999999999,..,..,..,..,..,..,..,0.09999999999999999,..,0,..,..,..,..,..,..,..,..,..,..,0.123,..,..,..,0.4375
GRCrl1998,Greece,GRC,Europe & Central Asia,High income,1998,rl,8,0.7218243,0.1868126,0.4154516,1.028197,69.3878143,3.2151766,64.1149246,74.6607039,..,..,..,..,..,..,..,..,..,0.7749999999999999,..,..,..,..,0.5055556,..,..,0.7,..,1,..,..,..,..,..,..,..,0.6666667,..,..,0.9029999999999999,..,0.4584,..,0.75
GRDrl1998,Grenada,GRD,Latin America & Caribbean,Upper middle income,1998,rl,2,0.3843933,0.4243771,-0.3115851,1.0803717,63.580389399999994,7.3038279,51.602111699999995,75.5586672,..,..,..,..,..,..,..,..,..,..,..,..,..,..,..,..,..,..,..,1,..,..,..,..,..,..,..,..,..,..,..,..,..,..,0.625
GTMrl1998,Guatemala,GTM,Latin America & Caribbean,Upper middle income,1998,rl,8,-1.1658258,0.19591619999999998,-1.4871284,-0.8445231999999999,36.9000284,3.3718559,31.3701847,42.4298721,..,..,..,..,..,..,..,..,..,0.175,..,..,..,..,0.2053333,..,..,0.5,..,0.5,..,..,..,0.32999999999999996,..,..,..,0.3333333,..,..,0.505,..,..,..,0.3125
GUFrl1998,French Guiana,GUF,,,1998,rl,1,0.7954489,0.4850462,-2.69e-05,1.5909247,70.6549454,8.3479866,56.9642474,84.3456434,..,..,..,..,..,..,..,..,..,..,..,..,..,..,..,..,..,..,..,..,..,..,..,..,..,..,..,..,..,..,..,..,..,..,0.8125
GUYrl1998,Guyana,GUY,Latin America & Caribbean,High income,1998,rl,5,-0.1919168,0.2711907,-0.6366695,0.2528359,53.6616873,4.6673822,46.0071805,61.316193999999996,..,..,..,..,..,..,..,..,..,..,..,..,..,..,..,..,..,0.5,..,0.5,..,..,..,..,..,..,..,0.6666667,..,..,0.59,..,..,..,0.4375
HKGrl1998,"Hong Kong SAR, China",HKG,East Asia & Pacific,High income,1998,rl,7,1.041621,0.19120769999999998,0.7280403999999999,1.3552016,74.8917404,3.2908187,69.49479769999999,80.28868299999999,..,..,..,..,..,..,..,..,..,0.6749999999999999,..,..,..,..,0.7733333,..,..,0.8999999999999999,..,..,..,..,..,..,..,..,..,0.8333332999999999,..,..,0.76,..,0.7017333,..,0.6875
HNDrl1998,Honduras,HND,Latin America & Caribbean,Lower middle income,1998,rl,8,-1.0320013,0.19591619999999998,-1.3533039,-0.7106987,39.2032422,3.3718559,33.6733985,44.7330859,..,..,..,..,..,..,..,..,..,0.15,..,..,..,..,0.36033329999999997,..,..,0.5,..,0.5,..,..,..,0.43666669999999996,..,..,..,0.3333333,..,..,0.46199999999999997,..,..,..,0.375
HRVrl1998,Croatia,HRV,Europe & Central Asia,High income,1998,rl,7,-0.4238443,0.20052,-0.7526971,-0.09499149999999999,49.6700519,3.4510902,44.0102639,55.329839899999996,..,..,..,..,..,..,..,..,..,0.3,..,..,0.375,..,..,..,..,0.3,..,0.5,..,..,..,..,..,..,..,0.8333332999999999,..,..,0.51,..,..,..,0.625
HTIrl1998,Haiti,HTI,Latin America & Caribbean,Lower middle income,1998,rl,5,-1.5797567,0.2711907,-2.0245094,-1.135004,29.7759865,4.6673822,22.1214798,37.430493299999995,..,..,..,..,..,..,..,..,..,..,..,..,..,..,..,..,..,0.09999999999999999,..,0,..,..,..,..,..,..,..,0.3333333,..,..,0.5419999999999999,..,..,..,0.25
HUNrl1998,Hungary,HUN,Europe & Central Asia,High income,1998,rl,9,0.8537456999999999,0.18111259999999998,0.556721,1.1507703999999999,71.6582743,3.1170755999999997,66.5462703,76.7702783,..,..,..,..,..,..,..,..,..,0.75,..,..,0.875,..,0.5011111,..,..,0.7,..,1,..,..,..,..,..,..,..,1,..,..,0.8979999999999999,..,0.4432333,..,0.6875
IDNrl1998,Indonesia,IDN,East Asia & Pacific,Upper middle income,1998,rl,8,-0.9140444999999999,0.1868126,-1.2204172,-0.6076718,41.233361699999996,3.2151766,35.960471999999996,46.506251299999995,..,..,..,..,..,..,..,..,..,0.27499999999999997,..,..,..,..,0.36638889999999996,..,..,0.5,..,0,..,..,..,..,..,..,..,0.3333333,..,..,0.26,..,0.35846669999999997,..,0.4375
INDrl1998,India,IND,South Asia,Lower middle income,1998,rl,8,0.1953286,0.1868126,-0.11104409999999999,0.5017013,60.326453,3.2151766,55.0535633,65.5993426,..,..,..,..,..,..,..,..,..,0.5499999999999999,..,..,..,..,0.5358333,..,..,0.5,..,1,..,..,..,..,..,..,..,0.6666667,..,..,0.7769999999999999,..,0.4782667,..,0.625
IRLrl1998,Ireland,IRL,Europe & Central Asia,High income,1998,rl,8,1.6015452,0.1868126,1.2951724999999998,1.9079179,84.52842969999999,3.2151766,79.25554,89.8013193,..,..,..,..,..,..,..,..,..,0.875,..,..,..,..,0.7936111,..,..,0.8999999999999999,..,1,..,..,..,..,..,..,..,1,..,..,0.9189999999999999,..,0.7193666999999999,..,0.875
IRNrl1998,"Iran, Islamic Rep.",IRN,Middle East & North Africa,Upper middle income,1998,rl,6,-0.8216941,0.20834,-1.1633717,-0.48001649999999996,42.822776999999995,3.5856779,36.9422652,48.703288799999996,..,..,..,..,..,..,..,..,..,0.22499999999999998,..,..,..,..,..,..,..,0.09999999999999999,..,0,..,..,..,..,..,..,..,0.8333332999999999,..,..,0.441,..,..,..,0.625
IRQrl1998,Iraq,IRQ,Middle East & North Africa,Upper middle income,1998,rl,6,-1.6197734,0.20834,-1.9614509999999998,-1.2780958,29.087270999999998,3.5856779,23.2067592,34.9677828,..,..,..,..,..,..,..,..,..,0.125,..,..,..,..,..,..,..,0.09999999999999999,..,0,..,..,..,..,..,..,..,0.3333333,..,..,0.21,..,..,..,0.3125
ISLrl1998,Iceland,ISL,Europe & Central Asia,High income,1998,rl,7,1.6465176,0.2281413,1.2723659,2.0206693,85.3024363,3.9264718999999997,78.86302239999999,91.7418502,..,..,..,..,..,..,..,..,..,..,..,..,..,..,0.7122221999999999,..,..,0.8999999999999999,..,1,..,..,..,..,..,..,..,1,..,..,0.8999999999999999,..,0.7299333,..,1
ISRrl1998,Israel,ISR,Middle East & North Africa,High income,1998,rl,8,0.9375171,0.1868126,0.6311443999999999,1.2438898,73.100039,3.2151766,67.8271494,78.3729287,..,..,..,..,..,..,..,..,..,0.725,..,..,..,..,0.7083332999999999,..,..,0.7,..,0.5,..,..,..,..,..,..,..,0.8333332999999999,..,..,0.9169999999999999,..,0.6859333,..,0.75
ITArl1998,Italy,ITA,Europe & Central Asia,High income,1998,rl,8,0.7787887,0.1868126,0.472416,1.0851614,70.3682116,3.2151766,65.095322,75.6411013,..,..,..,..,..,..,..,..,..,0.7,..,..,..,..,0.4766667,..,..,0.7,..,1,..,..,..,..,..,..,..,1,..,..,0.9059999999999999,..,0.4632,..,0.75
JAMrl1998,Jamaica,JAM,Latin America & Caribbean,Upper middle income,1998,rl,6,-0.1682579,0.20834,-0.5099355,0.17341969999999998,54.068873599999996,3.5856779,48.188361799999996,59.9493854,..,..,..,..,..,..,..,..,..,0.35,..,..,..,..,..,..,..,0.7,..,1,..,..,..,..,..,..,..,0.5,..,..,0.759,..,..,..,0.4375
JORrl1998,Jordan,JOR,Middle East & North Africa,Lower middle income,1998,rl,7,0.23474409999999998,0.1976774,-0.08944679999999999,0.558935,61.0048214,3.4021667,55.425267999999996,66.58437479999999,..,..,..,..,..,..,..,..,..,0.5,..,..,..,..,0.6194444,..,..,0.7,..,0.5,..,..,..,..,..,..,..,0.6666667,..,..,0.587,..,..,..,0.625
JPNrl1998,Japan,JPN,East Asia & Pacific,High income,1998,rl,8,1.3048959999999998,0.1868126,0.9985233,1.6112686999999999,79.4228883,3.2151766,74.1499986,84.6957779,..,..,..,..,..,..,..,..,..,0.725,..,..,..,..,0.6955555999999999,..,..,0.8999999999999999,..,1,..,..,..,..,..,..,..,1,..,..,0.9159999999999999,..,0.6163666999999999,..,0.9375
KAZrl1998,Kazakhstan,KAZ,Europe & Central Asia,Upper middle income,1998,rl,7,-1.1382497999999999,0.20052,-1.4671026,-0.8093969999999999,37.3746308,3.4510902,31.7148428,43.0344188,..,..,..,..,..,..,..,..,..,0.125,..,..,0.2916667,..,..,..,..,0.3,..,0,..,..,..,..,..,..,..,0.6666667,..,..,0.317,..,..,..,0.375
KENrl1998,Kenya,KEN,Sub-Saharan Africa,Lower middle income,1998,rl,6,-1.0959866,0.20834,-1.4376642,-0.754309,38.102010199999995,3.5856779,32.2214984,43.982521999999996,..,..,..,..,..,..,..,..,..,0.09999999999999999,..,..,..,..,..,..,..,0.5,..,0.5,..,..,..,..,..,..,..,0.3333333,..,..,0.493,..,..,..,0.375
KGZrl1998,Kyrgyz Republic,KGZ,Europe & Central Asia,Lower middle income,1998,rl,5,-0.8170212,0.2765858,-1.2706218999999999,-0.3634205,42.903200899999995,4.760236,35.0964138,50.709987999999996,..,..,..,..,..,..,..,..,..,..,..,..,0.4166667,..,..,..,..,0.3,..,0,..,..,..,..,..,..,..,..,..,..,0.423,..,..,..,0.4375
KHMrl1998,Cambodia,KHM,East Asia & Pacific,Lower middle income,1998,rl,5,-1.2536106,0.21989309999999998,-1.6142352999999998,-0.8929859,35.389190299999996,3.7845150999999997,29.1825856,41.595794999999995,..,..,..,..,..,..,..,..,..,0.15,..,..,..,..,..,..,..,0.3,..,0,..,..,..,..,..,..,..,..,..,..,0.238,..,..,..,0.375
KIRrl1998,Kiribati,KIR,East Asia & Pacific,Lower middle income,1998,rl,1,0.8818861,0.6633167,-0.20595329999999998,1.9697255,72.1425904,11.4161471,53.4201092,90.8650716,..,..,..,..,..,..,..,..,..,..,..,..,..,..,..,..,..,..,..,1,..,..,..,..,..,..,..,..,..,..,..,..,..,..,..
KNArl1998,St. Kitts and Nevis,KNA,Latin America & Caribbean,High income,1998,rl,1,0.8818861,0.6633167,-0.20595329999999998,1.9697255,72.1425904,11.4161471,53.4201092,90.8650716,..,..,..,..,..,..,..,..,..,..,..,..,..,..,..,..,..,..,..,1,..,..,..,..,..,..,..,..,..,..,..,..,..,..,..
KORrl1998,"Korea, Rep.",KOR,East Asia & Pacific,High income,1998,rl,8,0.6872705,0.1868126,0.3808978,0.9936432,68.7931191,3.2151766,63.5202294,74.0660087,..,..,..,..,..,..,..,..,..,0.7,..,..,..,..,0.5383333,..,..,0.8999999999999999,..,0.5,..,..,..,..,..,..,..,0.6666667,..,..,0.9179999999999999,..,0.419,..,0.75
KWTrl1998,Kuwait,KWT,Middle East & North Africa,High income,1998,rl,6,0.6750554999999999,0.20834,0.3333779,1.0167331,68.5828903,3.5856779,62.702378499999995,74.4634021,..,..,..,..,..,..,..,..,..,0.525,..,..,..,..,..,..,..,0.8999999999999999,..,0.5,..,..,..,..,..,..,..,0.8333332999999999,..,..,0.757,..,..,..,0.75
LAOrl1998,Lao PDR,LAO,East Asia & Pacific,Lower middle income,1998,rl,4,-1.2278649,0.2982756,-1.7170368999999999,-0.7386929,35.8322919,5.133533,27.413297699999998,44.251286,..,..,..,..,..,..,..,..,..,..,..,..,..,..,..,..,..,0.09999999999999999,..,0,..,..,..,..,..,..,..,..,..,..,0.258,..,..,..,0.5
LBNrl1998,Lebanon,LBN,Middle East & North Africa,Lower middle income,1998,rl,5,-0.371957,0.21448969999999998,-0.7237201,-0.0201939,50.563068799999996,3.6915185,44.5089785,56.617159199999996,..,..,..,..,..,..,..,..,..,0.325,..,..,..,..,..,..,..,0.5,..,..,..,..,..,..,..,..,..,0.6666667,..,..,0.45799999999999996,..,..,..,0.5625
LBRrl1998,Liberia,LBR,Sub-Saharan Africa,Low income,1998,rl,4,-1.9183151999999999,0.3309379,-2.4610534,-1.3755769999999998,23.9491566,5.6956745,14.608250499999999,33.2900628,..,..,..,..,..,..,..,..,..,..,..,..,..,..,..,..,..,..,..,0,..,..,..,..,..,..,..,0.3333333,..,..,0.33099999999999996,..,..,..,0.125
LBYrl1998,Libya,LBY,Middle East & North Africa,Upper middle income,1998,rl,6,-1.2679095999999999,0.20834,-1.6095872,-0.9262319999999999,35.143094399999995,3.5856779,29.262582599999998,41.023606199999996,..,..,..,..,..,..,..,..,..,0.09999999999999999,..,..,..,..,..,..,..,0.09999999999999999,..,0,..,..,..,..,..,..,..,0.6666667,..,..,0.162,..,..,..,0.5625
LCArl1998,St. Lucia,LCA,Latin America & Caribbean,Upper middle income,1998,rl,1,0.8818861,0.6633167,-0.20595329999999998,1.9697255,72.1425904,11.4161471,53.4201092,90.8650716,..,..,..,..,..,..,..,..,..,..,..,..,..,..,..,..,..,..,..,1,..,..,..,..,..,..,..,..,..,..,..,..,..,..,..
LIErl1998,Liechtenstein,LIE,Europe & Central Asia,High income,1998,rl,2,1.3608533999999999,0.4243771,0.664875,2.0568318,80.3859545,7.3038279,68.4076767,92.36423219999999,..,..,..,..,..,..,..,..,..,..,..,..,..,..,..,..,..,..,..,1,..,..,..,..,..,..,..,..,..,..,..,..,..,..,0.9375
LKArl1998,Sri Lanka,LKA,South Asia,Lower middle income,1998,rl,6,-0.07804359999999999,0.20834,-0.41972119999999996,0.263634,55.6215251,3.5856779,49.7410133,61.5020369,..,..,..,..,..,..,..,..,..,0.425,..,..,..,..,..,..,..,0.5,..,1,..,..,..,..,..,..,..,0.5,..,..,0.566,..,..,..,0.6875
LSOrl1998,Lesotho,LSO,Sub-Saharan Africa,Lower middle income,1998,rl,4,0.08941829999999999,0.2982756,-0.3997537,0.5785903,58.5036622,5.133533,50.084668099999995,66.9226564,..,..,..,..,..,..,..,..,..,..,..,..,..,..,..,..,..,0.5,..,0.5,..,..,..,..,..,..,..,..,..,..,0.65,..,..,..,0.625
LTUrl1998,Lithuania,LTU,Europe & Central Asia,High income,1998,rl,7,0.4186702,0.20052,0.08981739999999999,0.7475229999999999,64.17031899999999,3.4510902,58.510531,69.830107,..,..,..,..,..,..,..,..,..,0.525,..,..,0.8333332999999999,..,..,..,..,0.5,..,1,..,..,..,..,..,..,..,0.6666667,..,..,0.9299999999999999,..,..,..,0.75
LUXrl1998,Luxembourg,LUX,Europe & Central Asia,High income,1998,rl,7,1.7073629,0.2281413,1.3332112,2.0815145999999998,86.3496267,3.9264718999999997,79.9102128,92.78904059999999,..,..,..,..,..,..,..,..,..,..,..,..,..,..,0.7825,..,..,0.8999999999999999,..,1,..,..,..,..,..,..,..,1,..,..,0.9109999999999999,..,0.7186667,..,1
LVArl1998,Latvia,LVA,Europe & Central Asia,High income,1998,rl,7,0.1752328,0.20052,-0.15362,0.5040856,59.9805901,3.4510902,54.320802099999995,65.64037809999999,..,..,..,..,..,..,..,..,..,0.5,..,..,0.7916667,..,..,..,..,0.5,..,0.5,..,..,..,..,..,..,..,0.6666667,..,..,0.854,..,..,..,0.625
MACrl1998,"Macao SAR, China",MAC,East Asia & Pacific,High income,1998,rl,1,0.030084999999999997,0.4850462,-0.7653907999999999,0.8255608,57.4824944,8.3479866,43.791796399999996,71.17319239999999,..,..,..,..,..,..,..,..,..,..,..,..,..,..,..,..,..,..,..,..,..,..,..,..,..,..,..,..,..,..,..,..,..,..,0.625
MARrl1998,Morocco,MAR,Middle East & North Africa,Lower middle income,1998,rl,6,0.252351,0.20834,-0.08932659999999999,0.5940286,61.3078486,3.5856779,55.4273368,67.1883604,..,..,..,..,..,..,..,..,..,0.5,..,..,..,..,..,..,..,0.5,..,0.5,..,..,..,..,..,..,..,1,..,..,0.603,..,..,..,0.625
MCOrl1998,Monaco,MCO,Europe & Central Asia,High income,1998,rl,1,0.8818861,0.6633167,-0.20595329999999998,1.9697255,72.1425904,11.4161471,53.4201092,90.8650716,..,..,..,..,..,..,..,..,..,..,..,..,..,..,..,..,..,..,..,1,..,..,..,..,..,..,..,..,..,..,..,..,..,..,..
MDArl1998,Moldova,MDA,Europe & Central Asia,Upper middle income,1998,rl,7,0.0594122,0.20052,-0.2694406,0.38826499999999997,57.9872361,3.4510902,52.3274482,63.647024099999996,..,..,..,..,..,..,..,..,..,0.5,..,..,0.5,..,..,..,..,0.5,..,1,..,..,..,..,..,..,..,0.8333332999999999,..,..,0.71,..,..,..,0.375
MDGrl1998,Madagascar,MDG,Sub-Saharan Africa,Low income,1998,rl,5,-0.37038669999999996,0.2711907,-0.8151394,0.074366,50.590094799999996,4.6673822,42.935587999999996,58.244601499999995,..,..,..,..,..,..,..,..,..,..,..,..,..,..,..,..,..,0.5,..,0.5,..,..,..,..,..,..,..,0.5,..,..,0.427,..,..,..,0.5
MDVrl1998,Maldives,MDV,South Asia,Upper middle income,1998,rl,3,-0.39725119999999997,0.38423219999999997,-1.0273919999999999,0.2328896,50.1277378,6.6129063,39.282571499999996,60.972904199999995,..,..,..,..,..,..,..,..,..,..,..,..,..,..,..,..,..,..,..,0,..,..,..,..,..,..,..,..,..,..,0.153,..,..,..,0.75
MEXrl1998,Mexico,MEX,Latin America & Caribbean,Upper middle income,1998,rl,9,-0.6620642999999999,0.185324,-0.9659956999999999,-0.3581329,45.570118099999995,3.1895567999999996,40.339245,50.8009913,..,..,..,..,..,..,..,..,..,0.39999999999999997,..,..,..,..,0.3755556,..,..,0.5,..,0.5,..,..,..,0.38999999999999996,..,..,..,0.3333333,..,..,0.567,..,0.3099,..,0.375
MHLrl1998,Marshall Islands,MHL,East Asia & Pacific,Upper middle income,1998,rl,1,-0.042602999999999995,0.6633167,-1.1304424,1.0452363999999998,56.231482799999995,11.4161471,37.5090016,74.953964,..,..,..,..,..,..,..,..,..,..,..,..,..,..,..,..,..,..,..,0.5,..,..,..,..,..,..,..,..,..,..,..,..,..,..,..
MKDrl1998,North Macedonia,MKD,Europe & Central Asia,Upper middle income,1998,rl,5,-0.46352889999999997,0.23539659999999998,-0.8495792999999999,-0.07747849999999999,48.987052,4.0513408,42.3428531,55.6312509,..,..,..,..,..,..,..,..,..,0.35,..,..,0.4166667,..,..,..,..,..,..,1,..,..,..,..,..,..,..,..,..,..,0.725,..,..,..,0.375
MLIrl1998,Mali,MLI,Sub-Saharan Africa,Low income,1998,rl,5,-0.26479179999999997,0.2711907,-0.7095445,0.17996089999999998,52.4074573,4.6673822,44.7529505,60.061963999999996,..,..,..,..,..,..,..,..,..,..,..,..,..,..,..,..,..,0.5,..,0.5,..,..,..,..,..,..,..,0.5,..,..,0.6649999999999999,..,..,..,0.5
MLTrl1998,Malta,MLT,Middle East & North Africa,High income,1998,rl,5,1.2632451,0.2711907,0.8184924,1.7079978,78.706047,4.6673822,71.05154019999999,86.36055379999999,..,..,..,..,..,..,..,..,..,..,..,..,..,..,..,..,..,0.7,..,1,..,..,..,..,..,..,..,1,..,..,0.748,..,..,..,0.875
MMRrl1998,Myanmar,MMR,East Asia & Pacific,Lower middle income,1998,rl,6,-1.5065279,0.20834,-1.8482055,-1.1648503,31.0363057,3.5856779,25.1557939,36.9168175,..,..,..,..,..,..,..,..,..,0.049999999999999996,..,..,..,..,..,..,..,0.3,..,0,..,..,..,..,..,..,..,0.5,..,..,0.041999999999999996,..,..,..,0.3125
MNErl1998,Montenegro,MNE,Europe & Central Asia,Upper middle income,1998,rl,1,-0.2727922,0.6755029,-1.380617,0.8350326,52.2697648,11.6258805,33.2033208,71.3362087,..,..,..,..,..,..,..,..,..,..,..,..,..,..,..,..,..,..,..,..,..,..,..,..,..,..,..,..,..,..,0.517,..,..,..,..
MNGrl1998,Mongolia,MNG,East Asia & Pacific,Upper middle income,1998,rl,5,0.2348056,0.2711907,-0.2099471,0.6795583,61.0058799,4.6673822,53.351373099999996,68.6603867,..,..,..,..,..,..,..,..,..,..,..,..,..,..,..,..,..,0.5,..,1,..,..,..,..,..,..,..,0.6666667,..,..,0.844,..,..,..,0.5625
MOZrl1998,Mozambique,MOZ,Sub-Saharan Africa,Low income,1998,rl,6,-0.7179766,0.20834,-1.0596542,-0.376299,44.6078281,3.5856779,38.7273163,50.4883399,..,..,..,..,..,..,..,..,..,0.39999999999999997,..,..,..,..,..,..,..,0.3,..,0,..,..,..,..,..,..,..,0.5,..,..,0.5599999999999999,..,..,..,0.375
MRTrl1998,Mauritania,MRT,Sub-Saharan Africa,Lower middle income,1998,rl,4,-0.5632408999999999,0.2982756,-1.0524129,-0.0740689,47.2709384,5.133533,38.8519442,55.6899325,..,..,..,..,..,..,..,..,..,..,..,..,..,..,..,..,..,0.3,..,0.5,..,..,..,..,..,..,..,..,..,..,0.291,..,..,..,0.5625
MTQrl1998,Martinique,MTQ,,,1998,rl,1,1.0505702,0.4850462,0.2550944,1.8460459999999999,75.0457624,8.3479866,61.355064399999996,88.7364604,..,..,..,..,..,..,..,..,..,..,..,..,..,..,..,..,..,..,..,..,..,..,..,..,..,..,..,..,..,..,..,..,..,..,0.875
MUSrl1998,Mauritius,MUS,Sub-Saharan Africa,Upper middle income,1998,rl,4,0.9953086,0.23972179999999998,0.6021648,1.3884524,74.0946714,4.1257813,67.3283901,80.8609527,..,..,..,..,..,..,..,..,..,0.725,..,..,..,..,..,..,..,0.7,..,1,..,..,..,..,..,..,..,..,..,..,0.857,..,..,..,..
MWIrl1998,Malawi,MWI,Sub-Saharan Africa,Low income,1998,rl,6,-0.4121974,0.20834,-0.753875,-0.0705198,49.870503199999995,3.5856779,43.9899914,55.751014999999995,..,..,..,..,..,..,..,..,..,0.27499999999999997,..,..,..,..,..,..,..,0.5,..,0.5,..,..,..,..,..,..,..,0.6666667,..,..,0.75,..,..,..,0.5
MYSrl1998,Malaysia,MYS,East Asia & Pacific,Upper middle income,1998,rl,8,0.2018982,0.1868126,-0.1044745,0.5082709,60.4395204,3.2151766,55.1666308,65.71240999999999,..,..,..,..,..,..,..,..,..,0.39999999999999997,..,..,..,..,0.6472222,..,..,0.7,..,0.5,..,..,..,..,..,..,..,0.6666667,..,..,0.428,..,0.6611,..,0.6875
NAMrl1998,Namibia,NAM,Sub-Saharan Africa,Lower middle income,1998,rl,6,0.35977549999999997,0.20834,0.0180979,0.7014530999999999,63.1566998,3.5856779,57.276188,69.03721159999999,..,..,..,..,..,..,..,..,..,0.375,..,..,..,..,..,..,..,0.7,..,1,..,..,..,..,..,..,..,1,..,..,0.814,..,..,..,0.625
NERrl1998,Niger,NER,Sub-Saharan Africa,Low income,1998,rl,5,-0.6931596,0.2711907,-1.1379123,-0.24840689999999999,45.0349462,4.6673822,37.3804394,52.6894529,..,..,..,..,..,..,..,..,..,..,..,..,..,..,..,..,..,0.5,..,0.5,..,..,..,..,..,..,..,0.3333333,..,..,0.478,..,..,..,0.375
NGArl1998,Nigeria,NGA,Sub-Saharan Africa,Lower middle income,1998,rl,6,-1.1332464,0.20834,-1.474924,-0.7915688,37.4607428,3.5856779,31.580230999999998,43.3412546,..,..,..,..,..,..,..,..,..,0.09999999999999999,..,..,..,..,..,..,..,0.5,..,0,..,..,..,..,..,..,..,0.5,..,..,0.27999999999999997,..,..,..,0.375
NICrl1998,Nicaragua,NIC,Latin America & Caribbean,Lower middle income,1998,rl,8,-0.6954948,0.19591619999999998,-1.0167974,-0.3741922,44.9947557,3.3718559,39.464912,50.5245994,..,..,..,..,..,..,..,..,..,0.35,..,..,..,..,0.3466667,..,..,0.3,..,0.5,..,..,..,0.3433333,..,..,..,0.6666667,..,..,0.59,..,..,..,0.375
NLDrl1998,Netherlands,NLD,Europe & Central Asia,High income,1998,rl,8,1.7633154999999998,0.1868126,1.4569428,2.0696882,87.3126103,3.2151766,82.03972069999999,92.5854999,..,..,..,..,..,..,..,..,..,0.95,..,..,..,..,0.8030556,..,..,0.8999999999999999,..,1,..,..,..,..,..,..,..,1,..,..,0.96,..,0.7273999999999999,..,0.9375
NORrl1998,Norway,NOR,Europe & Central Asia,High income,1998,rl,8,1.9338658999999998,0.1868126,1.6274932,2.2402386,90.24790259999999,3.2151766,84.97501299999999,95.5207923,..,..,..,..,..,..,..,..,..,1,..,..,..,..,0.8702778,..,..,0.8999999999999999,..,1,..,..,..,..,..,..,..,1,..,..,0.978,..,0.7540667,..,1
NPLrl1998,Nepal,NPL,South Asia,Lower middle income,1998,rl,4,0.0154855,0.2982756,-0.47368649999999995,0.5046575,57.2312267,5.133533,48.812232599999994,65.6502209,..,..,..,..,..,..,..,..,..,..,..,..,..,..,..,..,..,0.5,..,0.5,..,..,..,..,..,..,..,..,..,..,0.692,..,..,..,0.5625
NRUrl1998,Nauru,NRU,East Asia & Pacific,High income,1998,rl,1,0.8818861,0.6633167,-0.20595329999999998,1.9697255,72.1425904,11.4161471,53.4201092,90.8650716,..,..,..,..,..,..,..,..,..,..,..,..,..,..,..,..,..,..,..,1,..,..,..,..,..,..,..,..,..,..,..,..,..,..,..
NZLrl1998,New Zealand,NZL,East Asia & Pacific,High income,1998,rl,8,1.8237613,0.1868126,1.5173885999999999,2.130134,88.352925,3.2151766,83.0800354,93.62581469999999,..,..,..,..,..,..,..,..,..,0.975,..,..,..,..,0.83,..,..,0.8999999999999999,..,1,..,..,..,..,..,..,..,1,..,..,0.952,..,0.744,..,0.9375
OMNrl1998,Oman,OMN,Middle East & North Africa,High income,1998,rl,6,0.47119999999999995,0.20834,0.12952239999999998,0.8128776,65.0743938,3.5856779,59.193881999999995,70.9549056,..,..,..,..,..,..,..,..,..,0.625,..,..,..,..,..,..,..,0.7,..,0,..,..,..,..,..,..,..,0.8333332999999999,..,..,0.34299999999999997,..,..,..,0.75
PAKrl1998,Pakistan,PAK,South Asia,Lower middle income,1998,rl,6,-0.8504778,0.20834,-1.1921553999999999,-0.5088001999999999,42.3273893,3.5856779,36.4468775,48.2079011,..,..,..,..,..,..,..,..,..,0.375,..,..,..,..,..,..,..,0.3,..,0,..,..,..,..,..,..,..,0.5,..,..,0.39899999999999997,..,..,..,0.3125
PANrl1998,Panama,PAN,Latin America & Caribbean,High income,1998,rl,7,-0.21486909999999998,0.2062812,-0.5531703,0.12343209999999999,53.2666621,3.5502447999999998,47.4442605,59.089063599999996,..,..,..,..,..,..,..,..,..,0.44999999999999996,..,..,..,..,..,..,..,0.5,..,0.5,..,..,..,0.44666669999999997,..,..,..,0.5,..,..,0.724,..,..,..,0.5
PERrl1998,Peru,PER,Latin America & Caribbean,Upper middle income,1998,rl,8,-0.6198313999999999,0.19591619999999998,-0.9411339999999999,-0.2985288,46.296976099999995,3.3718559,40.7671323,51.826819799999996,..,..,..,..,..,..,..,..,..,0.3,..,..,..,..,0.3883333,..,..,0.7,..,0.5,..,..,..,0.3266667,..,..,..,0.5,..,..,0.205,..,..,..,0.375
PHLrl1998,Philippines,PHL,East Asia & Pacific,Lower middle income,1998,rl,8,0.0053638,0.1868126,-0.30100889999999997,0.31173649999999997,57.0570252,3.2151766,51.7841355,62.3299148,..,..,..,..,..,..,..,..,..,0.5499999999999999,..,..,..,..,0.3772222,..,..,0.7,..,0.5,..,..,..,..,..,..,..,0.6666667,..,..,0.705,..,0.43106669999999997,..,0.4375
PLWrl1998,Palau,PLW,East Asia & Pacific,High income,1998,rl,1,0.8818861,0.6633167,-0.20595329999999998,1.9697255,72.1425904,11.4161471,53.4201092,90.8650716,..,..,..,..,..,..,..,..,..,..,..,..,..,..,..,..,..,..,..,1,..,..,..,..,..,..,..,..,..,..,..,..,..,..,..
PNGrl1998,Papua New Guinea,PNG,East Asia & Pacific,Lower middle income,1998,rl,6,-0.5244594,0.20834,-0.8661369999999999,-0.1827818,47.938395299999996,3.5856779,42.057883499999996,53.8189071,..,..,..,..,..,..,..,..,..,0.25,..,..,..,..,..,..,..,0.5,..,1,..,..,..,..,..,..,..,0.5,..,..,0.737,..,..,..,0.4375
POLrl1998,Poland,POL,Europe & Central Asia,High income,1998,rl,9,0.6778793,0.18111259999999998,0.3808546,0.974904,68.63148989999999,3.1170755999999997,63.5194859,73.74349389999999,..,..,..,..,..,..,..,..,..,0.725,..,..,0.9166667,..,0.4738889,..,..,0.7,..,1,..,..,..,..,..,..,..,0.8333332999999999,..,..,0.9179999999999999,..,0.2768,..,0.75
PRIrl1998,Puerto Rico (U.S.),PRI,Latin America & Caribbean,High income,1998,rl,1,0.7954489,0.4850462,-2.69e-05,1.5909247,70.6549454,8.3479866,56.9642474,84.3456434,..,..,..,..,..,..,..,..,..,..,..,..,..,..,..,..,..,..,..,..,..,..,..,..,..,..,..,..,..,..,..,..,..,..,0.8125
PRKrl1998,"Korea, Dem. People's Rep.",PRK,East Asia & Pacific,Low income,1998,rl,5,-1.0086363999999999,0.2711907,-1.4533890999999999,-0.5638837,39.6053686,4.6673822,31.9508618,47.2598753,..,..,..,..,..,..,..,..,..,..,..,..,..,..,..,..,..,0.09999999999999999,..,0,..,..,..,..,..,..,..,0.8333332999999999,..,..,0.033,..,..,..,0.4375
PRTrl1998,Portugal,PRT,Europe & Central Asia,High income,1998,rl,8,1.1350206,0.1868126,0.8286479,1.4413932999999999,76.4992132,3.2151766,71.22632349999999,81.7721028,..,..,..,..,..,..,..,..,..,0.85,..,..,..,..,0.6547221999999999,..,..,0.7,..,1,..,..,..,..,..,..,..,0.8333332999999999,..,..,0.95,..,0.5231667,..,0.875
PRYrl1998,Paraguay,PRY,Latin America & Caribbean,Upper middle income,1998,rl,7,-0.8073958999999999,0.2062812,-1.1456971,-0.4690947,43.0688591,3.5502449,37.2464575,48.8912607,..,..,..,..,..,..,..,..,..,0.27499999999999997,..,..,..,..,..,..,..,0.3,..,0.5,..,..,..,0.48666669999999995,..,..,..,0.6666667,..,..,0.6799999999999999,..,..,..,0.1875
PSErl1998,West Bank and Gaza,PSE,Middle East & North Africa,Lower middle income,1998,rl,2,-0.2770745,0.427517,-0.9782023999999999,0.42405339999999997,52.1960634,7.3578684,40.129159099999995,64.2629676,..,..,..,..,..,..,..,..,..,..,..,..,..,..,..,..,..,..,..,..,..,..,..,..,..,..,..,..,..,..,0.523,..,..,..,0.5625
QATrl1998,Qatar,QAT,Middle East & North Africa,High income,1998,rl,6,0.1952599,0.20834,-0.14641769999999998,0.5369375,60.325270599999996,3.5856779,54.444758799999995,66.2057824,..,..,..,..,..,..,..,..,..,0.44999999999999996,..,..,..,..,..,..,..,0.5,..,0.5,..,..,..,..,..,..,..,1,..,..,0.356,..,..,..,0.75
ROUrl1998,Romania,ROU,Europe & Central Asia,High income,1998,rl,7,-0.1588682,0.20052,-0.48772099999999996,0.16998459999999999,54.2304769,3.4510902,48.570688999999994,59.8902649,..,..,..,..,..,..,..,..,..,0.425,..,..,0.4583333,..,..,..,..,0.3,..,0.5,..,..,..,..,..,..,..,0.8333332999999999,..,..,0.6669999999999999,..,..,..,0.625
RUSrl1998,Russian Federation,RUS,Europe & Central Asia,High income,1998,rl,9,-0.9352128999999999,0.18111259999999998,-1.2322376,-0.6381882,40.869038599999996,3.1170755999999997,35.7570346,45.981042599999995,..,..,..,..,..,..,..,..,..,0.175,..,..,0.4583333,..,0.29305559999999997,..,..,0.5,..,0.5,..,..,..,..,..,..,..,0.5,..,..,0.525,..,0.2670667,..,0.375
RWArl1998,Rwanda,RWA,Sub-Saharan Africa,Low income,1998,rl,4,-1.5182289999999998,0.2982756,-2.0074009999999998,-1.0290569999999999,30.8349215,5.133533,22.4159273,39.2539157,..,..,..,..,..,..,..,..,..,..,..,..,..,..,..,..,..,0.09999999999999999,..,0,..,..,..,..,..,..,..,..,..,..,0.436,..,..,..,0.25
SAUrl1998,Saudi Arabia,SAU,Middle East & North Africa,High income,1998,rl,6,0.0290436,0.20834,-0.31263399999999997,0.3707212,57.464571199999995,3.5856779,51.5840594,63.345082999999995,..,..,..,..,..,..,..,..,..,0.39999999999999997,..,..,..,..,..,..,..,0.7,..,0.5,..,..,..,..,..,..,..,0.8333332999999999,..,..,0.153,..,..,..,0.625
SDNrl1998,Sudan,SDN,Sub-Saharan Africa,Low income,1998,rl,6,-1.6620042,0.20834,-2.0036818,-1.3203266,28.360449199999998,3.5856779,22.4799374,34.240961,..,..,..,..,..,..,..,..,..,0.049999999999999996,..,..,..,..,..,..,..,0.3,..,0,..,..,..,..,..,..,..,0.3333333,..,..,0.047,..,..,..,0.25
SENrl1998,Senegal,SEN,Sub-Saharan Africa,Lower middle income,1998,rl,6,-0.047473999999999995,0.20834,-0.3891516,0.2942036,56.1476495,3.5856779,50.2671377,62.0281613,..,..,..,..,..,..,..,..,..,0.5,..,..,..,..,..,..,..,0.5,..,0.5,..,..,..,..,..,..,..,0.5,..,..,0.715,..,..,..,0.625
SGPrl1998,Singapore,SGP,East Asia & Pacific,High income,1998,rl,8,1.3643448,0.1868126,1.0579721,1.6707174999999999,80.44604389999999,3.2151766,75.1731543,85.7189336,..,..,..,..,..,..,..,..,..,0.7999999999999999,..,..,..,..,0.8169444,..,..,0.8999999999999999,..,0.5,..,..,..,..,..,..,..,1,..,..,0.698,..,0.7986667,..,0.75
SLBrl1998,Solomon Islands,SLB,East Asia & Pacific,Lower middle income,1998,rl,2,0.7761888,0.5350058999999999,-0.10122089999999999,1.6535985,70.3234655,9.2078281,55.222627499999994,85.4243036,..,..,..,..,..,..,..,..,..,..,..,..,..,..,..,..,..,..,..,1,..,..,..,..,..,..,..,..,..,..,0.733,..,..,..,..
SLErl1998,Sierra Leone,SLE,Sub-Saharan Africa,Low income,1998,rl,5,-1.1025619,0.2711907,-1.5473146,-0.6578092,37.9888446,4.6673822,30.334337899999998,45.6433514,..,..,..,..,..,..,..,..,..,..,..,..,..,..,..,..,..,0.3,..,0.5,..,..,..,..,..,..,..,0.5,..,..,0.173,..,..,..,0.25
SLVrl1998,El Salvador,SLV,Latin America & Caribbean,Upper middle income,1998,rl,8,-0.6994999,0.19591619999999998,-1.0208025,-0.37819729999999996,44.9258251,3.3718559,39.3959814,50.4556689,..,..,..,..,..,..,..,..,..,0.175,..,..,..,..,0.383,..,..,0.7,..,0.5,..,..,..,0.3466667,..,..,..,0.5,..,..,0.499,..,..,..,0.4375
SMRrl1998,San Marino,SMR,Europe & Central Asia,High income,1998,rl,1,0.8818861,0.6633167,-0.20595329999999998,1.9697255,72.1425904,11.4161471,53.4201092,90.8650716,..,..,..,..,..,..,..,..,..,..,..,..,..,..,..,..,..,..,..,1,..,..,..,..,..,..,..,..,..,..,..,..,..,..,..
SOMrl1998,Federal Republic of Somalia,SOM,Sub-Saharan Africa,Low income,1998,rl,3,-2.315045,0.35740259999999996,-2.9011853,-1.7289047,17.121157699999998,6.1511505,7.0332709,27.209044499999997,..,..,..,..,..,..,..,..,..,..,..,..,..,..,..,..,..,..,..,..,..,..,..,..,..,..,..,0.3333333,..,..,0.046,..,..,..,0.0625
SRBrl1998,Serbia,SRB,Europe & Central Asia,Upper middle income,1998,rl,6,-1.2795018,0.2213817,-1.6425678,-0.9164357999999999,34.9435845,3.8101349,28.694963299999998,41.192205699999995,..,..,..,..,..,..,..,..,..,0.15,..,..,0.3333333,..,..,..,..,..,..,0,..,..,..,..,..,..,..,0.6666667,..,..,0.45099999999999996,..,..,..,0.1875
STPrl1998,São Tomé and Príncipe,STP,Sub-Saharan Africa,Lower middle income,1998,rl,3,0.1529846,0.38423219999999997,-0.4771562,0.7831254,59.597682899999995,6.6129063,48.7525166,70.44284929999999,..,..,..,..,..,..,..,..,..,..,..,..,..,..,..,..,..,..,..,0.5,..,..,..,..,..,..,..,..,..,..,0.7819999999999999,..,..,..,0.625
SURrl1998,Suriname,SUR,Latin America & Caribbean,Upper middle income,1998,rl,5,-0.1025181,0.2711907,-0.5472708,0.3422346,55.2003018,4.6673822,47.545795,62.8548085,..,..,..,..,..,..,..,..,..,..,..,..,..,..,..,..,..,0.5,..,0.5,..,..,..,..,..,..,..,0.5,..,..,0.851,..,..,..,0.5625
SVKrl1998,Slovak Republic,SVK,Europe & Central Asia,High income,1998,rl,8,0.2053052,0.1909604,-0.10786989999999999,0.5184803,60.498157299999995,3.2865632999999996,55.1081935,65.888121,..,..,..,..,..,..,..,..,..,0.575,..,..,0.5,..,0.40277779999999996,..,..,0.5,..,0.5,..,..,..,..,..,..,..,0.8333332999999999,..,..,0.8059999999999999,..,..,..,0.6875
SVNrl1998,Slovenia,SVN,Europe & Central Asia,High income,1998,rl,7,1.2353201,0.20052,0.9064673,1.5641729,78.22543809999999,3.4510902,72.5656501,83.8852261,..,..,..,..,..,..,..,..,..,0.7999999999999999,..,..,0.9166667,..,..,..,..,0.7,..,1,..,..,..,..,..,..,..,0.8333332999999999,..,..,0.9139999999999999,..,..,..,0.875
SWErl1998,Sweden,SWE,Europe & Central Asia,High income,1998,rl,8,1.6777183999999998,0.1868126,1.3713457,1.9840910999999999,85.839424,3.2151766,80.5665344,91.1123136,..,..,..,..,..,..,..,..,..,1,..,..,..,..,0.7844443999999999,..,..,0.7,..,1,..,..,..,..,..,..,..,1,..,..,0.974,..,0.6585667,..,1
SWZrl1998,Eswatini,SWZ,Sub-Saharan Africa,Lower middle income,1998,rl,4,-0.2108714,0.2982756,-0.7000434,0.2783006,53.335465299999996,5.133533,44.916471099999995,61.754459399999995,..,..,..,..,..,..,..,..,..,..,..,..,..,..,..,..,..,0.7,..,0.5,..,..,..,..,..,..,..,..,..,..,0.312,..,..,..,0.3125
SYCrl1998,Seychelles,SYC,Sub-Saharan Africa,High income,1998,rl,3,0.45156769999999996,0.38423219999999997,-0.17857309999999998,1.0817085,64.7365081,6.6129063,53.8913417,75.5816744,..,..,..,..,..,..,..,..,..,..,..,..,..,..,..,..,..,..,..,0.5,..,..,..,..,..,..,..,..,..,..,0.578,..,..,..,0.8125
SYRrl1998,Syrian Arab Republic,SYR,Middle East & North Africa,Low income,1998,rl,6,-0.5591627,0.20834,-0.9008402999999999,-0.2174851,47.3411271,3.5856779,41.4606153,53.221638899999995,..,..,..,..,..,..,..,..,..,0.3,..,..,..,..,..,..,..,0.3,..,0.5,..,..,..,..,..,..,..,0.8333332999999999,..,..,0.102,..,..,..,0.5625
TCDrl1998,Chad,TCD,Sub-Saharan Africa,Low income,1998,rl,4,-1.090056,0.2982756,-1.5792279999999999,-0.600884,38.20408,5.133533,29.785085799999997,46.6230741,..,..,..,..,..,..,..,..,..,..,..,..,..,..,..,..,..,0.3,..,0,..,..,..,..,..,..,..,..,..,..,0.19699999999999998,..,..,..,0.375
TGOrl1998,Togo,TGO,Sub-Saharan Africa,Low income,1998,rl,5,-0.8444754,0.2711907,-1.2892280999999999,-0.3997227,42.4306948,4.6673822,34.7761881,50.0852016,..,..,..,..,..,..,..,..,..,..,..,..,..,..,..,..,..,0.3,..,0,..,..,..,..,..,..,..,0.5,..,..,0.384,..,..,..,0.5
THArl1998,Thailand,THA,East Asia & Pacific,Upper middle income,1998,rl,8,0.5182612,0.1868126,0.21188849999999998,0.8246338999999999,65.88435009999999,3.2151766,60.6114605,71.1572398,..,..,..,..,..,..,..,..,..,0.6749999999999999,..,..,..,..,0.5013889,..,..,0.7,..,0.5,..,..,..,..,..,..,..,0.8333332999999999,..,..,0.72,..,0.4580333,..,0.6875
TJKrl1998,Tajikistan,TJK,Europe & Central Asia,Lower middle income,1998,rl,5,-1.4184687,0.2765858,-1.8720694,-0.964868,32.5518664,4.760236,24.745079399999998,40.358653499999996,..,..,..,..,..,..,..,..,..,..,..,..,0.1666667,..,..,..,..,0.3,..,0,..,..,..,..,..,..,..,..,..,..,0.16599999999999998,..,..,..,0.1875
TKMrl1998,Turkmenistan,TKM,Europe & Central Asia,Upper middle income,1998,rl,5,-1.3014198,0.2765858,-1.7550204999999999,-0.8478190999999999,34.5663603,4.760236,26.7595733,42.3731474,..,..,..,..,..,..,..,..,..,..,..,..,0.0416667,..,..,..,..,0.3,..,0,..,..,..,..,..,..,..,..,..,..,0.044,..,..,..,0.375
TONrl1998,Tonga,TON,East Asia & Pacific,Upper middle income,1998,rl,1,0.8818861,0.6633167,-0.20595329999999998,1.9697255,72.1425904,11.4161471,53.4201092,90.8650716,..,..,..,..,..,..,..,..,..,..,..,..,..,..,..,..,..,..,..,1,..,..,..,..,..,..,..,..,..,..,..,..,..,..,..
TTOrl1998,Trinidad and Tobago,TTO,Latin America & Caribbean,High income,1998,rl,6,0.7097717,0.20834,0.3680941,1.0514493,69.1803805,3.5856779,63.2998687,75.06089229999999,..,..,..,..,..,..,..,..,..,0.6,..,..,..,..,..,..,..,0.8999999999999999,..,1,..,..,..,..,..,..,..,0.6666667,..,..,0.824,..,..,..,0.625
TUNrl1998,Tunisia,TUN,Middle East & North Africa,Lower middle income,1998,rl,6,-0.2559324,0.20834,-0.59761,0.0857452,52.559933799999996,3.5856779,46.679421999999995,58.4404456,..,..,..,..,..,..,..,..,..,0.39999999999999997,..,..,..,..,..,..,..,0.5,..,0,..,..,..,..,..,..,..,0.8333332999999999,..,..,0.26999999999999996,..,..,..,0.5625
TURrl1998,Türkiye,TUR,Europe & Central Asia,Upper middle income,1998,rl,8,-0.18817889999999998,0.1868126,-0.4945516,0.11819379999999999,53.726019199999996,3.2151766,48.453129499999996,58.998908799999995,..,..,..,..,..,..,..,..,..,0.325,..,..,..,..,0.5461111,..,..,0.7,..,0.5,..,..,..,..,..,..,..,0.6666667,..,..,0.6749999999999999,..,0.3966667,..,0.5
TUVrl1998,Tuvalu,TUV,East Asia & Pacific,Upper middle income,1998,rl,1,0.8818861,0.6633167,-0.20595329999999998,1.9697255,72.1425904,11.4161471,53.4201092,90.8650716,..,..,..,..,..,..,..,..,..,..,..,..,..,..,..,..,..,..,..,1,..,..,..,..,..,..,..,..,..,..,..,..,..,..,..
TWNrl1998,"Taiwan, China",TWN,East Asia & Pacific,High income,1998,rl,8,0.7420812,0.1868126,0.4357085,1.0484539,69.7364497,3.2151766,64.4635601,75.0093394,..,..,..,..,..,..,..,..,..,0.6749999999999999,..,..,..,..,0.6105556,..,..,0.8999999999999999,..,0.5,..,..,..,..,..,..,..,0.6666667,..,..,0.729,..,0.5568,..,0.75
TZArl1998,Tanzania,TZA,Sub-Saharan Africa,Lower middle income,1998,rl,6,-0.2057186,0.20834,-0.5473962,0.135959,53.424148599999995,3.5856779,47.543636799999994,59.304660399999996,..,..,..,..,..,..,..,..,..,0.325,..,..,..,..,..,..,..,0.5,..,0.5,..,..,..,..,..,..,..,0.8333332999999999,..,..,0.7889999999999999,..,..,..,0.5
UGArl1998,Uganda,UGA,Sub-Saharan Africa,Low income,1998,rl,6,-0.574301,0.20834,-0.9159786,-0.23262339999999998,47.0805863,3.5856779,41.2000745,52.9610981,..,..,..,..,..,..,..,..,..,0.125,..,..,..,..,..,..,..,0.7,..,0.5,..,..,..,..,..,..,..,0.6666667,..,..,0.625,..,..,..,0.4375
UKRrl1998,Ukraine,UKR,Europe & Central Asia,Upper middle income,1998,rl,8,-1.0835454,0.1909604,-1.3967205,-0.7703703,38.316131999999996,3.2865632,32.9261683,43.7060957,..,..,..,..,..,..,..,..,..,0.15,..,..,0.5,..,0.2822222,..,..,0.3,..,0.5,..,..,..,..,..,..,..,0.6666667,..,..,0.48,..,..,..,0.25
URYrl1998,Uruguay,URY,Latin America & Caribbean,High income,1998,rl,7,0.5253211,0.2062812,0.1870199,0.8636223,66.005856,3.5502449,60.183454399999995,71.8282576,..,..,..,..,..,..,..,..,..,0.6,..,..,..,..,..,..,..,0.7,..,1,..,..,..,0.5466667,..,..,..,0.5,..,..,0.9269999999999999,..,..,..,0.6875
USArl1998,United States,USA,North America,High income,1998,rl,8,1.596933,0.1868126,1.2905602999999999,1.9033057,84.44905039999999,3.2151766,79.17616079999999,89.7219401,..,..,..,..,..,..,..,..,..,0.875,..,..,..,..,0.7991667,..,..,0.8999999999999999,..,1,..,..,..,..,..,..,..,1,..,..,0.94,..,0.6984,..,0.875
UZBrl1998,Uzbekistan,UZB,Europe & Central Asia,Lower middle income,1998,rl,5,-1.1991399999999999,0.22801929999999998,-1.5730917,-0.8251883,36.3266676,3.9243729999999997,29.890695899999997,42.7626394,..,..,..,..,..,..,..,..,..,0.175,..,..,0.0833333,..,..,..,..,0.3,..,0.5,..,..,..,..,..,..,..,..,..,..,0.08299999999999999,..,..,..,..
VCTrl1998,St. Vincent and the Grenadines,VCT,Latin America & Caribbean,Upper middle income,1998,rl,1,0.8818861,0.6633167,-0.20595329999999998,1.9697255,72.1425904,11.4161471,53.4201092,90.8650716,..,..,..,..,..,..,..,..,..,..,..,..,..,..,..,..,..,..,..,1,..,..,..,..,..,..,..,..,..,..,..,..,..,..,..
VENrl1998,"Venezuela, RB",VEN,Latin America & Caribbean,,1998,rl,9,-0.7601157,0.185324,-1.0640471,-0.4561843,43.8825846,3.1895567999999996,38.651711399999996,49.1134577,..,..,..,..,..,..,..,..,..,0.3,..,..,..,..,0.30138889999999996,..,..,0.5,..,0.5,..,..,..,0.3433333,..,..,..,0.6666667,..,..,0.773,..,0.17279999999999998,..,0.3125
VNMrl1998,Viet Nam,VNM,East Asia & Pacific,Lower middle income,1998,rl,7,-0.5864448999999999,0.1976774,-0.9106358,-0.262254,46.8715812,3.4021667,41.2920278,52.451134599999996,..,..,..,..,..,..,..,..,..,0.44999999999999996,..,..,..,..,0.4538889,..,..,0.09999999999999999,..,0,..,..,..,..,..,..,..,0.8333332999999999,..,..,0.261,..,..,..,0.5
VUTrl1998,Vanuatu,VUT,East Asia & Pacific,Lower middle income,1998,rl,2,0.3543536,0.5350058999999999,-0.5230561,1.2317633,63.0633851,9.2078281,47.962547,78.1642231,..,..,..,..,..,..,..,..,..,..,..,..,..,..,..,..,..,..,..,0.5,..,..,..,..,..,..,..,..,..,..,0.837,..,..,..,..
WSMrl1998,Samoa,WSM,East Asia & Pacific,Upper middle income,1998,rl,3,0.7223267999999999,0.3159268,0.2042068,1.2404468,69.39646259999999,5.4373229,60.479253,78.3136722,..,..,..,..,..,..,..,..,..,..,..,..,..,..,..,..,..,0.5,..,1,..,..,..,..,..,..,..,..,..,..,..,..,..,..,0.875
YEMrl1998,"Yemen, Rep.",YEM,Middle East & North Africa,Low income,1998,rl,6,-1.3495399,0.20834,-1.6912174999999998,-1.0078623,33.738179599999995,3.5856779,27.857667799999998,39.618691399999996,..,..,..,..,..,..,..,..,..,0.09999999999999999,..,..,..,..,..,..,..,0.3,..,0,..,..,..,..,..,..,..,0.5,..,..,0.311,..,..,..,0.3125
ZAFrl1998,South Africa,ZAF,Sub-Saharan Africa,Upper middle income,1998,rl,8,-0.0081801,0.1868126,-0.31455279999999997,0.2981926,56.8239251,3.2151766,51.5510355,62.096814699999996,..,..,..,..,..,..,..,..,..,0.6,..,..,..,..,0.45444439999999997,..,..,0.5,..,1,..,..,..,..,..,..,..,0.5,..,..,0.837,..,0.3628667,..,0.5
ZMBrl1998,Zambia,ZMB,Sub-Saharan Africa,Lower middle income,1998,rl,6,-0.4620717,0.20834,-0.8037493,-0.12039409999999999,49.0121314,3.5856779,43.1316196,54.892643199999995,..,..,..,..,..,..,..,..,..,0.25,..,..,..,..,..,..,..,0.5,..,1,..,..,..,..,..,..,..,0.6666667,..,..,0.736,..,..,..,0.375
ZWErl1998,Zimbabwe,ZWE,Sub-Saharan Africa,Lower middle income,1998,rl,7,-0.9281334,0.1976774,-1.2523243,-0.6039424999999999,40.9908818,3.4021667,35.411328399999995,46.5704352,..,..,..,..,..,..,..,..,..,0.049999999999999996,..,..,..,..,0.5477778,..,..,0.3,..,0.5,..,..,..,..,..,..,..,0.6666667,..,..,0.5619999999999999,..,..,..,0.5
ADOrl2000,Andorra,ADO,,,2000,rl,2,0.9765284,0.4243771,0.28054999999999997,1.6725067999999998,73.77145089999999,7.3038279,61.7931732,85.74972869999999,..,..,..,..,..,..,..,..,..,..,..,..,..,..,..,..,..,..,..,0.5,..,..,..,..,..,..,..,..,..,..,..,..,..,..,0.9375
AFGrl2000,Afghanistan,AFG,South Asia,Low income,2000,rl,3,-1.9150642,0.38423219999999997,-2.5452049999999997,-1.2849234,24.0051086,6.6129063,13.159942299999999,34.850274999999996,..,..,..,..,..,..,..,..,..,..,..,..,..,..,..,..,..,..,..,0,..,..,..,..,..,..,..,..,..,..,0.072,..,..,..,0.1875
AGOrl2000,Angola,AGO,Sub-Saharan Africa,Lower middle income,2000,rl,6,-1.4633034999999999,0.20834,-1.8049811,-1.1216259,31.780227999999997,3.5856779,25.8997162,37.6607398,..,..,..,..,..,..,..,..,..,0.075,..,..,..,..,..,..,..,0.3,..,0,..,..,..,..,..,..,..,0.5,..,..,0.22699999999999998,..,..,..,0.25
ALBrl2000,Albania,ALB,Europe & Central Asia,Upper middle income,2000,rl,7,-0.9694166999999999,0.2544392,-1.3866969999999998,-0.5521364,40.2803672,4.3790777,33.0986797,47.462054599999995,..,..,..,..,..,0.3675346,..,..,..,..,..,..,0.4166667,..,..,..,..,0.3,..,0.5,..,..,..,..,..,..,..,0.3333333,..,..,0.7739999999999999,..,..,..,0.25
ARErl2000,United Arab Emirates,ARE,Middle East & North Africa,High income,2000,rl,6,0.5320962,0.20834,0.1904186,0.8737737999999999,66.12246019999999,3.5856779,60.2419484,72.002972,..,..,..,..,..,..,..,..,..,0.525,..,..,..,..,..,..,..,0.8999999999999999,..,0.5,..,..,..,..,..,..,..,0.6666667,..,..,0.27599999999999997,..,..,..,0.875
ARGrl2000,Argentina,ARG,Latin America & Caribbean,Upper middle income,2000,rl,9,-0.160553,0.185324,-0.46448439999999996,0.1433784,54.2014803,3.1895567999999996,48.970607199999996,59.4323535,..,..,..,..,..,..,..,..,..,0.44999999999999996,..,..,..,..,0.42619049999999997,..,..,0.5,..,0.5,..,..,..,0.29,..,..,..,0.8333332999999999,..,..,0.7839999999999999,..,0.32786889999999996,..,0.5625
ARMrl2000,Armenia,ARM,Europe & Central Asia,Upper middle income,2000,rl,7,-0.44420869999999996,0.2544392,-0.861489,-0.026928399999999998,49.3195662,4.3790777,42.137878799999996,56.5012537,..,..,..,..,..,0.5197265999999999,..,..,..,..,..,..,0.3333333,..,..,..,..,0.5,..,0.5,..,..,..,..,..,..,..,0.5,..,..,0.39699999999999996,..,..,..,0.5
ATGrl2000,Antigua and Barbuda,ATG,Latin America & Caribbean,High income,2000,rl,2,0.9643554,0.4243771,0.268377,1.6603337999999999,73.5619451,7.3038279,61.583667299999995,85.5402228,..,..,..,..,..,..,..,..,..,..,..,..,..,..,..,..,..,..,..,1,..,..,..,..,..,..,..,..,..,..,..,..,..,..,0.8125
AUSrl2000,Australia,AUS,East Asia & Pacific,High income,2000,rl,8,1.7962338,0.1868126,1.4898611,2.1026065,87.8791574,3.2151766,82.60626769999999,93.152047,..,..,..,..,..,..,..,..,..,0.8999999999999999,..,..,..,..,0.8380951999999999,..,..,0.8999999999999999,..,1,..,..,..,..,..,..,..,1,..,..,0.966,..,0.8601088,..,0.9375
AUTrl2000,Austria,AUT,Europe & Central Asia,High income,2000,rl,9,1.8998688,0.1802991,1.6041782999999998,2.1955592999999998,89.6627886,3.1030740999999997,84.5737472,94.75183009999999,..,..,..,..,..,..,..,..,..,0.9249999999999999,..,0.7885,..,..,0.8380951999999999,..,..,0.8999999999999999,..,1,..,..,..,..,..,..,..,1,..,..,0.9259999999999999,..,0.8911110999999999,..,1
AZErl2000,Azerbaijan,AZE,Europe & Central Asia,Upper middle income,2000,rl,8,-1.0982414,0.2004501,-1.4269796,-0.7695031999999999,38.0632035,3.4498876,32.4053879,43.7210191,..,..,..,..,..,0.4911789,..,..,..,0.19999999999999998,..,..,0.2916667,..,..,..,..,0.3,..,0,..,..,..,..,..,..,..,0.6666667,..,..,0.184,..,..,..,0.3125
BDIrl2000,Burundi,BDI,Sub-Saharan Africa,Low income,2000,rl,4,-1.244465,0.2982756,-1.7336369999999999,-0.755293,35.546592499999996,5.133533,27.1275983,43.965586599999995,..,..,..,..,..,..,..,..,..,..,..,..,..,..,..,..,..,0.3,..,0,..,..,..,..,..,..,..,..,..,..,0.45399999999999996,..,..,..,0.1875
BELrl2000,Belgium,BEL,Europe & Central Asia,High income,2000,rl,9,1.3343873,0.1802991,1.0386967999999999,1.6300778,79.9304543,3.1030740999999997,74.8414128,85.0194958,..,..,..,..,..,..,..,..,..,0.85,..,0.502,..,..,0.7095237999999999,..,..,0.8999999999999999,..,1,..,..,..,..,..,..,..,0.8333332999999999,..,..,0.9329999999999999,..,0.6591667,..,0.875
BENrl2000,Benin,BEN,Sub-Saharan Africa,Lower middle income,2000,rl,4,-0.28438179999999996,0.2982756,-0.7735538,0.20479019999999998,52.0702996,5.133533,43.6513054,60.4892938,..,..,..,..,..,..,..,..,..,..,..,..,..,..,..,..,..,0.3,..,0.5,..,..,..,..,..,..,..,..,..,..,0.816,..,..,..,0.5625
BFArl2000,Burkina Faso,BFA,Sub-Saharan Africa,Low income,2000,rl,5,-0.6626527999999999,0.2711907,-1.1074055,-0.21790009999999999,45.559989599999994,4.6673822,37.905482899999996,53.214496399999994,..,..,..,..,..,..,..,..,..,..,..,..,..,..,..,..,..,0.3,..,0,..,..,..,..,..,..,..,0.6666667,..,..,0.5599999999999999,..,..,..,0.4375
BGDrl2000,Bangladesh,BGD,South Asia,Lower middle income,2000,rl,7,-1.1178221,0.1976774,-1.442013,-0.7936312,37.7262059,3.4021667,32.1466525,43.3057593,..,..,..,..,..,..,..,..,..,0.27499999999999997,..,..,..,..,0.2880952,..,..,0.3,..,0.5,..,..,..,..,..,..,..,0.3333333,..,..,0.44699999999999995,..,..,..,0.3125
BGRrl2000,Bulgaria,BGR,Europe & Central Asia,High income,2000,rl,9,-0.0907549,0.1909,-0.4038309,0.2223211,55.402754699999996,3.2855233,50.0144966,60.7910129,..,..,..,..,..,0.47388729999999996,..,..,..,0.5499999999999999,..,..,0.5833332999999999,..,0.3380952,..,..,0.5,..,0.5,..,..,..,..,..,..,..,0.6666667,..,..,0.875,..,..,..,0.4375
BHRrl2000,Bahrain,BHR,Middle East & North Africa,High income,2000,rl,5,0.303979,0.2140899,-0.0471284,0.6550864,62.196402799999994,3.6846373999999997,56.1535975,68.2392081,..,..,..,..,..,..,..,..,..,0.44999999999999996,..,..,..,..,..,..,..,0.6,..,0.5,..,..,..,..,..,..,..,0.8333332999999999,..,..,..,..,..,..,0.8125
BHSrl2000,"Bahamas, The",BHS,Latin America & Caribbean,High income,2000,rl,4,1.2423826,0.2842523,0.7762087999999999,1.7085564,78.3469887,4.8921823,70.3238097,86.3701677,..,..,..,..,..,..,..,..,..,..,..,..,..,..,..,..,..,0.8999999999999999,..,1,..,..,..,..,..,..,..,0.6666667,..,..,..,..,..,..,0.875
BIHrl2000,Bosnia and Herzegovina,BIH,Europe & Central Asia,Upper middle income,2000,rl,6,-0.6188623,0.2170407,-0.9748089999999999,-0.26291559999999997,46.313654899999996,3.7354225999999997,40.1875619,52.439747999999994,..,..,..,..,..,0.4162632,..,..,..,0.5,..,..,0.25,..,..,..,..,0.09999999999999999,..,..,..,..,..,..,..,..,..,..,..,..,0.57,..,..,..,0.4375
BLRrl2000,Belarus,BLR,Europe & Central Asia,Upper middle income,2000,rl,7,-0.968429,0.2544392,-1.3857093,-0.5511486999999999,40.2973662,4.3790777,33.1156787,47.4790536,..,..,..,..,..,0.5669145,..,..,..,..,..,..,0.0416667,..,..,..,..,0.3,..,0,..,..,..,..,..,..,..,0.6666667,..,..,0.218,..,..,..,0.4375
BLZrl2000,Belize,BLZ,Latin America & Caribbean,Upper middle income,2000,rl,3,0.37596989999999997,0.3159268,-0.1421501,0.8940899,63.4354168,5.4373229,54.5182072,72.35262639999999,..,..,..,..,..,..,..,..,..,..,..,..,..,..,..,..,..,0.7,..,0.5,..,..,..,..,..,..,..,..,..,..,..,..,..,..,0.5625
BMUrl2000,Bermuda,BMU,North America,High income,2000,rl,1,1.0428445,0.4850462,0.2473687,1.8383203,74.9127977,8.3479866,61.222099699999994,88.6034957,..,..,..,..,..,..,..,..,..,..,..,..,..,..,..,..,..,..,..,..,..,..,..,..,..,..,..,..,..,..,..,..,..,..,0.875
BOLrl2000,Bolivia,BOL,Latin America & Caribbean,Lower middle income,2000,rl,8,-0.4587099,0.19591619999999998,-0.7800125,-0.13740729999999998,49.069990399999995,3.3718559,43.5401467,54.599834099999995,..,..,..,..,..,..,..,..,..,0.44999999999999996,..,..,..,..,0.3,..,..,0.5,..,0.5,..,..,..,0.19499999999999998,..,..,..,0.5,..,..,0.6659999999999999,..,..,..,0.5
BRArl2000,Brazil,BRA,Latin America & Caribbean,Upper middle income,2000,rl,9,-0.36649499999999996,0.185324,-0.6704264,-0.0625636,50.6570737,3.1895567999999996,45.4262005,55.887946799999995,..,..,..,..,..,..,..,..,..,0.44999999999999996,..,..,..,..,0.4666667,..,..,0.5,..,0.5,..,..,..,0.32,..,..,..,0.3333333,..,..,0.82,..,0.4768116,..,0.4375
BRBrl2000,Barbados,BRB,Latin America & Caribbean,High income,2000,rl,4,1.4963631,0.2982756,1.0071911,1.9855350999999999,82.7181717,5.133533,74.2991776,91.1371659,..,..,..,..,..,..,..,..,..,..,..,..,..,..,..,..,..,0.8999999999999999,..,1,..,..,..,..,..,..,..,..,..,..,0.855,..,..,..,0.875
BRNrl2000,Brunei Darussalam,BRN,East Asia & Pacific,High income,2000,rl,3,0.7763369,0.355562,0.1932152,1.3594586,70.32601439999999,6.1194723,60.290079899999995,80.361949,..,..,..,..,..,..,..,..,..,..,..,..,..,..,..,..,..,..,..,0.5,..,..,..,..,..,..,..,1,..,..,..,..,..,..,0.6875
BTNrl2000,Bhutan,BTN,South Asia,Lower middle income,2000,rl,3,-0.1881204,0.38423219999999997,-0.8182611999999999,0.4420204,53.727025999999995,6.6129063,42.8818596,64.5721923,..,..,..,..,..,..,..,..,..,..,..,..,..,..,..,..,..,..,..,0,..,..,..,..,..,..,..,..,..,..,0.573,..,..,..,0.6875
BWArl2000,Botswana,BWA,Sub-Saharan Africa,Upper middle income,2000,rl,6,0.5903786999999999,0.20834,0.24870109999999998,0.9320563,67.125543,3.5856779,61.2450312,73.0060548,..,..,..,..,..,..,..,..,..,0.6,..,..,..,..,..,..,..,0.7,..,1,..,..,..,..,..,..,..,0.6666667,..,..,0.871,..,..,..,0.6875
CAFrl2000,Central African Republic,CAF,Sub-Saharan Africa,Low income,2000,rl,3,-1.2263368,0.38423219999999997,-1.8564775999999998,-0.596196,35.8585916,6.6129063,25.0134252,46.7037579,..,..,..,..,..,..,..,..,..,..,..,..,..,..,..,..,..,..,..,0.5,..,..,..,..,..,..,..,..,..,..,0.497,..,..,..,0.1875
CANrl2000,Canada,CAN,North America,High income,2000,rl,8,1.795216,0.1868126,1.4888432999999999,2.1015886999999998,87.86164029999999,3.2151766,82.58875069999999,93.13453,..,..,..,..,..,..,..,..,..,0.875,..,..,..,..,0.8309523999999999,..,..,0.8999999999999999,..,1,..,..,..,..,..,..,..,1,..,..,0.9159999999999999,..,0.8784946,..,1
CHErl2000,Switzerland,CHE,Europe & Central Asia,High income,2000,rl,8,2.0039306999999997,0.1868126,1.697558,2.3103034,91.4537671,3.2151766,86.1808775,96.7266568,..,..,..,..,..,..,..,..,..,1,..,..,..,..,0.8809524,..,..,0.8999999999999999,..,1,..,..,..,..,..,..,..,1,..,..,0.955,..,0.8690791999999999,..,1
CHLrl2000,Chile,CHL,Latin America & Caribbean,High income,2000,rl,9,1.3164479,0.185324,1.0125165,1.6203793,79.6217046,3.1895567999999996,74.39083149999999,84.85257779999999,..,..,..,..,..,..,..,..,..,0.825,..,..,..,..,0.7785713999999999,..,..,0.8999999999999999,..,1,..,..,..,0.45999999999999996,..,..,..,0.8333332999999999,..,..,0.9349999999999999,..,0.6037165,..,0.8125
CHNrl2000,China,CHN,East Asia & Pacific,Upper middle income,2000,rl,8,-0.6100298,0.1868126,-0.9164025,-0.3036571,46.4656685,3.2151766,41.1927788,51.7385581,..,..,..,..,..,..,..,..,..,0.35,..,..,..,..,0.4357143,..,..,0.3,..,0,..,..,..,..,..,..,..,0.6666667,..,..,0.22699999999999998,..,0.5733332999999999,..,0.4375
CIVrl2000,Côte d’Ivoire,CIV,Sub-Saharan Africa,Lower middle income,2000,rl,6,-1.2604893,0.20834,-1.6021668999999998,-0.9188117,35.270803,3.5856779,29.3902912,41.1513148,..,..,..,..,..,..,..,..,..,0.049999999999999996,..,..,..,..,..,..,..,0.3,..,0.5,..,..,..,..,..,..,..,0.5,..,..,0.45899999999999996,..,..,..,0.375
CMRrl2000,Cameroon,CMR,Sub-Saharan Africa,Lower middle income,2000,rl,6,-1.2720614,0.20834,-1.613739,-0.9303838,35.071639,3.5856779,29.1911272,40.9521508,..,..,..,..,..,..,..,..,..,0.175,..,..,..,..,..,..,..,0.3,..,0.5,..,..,..,..,..,..,..,0.3333333,..,..,0.367,..,..,..,0.25
CODrl2000,"Congo, Dem. Rep.",COD,Sub-Saharan Africa,Low income,2000,rl,4,-2.0582513,0.2851901,-2.5259631,-1.5905395,21.5407579,4.9083226,13.491108899999999,29.590406899999998,..,..,..,..,..,..,..,..,..,..,..,..,..,..,..,..,..,0.09999999999999999,..,..,..,..,..,..,..,..,..,0.1666667,..,..,0.148,..,..,..,0.1875
COGrl2000,"Congo, Rep.",COG,Sub-Saharan Africa,Lower middle income,2000,rl,5,-1.266919,0.2711907,-1.7116717,-0.8221663,35.160143399999995,4.6673822,27.5056366,42.8146501,..,..,..,..,..,..,..,..,..,..,..,..,..,..,..,..,..,0.3,..,0.5,..,..,..,..,..,..,..,0.3333333,..,..,0.22699999999999998,..,..,..,0.25
COLrl2000,Colombia,COL,Latin America & Caribbean,Upper middle income,2000,rl,9,-1.051231,0.185324,-1.3551624,-0.7472996,38.8722855,3.1895567999999996,33.6414124,44.103158699999994,..,..,..,..,..,..,..,..,..,0.25,..,..,..,..,0.347619,..,..,0.5,..,0.5,..,..,..,0.39499999999999996,..,..,..,0.1666667,..,..,0.747,..,0.23866669999999998,..,0.25
COMrl2000,Comoros,COM,Sub-Saharan Africa,Lower middle income,2000,rl,3,-1.4149714,0.38423219999999997,-2.0451121999999997,-0.7848305999999999,32.6120574,6.6129063,21.7668911,43.4572238,..,..,..,..,..,..,..,..,..,..,..,..,..,..,..,..,..,..,..,0,..,..,..,..,..,..,..,..,..,..,0.27399999999999997,..,..,..,0.3125
CPVrl2000,Cabo Verde,CPV,Sub-Saharan Africa,Upper middle income,2000,rl,3,0.8077814999999999,0.35443749999999996,0.22650399999999998,1.389059,70.8671981,6.1001186999999994,60.8630035,80.8713927,..,..,..,..,..,..,..,..,..,..,..,..,..,..,..,..,..,0.7,..,0.5,..,..,..,..,..,..,..,..,..,..,0.8989999999999999,..,..,..,..
CRIrl2000,Costa Rica,CRI,Latin America & Caribbean,High income,2000,rl,8,0.4845927,0.19591619999999998,0.1632901,0.8058953,65.30489159999999,3.3718559,59.775047799999996,70.83473529999999,..,..,..,..,..,..,..,..,..,0.65,..,..,..,..,0.5309524,..,..,0.5,..,1,..,..,..,0.415,..,..,..,0.6666667,..,..,0.952,..,..,..,0.75
CUBrl2000,Cuba,CUB,Latin America & Caribbean,Upper middle income,2000,rl,6,-1.1156078,0.20834,-1.4572854,-0.7739302,37.764315499999995,3.5856779,31.883803699999998,43.644827299999996,..,..,..,..,..,..,..,..,..,0.25,..,..,..,..,..,..,..,0.09999999999999999,..,0,..,..,..,..,..,..,..,0.6666667,..,..,0.11699999999999999,..,..,..,0.4375
CYMrl2000,Cayman Islands,CYM,Latin America & Caribbean,High income,2000,rl,1,1.2979657999999998,0.4850462,0.50249,2.0934416,79.3036147,8.3479866,65.6129167,92.9943127,..,..,..,..,..,..,..,..,..,..,..,..,..,..,..,..,..,..,..,..,..,..,..,..,..,..,..,..,..,..,..,..,..,..,0.9375
CYPrl2000,Cyprus,CYP,Europe & Central Asia,High income,2000,rl,6,1.1744652,0.20834,0.8327876,1.5161428,77.1780825,3.5856779,71.2975707,83.0585943,..,..,..,..,..,..,..,..,..,0.75,..,..,..,..,..,..,..,0.8999999999999999,..,1,..,..,..,..,..,..,..,0.8333332999999999,..,..,0.834,..,..,..,0.75
CZErl2000,Czechia,CZE,Europe & Central Asia,High income,2000,rl,10,0.5742693,0.1810611,0.2773291,0.8712095,66.8482889,3.1161887999999998,61.7377392,71.95883859999999,..,..,..,..,..,0.459478,..,..,..,0.625,..,..,0.75,..,0.41190479999999996,..,..,0.7,..,1,..,..,..,..,..,..,..,0.8333332999999999,..,..,0.9189999999999999,..,0.41352659999999997,..,0.8125
DEUrl2000,Germany,DEU,Europe & Central Asia,High income,2000,rl,9,1.6877898999999998,0.1802991,1.3920994,1.9834804,86.01276159999999,3.1030740999999997,80.9237201,91.1018031,..,..,..,..,..,..,..,..,..,0.8999999999999999,..,0.6465,..,..,0.8309523999999999,..,..,0.8999999999999999,..,1,..,..,..,..,..,..,..,0.8333332999999999,..,..,0.969,..,0.8698039,..,0.9375
DJIrl2000,Djibouti,DJI,Middle East & North Africa,Lower middle income,2000,rl,4,-0.6800991,0.2982756,-1.1692711,-0.1909271,45.2597266,5.133533,36.8407324,53.6787207,..,..,..,..,..,..,..,..,..,..,..,..,..,..,..,..,..,0.5,..,0,..,..,..,..,..,..,..,..,..,..,0.289,..,..,..,0.375
DMArl2000,Dominica,DMA,Latin America & Caribbean,Upper middle income,2000,rl,2,0.7690634,0.4243771,0.073085,1.4650417999999998,70.2008324,7.3038279,58.222554599999995,82.1791101,..,..,..,..,..,..,..,..,..,..,..,..,..,..,..,..,..,..,..,1,..,..,..,..,..,..,..,..,..,..,..,..,..,..,0.75
DNKrl2000,Denmark,DNK,Europe & Central Asia,High income,2000,rl,9,1.9694159,0.1802991,1.6737254,2.2651064,90.8597431,3.1030740999999997,85.77070169999999,95.9487846,..,..,..,..,..,..,..,..,..,0.95,..,0.8734999999999999,..,..,0.8452381,..,..,0.8999999999999999,..,1,..,..,..,..,..,..,..,1,..,..,0.984,..,0.8712643999999999,..,1
DOMrl2000,Dominican Republic,DOM,Latin America & Caribbean,Upper middle income,2000,rl,6,-0.7152811,0.20834,-1.0569587,-0.3736035,44.6542196,3.5856779,38.7737078,50.5347314,..,..,..,..,..,..,..,..,..,0.27499999999999997,..,..,..,..,..,..,..,0.3,..,0.5,..,..,..,..,..,..,..,0.6666667,..,..,0.45499999999999996,..,..,..,0.4375
DZArl2000,Algeria,DZA,Middle East & North Africa,Upper middle income,2000,rl,6,-1.2303648,0.20834,-1.5720424,-0.8886872,35.7892668,3.5856779,29.908755,41.6697786,..,..,..,..,..,..,..,..,..,0.15,..,..,..,..,..,..,..,0.3,..,0.5,..,..,..,..,..,..,..,0.3333333,..,..,0.33199999999999996,..,..,..,0.375
ECUrl2000,Ecuador,ECU,Latin America & Caribbean,Upper middle income,2000,rl,8,-0.8265146,0.19591619999999998,-1.1478172,-0.505212,42.739812799999996,3.3718559,37.209969099999995,48.269656499999996,..,..,..,..,..,..,..,..,..,0.35,..,..,..,..,0.2833333,..,..,0.3,..,0.5,..,..,..,0.235,..,..,..,0.5,..,..,0.597,..,..,..,0.4375
EGYrl2000,"Egypt, Arab Rep.",EGY,Middle East & North Africa,Lower middle income,2000,rl,7,-0.1178374,0.1976774,-0.4420283,0.2063535,54.936645899999995,3.4021667,49.3570925,60.516199199999996,..,..,..,..,..,..,..,..,..,0.44999999999999996,..,..,..,..,0.6214286,..,..,0.5,..,0.5,..,..,..,..,..,..,..,0.6666667,..,..,0.45799999999999996,..,..,..,0.5
ERIrl2000,Eritrea,ERI,Sub-Saharan Africa,Low income,2000,rl,3,-0.9662757,0.38423219999999997,-1.5964165,-0.33613489999999996,40.334426,6.6129063,29.489259599999997,51.179592299999996,..,..,..,..,..,..,..,..,..,..,..,..,..,..,..,..,..,..,..,0.5,..,..,..,..,..,..,..,..,..,..,0.06999999999999999,..,..,..,0.4375
ESPrl2000,Spain,ESP,Europe & Central Asia,High income,2000,rl,9,1.2249826,0.1802991,0.9292921,1.5206731,78.0475225,3.1030740999999997,72.95848099999999,83.1365639,..,..,..,..,..,..,..,..,..,0.875,..,0.6074999999999999,..,..,0.7309524,..,..,0.7,..,1,..,..,..,..,..,..,..,0.6666667,..,..,0.9119999999999999,..,0.6390475999999999,..,0.9375
ESTrl2000,Estonia,EST,Europe & Central Asia,High income,2000,rl,9,0.6794953,0.1909,0.3664193,0.9925712999999999,68.6593024,3.2855233,63.2710442,74.0475605,..,..,..,..,..,0.5892181,..,..,..,0.65,..,..,0.8333332999999999,..,0.5642857,..,..,0.7,..,1,..,..,..,..,..,..,..,0.6666667,..,..,0.942,..,..,..,0.6875
ETHrl2000,Ethiopia,ETH,Sub-Saharan Africa,,2000,rl,6,-0.8685459999999999,0.20834,-1.2102236,-0.5268684,42.016422899999995,3.5856779,36.1359111,47.896934699999996,..,..,..,..,..,..,..,..,..,0.15,..,..,..,..,..,..,..,0.3,..,0.5,..,..,..,..,..,..,..,0.8333332999999999,..,..,0.27699999999999997,..,..,..,0.4375
FINrl2000,Finland,FIN,Europe & Central Asia,High income,2000,rl,9,2.0482546999999998,0.1802991,1.7525642,2.3439452,92.21661429999999,3.1030740999999997,87.12757289999999,97.3056558,..,..,..,..,..,..,..,..,..,1,..,0.819,..,..,0.8952380999999999,..,..,0.8999999999999999,..,1,..,..,..,..,..,..,..,1,..,..,0.972,..,0.8842593,..,1
FJIrl2000,Fiji,FJI,East Asia & Pacific,Upper middle income,2000,rl,4,-0.3951919,0.2982756,-0.8843639,0.0939801,50.163179799999995,5.133533,41.744185699999996,58.582173999999995,..,..,..,..,..,..,..,..,..,..,..,..,..,..,..,..,..,0.3,..,1,..,..,..,..,..,..,..,..,..,..,0.441,..,..,..,0.5
FRArl2000,France,FRA,Europe & Central Asia,High income,2000,rl,9,1.3540002,0.1802991,1.0583097,1.6496906999999998,80.2680061,3.1030740999999997,75.1789646,85.3570476,..,..,..,..,..,..,..,..,..,0.875,..,0.578,..,..,0.8142857,..,..,0.7,..,1,..,..,..,..,..,..,..,0.8333332999999999,..,..,0.9139999999999999,..,0.7158486,..,0.875
FSMrl2000,"Micronesia, Fed. Sts.",FSM,East Asia & Pacific,Lower middle income,2000,rl,1,0.8674379,0.6633167,-0.2204015,1.9552772999999999,71.8939267,11.416146999999999,53.1714456,90.6164079,..,..,..,..,..,..,..,..,..,..,..,..,..,..,..,..,..,..,..,1,..,..,..,..,..,..,..,..,..,..,..,..,..,..,..
GABrl2000,Gabon,GAB,Sub-Saharan Africa,Upper middle income,2000,rl,6,-0.3341395,0.20834,-0.6758171,0.0075381,51.213934599999995,3.5856779,45.3334228,57.094446399999995,..,..,..,..,..,..,..,..,..,0.375,..,..,..,..,..,..,..,0.5,..,0.5,..,..,..,..,..,..,..,0.5,..,..,0.45199999999999996,..,..,..,0.625
GBRrl2000,United Kingdom,GBR,Europe & Central Asia,High income,2000,rl,9,1.7176608,0.1802991,1.4219703,2.0133513,86.5268608,3.1030740999999997,81.4378193,91.6159023,..,..,..,..,..,..,..,..,..,0.8999999999999999,..,0.6385,..,..,0.8285714,..,..,0.8999999999999999,..,1,..,..,..,..,..,..,..,1,..,..,0.938,..,0.7953332999999999,..,0.9375
GEOrl2000,Georgia,GEO,Europe & Central Asia,Upper middle income,2000,rl,6,-0.6312310999999999,0.2764025,-1.0845312,-0.177931,46.1007792,4.7570814,38.299165699999996,53.9023927,..,..,..,..,..,0.46560949999999995,..,..,..,..,..,..,0.5,..,..,..,..,0.5,..,0.5,..,..,..,..,..,..,..,..,..,..,0.432,..,..,..,0.1875
GHArl2000,Ghana,GHA,Sub-Saharan Africa,Lower middle income,2000,rl,6,-0.1613038,0.20834,-0.5029814,0.1803738,54.1885585,3.5856779,48.3080467,60.0690703,..,..,..,..,..,..,..,..,..,0.475,..,..,..,..,..,..,..,0.5,..,0.5,..,..,..,..,..,..,..,0.3333333,..,..,0.87,..,..,..,0.625
GINrl2000,Guinea,GIN,Sub-Saharan Africa,Lower middle income,2000,rl,5,-1.2271174,0.2711907,-1.6718701,-0.7823646999999999,35.8451569,4.6673822,28.1906501,43.4996637,..,..,..,..,..,..,..,..,..,..,..,..,..,..,..,..,..,0.3,..,0,..,..,..,..,..,..,..,0.5,..,..,0.246,..,..,..,0.25
GMBrl2000,"Gambia, The",GMB,Sub-Saharan Africa,Low income,2000,rl,5,0.0263955,0.2711907,-0.4183572,0.47114819999999996,57.418995499999994,4.6673822,49.7644887,65.0735023,..,..,..,..,..,..,..,..,..,..,..,..,..,..,..,..,..,0.5,..,0.5,..,..,..,..,..,..,..,0.8333332999999999,..,..,0.309,..,..,..,0.5625
GNBrl2000,Guinea-Bissau,GNB,Sub-Saharan Africa,Low income,2000,rl,5,-1.5750552999999998,0.2711907,-2.019808,-1.1303026,29.8569009,4.6673822,22.2023942,37.5114077,..,..,..,..,..,..,..,..,..,..,..,..,..,..,..,..,..,0.09999999999999999,..,0.5,..,..,..,..,..,..,..,0.1666667,..,..,0.44899999999999995,..,..,..,0.3125
GNQrl2000,Equatorial Guinea,GNQ,Sub-Saharan Africa,Upper middle income,2000,rl,5,-1.5294067,0.21989309999999998,-1.8900313999999998,-1.168782,30.6425454,3.7845150999999997,24.4359407,36.849150099999996,..,..,..,..,..,..,..,..,..,0.09999999999999999,..,..,..,..,..,..,..,0.09999999999999999,..,0,..,..,..,..,..,..,..,..,..,..,0.126,..,..,..,0.4375
GRCrl2000,Greece,GRC,Europe & Central Asia,High income,2000,rl,9,0.8143476,0.1802991,0.5186571,1.1100381,70.9802053,3.1030740999999997,65.8911638,76.0692468,..,..,..,..,..,..,..,..,..,0.7999999999999999,..,0.5549999999999999,..,..,0.547619,..,..,0.7,..,1,..,..,..,..,..,..,..,0.5,..,..,0.9039999999999999,..,0.5871881999999999,..,0.8125
GRDrl2000,Grenada,GRD,Latin America & Caribbean,Upper middle income,2000,rl,2,0.37847929999999996,0.4243771,-0.3174991,1.0744577,63.4786053,7.3038279,51.5003276,75.4568831,..,..,..,..,..,..,..,..,..,..,..,..,..,..,..,..,..,..,..,1,..,..,..,..,..,..,..,..,..,..,..,..,..,..,0.625
GTMrl2000,Guatemala,GTM,Latin America & Caribbean,Upper middle income,2000,rl,8,-0.9986896999999999,0.19591619999999998,-1.3199923,-0.6773871,39.7765583,3.3718559,34.246714499999996,45.306402,..,..,..,..,..,..,..,..,..,0.25,..,..,..,..,0.2071429,..,..,0.5,..,0.5,..,..,..,0.285,..,..,..,0.3333333,..,..,0.607,..,..,..,0.375
GUFrl2000,French Guiana,GUF,,,2000,rl,1,0.7877232,0.4850462,-0.007752599999999999,1.583199,70.5219807,8.3479866,56.831282699999996,84.2126787,..,..,..,..,..,..,..,..,..,..,..,..,..,..,..,..,..,..,..,..,..,..,..,..,..,..,..,..,..,..,..,..,..,..,0.8125
GUYrl2000,Guyana,GUY,Latin America & Caribbean,High income,2000,rl,5,-0.1983249,0.2711907,-0.6430775999999999,0.2464278,53.5513994,4.6673822,45.8968926,61.2059061,..,..,..,..,..,..,..,..,..,..,..,..,..,..,..,..,..,0.5,..,0.5,..,..,..,..,..,..,..,0.6666667,..,..,0.581,..,..,..,0.4375
HKGrl2000,"Hong Kong SAR, China",HKG,East Asia & Pacific,High income,2000,rl,7,0.9842447,0.19120769999999998,0.6706641,1.2978253,73.9042539,3.2908187,68.5073112,79.3011966,..,..,..,..,..,..,..,..,..,0.6,..,..,..,..,0.8261904999999999,..,..,0.8999999999999999,..,..,..,..,..,..,..,..,..,0.8333332999999999,..,..,0.765,..,0.7277777999999999,..,0.6875
HNDrl2000,Honduras,HND,Latin America & Caribbean,Lower middle income,2000,rl,8,-1.2217517,0.19591619999999998,-1.5430542999999999,-0.9004491,35.9375044,3.3718559,30.4076606,41.467348099999995,..,..,..,..,..,..,..,..,..,0.19999999999999998,..,..,..,..,0.2428571,..,..,0.3,..,0.5,..,..,..,0.315,..,..,..,0.3333333,..,..,0.505,..,..,..,0.375
HRVrl2000,Croatia,HRV,Europe & Central Asia,High income,2000,rl,8,-0.0283145,0.2004501,-0.3570527,0.30042369999999996,56.4773979,3.4498876,50.8195823,62.1352135,..,..,..,..,..,0.42080999999999996,..,..,..,0.475,..,..,0.5416667,..,..,..,..,0.3,..,0.5,..,..,..,..,..,..,..,0.8333332999999999,..,..,0.7939999999999999,..,..,..,0.625
HTIrl2000,Haiti,HTI,Latin America & Caribbean,Lower middle income,2000,rl,5,-1.5879394999999998,0.2711907,-2.0326922,-1.1431868,29.6351548,4.6673822,21.980648,37.2896615,..,..,..,..,..,..,..,..,..,..,..,..,..,..,..,..,..,0.09999999999999999,..,0,..,..,..,..,..,..,..,0.3333333,..,..,0.529,..,..,..,0.25
HUNrl2000,Hungary,HUN,Europe & Central Asia,High income,2000,rl,10,0.86158,0.1810611,0.5646398,1.1585201999999999,71.7931081,3.1161887999999998,66.6825585,76.90365779999999,..,..,..,..,..,0.6046684,..,..,..,0.75,..,..,0.8333332999999999,..,0.6119048,..,..,0.7,..,1,..,..,..,..,..,..,..,0.6666667,..,..,0.89,..,0.595,..,0.75
IDNrl2000,Indonesia,IDN,East Asia & Pacific,Upper middle income,2000,rl,8,-0.9501841,0.1868126,-1.2565568,-0.6438113999999999,40.6113737,3.2151766,35.338484099999995,45.884263399999995,..,..,..,..,..,..,..,..,..,0.27499999999999997,..,..,..,..,0.397619,..,..,0.3,..,0,..,..,..,..,..,..,..,0.3333333,..,..,0.724,..,0.3414966,..,0.4375
INDrl2000,India,IND,South Asia,Lower middle income,2000,rl,8,0.2604152,0.1868126,-0.0459575,0.5667879,61.4466391,3.2151766,56.1737495,66.71952879999999,..,..,..,..,..,..,..,..,..,0.575,..,..,..,..,0.552381,..,..,0.5,..,1,..,..,..,..,..,..,..,0.6666667,..,..,0.7809999999999999,..,0.5114183,..,0.625
IRLrl2000,Ireland,IRL,Europe & Central Asia,High income,2000,rl,9,1.6651428,0.1802991,1.3694522999999998,1.9608333,85.6229891,3.1030740999999997,80.53394759999999,90.7120305,..,..,..,..,..,..,..,..,..,0.875,..,0.738,..,..,0.7690475999999999,..,..,0.8999999999999999,..,1,..,..,..,..,..,..,..,1,..,..,0.9189999999999999,..,0.8246327999999999,..,0.875
IRNrl2000,"Iran, Islamic Rep.",IRN,Middle East & North Africa,Upper middle income,2000,rl,6,-0.6912013,0.20834,-1.0328789,-0.3495237,45.0686499,3.5856779,39.188138099999996,50.9491617,..,..,..,..,..,..,..,..,..,0.3,..,..,..,..,..,..,..,0.09999999999999999,..,0,..,..,..,..,..,..,..,0.8333332999999999,..,..,0.44899999999999995,..,..,..,0.625
IRQrl2000,Iraq,IRQ,Middle East & North Africa,Upper middle income,2000,rl,6,-1.5349116999999999,0.20834,-1.8765893,-1.1932341,30.547800499999997,3.5856779,24.6672887,36.4283123,..,..,..,..,..,..,..,..,..,0.175,..,..,..,..,..,..,..,0.09999999999999999,..,0,..,..,..,..,..,..,..,0.3333333,..,..,0.209,..,..,..,0.3125
ISLrl2000,Iceland,ISL,Europe & Central Asia,High income,2000,rl,7,1.8777390999999999,0.2281413,1.5035874,2.2518908,89.2819209,3.9264718999999997,82.842507,95.7213348,..,..,..,..,..,..,..,..,..,..,..,..,..,..,0.8619047999999999,..,..,0.8999999999999999,..,1,..,..,..,..,..,..,..,1,..,..,0.8999999999999999,..,0.8293332999999999,..,1
ISRrl2000,Israel,ISR,Middle East & North Africa,High income,2000,rl,8,0.9883086999999999,0.1868126,0.681936,1.2946814,73.9741982,3.2151766,68.70130859999999,79.2470878,..,..,..,..,..,..,..,..,..,0.7,..,..,..,..,0.7738094999999999,..,..,0.7,..,0.5,..,..,..,..,..,..,..,0.8333332999999999,..,..,0.9199999999999999,..,0.7589743999999999,..,0.75
ITArl2000,Italy,ITA,Europe & Central Asia,High income,2000,rl,9,0.8776423999999999,0.1802991,0.5819519,1.1733329,72.0695533,3.1030740999999997,66.9805119,77.1585948,..,..,..,..,..,..,..,..,..,0.7,..,0.5585,..,..,0.6333333,..,..,0.7,..,1,..,..,..,..,..,..,..,1,..,..,0.9059999999999999,..,0.45960779999999996,..,0.75
JAMrl2000,Jamaica,JAM,Latin America & Caribbean,Upper middle income,2000,rl,7,-0.489751,0.1976774,-0.8139419,-0.1655601,48.5357512,3.4021667,42.9561978,54.115304599999995,..,..,..,..,..,..,..,..,..,0.35,..,..,..,..,0.48333329999999997,..,..,0.5,..,1,..,..,..,..,..,..,..,0.3333333,..,..,0.813,..,..,..,0.375
JORrl2000,Jordan,JOR,Middle East & North Africa,Lower middle income,2000,rl,7,0.256756,0.1976774,-0.06743489999999999,0.5809468999999999,61.3836617,3.4021667,55.804108299999996,66.9632151,..,..,..,..,..,..,..,..,..,0.5,..,..,..,..,0.7119048,..,..,0.7,..,0.5,..,..,..,..,..,..,..,0.6666667,..,..,0.40299999999999997,..,..,..,0.625
JPNrl2000,Japan,JPN,East Asia & Pacific,High income,2000,rl,8,1.3101829999999999,0.1868126,1.0038103,1.6165557,79.5138813,3.2151766,74.2409916,84.7867709,..,..,..,..,..,..,..,..,..,0.725,..,..,..,..,0.7357142999999999,..,..,0.8999999999999999,..,1,..,..,..,..,..,..,..,0.8333332999999999,..,..,0.9199999999999999,..,0.7293265999999999,..,0.9375
KAZrl2000,Kazakhstan,KAZ,Europe & Central Asia,Upper middle income,2000,rl,9,-1.2041605,0.1909,-1.5172364999999999,-0.8910845,36.2402613,3.2855233,30.852003099999997,41.628519399999995,..,..,..,..,..,0.4342523,..,..,..,0.125,..,..,0.2083333,..,0.3404762,..,..,0.3,..,0,..,..,..,..,..,..,..,0.6666667,..,..,0.313,..,..,..,0.375
KENrl2000,Kenya,KEN,Sub-Saharan Africa,Lower middle income,2000,rl,6,-0.9518772999999999,0.20834,-1.2935549,-0.6101997,40.5822326,3.5856779,34.7017208,46.4627444,..,..,..,..,..,..,..,..,..,0.175,..,..,..,..,..,..,..,0.5,..,0.5,..,..,..,..,..,..,..,0.3333333,..,..,0.5529999999999999,..,..,..,0.375
KGZrl2000,Kyrgyz Republic,KGZ,Europe & Central Asia,Lower middle income,2000,rl,6,-0.9100805,0.2764025,-1.3633806,-0.4567804,41.301584899999995,4.7570814,33.4999714,49.1031984,..,..,..,..,..,0.3508136,..,..,..,..,..,..,0.2916667,..,..,..,..,0.3,..,0,..,..,..,..,..,..,..,..,..,..,0.418,..,..,..,0.4375
KHMrl2000,Cambodia,KHM,East Asia & Pacific,Lower middle income,2000,rl,5,-1.2001401999999999,0.21989309999999998,-1.5607649,-0.8395155,36.3094535,3.7845150999999997,30.1028488,42.516058199999996,..,..,..,..,..,..,..,..,..,0.15,..,..,..,..,..,..,..,0.3,..,0,..,..,..,..,..,..,..,..,..,..,0.247,..,..,..,0.4375
KIRrl2000,Kiribati,KIR,East Asia & Pacific,Lower middle income,2000,rl,1,0.8674379,0.6633167,-0.2204015,1.9552772999999999,71.8939267,11.416146999999999,53.1714456,90.6164079,..,..,..,..,..,..,..,..,..,..,..,..,..,..,..,..,..,..,..,1,..,..,..,..,..,..,..,..,..,..,..,..,..,..,..
KNArl2000,St. Kitts and Nevis,KNA,Latin America & Caribbean,High income,2000,rl,1,0.8674379,0.6633167,-0.2204015,1.9552772999999999,71.8939267,11.416146999999999,53.1714456,90.6164079,..,..,..,..,..,..,..,..,..,..,..,..,..,..,..,..,..,..,..,1,..,..,..,..,..,..,..,..,..,..,..,..,..,..,..
KORrl2000,"Korea, Rep.",KOR,East Asia & Pacific,High income,2000,rl,8,0.810882,0.1868126,0.5045092999999999,1.1172547,70.9205599,3.2151766,65.6476703,76.1934495,..,..,..,..,..,..,..,..,..,0.7,..,..,..,..,0.5238094999999999,..,..,0.8999999999999999,..,0.5,..,..,..,..,..,..,..,0.6666667,..,..,0.9179999999999999,..,0.5790476,..,0.8125
KWTrl2000,Kuwait,KWT,Middle East & North Africa,High income,2000,rl,6,0.6733682999999999,0.20834,0.3316907,1.0150459,68.5538524,3.5856779,62.673340599999996,74.43436419999999,..,..,..,..,..,..,..,..,..,0.525,..,..,..,..,..,..,..,0.8999999999999999,..,0.5,..,..,..,..,..,..,..,0.8333332999999999,..,..,0.756,..,..,..,0.75
LAOrl2000,Lao PDR,LAO,East Asia & Pacific,Lower middle income,2000,rl,4,-1.326725,0.2982756,-1.8158969999999999,-0.837553,34.13084,5.133533,25.7118459,42.5498342,..,..,..,..,..,..,..,..,..,..,..,..,..,..,..,..,..,0.09999999999999999,..,0,..,..,..,..,..,..,..,..,..,..,0.259,..,..,..,0.4375
LBNrl2000,Lebanon,LBN,Middle East & North Africa,Lower middle income,2000,rl,5,-0.1427456,0.21448969999999998,-0.49450869999999997,0.2090175,54.5079582,3.6915185,48.4538679,60.5620486,..,..,..,..,..,..,..,..,..,0.44999999999999996,..,..,..,..,..,..,..,0.5,..,..,..,..,..,..,..,..,..,0.6666667,..,..,0.46299999999999997,..,..,..,0.5625
LBRrl2000,Liberia,LBR,Sub-Saharan Africa,Low income,2000,rl,4,-1.9212509,0.3309379,-2.4639891,-1.3785127,23.8986312,5.6956745,14.557725,33.239537299999995,..,..,..,..,..,..,..,..,..,..,..,..,..,..,..,..,..,..,..,0,..,..,..,..,..,..,..,0.3333333,..,..,0.33199999999999996,..,..,..,0.125
LBYrl2000,Libya,LBY,Middle East & North Africa,Upper middle income,2000,rl,6,-1.182786,0.20834,-1.5244636,-0.8411084,36.6081315,3.5856779,30.727619699999998,42.4886433,..,..,..,..,..,..,..,..,..,0.15,..,..,..,..,..,..,..,0.09999999999999999,..,0,..,..,..,..,..,..,..,0.6666667,..,..,0.162,..,..,..,0.5625
LCArl2000,St. Lucia,LCA,Latin America & Caribbean,Upper middle income,2000,rl,1,0.8674379,0.6633167,-0.2204015,1.9552772999999999,71.8939267,11.416146999999999,53.1714456,90.6164079,..,..,..,..,..,..,..,..,..,..,..,..,..,..,..,..,..,..,..,1,..,..,..,..,..,..,..,..,..,..,..,..,..,..,..
LIErl2000,Liechtenstein,LIE,Europe & Central Asia,High income,2000,rl,2,1.3549394,0.4243771,0.658961,2.0509178,80.2841704,7.3038279,68.30589259999999,92.2624481,..,..,..,..,..,..,..,..,..,..,..,..,..,..,..,..,..,..,..,1,..,..,..,..,..,..,..,..,..,..,..,..,..,..,0.9375
LKArl2000,Sri Lanka,LKA,South Asia,Lower middle income,2000,rl,7,0.09017019999999999,0.1976774,-0.2340207,0.4143611,58.516602899999995,3.4021667,52.9370495,64.0961563,..,..,..,..,..,..,..,..,..,0.44999999999999996,..,..,..,..,0.5,..,..,0.7,..,1,..,..,..,..,..,..,..,0.5,..,..,0.566,..,..,..,0.6875
LSOrl2000,Lesotho,LSO,Sub-Saharan Africa,Lower middle income,2000,rl,4,0.1855462,0.2982756,-0.3036258,0.6747181999999999,60.158091,5.133533,51.7390968,68.57708509999999,..,..,..,..,..,..,..,..,..,..,..,..,..,..,..,..,..,0.5,..,1,..,..,..,..,..,..,..,..,..,..,0.6659999999999999,..,..,..,0.5625
LTUrl2000,Lithuania,LTU,Europe & Central Asia,High income,2000,rl,9,0.16975389999999999,0.1909,-0.14332209999999998,0.4828299,59.8862944,3.2855233,54.498036199999994,65.2745525,..,..,..,..,..,0.4366864,..,..,..,0.475,..,..,0.875,..,0.33571429999999997,..,..,0.5,..,1,..,..,..,..,..,..,..,0.6666667,..,..,0.938,..,..,..,0.75
LUXrl2000,Luxembourg,LUX,Europe & Central Asia,High income,2000,rl,8,1.8788532,0.2165711,1.5236766,2.2340298,89.3010954,3.7273408999999997,83.18825629999999,95.4139345,..,..,..,..,..,..,..,..,..,..,..,0.7879999999999999,..,..,0.8571428999999999,..,..,0.8999999999999999,..,1,..,..,..,..,..,..,..,1,..,..,0.9109999999999999,..,0.7950617,..,1
LVArl2000,Latvia,LVA,Europe & Central Asia,High income,2000,rl,9,0.1497577,0.1909,-0.1633183,0.46283369999999996,59.5421457,3.2855233,54.1538876,64.9304039,..,..,..,..,..,0.4429972,..,..,..,0.475,..,..,0.8333332999999999,..,0.4428571,..,..,0.5,..,0.5,..,..,..,..,..,..,..,0.8333332999999999,..,..,0.862,..,..,..,0.625
MACrl2000,"Macao SAR, China",MAC,East Asia & Pacific,High income,2000,rl,1,0.0223593,0.4850462,-0.7731165,0.8178350999999999,57.3495297,8.3479866,43.6588317,71.0402276,..,..,..,..,..,..,..,..,..,..,..,..,..,..,..,..,..,..,..,..,..,..,..,..,..,..,..,..,..,..,..,..,..,..,0.625
MARrl2000,Morocco,MAR,Middle East & North Africa,Lower middle income,2000,rl,6,0.2141976,0.20834,-0.12747999999999998,0.5558752,60.651201699999994,3.5856779,54.7706899,66.5317135,..,..,..,..,..,..,..,..,..,0.475,..,..,..,..,..,..,..,0.5,..,0.5,..,..,..,..,..,..,..,1,..,..,0.628,..,..,..,0.625
MCOrl2000,Monaco,MCO,Europe & Central Asia,High income,2000,rl,1,0.8674379,0.6633167,-0.2204015,1.9552772999999999,71.8939267,11.416146999999999,53.1714456,90.6164079,..,..,..,..,..,..,..,..,..,..,..,..,..,..,..,..,..,..,..,1,..,..,..,..,..,..,..,..,..,..,..,..,..,..,..
MDArl2000,Moldova,MDA,Europe & Central Asia,Upper middle income,2000,rl,8,-0.2290671,0.2004501,-0.5578053,0.0996711,53.0223045,3.4498876,47.3644889,58.680120099999996,..,..,..,..,..,0.3537401,..,..,..,0.375,..,..,0.5,..,..,..,..,0.5,..,0.5,..,..,..,..,..,..,..,0.8333332999999999,..,..,0.73,..,..,..,0.375
MDGrl2000,Madagascar,MDG,Sub-Saharan Africa,Low income,2000,rl,5,-0.287284,0.2711907,-0.7320367,0.1574687,52.020350699999995,4.6673822,44.365843899999994,59.674857499999995,..,..,..,..,..,..,..,..,..,..,..,..,..,..,..,..,..,0.5,..,0.5,..,..,..,..,..,..,..,0.5,..,..,0.44,..,..,..,0.5625
MDVrl2000,Maldives,MDV,South Asia,Upper middle income,2000,rl,3,-0.0918951,0.38423219999999997,-0.7220359,0.5382456999999999,55.3831311,6.6129063,44.537964699999996,66.2282974,..,..,..,..,..,..,..,..,..,..,..,..,..,..,..,..,..,..,..,0.5,..,..,..,..,..,..,..,..,..,..,0.153,..,..,..,0.75
MEXrl2000,Mexico,MEX,Latin America & Caribbean,Upper middle income,2000,rl,9,-0.5434,0.185324,-0.8473314,-0.23946859999999998,47.612414199999996,3.1895567999999996,42.3815411,52.843287399999994,..,..,..,..,..,..,..,..,..,0.39999999999999997,..,..,..,..,0.3833333,..,..,0.5,..,0.5,..,..,..,0.38,..,..,..,0.3333333,..,..,0.6869999999999999,..,0.403367,..,0.4375
MHLrl2000,Marshall Islands,MHL,East Asia & Pacific,Upper middle income,2000,rl,1,0.8674379,0.6633167,-0.2204015,1.9552772999999999,71.8939267,11.416146999999999,53.1714456,90.6164079,..,..,..,..,..,..,..,..,..,..,..,..,..,..,..,..,..,..,..,1,..,..,..,..,..,..,..,..,..,..,..,..,..,..,..
MKDrl2000,North Macedonia,MKD,Europe & Central Asia,Upper middle income,2000,rl,6,-0.6254358,0.23528359999999998,-1.0113009,-0.2395707,46.200520399999995,4.0493961999999994,39.559510599999996,52.8415301,..,..,..,..,..,0.44590579999999996,..,..,..,0.27499999999999997,..,..,0.4583333,..,..,..,..,..,..,1,..,..,..,..,..,..,..,..,..,..,0.706,..,..,..,0.375
MLIrl2000,Mali,MLI,Sub-Saharan Africa,Low income,2000,rl,5,-0.2649884,0.2711907,-0.7097411,0.1797643,52.4040736,4.6673822,44.7495669,60.0585804,..,..,..,..,..,..,..,..,..,..,..,..,..,..,..,..,..,0.5,..,0.5,..,..,..,..,..,..,..,0.5,..,..,0.6699999999999999,..,..,..,0.5
MLTrl2000,Malta,MLT,Middle East & North Africa,High income,2000,rl,5,1.3754114,0.2711907,0.9306587,1.8201641,80.6365079,4.6673822,72.98200109999999,88.29101469999999,..,..,..,..,..,..,..,..,..,..,..,..,..,..,..,..,..,0.8999999999999999,..,1,..,..,..,..,..,..,..,0.8333332999999999,..,..,0.748,..,..,..,0.875
MMRrl2000,Myanmar,MMR,East Asia & Pacific,Lower middle income,2000,rl,6,-1.4214042999999998,0.20834,-1.7630819,-1.0797267,32.501342699999995,3.5856779,26.620830899999998,38.381854499999996,..,..,..,..,..,..,..,..,..,0.09999999999999999,..,..,..,..,..,..,..,0.3,..,0,..,..,..,..,..,..,..,0.5,..,..,0.041999999999999996,..,..,..,0.3125
MNErl2000,Montenegro,MNE,Europe & Central Asia,Upper middle income,2000,rl,1,0.2104761,0.6755029,-0.8973487,1.3183008999999999,60.5871521,11.6258805,41.5207081,79.653596,..,..,..,..,..,..,..,..,..,..,..,..,..,..,..,..,..,..,..,..,..,..,..,..,..,..,..,..,..,..,0.698,..,..,..,..
MNGrl2000,Mongolia,MNG,East Asia & Pacific,Upper middle income,2000,rl,5,0.061002,0.2711907,-0.3837507,0.5057547,58.014597699999996,4.6673822,50.360090899999996,65.6691045,..,..,..,..,..,..,..,..,..,..,..,..,..,..,..,..,..,0.5,..,0.5,..,..,..,..,..,..,..,0.6666667,..,..,0.8059999999999999,..,..,..,0.5625
MOZrl2000,Mozambique,MOZ,Sub-Saharan Africa,Low income,2000,rl,6,-0.7078803,0.20834,-1.0495579,-0.3662027,44.781592599999996,3.5856779,38.901080799999995,50.6621044,..,..,..,..,..,..,..,..,..,0.39999999999999997,..,..,..,..,..,..,..,0.3,..,0,..,..,..,..,..,..,..,0.5,..,..,0.604,..,..,..,0.375
MRTrl2000,Mauritania,MRT,Sub-Saharan Africa,Lower middle income,2000,rl,4,-0.5607951999999999,0.2982756,-1.0499672,-0.0716232,47.3130306,5.133533,38.8940364,55.7320247,..,..,..,..,..,..,..,..,..,..,..,..,..,..,..,..,..,0.3,..,0.5,..,..,..,..,..,..,..,..,..,..,0.301,..,..,..,0.5625
MTQrl2000,Martinique,MTQ,,,2000,rl,1,1.0428445,0.4850462,0.2473687,1.8383203,74.9127977,8.3479866,61.222099699999994,88.6034957,..,..,..,..,..,..,..,..,..,..,..,..,..,..,..,..,..,..,..,..,..,..,..,..,..,..,..,..,..,..,..,..,..,..,0.875
MUSrl2000,Mauritius,MUS,Sub-Saharan Africa,Upper middle income,2000,rl,5,0.9536851,0.2238654,0.5865458,1.3208244,73.3783017,3.8528814999999996,67.0595761,79.6970273,..,..,..,..,..,..,..,..,..,0.725,..,..,..,..,0.6380952,..,..,0.7,..,1,..,..,..,..,..,..,..,..,..,..,0.88,..,..,..,..
MWIrl2000,Malawi,MWI,Sub-Saharan Africa,Low income,2000,rl,6,-0.41362279999999996,0.20834,-0.7553004,-0.0719452,49.8459711,3.5856779,43.9654593,55.7264829,..,..,..,..,..,..,..,..,..,0.27499999999999997,..,..,..,..,..,..,..,0.5,..,0.5,..,..,..,..,..,..,..,0.6666667,..,..,0.75,..,..,..,0.5
MYSrl2000,Malaysia,MYS,East Asia & Pacific,Upper middle income,2000,rl,8,-0.0264614,0.1868126,-0.33283409999999997,0.2799113,56.5092911,3.2151766,51.2364014,61.7821807,..,..,..,..,..,..,..,..,..,0.44999999999999996,..,..,..,..,0.6071428999999999,..,..,0.5,..,0.5,..,..,..,..,..,..,..,0.5,..,..,0.42,..,0.5970867999999999,..,0.6875
NAMrl2000,Namibia,NAM,Sub-Saharan Africa,Lower middle income,2000,rl,6,0.44516089999999997,0.20834,0.1034833,0.7868385,64.6262426,3.5856779,58.7457308,70.50675439999999,..,..,..,..,..,..,..,..,..,0.425,..,..,..,..,..,..,..,0.7,..,1,..,..,..,..,..,..,..,1,..,..,0.815,..,..,..,0.625
NERrl2000,Niger,NER,Sub-Saharan Africa,Low income,2000,rl,5,-0.895342,0.2711907,-1.3400946999999999,-0.45058929999999997,41.5552449,4.6673822,33.9007381,49.2097516,..,..,..,..,..,..,..,..,..,..,..,..,..,..,..,..,..,0.3,..,0.5,..,..,..,..,..,..,..,0.3333333,..,..,0.705,..,..,..,0.375
NGArl2000,Nigeria,NGA,Sub-Saharan Africa,Lower middle income,2000,rl,7,-1.2256919,0.1976774,-1.5498828,-0.901501,35.8696907,3.4021667,30.290137299999998,41.4492441,..,..,..,..,..,..,..,..,..,0.125,..,..,..,..,0.3261905,..,..,0.3,..,0,..,..,..,..,..,..,..,0.5,..,..,0.614,..,..,..,0.375
NICrl2000,Nicaragua,NIC,Latin America & Caribbean,Lower middle income,2000,rl,8,-0.8906980999999999,0.19591619999999998,-1.2120007,-0.5693954999999999,41.6351696,3.3718559,36.1053259,47.1650134,..,..,..,..,..,..,..,..,..,0.27499999999999997,..,..,..,..,0.3119048,..,..,0.3,..,0.5,..,..,..,0.16,..,..,..,0.6666667,..,..,0.582,..,..,..,0.375
NLDrl2000,Netherlands,NLD,Europe & Central Asia,High income,2000,rl,9,1.8327689999999999,0.1802991,1.5370785,2.1284595,88.50795389999999,3.1030740999999997,83.4189124,93.59699529999999,..,..,..,..,..,..,..,..,..,0.95,..,0.6619999999999999,..,..,0.85,..,..,0.8999999999999999,..,1,..,..,..,..,..,..,..,1,..,..,0.96,..,0.8383619,..,0.9375
NORrl2000,Norway,NOR,Europe & Central Asia,High income,2000,rl,8,1.9126119,0.1868126,1.6062391999999999,2.2189845999999998,89.88210629999999,3.2151766,84.60921669999999,95.154996,..,..,..,..,..,..,..,..,..,1,..,..,..,..,0.7619047999999999,..,..,0.8999999999999999,..,1,..,..,..,..,..,..,..,1,..,..,0.978,..,0.8366667,..,1
NPLrl2000,Nepal,NPL,South Asia,Lower middle income,2000,rl,4,-0.35093569999999996,0.2982756,-0.8401077,0.1382363,50.9248602,5.133533,42.505866,59.3438543,..,..,..,..,..,..,..,..,..,..,..,..,..,..,..,..,..,0.3,..,0.5,..,..,..,..,..,..,..,..,..,..,0.692,..,..,..,0.5625
NRUrl2000,Nauru,NRU,East Asia & Pacific,High income,2000,rl,1,0.8674379,0.6633167,-0.2204015,1.9552772999999999,71.8939267,11.416146999999999,53.1714456,90.6164079,..,..,..,..,..,..,..,..,..,..,..,..,..,..,..,..,..,..,..,1,..,..,..,..,..,..,..,..,..,..,..,..,..,..,..
NZLrl2000,New Zealand,NZL,East Asia & Pacific,High income,2000,rl,8,1.8405509,0.1868126,1.5341782,2.1469236,88.6418858,3.2151766,83.3689962,93.91477549999999,..,..,..,..,..,..,..,..,..,0.975,..,..,..,..,0.8142857,..,..,0.8999999999999999,..,1,..,..,..,..,..,..,..,1,..,..,0.952,..,0.7906432999999999,..,0.9375
OMNrl2000,Oman,OMN,Middle East & North Africa,High income,2000,rl,6,0.39855959999999996,0.20834,0.056881999999999995,0.7402371999999999,63.8242014,3.5856779,57.9436896,69.7047132,..,..,..,..,..,..,..,..,..,0.625,..,..,..,..,..,..,..,0.5,..,0.5,..,..,..,..,..,..,..,0.8333332999999999,..,..,0.39999999999999997,..,..,..,0.75
PAKrl2000,Pakistan,PAK,South Asia,Lower middle income,2000,rl,6,-1.0634936,0.20834,-1.4051711999999998,-0.721816,38.6612376,3.5856779,32.7807258,44.5417494,..,..,..,..,..,..,..,..,..,0.27499999999999997,..,..,..,..,..,..,..,0.3,..,0,..,..,..,..,..,..,..,0.5,..,..,0.252,..,..,..,0.3125
PANrl2000,Panama,PAN,Latin America & Caribbean,High income,2000,rl,8,-0.2963865,0.19591619999999998,-0.6176891,0.0249161,51.863690299999995,3.3718559,46.3338465,57.393533999999995,..,..,..,..,..,..,..,..,..,0.44999999999999996,..,..,..,..,0.4047619,..,..,0.5,..,0.5,..,..,..,0.45499999999999996,..,..,..,0.5,..,..,0.724,..,..,..,0.5
PERrl2000,Peru,PER,Latin America & Caribbean,Upper middle income,2000,rl,8,-0.7597657,0.19591619999999998,-1.0810682999999999,-0.4384631,43.8886083,3.3718559,38.3587646,49.418452099999996,..,..,..,..,..,..,..,..,..,0.325,..,..,..,..,0.32857139999999996,..,..,0.5,..,0.5,..,..,..,0.3,..,..,..,0.5,..,..,0.33399999999999996,..,..,..,0.375
PHLrl2000,Philippines,PHL,East Asia & Pacific,Lower middle income,2000,rl,8,-0.47679829999999995,0.1868126,-0.783171,-0.17042559999999998,48.7586763,3.2151766,43.4857867,54.0315659,..,..,..,..,..,..,..,..,..,0.39999999999999997,..,..,..,..,0.39999999999999997,..,..,0.5,..,0.5,..,..,..,..,..,..,..,0.3333333,..,..,0.729,..,0.4760234,..,0.4375
PLWrl2000,Palau,PLW,East Asia & Pacific,High income,2000,rl,1,0.8674379,0.6633167,-0.2204015,1.9552772999999999,71.8939267,11.416146999999999,53.1714456,90.6164079,..,..,..,..,..,..,..,..,..,..,..,..,..,..,..,..,..,..,..,1,..,..,..,..,..,..,..,..,..,..,..,..,..,..,..
PNGrl2000,Papua New Guinea,PNG,East Asia & Pacific,Lower middle income,2000,rl,6,-0.6826704,0.20834,-1.024348,-0.3409928,45.2154727,3.5856779,39.3349609,51.0959845,..,..,..,..,..,..,..,..,..,0.25,..,..,..,..,..,..,..,0.5,..,1,..,..,..,..,..,..,..,0.3333333,..,..,0.737,..,..,..,0.375
POLrl2000,Poland,POL,Europe & Central Asia,High income,2000,rl,10,0.6504934,0.1810611,0.35355319999999996,0.9474336,68.1601593,3.1161887999999998,63.0496096,73.270709,..,..,..,..,..,0.4691178,..,..,..,0.6749999999999999,..,..,0.9166667,..,0.5285714,..,..,0.7,..,1,..,..,..,..,..,..,..,0.6666667,..,..,0.9209999999999999,..,0.44,..,0.75
PRIrl2000,Puerto Rico (U.S.),PRI,Latin America & Caribbean,High income,2000,rl,1,0.7877232,0.4850462,-0.007752599999999999,1.583199,70.5219807,8.3479866,56.831282699999996,84.2126787,..,..,..,..,..,..,..,..,..,..,..,..,..,..,..,..,..,..,..,..,..,..,..,..,..,..,..,..,..,..,..,..,..,..,0.8125
PRKrl2000,"Korea, Dem. People's Rep.",PRK,East Asia & Pacific,Low income,2000,rl,5,-1.0110515,0.2711907,-1.4558042,-0.5662988,39.563803,4.6673822,31.9092962,47.2183098,..,..,..,..,..,..,..,..,..,..,..,..,..,..,..,..,..,0.09999999999999999,..,0,..,..,..,..,..,..,..,0.8333332999999999,..,..,0.033,..,..,..,0.4375
PRTrl2000,Portugal,PRT,Europe & Central Asia,High income,2000,rl,9,1.0946529999999999,0.1802991,0.7989624999999999,1.3903435,75.8044584,3.1030740999999997,70.7154169,80.8934999,..,..,..,..,..,..,..,..,..,0.85,..,0.4825,..,..,0.6404761999999999,..,..,0.7,..,1,..,..,..,..,..,..,..,0.8333332999999999,..,..,0.95,..,0.5496622,..,0.875
PRYrl2000,Paraguay,PRY,Latin America & Caribbean,Upper middle income,2000,rl,8,-1.0266216,0.19591619999999998,-1.3479242,-0.7053189999999999,39.295830599999995,3.3718559,33.7659869,44.825674299999996,..,..,..,..,..,..,..,..,..,0.27499999999999997,..,..,..,..,0.2833333,..,..,0.3,..,0.5,..,..,..,0.305,..,..,..,0.5,..,..,0.6809999999999999,..,..,..,0.25
PSErl2000,West Bank and Gaza,PSE,Middle East & North Africa,Lower middle income,2000,rl,2,-0.3139494,0.427517,-1.0150773,0.3871785,51.561420399999996,7.3578684999999995,39.4945161,63.6283247,..,..,..,..,..,..,..,..,..,..,..,..,..,..,..,..,..,..,..,..,..,..,..,..,..,..,..,..,..,..,0.495,..,..,..,0.5625
QATrl2000,Qatar,QAT,Middle East & North Africa,High income,2000,rl,6,0.45505229999999997,0.20834,0.1133747,0.7967299,64.7964805,3.5856779,58.9159687,70.6769923,..,..,..,..,..,..,..,..,..,0.6,..,..,..,..,..,..,..,0.5,..,0.5,..,..,..,..,..,..,..,1,..,..,0.362,..,..,..,0.75
ROUrl2000,Romania,ROU,Europe & Central Asia,High income,2000,rl,9,-0.2924585,0.1909,-0.6055345,0.0206175,51.9312939,3.2855233,46.5430358,57.319552099999996,..,..,..,..,..,0.4624582,..,..,..,0.39999999999999997,..,..,0.4583333,..,0.5309524,..,..,0.3,..,0.5,..,..,..,..,..,..,..,0.6666667,..,..,0.6619999999999999,..,..,..,0.625
RUSrl2000,Russian Federation,RUS,Europe & Central Asia,High income,2000,rl,10,-1.0370572,0.1810611,-1.3339973999999999,-0.7401169999999999,39.1162266,3.1161887999999998,34.0056769,44.2267763,..,..,..,..,..,0.39691319999999997,..,..,..,0.175,..,..,0.4166667,..,0.2738095,..,..,0.5,..,0.5,..,..,..,..,..,..,..,0.5,..,..,0.432,..,0.231864,..,0.3125
RWArl2000,Rwanda,RWA,Sub-Saharan Africa,Low income,2000,rl,4,-1.376078,0.2982756,-1.8652499999999999,-0.886906,33.2814402,5.133533,24.862446,41.7004344,..,..,..,..,..,..,..,..,..,..,..,..,..,..,..,..,..,0.09999999999999999,..,0.5,..,..,..,..,..,..,..,..,..,..,0.358,..,..,..,0.25
SAUrl2000,Saudi Arabia,SAU,Middle East & North Africa,High income,2000,rl,6,-0.23574979999999998,0.20834,-0.5774273999999999,0.10592779999999999,52.907290499999995,3.5856779,47.0267787,58.787802299999996,..,..,..,..,..,..,..,..,..,0.35,..,..,..,..,..,..,..,0.5,..,0.5,..,..,..,..,..,..,..,0.8333332999999999,..,..,0.155,..,..,..,0.625
SDNrl2000,Sudan,SDN,Sub-Saharan Africa,Low income,2000,rl,6,-1.6215986999999998,0.20834,-1.9632763,-1.2799211,29.0558563,3.5856779,23.175344499999998,34.936368099999996,..,..,..,..,..,..,..,..,..,0.049999999999999996,..,..,..,..,..,..,..,0.3,..,0,..,..,..,..,..,..,..,0.3333333,..,..,0.027,..,..,..,0.3125
SENrl2000,Senegal,SEN,Sub-Saharan Africa,Lower middle income,2000,rl,6,-0.0454952,0.20834,-0.3871728,0.2961824,56.181706,3.5856779,50.3011942,62.0622178,..,..,..,..,..,..,..,..,..,0.5,..,..,..,..,..,..,..,0.5,..,0.5,..,..,..,..,..,..,..,0.5,..,..,0.728,..,..,..,0.625
SGPrl2000,Singapore,SGP,East Asia & Pacific,High income,2000,rl,8,1.4658514,0.1868126,1.1594787,1.7722240999999999,82.19304389999999,3.2151766,76.9201543,87.4659336,..,..,..,..,..,..,..,..,..,0.825,..,..,..,..,0.8547619,..,..,0.8999999999999999,..,0.5,..,..,..,..,..,..,..,1,..,..,0.701,..,0.8699454,..,0.75
SLBrl2000,Solomon Islands,SLB,East Asia & Pacific,Lower middle income,2000,rl,2,0.40589559999999997,0.5350058999999999,-0.4715141,1.2833052999999999,63.950459099999996,9.2078281,48.8496211,79.0512972,..,..,..,..,..,..,..,..,..,..,..,..,..,..,..,..,..,..,..,1,..,..,..,..,..,..,..,..,..,..,0.524,..,..,..,..
SLErl2000,Sierra Leone,SLE,Sub-Saharan Africa,Low income,2000,rl,5,-1.0881172,0.2711907,-1.5328699,-0.6433645,38.2374481,4.6673822,30.582941299999998,45.891954899999995,..,..,..,..,..,..,..,..,..,..,..,..,..,..,..,..,..,0.3,..,0.5,..,..,..,..,..,..,..,0.5,..,..,0.211,..,..,..,0.25
SLVrl2000,El Salvador,SLV,Latin America & Caribbean,Upper middle income,2000,rl,8,-0.8667495,0.19591619999999998,-1.1880521,-0.5454469,42.0473419,3.3718559,36.5174982,47.5771856,..,..,..,..,..,..,..,..,..,0.175,..,..,..,..,0.35,..,..,0.5,..,0.5,..,..,..,0.38,..,..,..,0.5,..,..,0.519,..,..,..,0.4375
SMRrl2000,San Marino,SMR,Europe & Central Asia,High income,2000,rl,1,0.8674379,0.6633167,-0.2204015,1.9552772999999999,71.8939267,11.416146999999999,53.1714456,90.6164079,..,..,..,..,..,..,..,..,..,..,..,..,..,..,..,..,..,..,..,1,..,..,..,..,..,..,..,..,..,..,..,..,..,..,..
SOMrl2000,Federal Republic of Somalia,SOM,Sub-Saharan Africa,Low income,2000,rl,3,-2.3200100999999997,0.35740259999999996,-2.9061504,-1.7338698,17.0357049,6.1511505,6.9478181,27.1235917,..,..,..,..,..,..,..,..,..,..,..,..,..,..,..,..,..,..,..,..,..,..,..,..,..,..,..,0.3333333,..,..,0.045,..,..,..,0.0625
SRBrl2000,Serbia,SRB,Europe & Central Asia,Upper middle income,2000,rl,7,-1.4088403999999999,0.2212877,-1.7717521999999999,-1.0459285999999999,32.717576199999996,3.8085166999999998,26.4716089,38.9635436,..,..,..,..,..,0.538268,..,..,..,0.175,..,..,0.25,..,..,..,..,..,..,0,..,..,..,..,..,..,..,0.3333333,..,..,0.628,..,..,..,0.25
STPrl2000,São Tomé and Príncipe,STP,Sub-Saharan Africa,Lower middle income,2000,rl,3,0.132105,0.38423219999999997,-0.4980358,0.7622458,59.238330299999994,6.6129063,48.393164,70.0834967,..,..,..,..,..,..,..,..,..,..,..,..,..,..,..,..,..,..,..,0.5,..,..,..,..,..,..,..,..,..,..,0.764,..,..,..,0.625
SURrl2000,Suriname,SUR,Latin America & Caribbean,Upper middle income,2000,rl,5,-0.1049331,0.2711907,-0.5496858,0.3398196,55.1587379,4.6673822,47.5042312,62.8132447,..,..,..,..,..,..,..,..,..,..,..,..,..,..,..,..,..,0.5,..,0.5,..,..,..,..,..,..,..,0.5,..,..,0.851,..,..,..,0.5625
SVKrl2000,Slovak Republic,SVK,Europe & Central Asia,High income,2000,rl,9,0.2344934,0.1909,-0.0785826,0.5475694,61.000506699999995,3.2855233,55.6122486,66.3887649,..,..,..,..,..,0.4840777,..,..,..,0.5499999999999999,..,..,0.7916667,..,0.49523809999999996,..,..,0.5,..,0.5,..,..,..,..,..,..,..,0.6666667,..,..,0.881,..,..,..,0.6875
SVNrl2000,Slovenia,SVN,Europe & Central Asia,High income,2000,rl,10,0.9624453,0.1810611,0.6655051,1.2593855,73.5290709,3.1161887999999998,68.4185212,78.6396206,..,..,..,..,..,0.5735819,..,..,..,0.7749999999999999,..,..,0.9166667,..,0.5714286,..,..,0.7,..,1,..,..,..,..,..,..,..,0.8333332999999999,..,..,0.8999999999999999,..,0.4459459,..,0.875
SWErl2000,Sweden,SWE,Europe & Central Asia,High income,2000,rl,9,1.8856651999999998,0.1802991,1.5899747,2.1813557,89.4183347,3.1030740999999997,84.3292932,94.5073761,..,..,..,..,..,..,..,..,..,1,..,0.73,..,..,0.7714286,..,..,0.8999999999999999,..,1,..,..,..,..,..,..,..,1,..,..,0.974,..,0.7868421,..,1
SWZrl2000,Eswatini,SWZ,Sub-Saharan Africa,Lower middle income,2000,rl,4,-0.211646,0.2982756,-0.7008179999999999,0.277526,53.3221339,5.133533,44.9031397,61.741127999999996,..,..,..,..,..,..,..,..,..,..,..,..,..,..,..,..,..,0.7,..,0.5,..,..,..,..,..,..,..,..,..,..,0.316,..,..,..,0.3125
SYCrl2000,Seychelles,SYC,Sub-Saharan Africa,High income,2000,rl,3,0.4654232,0.38423219999999997,-0.1647176,1.095564,64.974971,6.6129063,54.1298046,75.8201373,..,..,..,..,..,..,..,..,..,..,..,..,..,..,..,..,..,..,..,0.5,..,..,..,..,..,..,..,..,..,..,0.599,..,..,..,0.8125
SYRrl2000,Syrian Arab Republic,SYR,Middle East & North Africa,Low income,2000,rl,6,-0.5495901,0.20834,-0.8912677,-0.2079125,47.5058782,3.5856779,41.6253664,53.38639,..,..,..,..,..,..,..,..,..,0.3,..,..,..,..,..,..,..,0.3,..,0.5,..,..,..,..,..,..,..,0.8333332999999999,..,..,0.144,..,..,..,0.5625
TCDrl2000,Chad,TCD,Sub-Saharan Africa,Low income,2000,rl,4,-1.0929775,0.2982756,-1.5821494999999999,-0.6038055,38.1537989,5.133533,29.734804699999998,46.5727931,..,..,..,..,..,..,..,..,..,..,..,..,..,..,..,..,..,0.3,..,0,..,..,..,..,..,..,..,..,..,..,0.19699999999999998,..,..,..,0.375
TGOrl2000,Togo,TGO,Sub-Saharan Africa,Low income,2000,rl,5,-0.8349112,0.2711907,-1.2796638999999999,-0.39015849999999996,42.5953014,4.6673822,34.9407947,50.2498082,..,..,..,..,..,..,..,..,..,..,..,..,..,..,..,..,..,0.3,..,0,..,..,..,..,..,..,..,0.5,..,..,0.411,..,..,..,0.5
THArl2000,Thailand,THA,East Asia & Pacific,Upper middle income,2000,rl,8,0.6190078999999999,0.1868126,0.3126352,0.9253806,67.6182717,3.2151766,62.345382099999995,72.8911613,..,..,..,..,..,..,..,..,..,0.6749999999999999,..,..,..,..,0.5571429,..,..,0.7,..,0.5,..,..,..,..,..,..,..,0.8333332999999999,..,..,0.743,..,0.5596899,..,0.6875
TJKrl2000,Tajikistan,TJK,Europe & Central Asia,Lower middle income,2000,rl,5,-1.2999337,0.2765858,-1.7535344,-0.846333,34.5919372,4.760236,26.7851501,42.3987242,..,..,..,..,..,..,..,..,..,..,..,..,0.2083333,..,..,..,..,0.3,..,0,..,..,..,..,..,..,..,..,..,..,0.19399999999999998,..,..,..,0.25
TKMrl2000,Turkmenistan,TKM,Europe & Central Asia,Upper middle income,2000,rl,5,-1.3300253,0.2765858,-1.783626,-0.8764246,34.0740396,4.760236,26.267252499999998,41.8808266,..,..,..,..,..,..,..,..,..,..,..,..,0,..,..,..,..,0.3,..,0,..,..,..,..,..,..,..,..,..,..,0.041999999999999996,..,..,..,0.375
TLSrl2000,Timor-Leste,TLS,East Asia & Pacific,Lower middle income,2000,rl,2,-0.1661683,0.5350058999999999,-1.043578,0.7112413999999999,54.1048371,9.2078281,39.003999,69.2056751,..,..,..,..,..,..,..,..,..,..,..,..,..,..,..,..,..,..,..,0.5,..,..,..,..,..,..,..,..,..,..,0.5409999999999999,..,..,..,..
TONrl2000,Tonga,TON,East Asia & Pacific,Upper middle income,2000,rl,1,0.8674379,0.6633167,-0.2204015,1.9552772999999999,71.8939267,11.416146999999999,53.1714456,90.6164079,..,..,..,..,..,..,..,..,..,..,..,..,..,..,..,..,..,..,..,1,..,..,..,..,..,..,..,..,..,..,..,..,..,..,..
TTOrl2000,Trinidad and Tobago,TTO,Latin America & Caribbean,High income,2000,rl,7,0.4359822,0.1976774,0.1117913,0.7601730999999999,64.46827069999999,3.4021667,58.888717299999996,70.0478241,..,..,..,..,..,..,..,..,..,0.575,..,..,..,..,0.5452381,..,..,0.7,..,1,..,..,..,..,..,..,..,0.6666667,..,..,0.829,..,..,..,0.625
TUNrl2000,Tunisia,TUN,Middle East & North Africa,Lower middle income,2000,rl,6,-0.25735779999999997,0.20834,-0.5990354,0.0843198,52.5354016,3.5856779,46.6548898,58.4159134,..,..,..,..,..,..,..,..,..,0.39999999999999997,..,..,..,..,..,..,..,0.5,..,0,..,..,..,..,..,..,..,0.8333332999999999,..,..,0.26999999999999996,..,..,..,0.5625
TURrl2000,Türkiye,TUR,Europe & Central Asia,Upper middle income,2000,rl,9,-0.043695399999999995,0.18675609999999998,-0.3499754,0.2625846,56.2126818,3.2142038,50.9413876,61.483976,..,..,..,..,..,0.4841181,..,..,..,0.39999999999999997,..,..,..,..,0.45714289999999996,..,..,0.7,..,0.5,..,..,..,..,..,..,..,0.6666667,..,..,0.693,..,0.5599419999999999,..,0.5
TUVrl2000,Tuvalu,TUV,East Asia & Pacific,Upper middle income,2000,rl,1,0.8674379,0.6633167,-0.2204015,1.9552772999999999,71.8939267,11.416146999999999,53.1714456,90.6164079,..,..,..,..,..,..,..,..,..,..,..,..,..,..,..,..,..,..,..,1,..,..,..,..,..,..,..,..,..,..,..,..,..,..,..
TWNrl2000,"Taiwan, China",TWN,East Asia & Pacific,High income,2000,rl,8,0.8652424,0.1868126,0.5588697,1.1716151,71.8561406,3.2151766,66.58325099999999,77.1290303,..,..,..,..,..,..,..,..,..,0.6749999999999999,..,..,..,..,0.7071429,..,..,0.8999999999999999,..,0.5,..,..,..,..,..,..,..,0.6666667,..,..,0.872,..,0.61,..,0.75
TZArl2000,Tanzania,TZA,Sub-Saharan Africa,Lower middle income,2000,rl,6,-0.384225,0.20834,-0.7259026,-0.0425474,50.3519279,3.5856779,44.4714161,56.2324397,..,..,..,..,..,..,..,..,..,0.325,..,..,..,..,..,..,..,0.3,..,0.5,..,..,..,..,..,..,..,0.8333332999999999,..,..,0.7899999999999999,..,..,..,0.5
UGArl2000,Uganda,UGA,Sub-Saharan Africa,Low income,2000,rl,6,-0.7520219,0.20834,-1.0936995,-0.4103443,44.0218846,3.5856779,38.1413728,49.9023964,..,..,..,..,..,..,..,..,..,0.125,..,..,..,..,..,..,..,0.5,..,0.5,..,..,..,..,..,..,..,0.6666667,..,..,0.629,..,..,..,0.4375
UKRrl2000,Ukraine,UKR,Europe & Central Asia,Upper middle income,2000,rl,9,-1.1005422,0.1909,-1.4136182,-0.7874662,38.0236051,3.2855231999999996,32.635346999999996,43.4118632,..,..,..,..,..,0.4385631,..,..,..,0.125,..,..,0.4166667,..,0.2952381,..,..,0.3,..,0.5,..,..,..,..,..,..,..,0.6666667,..,..,0.481,..,..,..,0.3125
URYrl2000,Uruguay,URY,Latin America & Caribbean,High income,2000,rl,8,0.5142871,0.19591619999999998,0.1929845,0.8355897,65.8159531,3.3718559,60.286109399999994,71.3457968,..,..,..,..,..,..,..,..,..,0.6,..,..,..,..,0.6285714,..,..,0.7,..,1,..,..,..,0.505,..,..,..,0.5,..,..,0.9219999999999999,..,..,..,0.6875
USArl2000,United States,USA,North America,High income,2000,rl,8,1.6861165,0.1868126,1.3797438,1.9924891999999998,85.9839612,3.2151766,80.7110716,91.2568508,..,..,..,..,..,..,..,..,..,0.875,..,..,..,..,0.847619,..,..,0.8999999999999999,..,1,..,..,..,..,..,..,..,1,..,..,0.942,..,0.7960005,..,0.875
UZBrl2000,Uzbekistan,UZB,Europe & Central Asia,Lower middle income,2000,rl,6,-1.2010433999999999,0.2279166,-1.5748266,-0.8272602,36.2939088,3.9226047,29.860837,42.726980499999996,..,..,..,..,..,0.6446837,..,..,..,0.175,..,..,0.0833333,..,..,..,..,0.3,..,0.5,..,..,..,..,..,..,..,..,..,..,0.079,..,..,..,..
VCTrl2000,St. Vincent and the Grenadines,VCT,Latin America & Caribbean,Upper middle income,2000,rl,1,0.8674379,0.6633167,-0.2204015,1.9552772999999999,71.8939267,11.416146999999999,53.1714456,90.6164079,..,..,..,..,..,..,..,..,..,..,..,..,..,..,..,..,..,..,..,1,..,..,..,..,..,..,..,..,..,..,..,..,..,..,..
VENrl2000,"Venezuela, RB",VEN,Latin America & Caribbean,,2000,rl,9,-0.8792011999999999,0.185324,-1.1831326,-0.5752697999999999,41.8330394,3.1895567999999996,36.6021662,47.0639125,..,..,..,..,..,..,..,..,..,0.325,..,..,..,..,0.29047619999999996,..,..,0.3,..,0.5,..,..,..,0.41,..,..,..,0.6666667,..,..,0.439,..,0.25238099999999997,..,0.3125
VNMrl2000,Viet Nam,VNM,East Asia & Pacific,Lower middle income,2000,rl,7,-0.6148348,0.1976774,-0.9390257,-0.2906439,46.3829711,3.4021667,40.8034177,51.9625245,..,..,..,..,..,..,..,..,..,0.44999999999999996,..,..,..,..,0.4071429,..,..,0.09999999999999999,..,0,..,..,..,..,..,..,..,0.8333332999999999,..,..,0.289,..,..,..,0.5
VUTrl2000,Vanuatu,VUT,East Asia & Pacific,Lower middle income,2000,rl,2,0.9429198,0.5350058999999999,0.0655101,1.8203295,73.1930233,9.207828,58.0921853,88.29386129999999,..,..,..,..,..,..,..,..,..,..,..,..,..,..,..,..,..,..,..,1,..,..,..,..,..,..,..,..,..,..,0.835,..,..,..,..
WSMrl2000,Samoa,WSM,East Asia & Pacific,Upper middle income,2000,rl,3,0.7190493,0.3159268,0.20092929999999998,1.2371693,69.3400545,5.4373229,60.422844999999995,78.2572641,..,..,..,..,..,..,..,..,..,..,..,..,..,..,..,..,..,0.5,..,1,..,..,..,..,..,..,..,..,..,..,..,..,..,..,0.875
XKXrl2000,Kosovo,XKX,Europe & Central Asia,Upper middle income,2000,rl,1,-0.5437841999999999,0.6755029,-1.6516089999999999,0.5640406,47.605801899999996,11.6258805,28.5393579,66.6722458,..,..,..,..,..,..,..,..,..,..,..,..,..,..,..,..,..,..,..,..,..,..,..,..,..,..,..,..,..,..,0.424,..,..,..,..
YEMrl2000,"Yemen, Rep.",YEM,Middle East & North Africa,Low income,2000,rl,6,-1.4554456999999998,0.20834,-1.7971233,-1.1137681,31.9154663,3.5856779,26.034954499999998,37.7959781,..,..,..,..,..,..,..,..,..,0.09999999999999999,..,..,..,..,..,..,..,0.3,..,0,..,..,..,..,..,..,..,0.3333333,..,..,0.33099999999999996,..,..,..,0.3125
ZAFrl2000,South Africa,ZAF,Sub-Saharan Africa,Upper middle income,2000,rl,8,-0.0123717,0.1868126,-0.3187444,0.294001,56.751784699999995,3.2151766,51.478895099999995,62.024674399999995,..,..,..,..,..,..,..,..,..,0.575,..,..,..,..,0.5261905,..,..,0.5,..,1,..,..,..,..,..,..,..,0.3333333,..,..,0.84,..,0.4844444,..,0.5
ZMBrl2000,Zambia,ZMB,Sub-Saharan Africa,Lower middle income,2000,rl,6,-0.416429,0.20834,-0.7581066,-0.0747514,49.7976744,3.5856779,43.9171626,55.6781862,..,..,..,..,..,..,..,..,..,0.25,..,..,..,..,..,..,..,0.5,..,1,..,..,..,..,..,..,..,0.6666667,..,..,0.736,..,..,..,0.4375
ZWErl2000,Zimbabwe,ZWE,Sub-Saharan Africa,Lower middle income,2000,rl,7,-1.5596949999999998,0.1976774,-1.8838859,-1.2355041,30.1212625,3.4021667,24.5417091,35.700815899999995,..,..,..,..,..,..,..,..,..,0.049999999999999996,..,..,..,..,0.37380949999999996,..,..,0.09999999999999999,..,0.5,..,..,..,..,..,..,..,0.3333333,..,..,0.475,..,..,..,0.3125
ADOrl2002,Andorra,ADO,,,2002,rl,2,0.9839612,0.4243771,0.2879828,1.6799396,73.8993747,7.3038279,61.921096899999995,85.8776524,..,..,..,..,..,..,..,..,..,..,..,..,..,..,..,..,..,..,..,0.5,..,..,..,..,..,..,..,..,..,..,..,..,..,..,0.9375
AFGrl2002,Afghanistan,AFG,South Asia,Low income,2002,rl,4,-1.9838064,0.329796,-2.5246717999999997,-1.442941,22.822007,5.6760207,13.513333099999999,32.1306809,..,..,..,..,..,..,0,..,..,..,..,..,..,..,..,..,..,..,..,0,..,..,..,..,..,..,..,..,..,..,0.207,..,..,..,0.1875
AGOrl2002,Angola,AGO,Sub-Saharan Africa,Lower middle income,2002,rl,7,-1.4961635,0.1981884,-1.8211925,-1.1711345,31.2146843,3.410962,25.6207066,36.808662,..,..,..,..,..,..,0,..,..,0.075,..,..,..,..,..,..,..,0.3,..,0,..,..,..,..,..,..,..,0.6071428999999999,..,..,0.24,..,..,..,0.25
ALBrl2002,Albania,ALB,Europe & Central Asia,Upper middle income,2002,rl,8,-0.7542805,0.23657679999999998,-1.1422664999999999,-0.36629449999999997,43.9830125,4.071653599999999,37.305500599999995,50.6605244,..,..,..,..,..,0.3959158,0.25,..,..,..,..,..,0.5416667,..,..,..,..,0.3,..,0.5,..,..,..,..,..,..,..,0.5238094999999999,..,..,0.7889999999999999,..,..,..,0.3125
ARErl2002,United Arab Emirates,ARE,Middle East & North Africa,High income,2002,rl,7,0.5176634999999999,0.1976774,0.1934726,0.8418544,65.8740633,3.4021667,60.294509899999994,71.4536167,..,..,..,..,..,..,..,..,..,0.5,..,..,..,..,0.7993589999999999,..,..,0.7,..,0.5,..,..,..,..,..,..,..,0.7619047999999999,..,..,0.27699999999999997,..,..,..,0.875
ARGrl2002,Argentina,ARG,Latin America & Caribbean,Upper middle income,2002,rl,10,-0.8048742999999999,0.1780697,-1.0969086,-0.51284,43.1122576,3.0647047,38.0861419,48.1383733,..,..,..,..,..,..,0.5,..,..,0.375,..,..,..,..,0.2848458,..,..,0.3,..,0.5,..,..,..,0.29,..,..,..,0.4107143,..,..,0.7839999999999999,..,0.1845753,..,0.5
ARMrl2002,Armenia,ARM,Europe & Central Asia,Upper middle income,2002,rl,8,-0.344753,0.23657679999999998,-0.7327389999999999,0.043233,51.0312688,4.071653599999999,44.3537569,57.7087807,..,..,..,..,..,0.5627363,0.25,..,..,..,..,..,0.6666667,..,..,..,..,0.5,..,0.5,..,..,..,..,..,..,..,0.5357143,..,..,0.39499999999999996,..,..,..,0.5625
ATGrl2002,Antigua and Barbuda,ATG,Latin America & Caribbean,High income,2002,rl,2,0.9717882,0.4243771,0.2758098,1.6677666,73.6898688,7.3038279,61.711591,85.66814649999999,..,..,..,..,..,..,..,..,..,..,..,..,..,..,..,..,..,..,..,1,..,..,..,..,..,..,..,..,..,..,..,..,..,..,0.8125
AUSrl2002,Australia,AUS,East Asia & Pacific,High income,2002,rl,8,1.7540673999999998,0.1868126,1.4476947,2.0604401,87.153444,3.2151766,81.8805543,92.42633359999999,..,..,..,..,..,..,..,..,..,0.8999999999999999,..,..,..,..,0.8632812,..,..,0.8999999999999999,..,1,..,..,..,..,..,..,..,0.9285713999999999,..,..,0.966,..,0.8235002,..,0.9375
AUTrl2002,Austria,AUT,Europe & Central Asia,High income,2002,rl,9,1.9114510999999998,0.1802991,1.6157606,2.2071416,89.8621282,3.1030740999999997,84.7730867,94.9511696,..,..,..,..,..,..,..,..,..,0.9249999999999999,..,0.7585,..,..,0.8612544,..,..,0.8999999999999999,..,1,..,..,..,..,..,..,..,1,..,..,0.9259999999999999,..,0.9051281999999999,..,1
AZErl2002,Azerbaijan,AZE,Europe & Central Asia,Upper middle income,2002,rl,9,-0.8493320999999999,0.1913601,-1.1631627,-0.5355015,42.3471076,3.2934422999999997,36.9458623,47.7483529,..,..,..,..,..,0.6054818,0.25,..,..,0.3,..,..,0.7083332999999999,..,..,..,..,0.3,..,0,..,..,..,..,..,..,..,0.6904762,..,..,0.184,..,..,..,0.3125
BDIrl2002,Burundi,BDI,Sub-Saharan Africa,Low income,2002,rl,5,-1.2884531,0.2705613,-1.7321735999999999,-0.8447326,34.7895264,4.6565499,27.1527845,42.426268199999996,..,..,..,..,..,..,0.25,..,..,..,..,..,..,..,..,..,..,0.3,..,0,..,..,..,..,..,..,..,..,..,..,0.44699999999999995,..,..,..,0.1875
BELrl2002,Belgium,BEL,Europe & Central Asia,High income,2002,rl,9,1.3025955999999999,0.1802991,1.0069051,1.5982861,79.3832968,3.1030740999999997,74.2942553,84.47233829999999,..,..,..,..,..,..,..,..,..,0.85,..,0.44949999999999996,..,..,0.7423848,..,..,0.8999999999999999,..,1,..,..,..,..,..,..,..,0.8452381,..,..,0.9329999999999999,..,0.5903065,..,0.875
BENrl2002,Benin,BEN,Sub-Saharan Africa,Lower middle income,2002,rl,5,-0.3909663,0.2705613,-0.8346868,0.052754199999999994,50.2359054,4.6565499,42.599163499999996,57.8726473,..,..,..,..,..,..,0.5,..,..,..,..,..,..,..,..,..,..,0.3,..,0.5,..,..,..,..,..,..,..,..,..,..,0.816,..,..,..,0.5
BFArl2002,Burkina Faso,BFA,Sub-Saharan Africa,Low income,2002,rl,6,-0.8023621999999999,0.2498608,-1.2121339,-0.3925905,43.155492599999995,4.30028,36.103033499999995,50.2079518,..,..,..,..,..,..,0.25,..,..,..,..,..,..,..,..,..,..,0.3,..,0,..,..,..,..,..,..,..,0.6488094999999999,..,..,0.5599999999999999,..,..,..,0.4375
BGDrl2002,Bangladesh,BGD,South Asia,Lower middle income,2002,rl,8,-1.123872,0.18894339999999998,-1.4337392,-0.8140048,37.6220828,3.2518491,32.2890504,42.955115299999996,..,..,..,..,..,..,0.5,..,..,0.19999999999999998,..,..,..,..,0.30318849999999997,..,..,0.3,..,0.5,..,..,..,..,..,..,..,0.33928569999999997,..,..,0.40099999999999997,..,..,..,0.375
BGRrl2002,Bulgaria,BGR,Europe & Central Asia,High income,2002,rl,10,-0.014921499999999999,0.1829991,-0.31504,0.285197,56.7079009,3.149543,51.5426504,61.873151299999996,..,..,..,..,..,0.45314319999999997,0.5,..,..,0.6,..,..,0.4166667,..,0.3352309,..,..,0.5,..,0.5,..,..,..,..,..,..,..,0.7619047999999999,..,..,0.869,..,..,..,0.5
BHRrl2002,Bahrain,BHR,Middle East & North Africa,High income,2002,rl,8,0.3650006,0.18894339999999998,0.0551334,0.6748678,63.246627399999994,3.2518491,57.913595,68.5796599,..,..,..,..,..,..,0,..,..,0.625,..,..,..,..,0.7603038999999999,..,..,0.7,..,0,..,..,..,..,..,..,..,0.9166667,..,..,0.223,..,..,..,0.8125
BHSrl2002,"Bahamas, The",BHS,Latin America & Caribbean,High income,2002,rl,4,1.4499564,0.2842523,0.9837826,1.9161302,81.91947979999999,4.8921823,73.89630079999999,89.94265879999999,..,..,..,..,..,..,..,..,..,..,..,..,..,..,..,..,..,0.8999999999999999,..,1,..,..,..,..,..,..,..,0.8333332999999999,..,..,..,..,..,..,0.875
BIHrl2002,Bosnia and Herzegovina,BIH,Europe & Central Asia,Upper middle income,2002,rl,8,-0.49279029999999996,0.2001955,-0.8211109,-0.1644697,48.4834427,3.4455052,42.832814299999995,54.1340712,..,..,..,..,..,0.416425,0.25,..,..,0.5,..,..,0.6666667,..,..,..,..,0.09999999999999999,..,0.5,..,..,..,..,..,..,..,..,..,..,0.592,..,..,..,0.5
BLRrl2002,Belarus,BLR,Europe & Central Asia,Upper middle income,2002,rl,8,-0.9271452,0.23657679999999998,-1.3151312,-0.5391592,41.007889399999996,4.071653599999999,34.3303775,47.685401399999996,..,..,..,..,..,0.5476306,0,..,..,..,..,..,0.9583332999999999,..,..,..,..,0.3,..,0,..,..,..,..,..,..,..,0.547619,..,..,0.241,..,..,..,0.375
BLZrl2002,Belize,BLZ,Latin America & Caribbean,Upper middle income,2002,rl,3,0.18201109999999998,0.3159268,-0.3361089,0.7001311,60.097249399999995,5.4373229,51.180039799999996,69.014459,..,..,..,..,..,..,..,..,..,..,..,..,..,..,..,..,..,0.5,..,1,..,..,..,..,..,..,..,..,..,..,..,..,..,..,0.5625
BMUrl2002,Bermuda,BMU,North America,High income,2002,rl,1,1.0525544,0.4850462,0.2570786,1.8480302,75.0799119,8.3479866,61.389213899999994,88.7706099,..,..,..,..,..,..,..,..,..,..,..,..,..,..,..,..,..,..,..,..,..,..,..,..,..,..,..,..,..,..,..,..,..,..,0.875
BOLrl2002,Bolivia,BOL,Latin America & Caribbean,Lower middle income,2002,rl,9,-0.3831379,0.18740369999999998,-0.69048,-0.0757958,50.370637699999996,3.2253498,45.081064,55.660211399999994,..,..,..,..,..,..,0.75,..,..,0.425,..,..,..,..,0.29031219999999996,..,..,0.3,..,0.5,..,..,..,0.3366667,..,..,..,0.75,..,..,0.6659999999999999,..,..,..,0.5
BRArl2002,Brazil,BRA,Latin America & Caribbean,Upper middle income,2002,rl,10,-0.3005311,0.1780697,-0.5925654,-0.008496799999999999,51.792358799999995,3.0647047,46.7662431,56.8184745,..,..,..,..,..,..,0.5,..,..,0.425,..,..,..,..,0.4787724,..,..,0.5,..,0.5,..,..,..,0.4433333,..,..,..,0.5535713999999999,..,..,0.823,..,0.4040161,..,0.4375
BRBrl2002,Barbados,BRB,Latin America & Caribbean,High income,2002,rl,4,1.5000349,0.2982756,1.0108629,1.9892069,82.78136599999999,5.133533,74.36237179999999,91.20036019999999,..,..,..,..,..,..,..,..,..,..,..,..,..,..,..,..,..,0.8999999999999999,..,1,..,..,..,..,..,..,..,..,..,..,0.855,..,..,..,0.875
BRNrl2002,Brunei Darussalam,BRN,East Asia & Pacific,High income,2002,rl,3,0.7815546,0.355562,0.1984329,1.3646763,70.4158147,6.1194723,60.379880199999995,80.4517493,..,..,..,..,..,..,..,..,..,..,..,..,..,..,..,..,..,..,..,0.5,..,..,..,..,..,..,..,1,..,..,..,..,..,..,0.6875
BTNrl2002,Bhutan,BTN,South Asia,Lower middle income,2002,rl,3,-0.1606519,0.38423219999999997,-0.7907927,0.4694889,54.1997782,6.6129063,43.3546118,65.0449445,..,..,..,..,..,..,..,..,..,..,..,..,..,..,..,..,..,..,..,0,..,..,..,..,..,..,..,..,..,..,0.597,..,..,..,0.6875
BWArl2002,Botswana,BWA,Sub-Saharan Africa,Upper middle income,2002,rl,9,0.6399536,0.1878898,0.3318143,0.9480928999999999,67.9787619,3.2337159,62.675467899999994,73.282056,..,0.7884,..,..,..,..,0.75,..,..,0.6,..,..,..,..,0.6581494,..,..,0.7,..,1,..,..,..,..,..,..,..,0.7916667,..,..,0.871,..,..,..,0.625
CAFrl2002,Central African Republic,CAF,Sub-Saharan Africa,Low income,2002,rl,5,-0.9179071999999999,0.2705613,-1.3616276999999999,-0.47418669999999996,41.1668819,4.6565499,33.530139999999996,48.8036238,..,..,..,..,..,..,0,..,..,..,..,..,..,..,..,..,..,0.5,..,0.5,..,..,..,..,..,..,..,..,..,..,0.497,..,..,..,0.25
CANrl2002,Canada,CAN,North America,High income,2002,rl,8,1.7764337,0.1868126,1.4700609999999998,2.0828064,87.5383837,3.2151766,82.2654941,92.81127339999999,..,..,..,..,..,..,..,..,..,0.875,..,..,..,..,0.816485,..,..,0.8999999999999999,..,1,..,..,..,..,..,..,..,1,..,..,0.9159999999999999,..,0.8603632999999999,..,1
CHErl2002,Switzerland,CHE,Europe & Central Asia,High income,2002,rl,8,1.905749,0.1868126,1.5993762999999999,2.2121217,89.76399099999999,3.2151766,84.49110139999999,95.03688059999999,..,..,..,..,..,..,..,..,..,1,..,..,..,..,0.851285,..,..,0.8999999999999999,..,1,..,..,..,..,..,..,..,0.8452381,..,..,0.956,..,0.8710526,..,1
CHLrl2002,Chile,CHL,Latin America & Caribbean,High income,2002,rl,10,1.3264631,0.1780697,1.0344288,1.6184973999999999,79.7940732,3.0647047,74.7679576,84.82018889999999,..,..,..,..,..,..,1,..,..,0.85,..,..,..,..,0.6736338,..,..,0.8999999999999999,..,1,..,..,..,0.48666669999999995,..,..,..,0.8452381,..,..,0.9359999999999999,..,0.6091502999999999,..,0.8125
CHNrl2002,China,CHN,East Asia & Pacific,Upper middle income,2002,rl,10,-0.6505266,0.1793864,-0.9447203,-0.3563329,45.7686901,3.0873662,40.705409599999996,50.8319706,..,..,..,0.2174794,..,..,0,..,..,0.3,..,..,..,..,0.5920375,..,..,0.3,..,0,..,..,..,..,..,..,..,0.7321428999999999,..,..,0.241,..,0.5336622999999999,..,0.5625
CIVrl2002,Côte d’Ivoire,CIV,Sub-Saharan Africa,Lower middle income,2002,rl,7,-1.3787812,0.1981884,-1.7038102,-1.0537522,33.2349162,3.410962,27.640938499999997,38.8288939,..,..,..,..,..,..,0.25,..,..,0.049999999999999996,..,..,..,..,..,..,..,0.3,..,0.5,..,..,..,..,..,..,..,0.42261899999999997,..,..,0.6,..,..,..,0.25
CMRrl2002,Cameroon,CMR,Sub-Saharan Africa,Lower middle income,2002,rl,7,-1.2992569,0.1981884,-1.6242858999999998,-0.9742278999999999,34.6035854,3.410962,29.0096077,40.197562999999995,..,..,..,..,..,..,0.25,..,..,0.125,..,..,..,..,..,..,..,0.3,..,0.5,..,..,..,..,..,..,..,0.452381,..,..,0.365,..,..,..,0.25
CODrl2002,"Congo, Dem. Rep.",COD,Sub-Saharan Africa,Low income,2002,rl,6,-1.9719326,0.2498608,-2.3817043,-1.5621608999999999,23.0263635,4.30028,15.9739043,30.0788226,..,..,..,..,..,..,0,..,..,..,..,..,..,..,..,..,..,0.09999999999999999,..,0,..,..,..,..,..,..,..,0.29761899999999997,..,..,0.15,..,..,..,0.1875
COGrl2002,"Congo, Rep.",COG,Sub-Saharan Africa,Lower middle income,2002,rl,5,-1.1310974999999999,0.2711907,-1.5758501999999999,-0.6863448,37.497726899999996,4.6673822,29.8432201,45.1522337,..,..,..,..,..,..,..,..,..,..,..,..,..,..,..,..,..,0.3,..,0.5,..,..,..,..,..,..,..,0.452381,..,..,0.22699999999999998,..,..,..,0.25
COLrl2002,Colombia,COL,Latin America & Caribbean,Upper middle income,2002,rl,10,-0.8070425999999999,0.1780697,-1.0990769,-0.5150083,43.0749396,3.0647047,38.048823899999995,48.1010553,..,..,..,..,..,..,0.5,..,..,0.35,..,..,..,..,0.4086471,..,..,0.3,..,0.5,..,..,..,0.43666669999999996,..,..,..,0.4404762,..,..,0.753,..,0.2785412,..,0.25
COMrl2002,Comoros,COM,Sub-Saharan Africa,Lower middle income,2002,rl,3,-0.9198794,0.38423219999999997,-1.5500201999999998,-0.2897386,41.1329389,6.6129063,30.2877726,51.978105299999996,..,..,..,..,..,..,..,..,..,..,..,..,..,..,..,..,..,..,..,0.5,..,..,..,..,..,..,..,..,..,..,0.295,..,..,..,0.375
CPVrl2002,Cabo Verde,CPV,Sub-Saharan Africa,Upper middle income,2002,rl,5,0.39261999999999997,0.2941816,-0.0898378,0.8750777999999999,63.7219767,5.063072,55.4185387,72.0254148,..,0.7106,..,..,..,..,..,..,..,..,..,..,..,..,..,..,..,0.5,..,1,..,..,..,..,..,..,..,..,..,..,0.8999999999999999,..,..,..,0.625
CRIrl2002,Costa Rica,CRI,Latin America & Caribbean,High income,2002,rl,9,0.6006589999999999,0.18740369999999998,0.2933169,0.9080011,67.30247419999999,3.2253498,62.0129005,72.5920479,..,..,..,..,..,..,1,..,..,0.625,..,..,..,..,0.5531524,..,..,0.5,..,1,..,..,..,0.5133333,..,..,..,0.6904762,..,..,0.953,..,..,..,0.75
CUBrl2002,Cuba,CUB,Latin America & Caribbean,Upper middle income,2002,rl,7,-1.2185891,0.1981884,-1.5436181,-0.8935601,35.9919349,3.410962,30.397957199999997,41.5859126,..,..,..,..,..,..,0.25,..,..,0.25,..,..,..,..,..,..,..,0.09999999999999999,..,0,..,..,..,..,..,..,..,0.547619,..,..,0.126,..,..,..,0.4375
CYMrl2002,Cayman Islands,CYM,Latin America & Caribbean,High income,2002,rl,1,1.3076756999999999,0.4850462,0.5121998999999999,2.1031515,79.4707289,8.3479866,65.7800309,93.1614269,..,..,..,..,..,..,..,..,..,..,..,..,..,..,..,..,..,..,..,..,..,..,..,..,..,..,..,..,..,..,..,..,..,..,0.9375
CYPrl2002,Cyprus,CYP,Europe & Central Asia,High income,2002,rl,6,1.1440428,0.20834,0.8023652,1.4857204,76.6544916,3.5856779,70.77397979999999,82.5350034,..,..,..,..,..,..,..,..,..,0.7,..,..,..,..,..,..,..,0.8999999999999999,..,1,..,..,..,..,..,..,..,0.9166667,..,..,0.832,..,..,..,0.75
CZErl2002,Czechia,CZE,Europe & Central Asia,High income,2002,rl,11,0.8537916999999999,0.1742782,0.5679755,1.1396079,71.659066,2.9994498999999997,66.73996819999999,76.5781638,..,..,..,..,..,0.48740839999999996,1,..,..,0.725,..,..,0.25,..,0.5531870999999999,..,..,0.7,..,1,..,..,..,..,..,..,..,0.9166667,..,..,0.9189999999999999,..,0.5703703999999999,..,0.8125
DEUrl2002,Germany,DEU,Europe & Central Asia,High income,2002,rl,9,1.6964095,0.1802991,1.400719,1.9921,86.16111099999999,3.1030740999999997,81.0720695,91.25015239999999,..,..,..,..,..,..,..,..,..,0.875,..,0.695,..,..,0.8467129999999999,..,..,0.8999999999999999,..,1,..,..,..,..,..,..,..,0.9166667,..,..,0.969,..,0.8172366999999999,..,0.9375
DJIrl2002,Djibouti,DJI,Middle East & North Africa,Lower middle income,2002,rl,4,-0.9439884,0.2982756,-1.4331604,-0.45481639999999995,40.7180061,5.133533,32.299011899999996,49.1370003,..,..,..,..,..,..,..,..,..,..,..,..,..,..,..,..,..,0.3,..,0,..,..,..,..,..,..,..,..,..,..,0.288,..,..,..,0.4375
DMArl2002,Dominica,DMA,Latin America & Caribbean,Upper middle income,2002,rl,2,0.7764962,0.4243771,0.0805178,1.4724746,70.32875609999999,7.3038279,58.3504783,82.3070339,..,..,..,..,..,..,..,..,..,..,..,..,..,..,..,..,..,..,..,1,..,..,..,..,..,..,..,..,..,..,..,..,..,..,0.75
DNKrl2002,Denmark,DNK,Europe & Central Asia,High income,2002,rl,9,1.9653105,0.1802991,1.6696199999999999,2.261001,90.7890863,3.1030740999999997,85.7000448,95.8781278,..,..,..,..,..,..,..,..,..,0.95,..,0.8544999999999999,..,..,0.8980769,..,..,0.8999999999999999,..,1,..,..,..,..,..,..,..,0.9285713999999999,..,..,0.984,..,0.8808303,..,1
DOMrl2002,Dominican Republic,DOM,Latin America & Caribbean,Upper middle income,2002,rl,8,-0.7124813,0.18894339999999998,-1.0223484999999999,-0.4026141,44.7024061,3.2518491,39.3693737,50.0354386,..,..,..,..,..,..,0.5,..,..,0.325,..,..,..,..,0.43730589999999997,..,..,0.3,..,0.5,..,..,..,..,..,..,..,0.5238094999999999,..,..,0.431,..,..,..,0.4375
DZArl2002,Algeria,DZA,Middle East & North Africa,Upper middle income,2002,rl,7,-0.6344911,0.1981884,-0.9595201,-0.30946209999999996,46.044672299999995,3.410962,40.4506946,51.63865,..,..,..,..,..,..,0.25,..,..,0.5,..,..,..,..,..,..,..,0.3,..,0.5,..,..,..,..,..,..,..,0.452381,..,..,0.33199999999999996,..,..,..,0.375
ECUrl2002,Ecuador,ECU,Latin America & Caribbean,Upper middle income,2002,rl,9,-0.7765755,0.18740369999999998,-1.0839176,-0.46923339999999997,43.5992999,3.2253498,38.3097262,48.8888736,..,..,..,..,..,..,0.5,..,..,0.35,..,..,..,..,0.2564018,..,..,0.3,..,0.5,..,..,..,0.29333329999999996,..,..,..,0.5357143,..,..,0.597,..,..,..,0.4375
EGYrl2002,"Egypt, Arab Rep.",EGY,Middle East & North Africa,Lower middle income,2002,rl,8,-0.1273754,0.18894339999999998,-0.4372426,0.18249179999999998,54.7724902,3.2518491,49.4394577,60.1055226,..,..,..,..,..,..,0.25,..,..,0.5499999999999999,..,..,..,..,0.6090194999999999,..,..,0.5,..,0.5,..,..,..,..,..,..,..,0.6190475999999999,..,..,0.45499999999999996,..,..,..,0.5
ERIrl2002,Eritrea,ERI,Sub-Saharan Africa,Low income,2002,rl,4,-1.013834,0.329796,-1.5546993999999998,-0.47296859999999996,39.5159142,5.6760207,30.2072403,48.8245881,..,..,..,..,..,..,0.25,..,..,..,..,..,..,..,..,..,..,..,..,0.5,..,..,..,..,..,..,..,..,..,..,0.022,..,..,..,0.5
ESPrl2002,Spain,ESP,Europe & Central Asia,High income,2002,rl,9,1.1828193,0.1802991,0.8871287999999999,1.4785097999999999,77.3218624,3.1030740999999997,72.232821,82.4109039,..,..,..,..,..,..,..,..,..,0.875,..,0.533,..,..,0.6546312,..,..,0.7,..,1,..,..,..,..,..,..,..,0.875,..,..,0.9089999999999999,..,0.5747475,..,0.875
ESTrl2002,Estonia,EST,Europe & Central Asia,High income,2002,rl,11,0.7524856,0.1742782,0.46666939999999996,1.0383018,69.91551679999999,2.9994498999999997,64.996419,74.8346146,..,..,..,..,..,0.5434437999999999,1,..,..,0.75,..,..,0.125,..,0.6423781,..,..,0.7,..,1,..,..,..,..,..,..,..,0.6904762,..,..,0.943,..,0.5952417999999999,..,0.6875
ETHrl2002,Ethiopia,ETH,Sub-Saharan Africa,,2002,rl,7,-1.0602789,0.1981884,-1.3853079,-0.7352499,38.7165648,3.410962,33.1225871,44.3105425,..,..,..,..,..,..,0,..,..,0.15,..,..,..,..,..,..,..,0.3,..,0.5,..,..,..,..,..,..,..,0.7023809999999999,..,..,0.27699999999999997,..,..,..,0.5
FINrl2002,Finland,FIN,Europe & Central Asia,High income,2002,rl,9,2.0332407999999997,0.1802991,1.7375502999999999,2.3289313,91.9582145,3.1030740999999997,86.8691731,97.04725599999999,..,..,..,..,..,..,..,..,..,1,..,0.8079999999999999,..,..,0.9169822999999999,..,..,0.8999999999999999,..,1,..,..,..,..,..,..,..,1,..,..,0.972,..,0.9022329,..,0.9375
FJIrl2002,Fiji,FJI,East Asia & Pacific,Upper middle income,2002,rl,4,-0.08907759999999999,0.2982756,-0.5782495999999999,0.40009439999999996,55.4316222,5.133533,47.0126281,63.8506164,..,..,..,..,..,..,..,..,..,..,..,..,..,..,..,..,..,0.3,..,1,..,..,..,..,..,..,..,..,..,..,0.645,..,..,..,0.625
FRArl2002,France,FRA,Europe & Central Asia,High income,2002,rl,9,1.1623234,0.1802991,0.8666328999999999,1.4580138999999999,76.9691136,3.1030740999999997,71.88007209999999,82.058155,..,..,..,..,..,..,..,..,..,0.875,..,0.475,..,..,0.6640145,..,..,0.7,..,1,..,..,..,..,..,..,..,0.875,..,..,0.9139999999999999,..,0.56607,..,0.875
FSMrl2002,"Micronesia, Fed. Sts.",FSM,East Asia & Pacific,Lower middle income,2002,rl,1,0.8855968,0.6633167,-0.2022426,1.9734361999999999,72.2064542,11.416146999999999,53.483973,90.92893529999999,..,..,..,..,..,..,..,..,..,..,..,..,..,..,..,..,..,..,..,1,..,..,..,..,..,..,..,..,..,..,..,..,..,..,..
GABrl2002,Gabon,GAB,Sub-Saharan Africa,Upper middle income,2002,rl,6,-0.3088834,0.20834,-0.650561,0.032794199999999996,51.648609799999996,3.5856779,45.768097999999995,57.529121599999996,..,..,..,..,..,..,..,..,..,0.375,..,..,..,..,..,..,..,0.5,..,0.5,..,..,..,..,..,..,..,0.6071428999999999,..,..,0.45199999999999996,..,..,..,0.5625
GBRrl2002,United Kingdom,GBR,Europe & Central Asia,High income,2002,rl,9,1.6490953,0.1802991,1.3534047999999999,1.9447858,85.3468003,3.1030740999999997,80.2577589,90.43584179999999,..,..,..,..,..,..,..,..,..,0.8999999999999999,..,0.6064999999999999,..,..,0.828125,..,..,0.8999999999999999,..,1,..,..,..,..,..,..,..,1,..,..,0.939,..,0.6925926,..,0.9375
GEOrl2002,Georgia,GEO,Europe & Central Asia,Upper middle income,2002,rl,7,-0.9864674999999999,0.2539192,-1.402895,-0.57004,39.9869109,4.3701281,32.8199008,47.1539211,..,..,..,..,..,0.40263079999999996,0.25,..,..,..,..,..,0.5833332999999999,..,..,..,..,0.3,..,0.5,..,..,..,..,..,..,..,..,..,..,0.432,..,..,..,0.1875
GHArl2002,Ghana,GHA,Sub-Saharan Africa,Lower middle income,2002,rl,8,-0.0673975,0.1969735,-0.390434,0.255639,55.804752,3.3900520999999997,50.2450666,61.3644374,..,0.756,..,..,..,..,0.5,..,..,0.475,..,..,..,..,..,..,..,0.5,..,0.5,..,..,..,..,..,..,..,0.5952381,..,..,0.873,..,..,..,0.5625
GINrl2002,Guinea,GIN,Sub-Saharan Africa,Lower middle income,2002,rl,6,-1.1562918,0.2498608,-1.5660634999999998,-0.7465201,37.0641153,4.30028,30.0116561,44.1165744,..,..,..,..,..,..,0,..,..,..,..,..,..,..,..,..,..,0.3,..,0,..,..,..,..,..,..,..,0.5654762,..,..,0.246,..,..,..,0.4375
GMBrl2002,"Gambia, The",GMB,Sub-Saharan Africa,Low income,2002,rl,5,-0.1330182,0.2711907,-0.5777709,0.31173449999999997,54.6753736,4.6673822,47.0208668,62.3298804,..,..,..,..,..,..,..,..,..,..,..,..,..,..,..,..,..,0.5,..,0.5,..,..,..,..,..,..,..,0.6904762,..,..,0.302,..,..,..,0.5625
GNBrl2002,Guinea-Bissau,GNB,Sub-Saharan Africa,Low income,2002,rl,5,-1.256251,0.2711907,-1.7010037,-0.8114983,35.3437471,4.6673822,27.6892404,42.998253899999995,..,..,..,..,..,..,..,..,..,..,..,..,..,..,..,..,..,0.09999999999999999,..,0.5,..,..,..,..,..,..,..,0.29761899999999997,..,..,0.472,..,..,..,0.4375
GNQrl2002,Equatorial Guinea,GNQ,Sub-Saharan Africa,Upper middle income,2002,rl,5,-1.3292709,0.21989309999999998,-1.6898955999999998,-0.9686461999999999,34.0870233,3.7845150999999997,27.8804186,40.293628,..,..,..,..,..,..,..,..,..,0.09999999999999999,..,..,..,..,..,..,..,0.3,..,0,..,..,..,..,..,..,..,..,..,..,0.128,..,..,..,0.4375
GRCrl2002,Greece,GRC,Europe & Central Asia,High income,2002,rl,9,0.8024604999999999,0.1802991,0.5067699999999999,1.0981509999999999,70.77562,3.1030740999999997,65.6865785,75.8646614,..,..,..,..,..,..,..,..,..,0.75,..,0.612,..,..,0.6009573,..,..,0.5,..,1,..,..,..,..,..,..,..,0.6785713999999999,..,..,0.9039999999999999,..,0.6001487999999999,..,0.875
GRDrl2002,Grenada,GRD,Latin America & Caribbean,Upper middle income,2002,rl,2,0.3859121,0.4243771,-0.31006629999999996,1.0818904999999999,63.606528999999995,7.3038279,51.628251299999995,75.5848068,..,..,..,..,..,..,..,..,..,..,..,..,..,..,..,..,..,..,..,1,..,..,..,..,..,..,..,..,..,..,..,..,..,..,0.625
GTMrl2002,Guatemala,GTM,Latin America & Caribbean,Upper middle income,2002,rl,9,-1.0297832,0.18740369999999998,-1.3371252999999999,-0.7224411,39.241417299999995,3.2253498,33.9518436,44.530991,..,..,..,..,..,..,0.25,..,..,0.25,..,..,..,..,0.2431745,..,..,0.3,..,0.5,..,..,..,0.32999999999999996,..,..,..,0.5535713999999999,..,..,0.609,..,..,..,0.375
GUFrl2002,French Guiana,GUF,,,2002,rl,1,0.7974331,0.4850462,0.0019573,1.5929088999999998,70.6890949,8.3479866,56.998396899999996,84.3797929,..,..,..,..,..,..,..,..,..,..,..,..,..,..,..,..,..,..,..,..,..,..,..,..,..,..,..,..,..,..,..,..,..,..,0.8125
GUYrl2002,Guyana,GUY,Latin America & Caribbean,High income,2002,rl,5,-0.4046575,0.2711907,-0.8494102,0.0400952,50.000270199999996,4.6673822,42.345763399999996,57.654776999999996,..,..,..,..,..,..,..,..,..,..,..,..,..,..,..,..,..,0.5,..,0.5,..,..,..,..,..,..,..,0.4821429,..,..,0.573,..,..,..,0.4375
HKGrl2002,"Hong Kong SAR, China",HKG,East Asia & Pacific,High income,2002,rl,8,1.2471598,0.1912044,0.9335846,1.560735,78.42920769999999,3.290762,73.0323579,83.8260574,..,..,..,0.3769168,..,..,..,..,..,0.7749999999999999,..,..,..,..,0.8486673,..,..,0.8999999999999999,..,..,..,..,..,..,..,..,..,0.8035713999999999,..,..,0.765,..,0.7432407,..,0.6875
HNDrl2002,Honduras,HND,Latin America & Caribbean,Lower middle income,2002,rl,9,-0.8952608999999999,0.18740369999999998,-1.2026029999999999,-0.5879188,41.5566406,3.2253498,36.267067,46.8462143,..,..,..,..,..,..,0.5,..,..,0.22499999999999998,..,..,..,..,0.284603,..,..,0.5,..,0.5,..,..,..,0.5033333,..,..,..,0.4821429,..,..,0.513,..,..,..,0.25
HRVrl2002,Croatia,HRV,Europe & Central Asia,High income,2002,rl,10,-0.0688662,0.1829991,-0.3689847,0.2312523,55.7794746,3.149543,50.614224199999995,60.9447251,..,..,..,..,..,0.4500627,0.75,..,..,0.44999999999999996,..,..,0.5416667,..,0.43987879999999996,..,..,0.3,..,0.5,..,..,..,..,..,..,..,0.7738094999999999,..,..,0.8019999999999999,..,..,..,0.6875
HTIrl2002,Haiti,HTI,Latin America & Caribbean,Lower middle income,2002,rl,7,-1.8430951999999998,0.2320552,-2.2236656999999997,-1.4625247,25.243745699999998,3.9938328999999997,18.6938598,31.7936317,..,..,..,..,..,..,0.25,..,..,..,..,..,..,..,0.1400003,..,..,0.09999999999999999,..,0,..,..,..,..,..,..,..,0.38095239999999997,..,..,0.524,..,..,..,0.125
HUNrl2002,Hungary,HUN,Europe & Central Asia,High income,2002,rl,11,0.8504326999999999,0.1742782,0.5646165,1.1362489,71.60125529999999,2.9994498999999997,66.6821574,76.5203531,..,..,..,..,..,0.5984587,1,..,..,0.7749999999999999,..,..,0.125,..,0.6520115,..,..,0.7,..,1,..,..,..,..,..,..,..,0.8333332999999999,..,..,0.8939999999999999,..,0.5407407,..,0.75
IDNrl2002,Indonesia,IDN,East Asia & Pacific,Upper middle income,2002,rl,9,-1.1356188,0.1793891,-1.4298168999999998,-0.8414206999999999,37.4199121,3.0874123,32.3565559,42.4832684,..,..,..,..,..,..,0.25,..,..,0.27499999999999997,..,..,..,..,0.31855089999999997,..,..,0.3,..,0,..,..,..,..,..,..,..,0.30952379999999996,..,..,0.741,..,0.24347829999999998,..,0.375
INDrl2002,India,IND,South Asia,Lower middle income,2002,rl,9,-0.043405599999999996,0.1793891,-0.3376037,0.2507925,56.2176695,3.0874123,51.1543133,61.2810257,..,..,..,..,..,..,0.5,..,..,0.39999999999999997,..,..,..,..,0.6066199,..,..,0.5,..,0.5,..,..,..,..,..,..,..,0.6904762,..,..,0.7789999999999999,..,0.5102181,..,0.625
IRLrl2002,Ireland,IRL,Europe & Central Asia,High income,2002,rl,9,1.6320245,0.1802991,1.336334,1.9277149999999998,85.0529998,3.1030740999999997,79.9639584,90.1420413,..,..,..,..,..,..,..,..,..,0.875,..,0.689,..,..,0.7488577,..,..,0.8999999999999999,..,1,..,..,..,..,..,..,..,1,..,..,0.9189999999999999,..,0.7553675999999999,..,0.9375
IRNrl2002,"Iran, Islamic Rep.",IRN,Middle East & North Africa,Upper middle income,2002,rl,7,-1.0466677,0.1981884,-1.3716967,-0.7216387,38.9508231,3.410962,33.3568454,44.5448008,..,..,..,..,..,..,0,..,..,0.3,..,..,..,..,..,..,..,0.09999999999999999,..,0,..,..,..,..,..,..,..,0.547619,..,..,0.39799999999999996,..,..,..,0.625
IRQrl2002,Iraq,IRQ,Middle East & North Africa,Upper middle income,2002,rl,7,-1.7394661999999999,0.1981884,-2.0644952,-1.4144371999999998,27.0272737,3.410962,21.433296,32.6212514,..,..,..,..,..,..,0,..,..,0.125,..,..,..,..,..,..,..,0.09999999999999999,..,0,..,..,..,..,..,..,..,0.23809519999999998,..,..,0.308,..,..,..,0.3125
ISLrl2002,Iceland,ISL,Europe & Central Asia,High income,2002,rl,7,1.8840896999999999,0.2281413,1.509938,2.2582413999999997,89.3912192,3.9264718999999997,82.95180529999999,95.8306331,..,..,..,..,..,..,..,..,..,..,..,..,..,..,0.8754735,..,..,0.8999999999999999,..,1,..,..,..,..,..,..,..,1,..,..,0.8999999999999999,..,0.8194906,..,1
ISRrl2002,Israel,ISR,Middle East & North Africa,High income,2002,rl,8,1.0002701999999999,0.1868126,0.6938975,1.3066429,74.180064,3.2151766,68.9071744,79.4529537,..,..,..,..,..,..,..,..,..,0.7,..,..,..,..,0.8203125,..,..,0.7,..,1,..,..,..,..,..,..,..,0.7023809999999999,..,..,0.9199999999999999,..,0.72,..,0.75
ITArl2002,Italy,ITA,Europe & Central Asia,High income,2002,rl,9,0.7768856,0.1802991,0.4811951,1.0725761,70.3354579,3.1030740999999997,65.2464165,75.4244994,..,..,..,..,..,..,..,..,..,0.7,..,0.607,..,..,0.5855471999999999,..,..,0.7,..,1,..,..,..,..,..,..,..,0.7916667,..,..,0.9049999999999999,..,0.47902039999999996,..,0.75
JAMrl2002,Jamaica,JAM,Latin America & Caribbean,Upper middle income,2002,rl,8,-0.293559,0.18894339999999998,-0.6034262,0.0163082,51.912353499999995,3.2518491,46.5793211,57.245385999999996,..,..,..,..,..,..,1,..,..,0.325,..,..,..,..,0.4094576,..,..,0.5,..,1,..,..,..,..,..,..,..,0.5119047999999999,..,..,0.813,..,..,..,0.375
JORrl2002,Jordan,JOR,Middle East & North Africa,Lower middle income,2002,rl,8,-0.11574169999999999,0.18894339999999998,-0.42560889999999996,0.19412549999999998,54.9727143,3.2518491,49.6396819,60.305746799999994,..,..,..,..,..,..,0.25,..,..,0.425,..,..,..,..,0.6788202,..,..,0.5,..,0.5,..,..,..,..,..,..,..,0.6904762,..,..,0.40299999999999997,..,..,..,0.6875
JPNrl2002,Japan,JPN,East Asia & Pacific,High income,2002,rl,8,1.1457694999999999,0.1868126,0.8393967999999999,1.4521422,76.68420929999999,3.2151766,71.41131969999999,81.95709889999999,..,..,..,..,..,..,..,..,..,0.725,..,..,..,..,0.6703728999999999,..,..,0.7,..,1,..,..,..,..,..,..,..,0.9166667,..,..,0.9199999999999999,..,0.6872727,..,0.9375
KAZrl2002,Kazakhstan,KAZ,Europe & Central Asia,Upper middle income,2002,rl,10,-1.0054771,0.1829991,-1.3055956,-0.7053586,39.6597423,3.149543,34.4944919,44.8249928,..,..,..,..,..,0.500331,0.25,..,..,0.175,..,..,0.875,..,0.3404762,..,..,0.3,..,0,..,..,..,..,..,..,..,0.6190475999999999,..,..,0.315,..,..,..,0.375
KENrl2002,Kenya,KEN,Sub-Saharan Africa,Lower middle income,2002,rl,8,-0.962291,0.1969735,-1.2853275,-0.6392545,40.4030055,3.390052,34.8433201,45.9626908,..,0.645,..,..,..,..,0,..,..,0.175,..,..,..,..,..,..,..,0.5,..,0.5,..,..,..,..,..,..,..,0.4821429,..,..,0.598,..,..,..,0.4375
KGZrl2002,Kyrgyz Republic,KGZ,Europe & Central Asia,Lower middle income,2002,rl,7,-0.6946951,0.2539192,-1.1111225999999998,-0.2782676,45.0085191,4.3701281,37.841508999999995,52.1755293,..,..,..,..,..,0.4272417,0.25,..,..,..,..,..,0.75,..,..,..,..,0.3,..,0,..,..,..,..,..,..,..,..,..,..,0.411,..,..,..,0.5
KHMrl2002,Cambodia,KHM,East Asia & Pacific,Lower middle income,2002,rl,6,-1.2761676,0.2080542,-1.6173765,-0.9349586999999999,35.0009684,3.5807591999999997,29.128523299999998,40.8734136,..,..,..,..,..,..,0.25,..,..,0.15,..,..,..,..,..,..,..,0.3,..,0,..,..,..,..,..,..,..,..,..,..,0.246,..,..,..,0.375
KIRrl2002,Kiribati,KIR,East Asia & Pacific,Lower middle income,2002,rl,1,0.8855968,0.6633167,-0.2022426,1.9734361999999999,72.2064542,11.416146999999999,53.483973,90.92893529999999,..,..,..,..,..,..,..,..,..,..,..,..,..,..,..,..,..,..,..,1,..,..,..,..,..,..,..,..,..,..,..,..,..,..,..
KNArl2002,St. Kitts and Nevis,KNA,Latin America & Caribbean,High income,2002,rl,1,0.8855968,0.6633167,-0.2022426,1.9734361999999999,72.2064542,11.416146999999999,53.483973,90.92893529999999,..,..,..,..,..,..,..,..,..,..,..,..,..,..,..,..,..,..,..,1,..,..,..,..,..,..,..,..,..,..,..,..,..,..,..
KORrl2002,"Korea, Rep.",KOR,East Asia & Pacific,High income,2002,rl,9,0.7931910999999999,0.1793891,0.49899299999999996,1.0873892,70.6160871,3.0874123,65.5527309,75.6794433,..,..,..,..,..,..,0.75,..,..,0.7,..,..,..,..,0.6741959,..,..,0.7,..,0.5,..,..,..,..,..,..,..,0.6904762,..,..,0.9229999999999999,..,0.5672727,..,0.875
KWTrl2002,Kuwait,KWT,Middle East & North Africa,High income,2002,rl,7,0.5984993,0.1976774,0.2743084,0.9226901999999999,67.2653043,3.4021667,61.685750899999995,72.84485769999999,..,..,..,..,..,..,..,..,..,0.5499999999999999,..,..,..,..,0.7555347,..,..,0.7,..,0.5,..,..,..,..,..,..,..,0.7738094999999999,..,..,0.753,..,..,..,0.75
LAOrl2002,Lao PDR,LAO,East Asia & Pacific,Lower middle income,2002,rl,5,-1.5373033,0.2705613,-1.9810238,-1.0935827999999999,30.506639399999997,4.6565499,22.8698975,38.1433813,..,..,..,..,..,..,0,..,..,..,..,..,..,..,..,..,..,0.09999999999999999,..,0,..,..,..,..,..,..,..,..,..,..,0.258,..,..,..,0.4375
LBNrl2002,Lebanon,LBN,Middle East & North Africa,Lower middle income,2002,rl,8,-0.40655539999999996,0.18894339999999998,-0.7164226,-0.0966882,49.967605999999996,3.2518491,44.634573599999996,55.3006385,..,..,..,..,..,..,0.25,..,..,0.44999999999999996,..,..,..,..,0.5610438999999999,..,..,0.3,..,0.5,..,..,..,..,..,..,..,0.6190475999999999,..,..,0.46399999999999997,..,..,..,0.5625
LBRrl2002,Liberia,LBR,Sub-Saharan Africa,Low income,2002,rl,5,-1.890774,0.2942274,-2.3733068999999998,-1.4082411,24.42316,5.063860099999999,16.118429499999998,32.7278906,..,..,..,..,..,..,0,..,..,..,..,..,..,..,..,..,..,..,..,0,..,..,..,..,..,..,..,0.30952379999999996,..,..,0.32799999999999996,..,..,..,0.25
LBYrl2002,Libya,LBY,Middle East & North Africa,Upper middle income,2002,rl,7,-1.3801427,0.1981884,-1.7051717,-1.0551137,33.211483799999996,3.410962,27.617506199999998,38.8054615,..,..,..,..,..,..,0,..,..,0.15,..,..,..,..,..,..,..,0.09999999999999999,..,0,..,..,..,..,..,..,..,0.547619,..,..,0.162,..,..,..,0.5625
LCArl2002,St. Lucia,LCA,Latin America & Caribbean,Upper middle income,2002,rl,1,0.8855968,0.6633167,-0.2022426,1.9734361999999999,72.2064542,11.416146999999999,53.483973,90.92893529999999,..,..,..,..,..,..,..,..,..,..,..,..,..,..,..,..,..,..,..,1,..,..,..,..,..,..,..,..,..,..,..,..,..,..,..
LIErl2002,Liechtenstein,LIE,Europe & Central Asia,High income,2002,rl,2,1.3623722,0.4243771,0.6663937999999999,2.0583506,80.41209409999999,7.3038279,68.4338164,92.39037189999999,..,..,..,..,..,..,..,..,..,..,..,..,..,..,..,..,..,..,..,1,..,..,..,..,..,..,..,..,..,..,..,..,..,..,0.9375
LKArl2002,Sri Lanka,LKA,South Asia,Lower middle income,2002,rl,8,0.23854999999999998,0.18894339999999998,-0.0713172,0.5484171999999999,61.070323699999996,3.2518491,55.737291199999994,66.4033561,..,..,..,..,..,..,0.5,..,..,0.575,..,..,..,..,0.598363,..,..,0.5,..,1,..,..,..,..,..,..,..,0.6785713999999999,..,..,0.568,..,..,..,0.6875
LSOrl2002,Lesotho,LSO,Sub-Saharan Africa,Lower middle income,2002,rl,5,0.1963907,0.2941816,-0.28606709999999996,0.6788485,60.3447325,5.063072,52.0412944,68.64817049999999,..,0.7292,..,..,..,..,..,..,..,..,..,..,..,..,..,..,..,0.5,..,1,..,..,..,..,..,..,..,..,..,..,0.689,..,..,..,0.5625
LTUrl2002,Lithuania,LTU,Europe & Central Asia,High income,2002,rl,10,0.24797999999999998,0.1829991,-0.0521385,0.5480984999999999,61.2326206,3.149543,56.0673701,66.397871,..,..,..,..,..,0.4596807,1,..,..,0.475,..,..,0.125,..,0.4517464,..,..,0.5,..,1,..,..,..,..,..,..,..,0.8333332999999999,..,..,0.942,..,..,..,0.75
LUXrl2002,Luxembourg,LUX,Europe & Central Asia,High income,2002,rl,8,1.8078816,0.2165711,1.452705,2.1630582,88.0796242,3.7273408999999997,81.9667851,94.1924633,..,..,..,..,..,..,..,..,..,..,..,0.6829999999999999,..,..,0.8571428999999999,..,..,0.8999999999999999,..,1,..,..,..,..,..,..,..,1,..,..,0.9109999999999999,..,0.7767442,..,1
LVArl2002,Latvia,LVA,Europe & Central Asia,High income,2002,rl,10,0.2192826,0.1829991,-0.0808359,0.5194011,60.738718199999994,3.149543,55.573467699999995,65.9039686,..,..,..,..,..,0.5295919,0.75,..,..,0.575,..,..,0.2083333,..,0.47403839999999997,..,..,0.5,..,0.5,..,..,..,..,..,..,..,0.9166667,..,..,0.869,..,..,..,0.625
MACrl2002,"Macao SAR, China",MAC,East Asia & Pacific,High income,2002,rl,1,0.5423118,0.4850462,-0.253164,1.3377876,66.2982779,8.3479866,52.6075799,79.9889759,..,..,..,..,..,..,..,..,..,..,..,..,..,..,..,..,..,..,..,..,..,..,..,..,..,..,..,..,..,..,..,..,..,..,0.75
MARrl2002,Morocco,MAR,Middle East & North Africa,Lower middle income,2002,rl,8,-0.1580799,0.18894339999999998,-0.4679471,0.15178729999999999,54.244044099999996,3.2518491,48.911011699999996,59.5770766,..,..,..,..,..,..,0.25,..,..,0.44999999999999996,..,..,..,..,0.5658946,..,..,0.3,..,0.5,..,..,..,..,..,..,..,0.9285713999999999,..,..,0.645,..,..,..,0.625
MCOrl2002,Monaco,MCO,Europe & Central Asia,High income,2002,rl,1,0.8855968,0.6633167,-0.2022426,1.9734361999999999,72.2064542,11.416146999999999,53.483973,90.92893529999999,..,..,..,..,..,..,..,..,..,..,..,..,..,..,..,..,..,..,..,1,..,..,..,..,..,..,..,..,..,..,..,..,..,..,..
MDArl2002,Moldova,MDA,Europe & Central Asia,Upper middle income,2002,rl,9,-0.5384607,0.1913601,-0.8522913,-0.2246301,47.697423,3.2934422999999997,42.2961777,53.0986684,..,..,..,..,..,0.4286422,0.25,..,..,0.27499999999999997,..,..,0.5833332999999999,..,..,..,..,0.5,..,0.5,..,..,..,..,..,..,..,0.7023809999999999,..,..,0.703,..,..,..,0.375
MDGrl2002,Madagascar,MDG,Sub-Saharan Africa,Low income,2002,rl,6,-0.3299612,0.2498608,-0.7397328999999999,0.07981049999999999,51.2858461,4.30028,44.2333869,58.3383052,..,..,..,..,..,..,0.25,..,..,..,..,..,..,..,..,..,..,0.5,..,0.5,..,..,..,..,..,..,..,0.5654762,..,..,0.45899999999999996,..,..,..,0.625
MDVrl2002,Maldives,MDV,South Asia,Upper middle income,2002,rl,3,-0.40313119999999997,0.38423219999999997,-1.033272,0.22700959999999998,50.0265389,6.6129063,39.181372599999996,60.871705299999995,..,..,..,..,..,..,..,..,..,..,..,..,..,..,..,..,..,..,..,0,..,..,..,..,..,..,..,..,..,..,0.145,..,..,..,0.75
MEXrl2002,Mexico,MEX,Latin America & Caribbean,Upper middle income,2002,rl,10,-0.2878254,0.1780697,-0.5798597,0.0042089,52.011032799999995,3.0647047,46.9849171,57.0371485,..,..,..,..,..,..,0.5,..,..,0.5499999999999999,..,..,..,..,0.3486324,..,..,0.5,..,0.5,..,..,..,0.17666669999999998,..,..,..,0.6666667,..,..,0.6849999999999999,..,0.34195719999999996,..,0.4375
MHLrl2002,Marshall Islands,MHL,East Asia & Pacific,Upper middle income,2002,rl,1,0.8855968,0.6633167,-0.2022426,1.9734361999999999,72.2064542,11.416146999999999,53.483973,90.92893529999999,..,..,..,..,..,..,..,..,..,..,..,..,..,..,..,..,..,..,..,1,..,..,..,..,..,..,..,..,..,..,..,..,..,..,..
MKDrl2002,North Macedonia,MKD,Europe & Central Asia,Upper middle income,2002,rl,8,-0.6237207,0.2001955,-0.9520413,-0.2954001,46.2300385,3.4455052,40.579409999999996,51.880666899999994,..,..,..,..,..,0.43979799999999997,0.5,..,..,0.22499999999999998,..,..,0.5833332999999999,..,..,..,..,0.3,..,1,..,..,..,..,..,..,..,..,..,..,0.713,..,..,..,0.4375
MLIrl2002,Mali,MLI,Sub-Saharan Africa,Low income,2002,rl,7,-0.32218389999999997,0.24743939999999998,-0.7279844999999999,0.0836167,51.4196989,4.2586059,44.4355851,58.403812599999995,..,0.7742,..,..,..,..,0.5,..,..,..,..,..,..,..,..,..,..,0.5,..,0.5,..,..,..,..,..,..,..,0.5357143,..,..,0.624,..,..,..,0.4375
MLTrl2002,Malta,MLT,Middle East & North Africa,High income,2002,rl,5,1.4713969999999998,0.2711907,1.0266442999999998,1.9161496999999998,82.2884876,4.6673822,74.6339808,89.94299439999999,..,..,..,..,..,..,..,..,..,..,..,..,..,..,..,..,..,0.8999999999999999,..,1,..,..,..,..,..,..,..,0.9166667,..,..,0.748,..,..,..,0.875
MMRrl2002,Myanmar,MMR,East Asia & Pacific,Lower middle income,2002,rl,7,-1.8277831999999998,0.1981884,-2.1528122,-1.5027542,25.507275999999997,3.410962,19.913298299999997,31.101253699999997,..,..,..,..,..,..,0,..,..,0.049999999999999996,..,..,..,..,..,..,..,0.09999999999999999,..,0,..,..,..,..,..,..,..,0.39285709999999996,..,..,0.041999999999999996,..,..,..,0.3125
MNErl2002,Montenegro,MNE,Europe & Central Asia,Upper middle income,2002,rl,1,0.234814,0.6755029,-0.8730108,1.3426388,61.006024499999995,11.6258805,41.9395805,80.07246839999999,..,..,..,..,..,..,..,..,..,..,..,..,..,..,..,..,..,..,..,..,..,..,..,..,..,..,..,..,..,..,0.7,..,..,..,..
MNGrl2002,Mongolia,MNG,East Asia & Pacific,Upper middle income,2002,rl,6,0.1450536,0.2498608,-0.2647181,0.5548253,59.4611849,4.30028,52.4087257,66.513644,..,..,..,..,..,..,0.5,..,..,..,..,..,..,..,..,..,..,0.5,..,0.5,..,..,..,..,..,..,..,0.6904762,..,..,0.8099999999999999,..,..,..,0.6875
MOZrl2002,Mozambique,MOZ,Sub-Saharan Africa,Low income,2002,rl,8,-0.6607183999999999,0.1969735,-0.9837549,-0.3376819,45.593281999999995,3.390052,40.0335967,51.152967399999994,..,0.7637999999999999,..,..,..,..,0.25,..,..,0.39999999999999997,..,..,..,..,..,..,..,0.3,..,0,..,..,..,..,..,..,..,0.6071428999999999,..,..,0.599,..,..,..,0.4375
MRTrl2002,Mauritania,MRT,Sub-Saharan Africa,Lower middle income,2002,rl,4,-0.5571233,0.2982756,-1.0462953,-0.06795129999999999,47.376226599999995,5.133533,38.957232399999995,55.795220699999994,..,..,..,..,..,..,..,..,..,..,..,..,..,..,..,..,..,0.3,..,0.5,..,..,..,..,..,..,..,..,..,..,0.301,..,..,..,0.5625
MTQrl2002,Martinique,MTQ,,,2002,rl,1,1.0525544,0.4850462,0.2570786,1.8480302,75.0799119,8.3479866,61.389213899999994,88.7706099,..,..,..,..,..,..,..,..,..,..,..,..,..,..,..,..,..,..,..,..,..,..,..,..,..,..,..,..,..,..,..,..,..,..,0.875
MUSrl2002,Mauritius,MUS,Sub-Saharan Africa,Upper middle income,2002,rl,6,0.9596849,0.2074633,0.6194451,1.2999247,73.4815625,3.5705891999999997,67.6257962,79.3373287,..,..,..,..,..,..,..,..,..,0.725,..,..,..,..,0.6295793,..,..,0.7,..,1,..,..,..,..,..,..,..,..,..,..,0.88,..,..,..,0.8125
MWIrl2002,Malawi,MWI,Sub-Saharan Africa,Low income,2002,rl,8,-0.46218309999999996,0.1969735,-0.7852196,-0.13914659999999998,49.0102142,3.390052,43.4505288,54.5698995,..,0.8228,..,..,..,..,0.5,..,..,0.25,..,..,..,..,..,..,..,0.5,..,0.5,..,..,..,..,..,..,..,0.6071428999999999,..,..,0.77,..,..,..,0.5
MYSrl2002,Malaysia,MYS,East Asia & Pacific,Upper middle income,2002,rl,9,0.2232436,0.1793891,-0.0709545,0.5174417,60.8068897,3.0874123,55.7435335,65.870246,..,..,..,..,..,..,0.5,..,..,0.575,..,..,..,..,0.666488,..,..,0.5,..,0.5,..,..,..,..,..,..,..,0.6071428999999999,..,..,0.439,..,0.6513882999999999,..,0.6875
NAMrl2002,Namibia,NAM,Sub-Saharan Africa,Lower middle income,2002,rl,9,0.3587995,0.1878898,0.050660199999999996,0.6669387999999999,63.1399021,3.2337159,57.8366081,68.4431962,..,0.741,..,..,..,..,0.75,..,..,0.39999999999999997,..,..,..,..,0.5782891,..,..,0.7,..,1,..,..,..,..,..,..,..,0.9285713999999999,..,..,0.8109999999999999,..,..,..,0.625
NERrl2002,Niger,NER,Sub-Saharan Africa,Low income,2002,rl,6,-0.8025618,0.2498608,-1.2123335,-0.3927901,43.1520574,4.30028,36.099598199999996,50.2045165,..,..,..,..,..,..,0.25,..,..,..,..,..,..,..,..,..,..,0.3,..,0.5,..,..,..,..,..,..,..,0.452381,..,..,0.705,..,..,..,0.4375
NGArl2002,Nigeria,NGA,Sub-Saharan Africa,Lower middle income,2002,rl,9,-1.5261562,0.1878898,-1.8342954999999999,-1.2180168999999998,30.6984888,3.2337159,25.3951948,36.001782899999995,..,0.619,..,..,..,..,0,..,..,0.09999999999999999,..,..,..,..,0.3488095,..,..,0.3,..,0.5,..,..,..,..,..,..,..,0.33928569999999997,..,..,0.614,..,..,..,0.125
NICrl2002,Nicaragua,NIC,Latin America & Caribbean,Lower middle income,2002,rl,9,-0.6258408,0.18740369999999998,-0.9331828999999999,-0.31849869999999997,46.193550099999996,3.2253498,40.9039764,51.483123799999994,..,..,..,..,..,..,0.5,..,..,0.35,..,..,..,..,0.377223,..,..,0.3,..,0.5,..,..,..,0.43,..,..,..,0.6904762,..,..,0.5599999999999999,..,..,..,0.375
NLDrl2002,Netherlands,NLD,Europe & Central Asia,High income,2002,rl,9,1.7393437999999999,0.1802991,1.4436533,2.0350343,86.9000405,3.1030740999999997,81.810999,91.9890819,..,..,..,..,..,..,..,..,..,0.95,..,0.6024999999999999,..,..,0.7953825,..,..,0.8999999999999999,..,1,..,..,..,..,..,..,..,1,..,..,0.96,..,0.768423,..,0.9375
NORrl2002,Norway,NOR,Europe & Central Asia,High income,2002,rl,8,1.8842199,0.1868126,1.5778472,2.1905926,89.39345999999999,3.2151766,84.12057039999999,94.6663497,..,..,..,..,..,..,..,..,..,1,..,..,..,..,0.7886086999999999,..,..,0.8999999999999999,..,1,..,..,..,..,..,..,..,0.9285713999999999,..,..,0.978,..,0.8213332999999999,..,1
NPLrl2002,Nepal,NPL,South Asia,Lower middle income,2002,rl,5,-0.6714971,0.2705613,-1.1152176,-0.2277766,45.407773,4.6565499,37.771031099999995,53.044514899999996,..,..,..,..,..,..,0.25,..,..,..,..,..,..,..,..,..,..,0.3,..,0.5,..,..,..,..,..,..,..,..,..,..,0.597,..,..,..,0.5
NRUrl2002,Nauru,NRU,East Asia & Pacific,High income,2002,rl,1,0.8855968,0.6633167,-0.2022426,1.9734361999999999,72.2064542,11.416146999999999,53.483973,90.92893529999999,..,..,..,..,..,..,..,..,..,..,..,..,..,..,..,..,..,..,..,1,..,..,..,..,..,..,..,..,..,..,..,..,..,..,..
NZLrl2002,New Zealand,NZL,East Asia & Pacific,High income,2002,rl,8,1.8332682999999999,0.1868126,1.5268956,2.1396409999999997,88.51654719999999,3.2151766,83.2436575,93.78943679999999,..,..,..,..,..,..,..,..,..,0.95,..,..,..,..,0.847348,..,..,0.8999999999999999,..,1,..,..,..,..,..,..,..,1,..,..,0.952,..,0.7985882,..,0.9375
OMNrl2002,Oman,OMN,Middle East & North Africa,High income,2002,rl,7,0.5175375,0.1976774,0.19334659999999998,0.8417283999999999,65.8718947,3.4021667,60.2923414,71.4514481,..,..,..,..,..,..,..,..,..,0.6,..,..,..,..,0.7523148,..,..,0.5,..,0.5,..,..,..,..,..,..,..,0.9166667,..,..,0.407,..,..,..,0.75
PAKrl2002,Pakistan,PAK,South Asia,Lower middle income,2002,rl,7,-0.9386971,0.1981884,-1.2637261,-0.6136680999999999,40.8090731,3.410962,35.215095399999996,46.403050799999995,..,..,..,..,..,..,0.25,..,..,0.325,..,..,..,..,..,..,..,0.3,..,0,..,..,..,..,..,..,..,0.6071428999999999,..,..,0.344,..,..,..,0.3125
PANrl2002,Panama,PAN,Latin America & Caribbean,High income,2002,rl,8,-0.090547,0.19591619999999998,-0.4118496,0.23075559999999998,55.406332799999994,3.3718559,49.8764891,60.936176599999996,..,..,..,..,..,..,..,..,..,0.6,..,..,..,..,0.5151704,..,..,0.3,..,0.5,..,..,..,0.42333329999999997,..,..,..,0.6071428999999999,..,..,0.724,..,..,..,0.5
PERrl2002,Peru,PER,Latin America & Caribbean,Upper middle income,2002,rl,9,-0.5353011,0.18740369999999998,-0.8426431999999999,-0.227959,47.751802,3.2253498,42.4622283,53.041375699999996,..,..,..,..,..,..,0.5,..,..,0.39999999999999997,..,..,..,..,0.37296999999999997,..,..,0.3,..,0.5,..,..,..,0.35,..,..,..,0.6785713999999999,..,..,0.7989999999999999,..,..,..,0.375
PHLrl2002,Philippines,PHL,East Asia & Pacific,Lower middle income,2002,rl,10,-0.39124929999999997,0.1793864,-0.685443,-0.09705559999999999,50.231034799999996,3.0873660999999997,45.1677543,55.2943152,..,..,..,0.5103643999999999,..,..,0.5,..,..,0.44999999999999996,..,..,..,..,0.3673472,..,..,0.5,..,0.5,..,..,..,..,..,..,..,0.5952381,..,..,0.697,..,0.3257382,..,0.4375
PLWrl2002,Palau,PLW,East Asia & Pacific,High income,2002,rl,1,0.8855968,0.6633167,-0.2022426,1.9734361999999999,72.2064542,11.416146999999999,53.483973,90.92893529999999,..,..,..,..,..,..,..,..,..,..,..,..,..,..,..,..,..,..,..,1,..,..,..,..,..,..,..,..,..,..,..,..,..,..,..
PNGrl2002,Papua New Guinea,PNG,East Asia & Pacific,Lower middle income,2002,rl,7,-0.5459293,0.1981884,-0.8709583,-0.2209003,47.568883199999995,3.410962,41.9749055,53.1628609,..,..,..,..,..,..,0.5,..,..,0.25,..,..,..,..,..,..,..,0.5,..,1,..,..,..,..,..,..,..,0.5238094999999999,..,..,0.737,..,..,..,0.375
POLrl2002,Poland,POL,Europe & Central Asia,High income,2002,rl,11,0.5469485,0.1742782,0.2611323,0.8327646999999999,66.3780787,2.9994498999999997,61.4589809,71.2971766,..,..,..,..,..,0.4172219,1,..,..,0.7,..,..,0.0833333,..,0.47640479999999996,..,..,0.7,..,1,..,..,..,..,..,..,..,0.8333332999999999,..,..,0.9299999999999999,..,0.3355418,..,0.75
PRIrl2002,Puerto Rico (U.S.),PRI,Latin America & Caribbean,High income,2002,rl,1,0.7974331,0.4850462,0.0019573,1.5929088999999998,70.6890949,8.3479866,56.998396899999996,84.3797929,..,..,..,..,..,..,..,..,..,..,..,..,..,..,..,..,..,..,..,..,..,..,..,..,..,..,..,..,..,..,..,..,..,..,0.8125
PRKrl2002,"Korea, Dem. People's Rep.",PRK,East Asia & Pacific,Low income,2002,rl,6,-1.4295909,0.2498608,-1.8393625999999998,-1.0198192,32.3604455,4.30028,25.307986399999997,39.4129047,..,..,..,..,..,..,0,..,..,..,..,..,..,..,..,..,..,0.09999999999999999,..,0,..,..,..,..,..,..,..,0.6309524,..,..,0.033,..,..,..,0.4375
PRTrl2002,Portugal,PRT,Europe & Central Asia,High income,2002,rl,9,1.2371067999999998,0.1802991,0.9414163,1.5327973,78.2561885,3.1030740999999997,73.167147,83.34522989999999,..,..,..,..,..,..,..,..,..,0.85,..,0.498,..,..,0.7864582999999999,..,..,0.7,..,1,..,..,..,..,..,..,..,0.9166667,..,..,0.95,..,0.4983698,..,0.9375
PRYrl2002,Paraguay,PRY,Latin America & Caribbean,Upper middle income,2002,rl,9,-1.1199192999999998,0.18740369999999998,-1.4272614,-0.8125772,37.6901116,3.2253498,32.400537899999996,42.9796853,..,..,..,..,..,..,0.25,..,..,0.22499999999999998,..,..,..,..,0.2968499,..,..,0.3,..,0.5,..,..,..,0.27999999999999997,..,..,..,0.5238094999999999,..,..,0.6809999999999999,..,..,..,0.25
PSErl2002,West Bank and Gaza,PSE,Middle East & North Africa,Lower middle income,2002,rl,2,-0.506804,0.427517,-1.2079319,0.1943239,48.242257099999996,7.3578684999999995,36.1753528,60.3091614,..,..,..,..,..,..,..,..,..,..,..,..,..,..,..,..,..,..,..,..,..,..,..,..,..,..,..,..,..,..,0.493,..,..,..,0.5
QATrl2002,Qatar,QAT,Middle East & North Africa,High income,2002,rl,7,0.5489488,0.1976774,0.22475789999999998,0.8731397,66.41250529999999,3.4021667,60.8329519,71.9920587,..,..,..,..,..,..,..,..,..,0.6,..,..,..,..,0.8121651999999999,..,..,0.5,..,0.5,..,..,..,..,..,..,..,0.8452381,..,..,0.357,..,..,..,0.8125
ROUrl2002,Romania,ROU,Europe & Central Asia,High income,2002,rl,10,-0.2544246,0.1829991,-0.5545431,0.045693899999999996,52.585884099999994,3.149543,47.420633599999995,57.7511345,..,..,..,..,..,0.4647516,0.5,..,..,0.44999999999999996,..,..,0.5416667,..,0.3882015,..,..,0.3,..,0.5,..,..,..,..,..,..,..,0.7619047999999999,..,..,0.6659999999999999,..,..,..,0.625
RUSrl2002,Russian Federation,RUS,Europe & Central Asia,High income,2002,rl,11,-0.9367681999999999,0.1742782,-1.2225844,-0.650952,40.8422708,2.9994498999999997,35.923173,45.7613686,..,..,..,..,..,0.4469473,0.25,..,..,0.27499999999999997,..,..,0.5833332999999999,..,0.3096771,..,..,0.3,..,0.5,..,..,..,..,..,..,..,0.6190475999999999,..,..,0.366,..,0.2924488,..,0.3125
RWArl2002,Rwanda,RWA,Sub-Saharan Africa,Low income,2002,rl,5,-1.0945646,0.2705613,-1.5382851,-0.6508440999999999,38.126483799999995,4.6565499,30.4897419,45.7632257,..,..,..,..,..,..,0.25,..,..,..,..,..,..,..,..,..,..,0.3,..,0.5,..,..,..,..,..,..,..,..,..,..,0.358,..,..,..,0.25
SAUrl2002,Saudi Arabia,SAU,Middle East & North Africa,High income,2002,rl,8,-0.1461614,0.18894339999999998,-0.4560286,0.16370579999999998,54.449169899999994,3.2518491,49.1161374,59.782202299999994,..,..,..,..,..,..,0,..,..,0.5,..,..,..,..,0.6202614,..,..,0.5,..,0.5,..,..,..,..,..,..,..,0.8452381,..,..,0.152,..,..,..,0.625
SDNrl2002,Sudan,SDN,Sub-Saharan Africa,Low income,2002,rl,7,-1.3020494999999999,0.1981884,-1.6270784999999999,-0.9770205,34.5555227,3.410962,28.9615451,40.1495004,..,..,..,..,..,..,0.25,..,..,0.15,..,..,..,..,..,..,..,0.3,..,0,..,..,..,..,..,..,..,0.4940476,..,..,0.072,..,..,..,0.375
SENrl2002,Senegal,SEN,Sub-Saharan Africa,Lower middle income,2002,rl,8,0.031134799999999997,0.1969735,-0.2919017,0.35417129999999997,57.5005622,3.390052,51.9408768,63.060247499999996,..,0.816,..,..,..,..,0.5,..,..,0.6,..,..,..,..,..,..,..,0.5,..,0.5,..,..,..,..,..,..,..,0.5357143,..,..,0.749,..,..,..,0.5
SGPrl2002,Singapore,SGP,East Asia & Pacific,High income,2002,rl,9,1.4336100999999999,0.1793891,1.1394119999999999,1.7278082,81.6381485,3.0874123,76.5747923,86.7015047,..,..,..,..,..,..,0.5,..,..,0.9249999999999999,..,..,..,..,0.8514997,..,..,0.8999999999999999,..,0.5,..,..,..,..,..,..,..,1,..,..,0.701,..,0.8513002,..,0.75
SLBrl2002,Solomon Islands,SLB,East Asia & Pacific,Lower middle income,2002,rl,2,0.7250730999999999,0.5350058999999999,-0.1523366,1.6024828,69.4437284,9.207828,54.342890399999995,84.5445664,..,..,..,..,..,..,..,..,..,..,..,..,..,..,..,..,..,..,..,1,..,..,..,..,..,..,..,..,..,..,0.702,..,..,..,..
SLErl2002,Sierra Leone,SLE,Sub-Saharan Africa,Low income,2002,rl,6,-1.4871972,0.2498608,-1.8969688999999998,-1.0774255,31.3690006,4.30028,24.3165415,38.4214598,..,..,..,..,..,..,0,..,..,..,..,..,..,..,..,..,..,0.09999999999999999,..,0.5,..,..,..,..,..,..,..,0.46428569999999997,..,..,0.49,..,..,..,0.25
SLVrl2002,El Salvador,SLV,Latin America & Caribbean,Upper middle income,2002,rl,9,-0.7051921,0.18740369999999998,-1.0125342,-0.39785,44.8278584,3.2253498,39.5382847,50.117432099999995,..,..,..,..,..,..,0.5,..,..,0.3,..,..,..,..,0.4244427,..,..,0.5,..,0.5,..,..,..,0.43666669999999996,..,..,..,0.35119049999999996,..,..,0.5389999999999999,..,..,..,0.375
SMRrl2002,San Marino,SMR,Europe & Central Asia,High income,2002,rl,1,0.8855968,0.6633167,-0.2022426,1.9734361999999999,72.2064542,11.416146999999999,53.483973,90.92893529999999,..,..,..,..,..,..,..,..,..,..,..,..,..,..,..,..,..,..,..,1,..,..,..,..,..,..,..,..,..,..,..,..,..,..,..
SOMrl2002,Federal Republic of Somalia,SOM,Sub-Saharan Africa,Low income,2002,rl,4,-2.5063250999999998,0.3123595,-3.0185947,-1.9940555,13.829092699999999,5.3759269,5.0125725999999995,22.6456128,..,..,..,..,..,..,0,..,..,..,..,..,..,..,..,..,..,..,..,..,..,..,..,..,..,..,..,0.1666667,..,..,0.045,..,..,..,0.125
SRBrl2002,Serbia,SRB,Europe & Central Asia,Upper middle income,2002,rl,9,-0.8909288999999999,0.1913601,-1.2047595,-0.5770983,41.6311974,3.2934422999999997,36.2299521,47.0324428,..,..,..,..,..,0.4998814,0.5,..,..,0.09999999999999999,..,..,0.5416667,..,..,..,..,0.3,..,0.5,..,..,..,..,..,..,..,0.6071428999999999,..,..,0.8119999999999999,..,..,..,0.375
STPrl2002,São Tomé and Príncipe,STP,Sub-Saharan Africa,Lower middle income,2002,rl,3,-0.17753159999999998,0.38423219999999997,-0.8076724,0.4526092,53.909266699999996,6.6129063,43.0641003,64.75443299999999,..,..,..,..,..,..,..,..,..,..,..,..,..,..,..,..,..,..,..,0.5,..,..,..,..,..,..,..,..,..,..,0.769,..,..,..,0.5
SURrl2002,Suriname,SUR,Latin America & Caribbean,Upper middle income,2002,rl,5,-0.14129,0.2711907,-0.5860427,0.3034627,54.5330101,4.6673822,46.8785033,62.1875169,..,..,..,..,..,..,..,..,..,..,..,..,..,..,..,..,..,0.5,..,0.5,..,..,..,..,..,..,..,0.46428569999999997,..,..,0.852,..,..,..,0.5625
SVKrl2002,Slovak Republic,SVK,Europe & Central Asia,High income,2002,rl,11,0.2501826,0.1742782,-0.0356336,0.5359988,61.270528899999995,2.9994498999999997,56.3514311,66.18962669999999,..,..,..,..,..,0.445611,1,..,..,0.575,..,..,0.1666667,..,0.4925404,..,..,0.5,..,0.5,..,..,..,..,..,..,..,0.8333332999999999,..,..,0.881,..,0.44042339999999996,..,0.6875
SVNrl2002,Slovenia,SVN,Europe & Central Asia,High income,2002,rl,11,0.8225524,0.1742782,0.5367362,1.1083686,71.1214157,2.9994498999999997,66.2023179,76.0405135,..,..,..,..,..,0.53218,1,..,..,0.7999999999999999,..,..,0.125,..,0.6900936,..,..,0.5,..,1,..,..,..,..,..,..,..,0.8035713999999999,..,..,0.9039999999999999,..,0.5251537,..,0.875
SWErl2002,Sweden,SWE,Europe & Central Asia,High income,2002,rl,9,1.9001268,0.1802991,1.6044363,2.1958173,89.66722899999999,3.1030740999999997,84.5781875,94.7562705,..,..,..,..,..,..,..,..,..,1,..,0.693,..,..,0.7973329,..,..,0.8999999999999999,..,1,..,..,..,..,..,..,..,1,..,..,0.974,..,0.8078506,..,1
SWZrl2002,Eswatini,SWZ,Sub-Saharan Africa,Lower middle income,2002,rl,4,-0.5714739,0.2982756,-1.0606459,-0.0823019,47.1292426,5.133533,38.7102485,55.5482368,..,..,..,..,..,..,..,..,..,..,..,..,..,..,..,..,..,0.5,..,0.5,..,..,..,..,..,..,..,..,..,..,0.316,..,..,..,0.3125
SYCrl2002,Seychelles,SYC,Sub-Saharan Africa,High income,2002,rl,3,0.4813133,0.38423219999999997,-0.1488275,1.1114541,65.2484508,6.6129063,54.4032844,76.0936171,..,..,..,..,..,..,..,..,..,..,..,..,..,..,..,..,..,..,..,0.5,..,..,..,..,..,..,..,..,..,..,0.61,..,..,..,0.8125
SYRrl2002,Syrian Arab Republic,SYR,Middle East & North Africa,Low income,2002,rl,7,-0.7393128999999999,0.1981884,-1.0643418999999998,-0.4142839,44.240615399999996,3.410962,38.6466377,49.8345931,..,..,..,..,..,..,0,..,..,0.375,..,..,..,..,..,..,..,0.3,..,0.5,..,..,..,..,..,..,..,0.6309524,..,..,0.144,..,..,..,0.5625
TCDrl2002,Chad,TCD,Sub-Saharan Africa,Low income,2002,rl,5,-1.1607173,0.2705613,-1.6044378,-0.7169968,36.9879493,4.6565499,29.3512074,44.6246912,..,..,..,..,..,..,0.25,..,..,..,..,..,..,..,..,..,..,0.3,..,0,..,..,..,..,..,..,..,..,..,..,0.19699999999999998,..,..,..,0.375
TGOrl2002,Togo,TGO,Sub-Saharan Africa,Low income,2002,rl,6,-1.0546299,0.2498608,-1.4644016,-0.6448581999999999,38.8137881,4.30028,31.7613289,45.8662472,..,..,..,..,..,..,0,..,..,..,..,..,..,..,..,..,..,0.3,..,0,..,..,..,..,..,..,..,0.5357143,..,..,0.411,..,..,..,0.5
THArl2002,Thailand,THA,East Asia & Pacific,Upper middle income,2002,rl,10,0.362596,0.1793864,0.0684023,0.6567896999999999,63.2052426,3.0873660999999997,58.1419621,68.268523,..,..,..,0.3979178,..,..,0.5,..,..,0.5499999999999999,..,..,..,..,0.6125172999999999,..,..,0.7,..,0.5,..,..,..,..,..,..,..,0.7738094999999999,..,..,0.715,..,0.5409283,..,0.6875
TJKrl2002,Tajikistan,TJK,Europe & Central Asia,Lower middle income,2002,rl,7,-0.8953791999999999,0.2539192,-1.3118067,-0.4789517,41.5546046,4.3701281,34.3875945,48.7216148,..,..,..,..,..,0.5151395,0.25,..,..,..,..,..,0.7916667,..,..,..,..,0.3,..,0,..,..,..,..,..,..,..,..,..,..,0.191,..,..,..,0.375
TKMrl2002,Turkmenistan,TKM,Europe & Central Asia,Upper middle income,2002,rl,6,-1.0062611,0.2540613,-1.4229216,-0.5896005999999999,39.6462491,4.3725733,32.4752289,46.8172694,..,..,..,..,..,..,0,..,..,..,..,..,1,..,..,..,..,0.3,..,0,..,..,..,..,..,..,..,..,..,..,0.039,..,..,..,0.375
TLSrl2002,Timor-Leste,TLS,East Asia & Pacific,Lower middle income,2002,rl,3,-0.7023381,0.38423219999999997,-1.3324789,-0.07219729999999999,44.8769777,6.6129063,34.031811399999995,55.722144099999994,..,..,..,..,..,..,..,..,..,..,..,..,..,..,..,..,..,..,..,0.5,..,..,..,..,..,..,..,..,..,..,0.719,..,..,..,0.3125
TONrl2002,Tonga,TON,East Asia & Pacific,Upper middle income,2002,rl,1,0.8855968,0.6633167,-0.2022426,1.9734361999999999,72.2064542,11.416146999999999,53.483973,90.92893529999999,..,..,..,..,..,..,..,..,..,..,..,..,..,..,..,..,..,..,..,1,..,..,..,..,..,..,..,..,..,..,..,..,..,..,..
TTOrl2002,Trinidad and Tobago,TTO,Latin America & Caribbean,High income,2002,rl,7,0.4586587,0.1976774,0.1344678,0.7828495999999999,64.8585492,3.4021667,59.2789958,70.4381026,..,..,..,..,..,..,..,..,..,0.575,..,..,..,..,0.5646652999999999,..,..,0.7,..,1,..,..,..,..,..,..,..,0.6785713999999999,..,..,0.829,..,..,..,0.625
TUNrl2002,Tunisia,TUN,Middle East & North Africa,Lower middle income,2002,rl,8,-0.24854179999999998,0.18894339999999998,-0.5584089999999999,0.061325399999999995,52.687131199999996,3.251849,47.354098799999996,58.0201636,..,..,..,..,..,..,0,..,..,0.425,..,..,..,..,0.7609279999999999,..,..,0.5,..,0,..,..,..,..,..,..,..,0.7738094999999999,..,..,0.26999999999999996,..,..,..,0.625
TURrl2002,Türkiye,TUR,Europe & Central Asia,Upper middle income,2002,rl,10,-0.1245323,0.179339,-0.4186483,0.1695837,54.8214219,3.0865506999999996,49.759478699999995,59.8833651,..,..,..,..,..,0.5539689999999999,0.5,..,..,0.475,..,..,..,..,0.4685049,..,..,0.5,..,0.5,..,..,..,..,..,..,..,0.6904762,..,..,0.748,..,0.47812499999999997,..,0.5
TUVrl2002,Tuvalu,TUV,East Asia & Pacific,Upper middle income,2002,rl,1,0.8855968,0.6633167,-0.2022426,1.9734361999999999,72.2064542,11.416146999999999,53.483973,90.92893529999999,..,..,..,..,..,..,..,..,..,..,..,..,..,..,..,..,..,..,..,1,..,..,..,..,..,..,..,..,..,..,..,..,..,..,..
TWNrl2002,"Taiwan, China",TWN,East Asia & Pacific,High income,2002,rl,10,0.8571909,0.1793864,0.5629972,1.1513845999999999,71.71756859999999,3.0873660999999997,66.6542882,76.7808491,..,..,..,0.5119341,..,..,0.75,..,..,0.7749999999999999,..,..,..,..,0.651258,..,..,0.7,..,0.5,..,..,..,..,..,..,..,0.7619047999999999,..,..,0.872,..,0.6154854,..,0.75
TZArl2002,Tanzania,TZA,Sub-Saharan Africa,Lower middle income,2002,rl,8,-0.4575934,0.1969735,-0.7806299,-0.1345569,49.0892061,3.390052,43.5295208,54.6488915,..,0.7462,..,..,..,..,0.5,..,..,0.325,..,..,..,..,..,..,..,0.3,..,0.5,..,..,..,..,..,..,..,0.7023809999999999,..,..,0.7929999999999999,..,..,..,0.5
UGArl2002,Uganda,UGA,Sub-Saharan Africa,Low income,2002,rl,8,-0.7549178999999999,0.1969735,-1.0779543999999999,-0.43188139999999997,43.9720424,3.390052,38.412357,49.5317277,..,0.7395999999999999,..,..,..,..,0.25,..,..,0.125,..,..,..,..,..,..,..,0.5,..,0.5,..,..,..,..,..,..,..,0.6904762,..,..,0.619,..,..,..,0.5
UKRrl2002,Ukraine,UKR,Europe & Central Asia,Upper middle income,2002,rl,10,-0.8702072,0.1829991,-1.1703257,-0.5700887,41.987832399999995,3.149543,36.822582,47.1530829,..,..,..,..,..,0.45427579999999995,0.5,..,..,0.22499999999999998,..,..,0.5833332999999999,..,0.2637093,..,..,0.3,..,0.5,..,..,..,..,..,..,..,0.6904762,..,..,0.511,..,..,..,0.3125
URYrl2002,Uruguay,URY,Latin America & Caribbean,High income,2002,rl,9,0.7154663,0.18740369999999998,0.4081242,1.0228084,69.2783886,3.2253498,63.988814899999994,74.56796229999999,..,..,..,..,..,..,1,..,..,0.6,..,..,..,..,0.6458672999999999,..,..,0.7,..,1,..,..,..,0.58,..,..,..,0.6369047999999999,..,..,0.9309999999999999,..,..,..,0.6875
USArl2002,United States,USA,North America,High income,2002,rl,8,1.652525,0.1868126,1.3461523,1.9588976999999999,85.40582789999999,3.2151766,80.1329382,90.67871749999999,..,..,..,..,..,..,..,..,..,0.8999999999999999,..,..,..,..,0.8355667999999999,..,..,0.8999999999999999,..,1,..,..,..,..,..,..,..,0.9166667,..,..,0.942,..,0.8290639999999999,..,0.8125
UZBrl2002,Uzbekistan,UZB,Europe & Central Asia,Lower middle income,2002,rl,8,-1.2075551,0.2001955,-1.5358756999999998,-0.8792344999999999,36.1818378,3.4455052,30.531209399999998,41.8324663,..,..,..,..,..,0.5982872,0,..,..,0.175,..,..,0.9166667,..,..,..,..,0.3,..,0.5,..,..,..,..,..,..,..,..,..,..,0.076,..,..,..,0.1875
VCTrl2002,St. Vincent and the Grenadines,VCT,Latin America & Caribbean,Upper middle income,2002,rl,1,0.8855968,0.6633167,-0.2022426,1.9734361999999999,72.2064542,11.416146999999999,53.483973,90.92893529999999,..,..,..,..,..,..,..,..,..,..,..,..,..,..,..,..,..,..,..,1,..,..,..,..,..,..,..,..,..,..,..,..,..,..,..
VENrl2002,"Venezuela, RB",VEN,Latin America & Caribbean,,2002,rl,10,-1.2652081,0.1780697,-1.5572424,-0.9731738,35.1895891,3.0647047,30.1634735,40.2157048,..,..,..,..,..,..,0.25,..,..,0.25,..,..,..,..,0.24173609999999998,..,..,0.3,..,0.5,..,..,..,0.3866667,..,..,..,0.38095239999999997,..,..,0.409,..,0.19046939999999998,..,0.25
VNMrl2002,Viet Nam,VNM,East Asia & Pacific,Lower middle income,2002,rl,8,-0.8494064,0.18894339999999998,-1.1592736,-0.5395392,42.3458288,3.2518491,37.0127964,47.6788613,..,..,..,..,..,..,0,..,..,0.425,..,..,..,..,0.4688364,..,..,0.09999999999999999,..,0,..,..,..,..,..,..,..,0.6904762,..,..,0.297,..,..,..,0.5
VUTrl2002,Vanuatu,VUT,East Asia & Pacific,Lower middle income,2002,rl,2,0.9547329999999999,0.5350058999999999,0.0773233,1.8321427,73.3963368,9.207828,58.2954988,88.4971748,..,..,..,..,..,..,..,..,..,..,..,..,..,..,..,..,..,..,..,1,..,..,..,..,..,..,..,..,..,..,0.835,..,..,..,..
WSMrl2002,Samoa,WSM,East Asia & Pacific,Upper middle income,2002,rl,3,0.7231685,0.3159268,0.2050485,1.2412885,69.4109489,5.4373229,60.493739299999994,78.3281585,..,..,..,..,..,..,..,..,..,..,..,..,..,..,..,..,..,0.5,..,1,..,..,..,..,..,..,..,..,..,..,..,..,..,..,0.875
XKXrl2002,Kosovo,XKX,Europe & Central Asia,Upper middle income,2002,rl,1,0.0724002,0.6755029,-1.0354246,1.1802249999999999,58.210768699999996,11.6258805,39.1443248,77.27721269999999,..,..,..,..,..,..,..,..,..,..,..,..,..,..,..,..,..,..,..,..,..,..,..,..,..,..,..,..,..,..,0.641,..,..,..,..
YEMrl2002,"Yemen, Rep.",YEM,Middle East & North Africa,Low income,2002,rl,7,-1.4833827,0.1981884,-1.8084117,-1.1583537,31.4346508,3.410962,25.840673199999998,37.028628499999996,..,..,..,..,..,..,0,..,..,0.09999999999999999,..,..,..,..,..,..,..,0.3,..,0,..,..,..,..,..,..,..,0.452381,..,..,0.33799999999999997,..,..,..,0.3125
ZAFrl2002,South Africa,ZAF,Sub-Saharan Africa,Upper middle income,2002,rl,10,0.07316199999999999,0.1784866,-0.219556,0.36588,58.2238799,3.0718796999999998,53.185997199999996,63.261762499999996,..,0.6826,..,..,..,..,0.75,..,..,0.5,..,..,..,..,0.5932198,..,..,0.5,..,1,..,..,..,..,..,..,..,0.5535713999999999,..,..,0.84,..,0.47488579999999997,..,0.5
ZMBrl2002,Zambia,ZMB,Sub-Saharan Africa,Lower middle income,2002,rl,8,-0.3450802,0.1969735,-0.6681167,-0.0220437,51.0256374,3.390052,45.465952099999996,56.5853228,..,0.7248,..,..,..,..,0.5,..,..,0.25,..,..,..,..,..,..,..,0.5,..,1,..,..,..,..,..,..,..,0.6904762,..,..,0.7909999999999999,..,..,..,0.5
ZWErl2002,Zimbabwe,ZWE,Sub-Saharan Africa,Lower middle income,2002,rl,9,-1.8803318999999998,0.1878898,-2.1884712,-1.5721926,24.602875899999997,3.2337159,19.2995819,29.90617,..,0.6816,..,..,..,..,0,..,..,0.049999999999999996,..,..,..,..,0.30216299999999996,..,..,0.09999999999999999,..,0,..,..,..,..,..,..,..,0.11309519999999999,..,..,0.429,..,..,..,0.3125
ADOrl2003,Andorra,ADO,,,2003,rl,2,0.7855065999999999,0.4243771,0.0895282,1.481485,70.4838314,7.3038279,58.5055537,82.4621092,..,..,..,..,..,..,..,..,..,..,..,..,..,..,..,..,..,..,..,0.5,..,..,..,..,..,..,..,..,..,..,..,..,..,..,0.875
AFGrl2003,Afghanistan,AFG,South Asia,Low income,2003,rl,4,-1.9844041,0.329796,-2.5252695,-1.4435387,22.8117202,5.6760207,13.5030462,32.1203941,..,..,..,..,..,..,0,..,..,..,..,..,..,..,..,..,..,..,..,0,..,..,..,..,..,..,..,..,..,..,0.209,..,..,..,0.1875
AGOrl2003,Angola,AGO,Sub-Saharan Africa,Lower middle income,2003,rl,7,-1.6751143,0.2060868,-2.0130966999999997,-1.3371319,28.1348152,3.5468992999999998,22.317900299999998,33.95173,..,..,..,..,..,..,0,..,..,0.075,..,..,..,..,0.2954419,..,..,..,..,0,..,..,..,..,..,..,..,0.6071428999999999,..,..,0.251,..,..,..,0.25
ALBrl2003,Albania,ALB,Europe & Central Asia,Upper middle income,2003,rl,8,-0.7576267999999999,0.23657679999999998,-1.1456127999999999,-0.3696408,43.9254203,4.071653599999999,37.2479084,50.6029322,..,..,..,..,..,0.3959158,0.25,..,..,..,..,..,0.5416667,..,..,..,..,0.3,..,0.5,..,..,..,..,..,..,..,0.5238094999999999,..,..,0.7819999999999999,..,..,..,0.3125
ARErl2003,United Arab Emirates,ARE,Middle East & North Africa,High income,2003,rl,7,0.5160344,0.1976774,0.1918435,0.8402253,65.8460253,3.4021667,60.2664719,71.4255787,..,..,..,..,..,..,..,..,..,0.5,..,..,..,..,0.7993589999999999,..,..,0.7,..,0.5,..,..,..,..,..,..,..,0.7619047999999999,..,..,0.27299999999999996,..,..,..,0.875
ARGrl2003,Argentina,ARG,Latin America & Caribbean,Upper middle income,2003,rl,10,-0.7831395999999999,0.1780697,-1.0751739,-0.49110529999999997,43.4863271,3.0647047,38.4602114,48.512442799999995,..,..,..,..,..,..,0.5,..,..,0.375,..,..,..,..,0.27053469999999996,..,..,0.3,..,0.5,..,..,..,0.31666669999999997,..,..,..,0.4821429,..,..,0.772,..,0.170452,..,0.5
ARMrl2003,Armenia,ARM,Europe & Central Asia,Upper middle income,2003,rl,8,-0.342697,0.23657679999999998,-0.730683,0.045288999999999996,51.066654,4.071653599999999,44.3891421,57.7441659,..,..,..,..,..,0.5627363,0.25,..,..,..,..,..,0.6666667,..,..,..,..,0.5,..,0.5,..,..,..,..,..,..,..,0.5357143,..,..,0.40399999999999997,..,..,..,0.5625
ATGrl2003,Antigua and Barbuda,ATG,Latin America & Caribbean,High income,2003,rl,2,0.9686256,0.4243771,0.2726472,1.664604,73.6354382,7.3038279,61.657160399999995,85.613716,..,..,..,..,..,..,..,..,..,..,..,..,..,..,..,..,..,..,..,1,..,..,..,..,..,..,..,..,..,..,..,..,..,..,0.8125
AUSrl2003,Australia,AUS,East Asia & Pacific,High income,2003,rl,8,1.8156705,0.1868126,1.5092978,2.1220432,88.2136767,3.2151766,82.940787,93.48656629999999,..,..,..,..,..,..,..,..,..,0.8999999999999999,..,..,..,..,0.8870066,..,..,0.8999999999999999,..,1,..,..,..,..,..,..,..,1,..,..,0.966,..,0.83868,..,0.9375
AUTrl2003,Austria,AUT,Europe & Central Asia,High income,2003,rl,9,1.8656484,0.1802991,1.5699579,2.1613389,89.0738315,3.1030740999999997,83.98478999999999,94.1628729,..,..,..,..,..,..,..,..,..,0.9249999999999999,..,0.751,..,..,0.8204446,..,..,0.8999999999999999,..,1,..,..,..,..,..,..,..,1,..,..,0.9259999999999999,..,0.873224,..,1
AZErl2003,Azerbaijan,AZE,Europe & Central Asia,Upper middle income,2003,rl,9,-0.8414222,0.1913601,-1.1552528,-0.5275915999999999,42.483242499999996,3.2934422999999997,37.081997199999996,47.884487899999996,..,..,..,..,..,0.6054818,0.25,..,..,0.3,..,..,0.75,..,..,..,..,0.3,..,0,..,..,..,..,..,..,..,0.6190475999999999,..,..,0.16799999999999998,..,..,..,0.375
BDIrl2003,Burundi,BDI,Sub-Saharan Africa,Low income,2003,rl,4,-1.5551255,0.329796,-2.0959909,-1.0142601,30.199906799999997,5.6760207,20.8912329,39.508580699999996,..,..,..,..,..,..,0.25,..,..,..,..,..,..,..,..,..,..,..,..,0,..,..,..,..,..,..,..,..,..,..,0.44699999999999995,..,..,..,0.1875
BELrl2003,Belgium,BEL,Europe & Central Asia,High income,2003,rl,9,1.3120053999999999,0.1802991,1.0163149,1.6076959,79.5452461,3.1030740999999997,74.45620459999999,84.6342875,..,..,..,..,..,..,..,..,..,0.85,..,0.45199999999999996,..,..,0.6984249,..,..,0.8999999999999999,..,1,..,..,..,..,..,..,..,0.8452381,..,..,0.9329999999999999,..,0.6534749999999999,..,0.875
BENrl2003,Benin,BEN,Sub-Saharan Africa,Lower middle income,2003,rl,5,-0.471632,0.2705613,-0.9153525,-0.0279115,48.847592,4.6565499,41.210850099999995,56.484333799999995,..,..,..,..,..,..,0.5,..,..,..,..,..,..,..,..,..,..,0.3,..,0.5,..,..,..,..,..,..,..,..,..,..,0.816,..,..,..,0.4375
BFArl2003,Burkina Faso,BFA,Sub-Saharan Africa,Low income,2003,rl,6,-0.7357604,0.2498608,-1.1455321,-0.32598869999999996,44.301756399999995,4.30028,37.249297299999995,51.354215599999996,..,..,..,..,..,..,0.25,..,..,..,..,..,..,..,..,..,..,0.3,..,0,..,..,..,..,..,..,..,0.6488094999999999,..,..,0.5599999999999999,..,..,..,0.5
BGDrl2003,Bangladesh,BGD,South Asia,Lower middle income,2003,rl,8,-1.1776115,0.18894339999999998,-1.4874787,-0.8677442999999999,36.6971882,3.2518491,31.3641558,42.0302207,..,..,..,..,..,..,0.5,..,..,0.19999999999999998,..,..,..,..,0.3119686,..,..,0.3,..,0,..,..,..,..,..,..,..,0.3690476,..,..,0.40099999999999997,..,..,..,0.375
BGRrl2003,Bulgaria,BGR,Europe & Central Asia,High income,2003,rl,10,-0.2016277,0.1829991,-0.5017462,0.09849079999999999,53.494555899999995,3.149543,48.329305399999996,58.6598063,..,..,..,..,..,0.45314319999999997,0.5,..,..,0.575,..,..,0.375,..,0.32699619999999996,..,..,0.3,..,0.5,..,..,..,..,..,..,..,0.7619047999999999,..,..,0.87,..,..,..,0.5
BHRrl2003,Bahrain,BHR,Middle East & North Africa,High income,2003,rl,9,0.24081719999999998,0.1819453,-0.057573099999999995,0.5392075,61.1093438,3.1314067,55.9738368,66.2448507,..,..,..,..,..,..,0,0.4753401,..,0.625,..,..,..,..,0.7603038999999999,..,..,0.6,..,0,..,..,..,..,..,..,..,0.9166667,..,..,0.223,..,..,..,0.8125
BHSrl2003,"Bahamas, The",BHS,Latin America & Caribbean,High income,2003,rl,4,1.4485375,0.2842523,0.9823637,1.9147113,81.8950595,4.8921823,73.8718806,89.9182385,..,..,..,..,..,..,..,..,..,..,..,..,..,..,..,..,..,0.8999999999999999,..,1,..,..,..,..,..,..,..,0.8333332999999999,..,..,..,..,..,..,0.875
BIHrl2003,Bosnia and Herzegovina,BIH,Europe & Central Asia,Upper middle income,2003,rl,8,-0.6034027,0.2001955,-0.9317232999999999,-0.2750821,46.579725499999995,3.4455052,40.9290971,52.230354,..,..,..,..,..,0.416425,0.25,..,..,0.5,..,..,0.5833332999999999,..,..,..,..,0.09999999999999999,..,0.5,..,..,..,..,..,..,..,..,..,..,0.606,..,..,..,0.375
BLRrl2003,Belarus,BLR,Europe & Central Asia,Upper middle income,2003,rl,8,-0.9294785999999999,0.23657679999999998,-1.3174645999999999,-0.5414926,40.967729999999996,4.071653599999999,34.290217999999996,47.645241899999995,..,..,..,..,..,0.5476306,0,..,..,..,..,..,0.9583332999999999,..,..,..,..,0.3,..,0,..,..,..,..,..,..,..,0.547619,..,..,0.237,..,..,..,0.375
BLZrl2003,Belize,BLZ,Latin America & Caribbean,Upper middle income,2003,rl,3,0.28848989999999997,0.3159268,-0.22963009999999998,0.8066099,61.929824499999995,5.4373229,53.012614899999996,70.8470341,..,..,..,..,..,..,..,..,..,..,..,..,..,..,..,..,..,0.5,..,1,..,..,..,..,..,..,..,..,..,..,..,..,..,..,0.625
BMUrl2003,Bermuda,BMU,North America,High income,2003,rl,1,1.0484229999999999,0.4850462,0.2529472,1.8438987999999998,75.0088076,8.3479866,61.3181096,88.6995056,..,..,..,..,..,..,..,..,..,..,..,..,..,..,..,..,..,..,..,..,..,..,..,..,..,..,..,..,..,..,..,..,..,..,0.875
BOLrl2003,Bolivia,BOL,Latin America & Caribbean,Lower middle income,2003,rl,9,-0.3682174,0.18740369999999998,-0.6755595,-0.0608753,50.62743,3.2253498,45.3378563,55.917003699999995,..,..,..,..,..,..,0.75,..,..,0.425,..,..,..,..,0.31441969999999997,..,..,0.3,..,0.5,..,..,..,0.3266667,..,..,..,0.75,..,..,0.6779999999999999,..,..,..,0.5
BRArl2003,Brazil,BRA,Latin America & Caribbean,Upper middle income,2003,rl,10,-0.38733009999999995,0.1780697,-0.6793644,-0.0952958,50.2984869,3.0647047,45.272371299999996,55.3246026,..,..,..,..,..,..,0.5,..,..,0.39999999999999997,..,..,..,..,0.4545976,..,..,0.5,..,0.5,..,..,..,0.48,..,..,..,0.5535713999999999,..,..,0.832,..,0.37378229999999996,..,0.375
BRBrl2003,Barbados,BRB,Latin America & Caribbean,High income,2003,rl,4,1.4984726,0.2982756,1.0093006,1.9876445999999999,82.7544777,5.133533,74.3354836,91.1734719,..,..,..,..,..,..,..,..,..,..,..,..,..,..,..,..,..,0.8999999999999999,..,1,..,..,..,..,..,..,..,..,..,..,0.855,..,..,..,0.875
BRNrl2003,Brunei Darussalam,BRN,East Asia & Pacific,High income,2003,rl,3,0.7793346,0.355562,0.1962129,1.3624562999999998,70.377607,6.1194723,60.3416724,80.4135415,..,..,..,..,..,..,..,..,..,..,..,..,..,..,..,..,..,..,..,0.5,..,..,..,..,..,..,..,1,..,..,..,..,..,..,0.6875
BTNrl2003,Bhutan,BTN,South Asia,Lower middle income,2003,rl,3,-0.1614631,0.38423219999999997,-0.7916038999999999,0.4686777,54.1858169,6.6129063,43.340650499999995,65.0309832,..,..,..,..,..,..,..,..,..,..,..,..,..,..,..,..,..,..,..,0,..,..,..,..,..,..,..,..,..,..,0.599,..,..,..,0.6875
BWArl2003,Botswana,BWA,Sub-Saharan Africa,Upper middle income,2003,rl,9,0.7788139,0.1878898,0.4706746,1.0869532,70.3686453,3.2337159,65.0653513,75.6719394,..,0.7884,..,..,..,..,0.75,..,..,0.65,..,..,..,..,0.7054403,..,..,0.7,..,1,..,..,..,..,..,..,..,0.7916667,..,..,0.871,..,..,..,0.6875
CAFrl2003,Central African Republic,CAF,Sub-Saharan Africa,Low income,2003,rl,5,-1.4675734999999999,0.2705613,-1.9112939999999998,-1.023853,31.706738299999998,4.6565499,24.069996399999997,39.343480199999995,..,..,..,..,..,..,0,..,..,..,..,..,..,..,..,..,..,0.3,..,0.5,..,..,..,..,..,..,..,..,..,..,0.292,..,..,..,0.125
CANrl2003,Canada,CAN,North America,High income,2003,rl,8,1.7053055,0.1868126,1.3989327999999999,2.0116782,86.31421739999999,3.2151766,81.04132779999999,91.58710699999999,..,..,..,..,..,..,..,..,..,0.875,..,..,..,..,0.7474111,..,..,0.8999999999999999,..,1,..,..,..,..,..,..,..,1,..,..,0.9159999999999999,..,0.8170832,..,1
CHErl2003,Switzerland,CHE,Europe & Central Asia,High income,2003,rl,8,1.9018111,0.1868126,1.5954384,2.2081838,89.69621699999999,3.2151766,84.4233273,94.96910659999999,..,..,..,..,..,..,..,..,..,1,..,..,..,..,0.8649009,..,..,0.8999999999999999,..,1,..,..,..,..,..,..,..,0.8452381,..,..,0.963,..,0.8484963999999999,..,1
CHLrl2003,Chile,CHL,Latin America & Caribbean,High income,2003,rl,10,1.2934139,0.1780697,1.0013796,1.5854481999999999,79.2252733,3.0647047,74.19915759999999,84.251389,..,..,..,..,..,..,1,..,..,0.85,..,..,..,..,0.67452,..,..,0.8999999999999999,..,1,..,..,..,0.44999999999999996,..,..,..,0.8452381,..,..,0.9359999999999999,..,0.6275862,..,0.75
CHNrl2003,China,CHN,East Asia & Pacific,Upper middle income,2003,rl,10,-0.7507446,0.1793864,-1.0449382999999999,-0.4565509,44.0438678,3.0873662,38.980587299999996,49.1071483,..,..,..,0.2174794,..,..,0,..,..,0.3,..,..,..,..,0.5100262,..,..,0.3,..,0,..,..,..,..,..,..,..,0.7321428999999999,..,..,0.244,..,0.5036566,..,0.5
CIVrl2003,Côte d’Ivoire,CIV,Sub-Saharan Africa,Lower middle income,2003,rl,7,-1.3797078999999999,0.1981884,-1.7047368999999999,-1.0546788999999999,33.2189671,3.410962,27.6249894,38.812944699999996,..,..,..,..,..,..,0.25,..,..,0.049999999999999996,..,..,..,..,..,..,..,0.3,..,0.5,..,..,..,..,..,..,..,0.42261899999999997,..,..,0.599,..,..,..,0.25
CMRrl2003,Cameroon,CMR,Sub-Saharan Africa,Lower middle income,2003,rl,8,-1.229768,0.18894339999999998,-1.5396352,-0.9199008,35.7995382,3.251849,30.4665058,41.1325706,..,..,..,..,..,..,0.25,..,..,0.15,..,..,..,..,0.36510549999999997,..,..,0.3,..,0.5,..,..,..,..,..,..,..,0.452381,..,..,0.365,..,..,..,0.3125
CODrl2003,"Congo, Dem. Rep.",COD,Sub-Saharan Africa,Low income,2003,rl,5,-2.0461906,0.2942274,-2.5287235,-1.5636577,21.748331099999998,5.063860099999999,13.443600499999999,30.0530616,..,..,..,..,..,..,0,..,..,..,..,..,..,..,..,..,..,..,..,0,..,..,..,..,..,..,..,0.29761899999999997,..,..,0.243,..,..,..,0.1875
COGrl2003,"Congo, Rep.",COG,Sub-Saharan Africa,Lower middle income,2003,rl,5,-1.1323889999999999,0.2711907,-1.5771416999999999,-0.6876363,37.475499299999996,4.6673822,29.8209925,45.130005999999995,..,..,..,..,..,..,..,..,..,..,..,..,..,..,..,..,..,0.3,..,0.5,..,..,..,..,..,..,..,0.452381,..,..,0.22699999999999998,..,..,..,0.25
COLrl2003,Colombia,COL,Latin America & Caribbean,Upper middle income,2003,rl,10,-0.7606776,0.1780697,-1.0527119,-0.4686433,43.8729139,3.0647047,38.846798199999995,48.8990296,..,..,..,..,..,..,0.5,..,..,0.375,..,..,..,..,0.4285017,..,..,0.3,..,0.5,..,..,..,0.38999999999999996,..,..,..,0.3690476,..,..,0.766,..,0.3638655,..,0.25
COMrl2003,Comoros,COM,Sub-Saharan Africa,Lower middle income,2003,rl,3,-0.907331,0.38423219999999997,-1.5374717999999998,-0.2771902,41.348905699999996,6.6129063,30.503739399999997,52.1940721,..,..,..,..,..,..,..,..,..,..,..,..,..,..,..,..,..,..,..,0.5,..,..,..,..,..,..,..,..,..,..,0.312,..,..,..,0.375
CPVrl2003,Cabo Verde,CPV,Sub-Saharan Africa,Upper middle income,2003,rl,5,0.3911002,0.2941816,-0.0913576,0.873558,63.6958199,5.063072,55.392381799999995,71.9992579,..,0.7106,..,..,..,..,..,..,..,..,..,..,..,..,..,..,..,0.5,..,1,..,..,..,..,..,..,..,..,..,..,0.8999999999999999,..,..,..,0.625
CRIrl2003,Costa Rica,CRI,Latin America & Caribbean,High income,2003,rl,9,0.5568333,0.18740369999999998,0.2494912,0.8641753999999999,66.5482031,3.2253498,61.2586294,71.8377768,..,..,..,..,..,..,1,..,..,0.625,..,..,..,..,0.5135189,..,..,0.5,..,1,..,..,..,0.44666669999999997,..,..,..,0.6904762,..,..,0.953,..,..,..,0.75
CUBrl2003,Cuba,CUB,Latin America & Caribbean,Upper middle income,2003,rl,7,-1.2204636,0.1981884,-1.5454926,-0.8954346,35.9596735,3.410962,30.365695799999997,41.553651099999996,..,..,..,..,..,..,0.25,..,..,0.25,..,..,..,..,..,..,..,0.09999999999999999,..,0,..,..,..,..,..,..,..,0.547619,..,..,0.121,..,..,..,0.4375
CYMrl2003,Cayman Islands,CYM,Latin America & Caribbean,High income,2003,rl,1,1.0484229999999999,0.4850462,0.2529472,1.8438987999999998,75.0088076,8.3479866,61.3181096,88.6995056,..,..,..,..,..,..,..,..,..,..,..,..,..,..,..,..,..,..,..,..,..,..,..,..,..,..,..,..,..,..,..,..,..,..,0.875
CYPrl2003,Cyprus,CYP,Europe & Central Asia,High income,2003,rl,6,1.0555501,0.20834,0.7138725,1.3972277,75.13147,3.5856779,69.2509582,81.0119818,..,..,..,..,..,..,..,..,..,0.625,..,..,..,..,..,..,..,0.8999999999999999,..,1,..,..,..,..,..,..,..,0.9166667,..,..,0.813,..,..,..,0.8125
CZErl2003,Czechia,CZE,Europe & Central Asia,High income,2003,rl,11,0.8614141999999999,0.1742782,0.5755979999999999,1.1472304,71.7902546,2.9994498999999997,66.8711568,76.7093524,..,..,..,..,..,0.48740839999999996,1,..,..,0.725,..,..,0.25,..,0.5319827,..,..,0.7,..,1,..,..,..,..,..,..,..,0.9166667,..,..,0.9189999999999999,..,0.5457364,..,0.875
DEUrl2003,Germany,DEU,Europe & Central Asia,High income,2003,rl,9,1.6968919,0.1802991,1.4012014,1.9925823999999999,86.1694134,3.1030740999999997,81.080372,91.25845489999999,..,..,..,..,..,..,..,..,..,0.875,..,0.6945,..,..,0.8536203,..,..,0.8999999999999999,..,1,..,..,..,..,..,..,..,0.9166667,..,..,0.969,..,0.8120634999999999,..,0.9375
DJIrl2003,Djibouti,DJI,Middle East & North Africa,Lower middle income,2003,rl,4,-0.9460873999999999,0.2982756,-1.4352593999999999,-0.45691539999999997,40.681880799999995,5.133533,32.262886699999996,49.100874999999995,..,..,..,..,..,..,..,..,..,..,..,..,..,..,..,..,..,0.3,..,0,..,..,..,..,..,..,..,..,..,..,0.287,..,..,..,0.4375
DMArl2003,Dominica,DMA,Latin America & Caribbean,Upper middle income,2003,rl,2,0.7733336,0.4243771,0.0773552,1.469312,70.2743255,7.3038279,58.2960478,82.25260329999999,..,..,..,..,..,..,..,..,..,..,..,..,..,..,..,..,..,..,..,1,..,..,..,..,..,..,..,..,..,..,..,..,..,..,0.75
DNKrl2003,Denmark,DNK,Europe & Central Asia,High income,2003,rl,9,1.9649672999999999,0.1802991,1.6692768,2.2606577999999997,90.7831796,3.1030740999999997,85.69413809999999,95.87222109999999,..,..,..,..,..,..,..,..,..,0.95,..,0.869,..,..,0.9014137,..,..,0.8999999999999999,..,1,..,..,..,..,..,..,..,0.9285713999999999,..,..,0.984,..,0.8677389,..,1
DOMrl2003,Dominican Republic,DOM,Latin America & Caribbean,Upper middle income,2003,rl,8,-0.7899149,0.18894339999999998,-1.0997820999999999,-0.48004769999999997,43.3697194,3.251849,38.036687,48.702751799999994,..,..,..,..,..,..,0.5,..,..,0.22499999999999998,..,..,..,..,0.538076,..,..,0.3,..,0.5,..,..,..,..,..,..,..,0.452381,..,..,0.427,..,..,..,0.5
DZArl2003,Algeria,DZA,Middle East & North Africa,Upper middle income,2003,rl,8,-0.6343434,0.18894339999999998,-0.9442106,-0.3244762,46.0472143,3.2518491,40.7141819,51.380246799999995,..,..,..,..,..,..,0.25,..,..,0.44999999999999996,..,..,..,..,0.5138796999999999,..,..,0.3,..,0.5,..,..,..,..,..,..,..,0.452381,..,..,0.33199999999999996,..,..,..,0.4375
ECUrl2003,Ecuador,ECU,Latin America & Caribbean,Upper middle income,2003,rl,9,-0.6931491,0.18740369999999998,-1.0004912,-0.38580699999999996,45.035126899999995,3.2253498,39.745553199999996,50.3247006,..,..,..,..,..,..,0.5,..,..,0.375,..,..,..,..,0.32431499999999996,..,..,0.3,..,0.5,..,..,..,0.31,..,..,..,0.5357143,..,..,0.6,..,..,..,0.4375
EGYrl2003,"Egypt, Arab Rep.",EGY,Middle East & North Africa,Lower middle income,2003,rl,8,-0.1323011,0.18894339999999998,-0.44216829999999996,0.1775661,54.687715399999995,3.251849,49.354682999999994,60.020747799999995,..,..,..,..,..,..,0.25,..,..,0.5499999999999999,..,..,..,..,0.5437295,..,..,0.5,..,0.5,..,..,..,..,..,..,..,0.6190475999999999,..,..,0.45499999999999996,..,..,..,0.5625
ERIrl2003,Eritrea,ERI,Sub-Saharan Africa,Low income,2003,rl,4,-1.024274,0.329796,-1.5651393999999998,-0.48340859999999997,39.336234499999996,5.6760207,30.0275605,48.6449084,..,..,..,..,..,..,0.25,..,..,..,..,..,..,..,..,..,..,..,..,0.5,..,..,..,..,..,..,..,..,..,..,0.009,..,..,..,0.5
ESPrl2003,Spain,ESP,Europe & Central Asia,High income,2003,rl,9,1.1729300999999999,0.1802991,0.8772396,1.4686206,77.1516623,3.1030740999999997,72.0626209,82.24070379999999,..,..,..,..,..,..,..,..,..,0.875,..,0.5255,..,..,0.6158028999999999,..,..,0.7,..,1,..,..,..,..,..,..,..,0.875,..,..,0.9089999999999999,..,0.5419048,..,0.9375
ESTrl2003,Estonia,EST,Europe & Central Asia,High income,2003,rl,11,0.7698927999999999,0.1742782,0.48407659999999997,1.055709,70.2151069,2.9994498999999997,65.29600909999999,75.13420479999999,..,..,..,..,..,0.5434437999999999,1,..,..,0.75,..,..,0.125,..,0.6745561,..,..,0.7,..,1,..,..,..,..,..,..,..,0.6904762,..,..,0.943,..,0.5950617,..,0.6875
ETHrl2003,Ethiopia,ETH,Sub-Saharan Africa,,2003,rl,8,-1.0528433,0.18894339999999998,-1.3627105,-0.7429760999999999,38.8445367,3.2518491,33.5115043,44.1775692,..,..,..,..,..,..,0,..,..,0.15,..,..,..,..,0.41642969999999996,..,..,0.3,..,0.5,..,..,..,..,..,..,..,0.7023809999999999,..,..,0.27799999999999997,..,..,..,0.5
FINrl2003,Finland,FIN,Europe & Central Asia,High income,2003,rl,9,2.0345492,0.1802991,1.7388587,2.3302397,91.980733,3.1030740999999997,86.8916916,97.0697745,..,..,..,..,..,..,..,..,..,1,..,0.8175,..,..,0.9093954,..,..,0.8999999999999999,..,1,..,..,..,..,..,..,..,1,..,..,0.972,..,0.9072072,..,0.9375
FJIrl2003,Fiji,FJI,East Asia & Pacific,Upper middle income,2003,rl,4,-0.0906399,0.2982756,-0.5798118999999999,0.3985321,55.404734,5.133533,46.9857398,63.8237281,..,..,..,..,..,..,..,..,..,..,..,..,..,..,..,..,..,0.3,..,1,..,..,..,..,..,..,..,..,..,..,0.645,..,..,..,0.625
FRArl2003,France,FRA,Europe & Central Asia,High income,2003,rl,9,1.2892257,0.1802991,0.9935352,1.5849161999999999,79.1531914,3.1030740999999997,74.06414989999999,84.24223289999999,..,..,..,..,..,..,..,..,..,0.875,..,0.4925,..,..,0.7415062,..,..,0.7,..,1,..,..,..,..,..,..,..,0.875,..,..,0.9139999999999999,..,0.6986422,..,0.875
FSMrl2003,"Micronesia, Fed. Sts.",FSM,East Asia & Pacific,Lower middle income,2003,rl,1,0.8778703999999999,0.6633167,-0.209969,1.9657098,72.0734774,11.416146999999999,53.3509962,90.7959585,..,..,..,..,..,..,..,..,..,..,..,..,..,..,..,..,..,..,..,1,..,..,..,..,..,..,..,..,..,..,..,..,..,..,..
GABrl2003,Gabon,GAB,Sub-Saharan Africa,Upper middle income,2003,rl,6,-0.40378159999999996,0.20834,-0.7454592,-0.062104,50.0153451,3.5856779,44.1348333,55.8958569,..,..,..,..,..,..,..,..,..,0.375,..,..,..,..,..,..,..,0.5,..,0.5,..,..,..,..,..,..,..,0.6071428999999999,..,..,0.45199999999999996,..,..,..,0.4375
GBRrl2003,United Kingdom,GBR,Europe & Central Asia,High income,2003,rl,9,1.6258036,0.1802991,1.3301131,1.9214940999999999,84.94593379999999,3.1030740999999997,79.8568923,90.03497519999999,..,..,..,..,..,..,..,..,..,0.8999999999999999,..,0.5655,..,..,0.810306,..,..,0.8999999999999999,..,1,..,..,..,..,..,..,..,1,..,..,0.939,..,0.6991819,..,0.9375
GEOrl2003,Georgia,GEO,Europe & Central Asia,Upper middle income,2003,rl,7,-0.9064046,0.2539192,-1.3228320999999998,-0.4899771,41.3648497,4.3701281,34.1978396,48.5318599,..,..,..,..,..,0.40263079999999996,0.25,..,..,..,..,..,0.5833332999999999,..,..,..,..,0.3,..,0.5,..,..,..,..,..,..,..,..,..,..,0.46099999999999997,..,..,..,0.25
GHArl2003,Ghana,GHA,Sub-Saharan Africa,Lower middle income,2003,rl,9,-0.1615689,0.1878898,-0.46970819999999996,0.1465704,54.183996,3.2337159,48.8807019,59.487290099999996,..,0.756,..,..,..,..,0.5,..,..,0.475,..,..,..,..,0.5144074,..,..,0.5,..,0.5,..,..,..,..,..,..,..,0.5238094999999999,..,..,0.877,..,..,..,0.5
GINrl2003,Guinea,GIN,Sub-Saharan Africa,Lower middle income,2003,rl,6,-1.3558964999999998,0.2498608,-1.7656682,-0.9461248,33.628778,4.30028,26.5763189,40.6812372,..,..,..,..,..,..,0,..,..,..,..,..,..,..,..,..,..,0.3,..,0,..,..,..,..,..,..,..,0.4940476,..,..,0.258,..,..,..,0.3125
GMBrl2003,"Gambia, The",GMB,Sub-Saharan Africa,Low income,2003,rl,6,0.061790399999999995,0.24883919999999998,-0.3463059,0.4698867,58.0281666,4.2826978,51.0045423,65.051791,..,..,..,..,..,..,..,..,..,..,..,..,..,..,0.647416,..,..,0.5,..,0.5,..,..,..,..,..,..,..,0.6904762,..,..,0.296,..,..,..,0.625
GNBrl2003,Guinea-Bissau,GNB,Sub-Saharan Africa,Low income,2003,rl,5,-1.3537084,0.2711907,-1.7984611,-0.9089556999999999,33.6664367,4.6673822,26.01193,41.3209435,..,..,..,..,..,..,..,..,..,..,..,..,..,..,..,..,..,0.09999999999999999,..,0.5,..,..,..,..,..,..,..,0.29761899999999997,..,..,0.435,..,..,..,0.375
GNQrl2003,Equatorial Guinea,GNQ,Sub-Saharan Africa,Upper middle income,2003,rl,5,-1.33012,0.21989309999999998,-1.6907447,-0.9694953,34.0724097,3.7845150999999997,27.865804999999998,40.2790144,..,..,..,..,..,..,..,..,..,0.09999999999999999,..,..,..,..,..,..,..,0.3,..,0,..,..,..,..,..,..,..,..,..,..,0.128,..,..,..,0.4375
GRCrl2003,Greece,GRC,Europe & Central Asia,High income,2003,rl,9,0.8767693999999999,0.1802991,0.5810789,1.1724599,72.0545284,3.1030740999999997,66.9654869,77.1435699,..,..,..,..,..,..,..,..,..,0.75,..,0.6855,..,..,0.6482389,..,..,0.5,..,1,..,..,..,..,..,..,..,0.6785713999999999,..,..,0.9039999999999999,..,0.6328638,..,0.875
GRDrl2003,Grenada,GRD,Latin America & Caribbean,Upper middle income,2003,rl,2,0.38274959999999997,0.4243771,-0.3132288,1.078728,63.5521002,7.3038279,51.5738224,75.53037789999999,..,..,..,..,..,..,..,..,..,..,..,..,..,..,..,..,..,..,..,1,..,..,..,..,..,..,..,..,..,..,..,..,..,..,0.625
GTMrl2003,Guatemala,GTM,Latin America & Caribbean,Upper middle income,2003,rl,10,-1.0647684,0.18056919999999999,-1.3609019,-0.7686349,38.6392974,3.1077231,33.5426315,43.7359632,..,..,..,..,..,..,0.25,0.380102,..,0.25,..,..,..,..,0.23731839999999998,..,..,0.3,..,0.5,..,..,..,0.32,..,..,..,0.5535713999999999,..,..,0.609,..,..,..,0.3125
GUFrl2003,French Guiana,GUF,,,2003,rl,1,0.7933017,0.4850462,-0.0021741,1.5887775,70.6179906,8.3479866,56.927292599999994,84.3086886,..,..,..,..,..,..,..,..,..,..,..,..,..,..,..,..,..,..,..,..,..,..,..,..,..,..,..,..,..,..,..,..,..,..,0.8125
GUYrl2003,Guyana,GUY,Latin America & Caribbean,High income,2003,rl,5,-0.43914549999999997,0.2711907,-0.8838982,0.0056072,49.406707499999996,4.6673822,41.752200699999996,57.061214199999995,..,..,..,..,..,..,..,..,..,..,..,..,..,..,..,..,..,0.5,..,0.5,..,..,..,..,..,..,..,0.452381,..,..,0.573,..,..,..,0.4375
HKGrl2003,"Hong Kong SAR, China",HKG,East Asia & Pacific,High income,2003,rl,8,1.4386691,0.1912044,1.1250939,1.7522442999999999,81.72521739999999,3.290762,76.3283677,87.12206719999999,..,..,..,0.3769168,..,..,..,..,..,0.7999999999999999,..,..,..,..,0.8457494999999999,..,..,0.8999999999999999,..,..,..,..,..,..,..,..,..,0.875,..,..,0.763,..,0.7425668,..,0.875
HNDrl2003,Honduras,HND,Latin America & Caribbean,Lower middle income,2003,rl,9,-0.9922076999999999,0.18740369999999998,-1.2995497999999999,-0.6848656,39.888118,3.2253498,34.5985443,45.1776917,..,..,..,..,..,..,0.5,..,..,0.22499999999999998,..,..,..,..,0.2766761,..,..,0.3,..,0.5,..,..,..,0.41333329999999996,..,..,..,0.4821429,..,..,0.512,..,..,..,0.375
HRVrl2003,Croatia,HRV,Europe & Central Asia,High income,2003,rl,10,0.091612,0.1829991,-0.20850649999999998,0.3917305,58.5414173,3.149543,53.376166899999994,63.7066678,..,..,..,..,..,0.4500627,0.75,..,..,0.575,..,..,0.5833332999999999,..,0.4115666,..,..,0.3,..,0.5,..,..,..,..,..,..,..,0.7738094999999999,..,..,0.8049999999999999,..,..,..,0.6875
HTIrl2003,Haiti,HTI,Latin America & Caribbean,Lower middle income,2003,rl,8,-1.7168667,0.2194416,-2.0767509,-1.3569825,27.416227,3.776744,21.2223668,33.610087199999995,..,..,..,..,..,..,0.25,0.3341837,..,..,..,..,..,..,0.1502083,..,..,0.09999999999999999,..,0,..,..,..,..,..,..,..,0.38095239999999997,..,..,0.512,..,..,..,0.1875
HUNrl2003,Hungary,HUN,Europe & Central Asia,High income,2003,rl,11,0.8572116999999999,0.1742782,0.5713955,1.1430278999999999,71.7179266,2.9994498999999997,66.7988288,76.6370244,..,..,..,..,..,0.5984587,1,..,..,0.7749999999999999,..,..,0.125,..,0.6336338,..,..,0.7,..,1,..,..,..,..,..,..,..,0.8333332999999999,..,..,0.9039999999999999,..,0.5708852999999999,..,0.75
IDNrl2003,Indonesia,IDN,East Asia & Pacific,Upper middle income,2003,rl,10,-0.9354148999999999,0.1733673,-1.2197373,-0.6510925,40.8655621,2.9837734,35.9721736,45.7589505,..,..,..,..,..,..,0.25,0.4217687,..,0.27499999999999997,..,..,..,..,0.46355029999999997,..,..,0.3,..,0,..,..,..,..,..,..,..,0.5238094999999999,..,..,0.744,..,0.23087719999999998,..,0.375
INDrl2003,India,IND,South Asia,Lower middle income,2003,rl,9,0.0275527,0.1793891,-0.2666454,0.3217508,57.4389117,3.0874123,52.3755555,62.5022679,..,..,..,..,..,..,0.5,..,..,0.39999999999999997,..,..,..,..,0.6074617999999999,..,..,0.5,..,0.5,..,..,..,..,..,..,..,0.7619047999999999,..,..,0.7759999999999999,..,0.5135512,..,0.6875
IRLrl2003,Ireland,IRL,Europe & Central Asia,High income,2003,rl,9,1.5508823999999999,0.1802991,1.2551919,1.8465729,83.6564872,3.1030740999999997,78.5674458,88.7455287,..,..,..,..,..,..,..,..,..,0.8999999999999999,..,0.619,..,..,0.6915296,..,..,0.8999999999999999,..,1,..,..,..,..,..,..,..,1,..,..,0.9189999999999999,..,0.7259259,..,0.875
IRNrl2003,"Iran, Islamic Rep.",IRN,Middle East & North Africa,Upper middle income,2003,rl,7,-1.0865174,0.1981884,-1.4115464,-0.7614884,38.2649818,3.410962,32.6710041,43.8589595,..,..,..,..,..,..,0,..,..,0.27499999999999997,..,..,..,..,..,..,..,0.09999999999999999,..,0,..,..,..,..,..,..,..,0.547619,..,..,0.39799999999999996,..,..,..,0.625
IRQrl2003,Iraq,IRQ,Middle East & North Africa,Upper middle income,2003,rl,7,-1.6685847999999999,0.1981884,-1.9936137999999999,-1.3435557999999999,28.2471924,3.410962,22.6532148,33.8411701,..,..,..,..,..,..,0,..,..,0.125,..,..,..,..,..,..,..,0.09999999999999999,..,0,..,..,..,..,..,..,..,0.4821429,..,..,0.356,..,..,..,0.1875
ISLrl2003,Iceland,ISL,Europe & Central Asia,High income,2003,rl,7,1.9169730999999999,0.2281413,1.5428214,2.2911248,89.95716569999999,3.9264718999999997,83.5177518,96.3965796,..,..,..,..,..,..,..,..,..,..,..,..,..,..,0.8802683,..,..,0.8999999999999999,..,1,..,..,..,..,..,..,..,1,..,..,0.8999999999999999,..,0.8520325,..,1
ISRrl2003,Israel,ISR,Middle East & North Africa,High income,2003,rl,8,0.9614716,0.1868126,0.6550988999999999,1.2678443,73.5123128,3.2151766,68.23942319999999,78.7852025,..,..,..,..,..,..,..,..,..,0.6749999999999999,..,..,..,..,0.8295948,..,..,0.7,..,1,..,..,..,..,..,..,..,0.8452381,..,..,0.9199999999999999,..,0.7045454999999999,..,0.625
ITArl2003,Italy,ITA,Europe & Central Asia,High income,2003,rl,9,0.7384035999999999,0.1802991,0.44271309999999997,1.0340941,69.6731557,3.1030740999999997,64.5841142,74.7621971,..,..,..,..,..,..,..,..,..,0.6749999999999999,..,0.591,..,..,0.606978,..,..,0.7,..,1,..,..,..,..,..,..,..,0.75,..,..,0.9089999999999999,..,0.4924731,..,0.75
JAMrl2003,Jamaica,JAM,Latin America & Caribbean,Upper middle income,2003,rl,8,-0.30514949999999996,0.18894339999999998,-0.6150167,0.0047177,51.7128729,3.2518491,46.3798404,57.045905299999994,..,..,..,..,..,..,1,..,..,0.325,..,..,..,..,0.38823799999999997,..,..,0.5,..,1,..,..,..,..,..,..,..,0.5119047999999999,..,..,0.827,..,..,..,0.375
JORrl2003,Jordan,JOR,Middle East & North Africa,Lower middle income,2003,rl,10,0.027885499999999997,0.1733673,-0.25643689999999997,0.3122079,57.4446394,2.9837734,52.551251,62.3380279,..,..,..,..,..,..,0.25,0.39285709999999996,..,0.425,..,..,..,..,0.7906297999999999,..,..,0.5,..,0.5,..,..,..,..,..,..,..,0.6904762,..,..,0.45499999999999996,..,0.6945658,..,0.6875
JPNrl2003,Japan,JPN,East Asia & Pacific,High income,2003,rl,9,1.1529042,0.1868095,0.8465366,1.4592718,76.8070025,3.2151231,71.53420059999999,82.0798044,..,..,..,0.4502869,..,..,..,..,..,0.725,..,..,..,..,0.6729092,..,..,0.7,..,1,..,..,..,..,..,..,..,0.9166667,..,..,0.9199999999999999,..,0.6995283,..,0.9375
KAZrl2003,Kazakhstan,KAZ,Europe & Central Asia,Upper middle income,2003,rl,10,-1.0076814,0.1829991,-1.3077999,-0.7075629,39.6218048,3.149543,34.4565543,44.7870552,..,..,..,..,..,0.500331,0.25,..,..,0.175,..,..,0.875,..,0.3404762,..,..,0.3,..,0,..,..,..,..,..,..,..,0.6190475999999999,..,..,0.307,..,..,..,0.375
KENrl2003,Kenya,KEN,Sub-Saharan Africa,Lower middle income,2003,rl,10,-0.9121292999999999,0.181004,-1.2089759,-0.6152827,41.2663236,3.1152066,36.1573849,46.3752624,..,0.645,..,..,..,..,0,0.5671769,..,0.175,..,..,..,..,0.3306896,..,..,0.5,..,0.5,..,..,..,..,..,..,..,0.5952381,..,..,0.629,..,..,..,0.375
KGZrl2003,Kyrgyz Republic,KGZ,Europe & Central Asia,Lower middle income,2003,rl,7,-0.699328,0.2539192,-1.1157555,-0.2829005,44.9287837,4.3701281,37.7617735,52.095793799999996,..,..,..,..,..,0.4272417,0.25,..,..,..,..,..,0.75,..,..,..,..,0.3,..,0,..,..,..,..,..,..,..,..,..,..,0.40199999999999997,..,..,..,0.5
KHMrl2003,Cambodia,KHM,East Asia & Pacific,Lower middle income,2003,rl,7,-1.2908199999999999,0.1988183,-1.616882,-0.964758,34.748790299999996,3.4218026999999998,29.137034,40.3605467,..,..,..,..,..,..,0.25,0.29081629999999997,..,0.15,..,..,..,..,..,..,..,0.3,..,0,..,..,..,..,..,..,..,..,..,..,0.243,..,..,..,0.375
KIRrl2003,Kiribati,KIR,East Asia & Pacific,Lower middle income,2003,rl,1,0.8778703999999999,0.6633167,-0.209969,1.9657098,72.0734774,11.416146999999999,53.3509962,90.7959585,..,..,..,..,..,..,..,..,..,..,..,..,..,..,..,..,..,..,..,1,..,..,..,..,..,..,..,..,..,..,..,..,..,..,..
KNArl2003,St. Kitts and Nevis,KNA,Latin America & Caribbean,High income,2003,rl,1,0.8778703999999999,0.6633167,-0.209969,1.9657098,72.0734774,11.416146999999999,53.3509962,90.7959585,..,..,..,..,..,..,..,..,..,..,..,..,..,..,..,..,..,..,..,1,..,..,..,..,..,..,..,..,..,..,..,..,..,..,..
KORrl2003,"Korea, Rep.",KOR,East Asia & Pacific,High income,2003,rl,10,0.7846466999999999,0.1793864,0.490453,1.0788404,70.46903189999999,3.0873660999999997,65.4057515,75.5323124,..,..,..,0.5115656,..,..,0.75,..,..,0.7,..,..,..,..,0.6581511999999999,..,..,0.7,..,1,..,..,..,..,..,..,..,0.8452381,..,..,0.9219999999999999,..,0.5020408,..,0.6875
KWTrl2003,Kuwait,KWT,Middle East & North Africa,High income,2003,rl,7,0.4805315,0.1976774,0.1563406,0.8047224,65.2349955,3.4021667,59.655442099999995,70.81454889999999,..,..,..,..,..,..,..,..,..,0.5499999999999999,..,..,..,..,0.7555347,..,..,0.5,..,0.5,..,..,..,..,..,..,..,0.7738094999999999,..,..,0.753,..,..,..,0.8125
LAOrl2003,Lao PDR,LAO,East Asia & Pacific,Lower middle income,2003,rl,5,-1.6175273,0.2705613,-2.0612478,-1.1738068,29.125927899999997,4.6565499,21.489186099999998,36.7626698,..,..,..,..,..,..,0,..,..,..,..,..,..,..,..,..,..,0.09999999999999999,..,0,..,..,..,..,..,..,..,..,..,..,0.259,..,..,..,0.375
LBNrl2003,Lebanon,LBN,Middle East & North Africa,Lower middle income,2003,rl,8,-0.5108374,0.18894339999999998,-0.8207046,-0.2009702,48.172839499999995,3.2518491,42.839807,53.505871899999995,..,..,..,..,..,..,0.25,..,..,0.35,..,..,..,..,0.5610438999999999,..,..,0.3,..,0.5,..,..,..,..,..,..,..,0.6190475999999999,..,..,0.46399999999999997,..,..,..,0.625
LBRrl2003,Liberia,LBR,Sub-Saharan Africa,Low income,2003,rl,5,-1.7948560999999998,0.2942274,-2.277389,-1.3123232,26.0739746,5.063860099999999,17.769244,34.3787051,..,..,..,..,..,..,0,..,..,..,..,..,..,..,..,..,..,..,..,0,..,..,..,..,..,..,..,0.38095239999999997,..,..,0.33499999999999996,..,..,..,0.25
LBYrl2003,Libya,LBY,Middle East & North Africa,Upper middle income,2003,rl,7,-1.2248297,0.1981884,-1.5498587,-0.8998007,35.884529799999996,3.410962,30.2905521,41.4785075,..,..,..,..,..,..,0,..,..,0.22499999999999998,..,..,..,..,..,..,..,0.09999999999999999,..,0,..,..,..,..,..,..,..,0.6190475999999999,..,..,0.145,..,..,..,0.5625
LCArl2003,St. Lucia,LCA,Latin America & Caribbean,Upper middle income,2003,rl,1,0.8778703999999999,0.6633167,-0.209969,1.9657098,72.0734774,11.416146999999999,53.3509962,90.7959585,..,..,..,..,..,..,..,..,..,..,..,..,..,..,..,..,..,..,..,1,..,..,..,..,..,..,..,..,..,..,..,..,..,..,..
LIErl2003,Liechtenstein,LIE,Europe & Central Asia,High income,2003,rl,2,1.1639177,0.4243771,0.4679393,1.8598960999999998,76.9965526,7.3038279,65.0182748,88.9748303,..,..,..,..,..,..,..,..,..,..,..,..,..,..,..,..,..,..,..,1,..,..,..,..,..,..,..,..,..,..,..,..,..,..,0.875
LKArl2003,Sri Lanka,LKA,South Asia,Lower middle income,2003,rl,9,0.1664561,0.1819453,-0.1319342,0.4648464,59.8295369,3.1314067,54.69403,64.9650439,..,..,..,..,..,..,0.5,0.6420068,..,0.575,..,..,..,..,0.4478201,..,..,0.5,..,1,..,..,..,..,..,..,..,0.6785713999999999,..,..,0.568,..,..,..,0.6875
LSOrl2003,Lesotho,LSO,Sub-Saharan Africa,Lower middle income,2003,rl,5,0.19643729999999998,0.2941816,-0.2860205,0.6788951,60.3455345,5.063072,52.0420964,68.6489725,..,0.7292,..,..,..,..,..,..,..,..,..,..,..,..,..,..,..,0.5,..,1,..,..,..,..,..,..,..,..,..,..,0.692,..,..,..,0.5625
LTUrl2003,Lithuania,LTU,Europe & Central Asia,High income,2003,rl,10,0.37538,0.1829991,0.0752615,0.6754985,63.425264199999994,3.149543,58.260013699999995,68.5905147,..,..,..,..,..,0.4596807,1,..,..,0.5499999999999999,..,..,0.125,..,0.497755,..,..,0.5,..,1,..,..,..,..,..,..,..,0.8333332999999999,..,..,0.939,..,..,..,0.75
LUXrl2003,Luxembourg,LUX,Europe & Central Asia,High income,2003,rl,8,1.7486636,0.2165711,1.393487,2.1038402,87.0604408,3.7273408999999997,80.94760169999999,93.1732799,..,..,..,..,..,..,..,..,..,..,..,0.636,..,..,0.8174429,..,..,0.8999999999999999,..,1,..,..,..,..,..,..,..,1,..,..,0.9109999999999999,..,0.7791844,..,1
LVArl2003,Latvia,LVA,Europe & Central Asia,High income,2003,rl,10,0.44249639999999996,0.1829991,0.1423779,0.7426149,64.5803846,3.149543,59.4151342,69.7456351,..,..,..,..,..,0.5295919,0.75,..,..,0.6749999999999999,..,..,0.1666667,..,0.5791514999999999,..,..,0.5,..,0.5,..,..,..,..,..,..,..,0.9166667,..,..,0.869,..,..,..,0.6875
MACrl2003,"Macao SAR, China",MAC,East Asia & Pacific,High income,2003,rl,1,1.0484229999999999,0.4850462,0.2529472,1.8438987999999998,75.0088076,8.3479866,61.3181096,88.6995056,..,..,..,..,..,..,..,..,..,..,..,..,..,..,..,..,..,..,..,..,..,..,..,..,..,..,..,..,..,..,..,..,..,..,0.875
MARrl2003,Morocco,MAR,Middle East & North Africa,Lower middle income,2003,rl,9,-0.3429218,0.1819453,-0.6413120999999999,-0.044531499999999995,51.062785,3.1314066,45.927278099999995,56.1982919,..,..,..,..,..,..,0.25,0.34608839999999996,..,0.44999999999999996,..,..,..,..,0.5652654,..,..,0.3,..,0,..,..,..,..,..,..,..,0.8452381,..,..,0.633,..,..,..,0.625
MCOrl2003,Monaco,MCO,Europe & Central Asia,High income,2003,rl,1,0.8778703999999999,0.6633167,-0.209969,1.9657098,72.0734774,11.416146999999999,53.3509962,90.7959585,..,..,..,..,..,..,..,..,..,..,..,..,..,..,..,..,..,..,..,1,..,..,..,..,..,..,..,..,..,..,..,..,..,..,..
MDArl2003,Moldova,MDA,Europe & Central Asia,Upper middle income,2003,rl,9,-0.5391037,0.1913601,-0.8529342999999999,-0.22527309999999998,47.686356499999995,3.2934422999999997,42.285111199999996,53.087601899999996,..,..,..,..,..,0.4286422,0.25,..,..,0.27499999999999997,..,..,0.5833332999999999,..,..,..,..,0.5,..,0.5,..,..,..,..,..,..,..,0.7023809999999999,..,..,0.703,..,..,..,0.375
MDGrl2003,Madagascar,MDG,Sub-Saharan Africa,Low income,2003,rl,7,-0.5065395,0.2320552,-0.88711,-0.125969,48.246809299999995,3.9938328999999997,41.696923399999996,54.796695299999996,..,..,..,..,..,..,0.25,..,..,..,..,..,..,..,0.3356511,..,..,0.5,..,0.5,..,..,..,..,..,..,..,0.5654762,..,..,0.438,..,..,..,0.625
MDVrl2003,Maldives,MDV,South Asia,Upper middle income,2003,rl,3,-0.40305179999999996,0.38423219999999997,-1.0331926,0.22708899999999999,50.027905399999995,6.6129063,39.1827391,60.8730718,..,..,..,..,..,..,..,..,..,..,..,..,..,..,..,..,..,..,..,0,..,..,..,..,..,..,..,..,..,..,0.148,..,..,..,0.75
MEXrl2003,Mexico,MEX,Latin America & Caribbean,Upper middle income,2003,rl,10,-0.23961149999999998,0.1780697,-0.5316458,0.0524228,52.8408279,3.0647047,47.8147123,57.8669436,..,..,..,..,..,..,0.5,..,..,0.5499999999999999,..,..,..,..,0.4249465,..,..,0.5,..,0.5,..,..,..,0.2333333,..,..,..,0.6666667,..,..,0.6789999999999999,..,0.3269841,..,0.4375
MHLrl2003,Marshall Islands,MHL,East Asia & Pacific,Upper middle income,2003,rl,1,0.8778703999999999,0.6633167,-0.209969,1.9657098,72.0734774,11.416146999999999,53.3509962,90.7959585,..,..,..,..,..,..,..,..,..,..,..,..,..,..,..,..,..,..,..,1,..,..,..,..,..,..,..,..,..,..,..,..,..,..,..
MKDrl2003,North Macedonia,MKD,Europe & Central Asia,Upper middle income,2003,rl,9,-0.7172662999999999,0.1906801,-1.0299817,-0.4045509,44.6200529,3.281739,39.238000899999996,50.0021049,..,..,..,..,..,0.43979799999999997,0.5,..,..,0.22499999999999998,..,..,0.5,..,0.2990733,..,..,0.3,..,1,..,..,..,..,..,..,..,..,..,..,0.726,..,..,..,0.5
MLIrl2003,Mali,MLI,Sub-Saharan Africa,Low income,2003,rl,8,-0.1787465,0.2301116,-0.5561294999999999,0.1986365,53.8883574,3.9603821999999997,47.3933306,60.383384299999996,..,0.7742,..,..,..,..,0.5,..,..,..,..,..,..,..,0.47839299999999996,..,..,0.5,..,0.5,..,..,..,..,..,..,..,0.5357143,..,..,0.623,..,..,..,0.625
MLTrl2003,Malta,MLT,Middle East & North Africa,High income,2003,rl,6,1.484469,0.24883919999999998,1.0763726999999998,1.8925653,82.5134659,4.2826978,75.48984159999999,89.5370903,..,..,..,..,..,..,..,..,..,..,..,..,..,..,0.7083233999999999,..,..,0.8999999999999999,..,1,..,..,..,..,..,..,..,0.9166667,..,..,0.748,..,..,..,0.9375
MMRrl2003,Myanmar,MMR,East Asia & Pacific,Lower middle income,2003,rl,7,-1.8284729,0.1981884,-2.1535018999999997,-1.5034439,25.4954058,3.410962,19.9014281,31.0893835,..,..,..,..,..,..,0,..,..,0.049999999999999996,..,..,..,..,..,..,..,0.09999999999999999,..,0,..,..,..,..,..,..,..,0.39285709999999996,..,..,0.041999999999999996,..,..,..,0.3125
MNErl2003,Montenegro,MNE,Europe & Central Asia,Upper middle income,2003,rl,2,0.1572225,0.4985368,-0.6603779,0.9748228999999999,59.670620199999995,8.5801695,45.5991423,73.74209809999999,..,..,..,..,..,..,..,..,..,..,..,..,0.5416667,..,..,..,..,..,..,..,..,..,..,..,..,..,..,..,..,..,0.704,..,..,..,..
MNGrl2003,Mongolia,MNG,East Asia & Pacific,Upper middle income,2003,rl,7,0.1455551,0.24985349999999998,-0.2642046,0.5553148,59.469815999999994,4.300154,52.4175634,66.5220686,..,..,..,0.529625,..,..,0.5,..,..,..,..,..,..,..,..,..,..,0.5,..,0.5,..,..,..,..,..,..,..,0.6904762,..,..,0.816,..,..,..,0.6875
MOZrl2003,Mozambique,MOZ,Sub-Saharan Africa,Low income,2003,rl,9,-0.7630262,0.1878898,-1.0711655,-0.4548869,43.8324928,3.2337159,38.529198799999996,49.1357869,..,0.7637999999999999,..,..,..,..,0.25,..,..,0.39999999999999997,..,..,..,..,0.3023791,..,..,0.3,..,0,..,..,..,..,..,..,..,0.6071428999999999,..,..,0.603,..,..,..,0.4375
MRTrl2003,Mauritania,MRT,Sub-Saharan Africa,Lower middle income,2003,rl,4,-0.6540874999999999,0.2982756,-1.1432594999999999,-0.1649155,45.707404499999996,5.133533,37.288410299999995,54.126398599999995,..,..,..,..,..,..,..,..,..,..,..,..,..,..,..,..,..,0.3,..,0.5,..,..,..,..,..,..,..,..,..,..,0.303,..,..,..,0.5
MTQrl2003,Martinique,MTQ,,,2003,rl,1,0.7933017,0.4850462,-0.0021741,1.5887775,70.6179906,8.3479866,56.927292599999994,84.3086886,..,..,..,..,..,..,..,..,..,..,..,..,..,..,..,..,..,..,..,..,..,..,..,..,..,..,..,..,..,..,..,..,..,..,0.8125
MUSrl2003,Mauritius,MUS,Sub-Saharan Africa,Upper middle income,2003,rl,6,0.9029543999999999,0.2074633,0.5627146,1.2431942,72.5051907,3.5705891999999997,66.6494244,78.36095689999999,..,..,..,..,..,..,..,..,..,0.6749999999999999,..,..,..,..,0.6083949,..,..,0.7,..,1,..,..,..,..,..,..,..,..,..,..,0.88,..,..,..,0.875
MWIrl2003,Malawi,MWI,Sub-Saharan Africa,Low income,2003,rl,9,-0.3690919,0.1878898,-0.6772311999999999,-0.060952599999999996,50.6123792,3.2337159,45.3090851,55.915673299999995,..,0.8228,..,..,..,..,0.5,..,..,0.25,..,..,..,..,0.5723339,..,..,0.5,..,0.5,..,..,..,..,..,..,..,0.6071428999999999,..,..,0.77,..,..,..,0.5625
MYSrl2003,Malaysia,MYS,East Asia & Pacific,Upper middle income,2003,rl,10,0.3410072,0.1733673,0.0566848,0.6253295999999999,62.8336841,2.9837734,57.9402957,67.7270726,..,..,..,..,..,..,0.5,0.502551,..,0.625,..,..,..,..,0.7605837,..,..,0.5,..,0.5,..,..,..,..,..,..,..,0.6785713999999999,..,..,0.434,..,0.6630037,..,0.6875
NAMrl2003,Namibia,NAM,Sub-Saharan Africa,Lower middle income,2003,rl,9,0.3291829,0.1878898,0.0210436,0.6373222,62.6301796,3.2337159,57.326885499999996,67.9334737,..,0.741,..,..,..,..,0.75,..,..,0.39999999999999997,..,..,..,..,0.5314888,..,..,0.7,..,1,..,..,..,..,..,..,..,0.9285713999999999,..,..,0.818,..,..,..,0.625
NERrl2003,Niger,NER,Sub-Saharan Africa,Low income,2003,rl,6,-0.8036580999999999,0.2498608,-1.2134298,-0.39388639999999997,43.1331893,4.30028,36.0807301,50.1856484,..,..,..,..,..,..,0.25,..,..,..,..,..,..,..,..,..,..,0.3,..,0.5,..,..,..,..,..,..,..,0.452381,..,..,0.705,..,..,..,0.4375
NGArl2003,Nigeria,NGA,Sub-Saharan Africa,Lower middle income,2003,rl,10,-1.4253748,0.181004,-1.7222214,-1.1285281999999999,32.433007599999996,3.1152066,27.3240688,37.5419464,..,0.619,..,..,..,..,0,0.5144558,..,0.075,..,..,..,..,0.3525635,..,..,0.3,..,0.5,..,..,..,..,..,..,..,0.4821429,..,..,0.614,..,..,..,0.0625
NICrl2003,Nicaragua,NIC,Latin America & Caribbean,Lower middle income,2003,rl,10,-0.48396999999999996,0.18056919999999999,-0.7801035,-0.1878365,48.6352463,3.107723,43.538580499999995,53.731912099999995,..,..,..,..,..,..,0.5,0.5637755,..,0.375,..,..,..,..,0.3577798,..,..,0.3,..,0.5,..,..,..,0.43,..,..,..,0.7619047999999999,..,..,0.5599999999999999,..,..,..,0.4375
NLDrl2003,Netherlands,NLD,Europe & Central Asia,High income,2003,rl,9,1.7078117,0.1802991,1.4121211999999999,2.0035022,86.3573509,3.1030740999999997,81.26830939999999,91.4463923,..,..,..,..,..,..,..,..,..,0.95,..,0.574,..,..,0.7937592,..,..,0.8999999999999999,..,1,..,..,..,..,..,..,..,1,..,..,0.96,..,0.7344086,..,0.9375
NORrl2003,Norway,NOR,Europe & Central Asia,High income,2003,rl,8,1.8783443,0.1868126,1.5719716,2.184717,89.2923368,3.2151766,84.0194472,94.5652265,..,..,..,..,..,..,..,..,..,1,..,..,..,..,0.7801454,..,..,0.8999999999999999,..,1,..,..,..,..,..,..,..,0.9285713999999999,..,..,0.978,..,0.821645,..,1
NPLrl2003,Nepal,NPL,South Asia,Lower middle income,2003,rl,6,-0.7063252999999999,0.2511265,-1.1181728,-0.2944778,44.8083552,4.3220640999999995,37.7201701,51.8965403,..,..,..,..,..,..,0.25,0.5654762,..,..,..,..,..,..,..,..,..,0.3,..,0.5,..,..,..,..,..,..,..,..,..,..,0.409,..,..,..,0.4375
NRUrl2003,Nauru,NRU,East Asia & Pacific,High income,2003,rl,1,0.8778703999999999,0.6633167,-0.209969,1.9657098,72.0734774,11.416146999999999,53.3509962,90.7959585,..,..,..,..,..,..,..,..,..,..,..,..,..,..,..,..,..,..,..,1,..,..,..,..,..,..,..,..,..,..,..,..,..,..,..
NZLrl2003,New Zealand,NZL,East Asia & Pacific,High income,2003,rl,8,1.8308277,0.1868126,1.524455,2.1372004,88.4745427,3.2151766,83.2016531,93.7474324,..,..,..,..,..,..,..,..,..,0.95,..,..,..,..,0.837317,..,..,0.8999999999999999,..,1,..,..,..,..,..,..,..,1,..,..,0.952,..,0.8062893,..,0.9375
OMNrl2003,Oman,OMN,Middle East & North Africa,High income,2003,rl,7,0.5168513,0.1976774,0.19266039999999998,0.8410422,65.8600848,3.4021667,60.280531399999994,71.43963819999999,..,..,..,..,..,..,..,..,..,0.6,..,..,..,..,0.7523148,..,..,0.5,..,0.5,..,..,..,..,..,..,..,0.9166667,..,..,0.407,..,..,..,0.75
PAKrl2003,Pakistan,PAK,South Asia,Lower middle income,2003,rl,9,-1.0085098,0.1819453,-1.3069001,-0.7101195,39.6075474,3.1314067,34.4720405,44.7430544,..,..,..,..,..,..,0.25,0.289966,..,0.325,..,..,..,..,0.3465564,..,..,0.3,..,0,..,..,..,..,..,..,..,0.5357143,..,..,0.40599999999999997,..,..,..,0.375
PANrl2003,Panama,PAN,Latin America & Caribbean,High income,2003,rl,8,-0.08707759999999999,0.19591619999999998,-0.40838019999999997,0.234225,55.4660436,3.3718559,49.9361999,60.995887399999994,..,..,..,..,..,..,..,..,..,0.6,..,..,..,..,0.46096159999999997,..,..,0.3,..,0.5,..,..,..,0.42666669999999995,..,..,..,0.6785713999999999,..,..,0.724,..,..,..,0.5
PERrl2003,Peru,PER,Latin America & Caribbean,Upper middle income,2003,rl,9,-0.5205074,0.18740369999999998,-0.8278495,-0.2131653,48.006412,3.2253498,42.7168383,53.295985599999995,..,..,..,..,..,..,0.5,..,..,0.39999999999999997,..,..,..,..,0.34310989999999997,..,..,0.3,..,0.5,..,..,..,0.3333333,..,..,..,0.6785713999999999,..,..,0.8039999999999999,..,..,..,0.4375
PHLrl2003,Philippines,PHL,East Asia & Pacific,Lower middle income,2003,rl,10,-0.5644443,0.1793864,-0.858638,-0.2702506,47.250226999999995,3.0873662,42.1869465,52.3135075,..,..,..,0.5103643999999999,..,..,0.5,..,..,0.425,..,..,..,..,0.36429,..,..,0.3,..,0.5,..,..,..,..,..,..,..,0.5238094999999999,..,..,0.697,..,0.37551019999999996,..,0.4375
PLWrl2003,Palau,PLW,East Asia & Pacific,High income,2003,rl,1,0.8778703999999999,0.6633167,-0.209969,1.9657098,72.0734774,11.416146999999999,53.3509962,90.7959585,..,..,..,..,..,..,..,..,..,..,..,..,..,..,..,..,..,..,..,1,..,..,..,..,..,..,..,..,..,..,..,..,..,..,..
PNGrl2003,Papua New Guinea,PNG,East Asia & Pacific,Lower middle income,2003,rl,7,-0.6318047999999999,0.1981884,-0.9568338,-0.3067758,46.0909054,3.410962,40.4969277,51.6848831,..,..,..,..,..,..,0.5,..,..,0.25,..,..,..,..,..,..,..,0.5,..,1,..,..,..,..,..,..,..,0.5238094999999999,..,..,0.737,..,..,..,0.25
POLrl2003,Poland,POL,Europe & Central Asia,High income,2003,rl,11,0.424154,0.1742782,0.13833779999999998,0.7099702,64.264699,2.9994498999999997,59.3456012,69.18379689999999,..,..,..,..,..,0.4172219,1,..,..,0.7,..,..,0.0833333,..,0.47117519999999996,..,..,0.5,..,1,..,..,..,..,..,..,..,0.8333332999999999,..,..,0.9299999999999999,..,0.3446442,..,0.75
PRIrl2003,Puerto Rico (U.S.),PRI,Latin America & Caribbean,High income,2003,rl,1,0.5381804,0.4850462,-0.2572954,1.3336561999999998,66.2271736,8.3479866,52.536475599999996,79.9178716,..,..,..,..,..,..,..,..,..,..,..,..,..,..,..,..,..,..,..,..,..,..,..,..,..,..,..,..,..,..,..,..,..,..,0.75
PRKrl2003,"Korea, Dem. People's Rep.",PRK,East Asia & Pacific,Low income,2003,rl,6,-1.362989,0.2498608,-1.7727606999999999,-0.9532172999999999,33.5067111,4.30028,26.4542519,40.5591702,..,..,..,..,..,..,0,..,..,..,..,..,..,..,..,..,..,0.09999999999999999,..,0,..,..,..,..,..,..,..,0.6309524,..,..,0.033,..,..,..,0.5
PRTrl2003,Portugal,PRT,Europe & Central Asia,High income,2003,rl,9,1.2560475,0.1802991,0.9603569999999999,1.5517379999999998,78.58217119999999,3.1030740999999997,73.49312979999999,83.6712127,..,..,..,..,..,..,..,..,..,0.85,..,0.5645,..,..,0.7390722,..,..,0.7,..,1,..,..,..,..,..,..,..,0.9166667,..,..,0.95,..,0.5384099999999999,..,0.9375
PRYrl2003,Paraguay,PRY,Latin America & Caribbean,Upper middle income,2003,rl,9,-1.1082703999999999,0.18740369999999998,-1.4156125,-0.8009282999999999,37.890597299999996,3.2253498,32.6010236,43.180171,..,..,..,..,..,..,0.25,..,..,0.22499999999999998,..,..,..,..,0.22997199999999998,..,..,0.3,..,0.5,..,..,..,0.3466667,..,..,..,0.5238094999999999,..,..,0.6809999999999999,..,..,..,0.3125
PSErl2003,West Bank and Gaza,PSE,Middle East & North Africa,Lower middle income,2003,rl,2,-0.3007948,0.427517,-1.0019227,0.4003331,51.7878203,7.3578684,39.7209161,63.8547246,..,..,..,..,..,..,..,..,..,..,..,..,..,..,..,..,..,..,..,..,..,..,..,..,..,..,..,..,..,..,0.503,..,..,..,0.5625
QATrl2003,Qatar,QAT,Middle East & North Africa,High income,2003,rl,7,0.5495620999999999,0.1976774,0.2253712,0.873753,66.4230606,3.4021667,60.8435072,72.002614,..,..,..,..,..,..,..,..,..,0.625,..,..,..,..,0.8121651999999999,..,..,0.5,..,0.5,..,..,..,..,..,..,..,0.8452381,..,..,0.377,..,..,..,0.75
ROUrl2003,Romania,ROU,Europe & Central Asia,High income,2003,rl,11,-0.2815822,0.1742782,-0.5673984,0.004234,52.118482699999994,2.9994498999999997,47.1993849,57.0375805,..,..,..,..,..,0.4647516,0.5,..,..,0.475,..,..,0.5416667,..,0.3715404,..,..,0.3,..,0.5,..,..,..,..,..,..,..,0.7619047999999999,..,..,0.6799999999999999,..,0.33861959999999997,..,0.625
RUSrl2003,Russian Federation,RUS,Europe & Central Asia,High income,2003,rl,11,-0.9665693,0.1742782,-1.2523855,-0.6807531,40.329372899999996,2.9994498999999997,35.4102751,45.2484708,..,..,..,..,..,0.4469473,0.25,..,..,0.25,..,..,0.625,..,0.3160303,..,..,0.3,..,0.5,..,..,..,..,..,..,..,0.6190475999999999,..,..,0.351,..,0.2737425,..,0.3125
RWArl2003,Rwanda,RWA,Sub-Saharan Africa,Low income,2003,rl,5,-1.01647,0.2705613,-1.4601905,-0.5727495,39.4705468,4.6565499,31.833804899999997,47.1072887,..,..,..,..,..,..,0.25,..,..,..,..,..,..,..,..,..,..,0.3,..,0.5,..,..,..,..,..,..,..,..,..,..,0.358,..,..,..,0.3125
SAUrl2003,Saudi Arabia,SAU,Middle East & North Africa,High income,2003,rl,8,-0.10807639999999999,0.18894339999999998,-0.41794359999999997,0.2017908,55.1046395,3.2518491,49.7716071,60.437672,..,..,..,..,..,..,0,..,..,0.5,..,..,..,..,0.6202614,..,..,0.5,..,0.5,..,..,..,..,..,..,..,0.8452381,..,..,0.152,..,..,..,0.6875
SDNrl2003,Sudan,SDN,Sub-Saharan Africa,Low income,2003,rl,6,-1.5683745999999998,0.21825599999999998,-1.9263143999999999,-1.2104348,29.971880499999997,3.7563388,23.8114848,36.1322762,..,..,..,..,..,..,0.25,..,..,0.09999999999999999,..,..,..,..,..,..,..,..,..,0,..,..,..,..,..,..,..,0.4940476,..,..,0.072,..,..,..,0.3125
SENrl2003,Senegal,SEN,Sub-Saharan Africa,Lower middle income,2003,rl,9,-0.1818951,0.1878898,-0.4900344,0.1262442,53.834167799999996,3.2337159,48.5308737,59.1374619,..,0.816,..,..,..,..,0.5,..,..,0.475,..,..,..,..,0.4407933,..,..,0.5,..,0.5,..,..,..,..,..,..,..,0.5357143,..,..,0.749,..,..,..,0.5625
SGPrl2003,Singapore,SGP,East Asia & Pacific,High income,2003,rl,9,1.4774890999999999,0.1793891,1.1832909999999999,1.7716872,82.3933369,3.0874123,77.3299807,87.4566931,..,..,..,..,..,..,0.5,..,..,0.9249999999999999,..,..,..,..,0.8706621,..,..,0.8999999999999999,..,0.5,..,..,..,..,..,..,..,0.9166667,..,..,0.701,..,0.8584134999999999,..,0.875
SLBrl2003,Solomon Islands,SLB,East Asia & Pacific,Lower middle income,2003,rl,2,0.7597623,0.5350058999999999,-0.1176474,1.6371719999999998,70.0407539,9.207828,54.939915899999995,85.1415919,..,..,..,..,..,..,..,..,..,..,..,..,..,..,..,..,..,..,..,1,..,..,..,..,..,..,..,..,..,..,0.725,..,..,..,..
SLErl2003,Sierra Leone,SLE,Sub-Saharan Africa,Low income,2003,rl,7,-1.1649922,0.2343132,-1.5492658,-0.7807185999999999,36.914375299999996,4.0326945,30.300756399999997,43.527994199999995,..,..,..,..,..,..,0,0.537415,..,..,..,..,..,..,..,..,..,0.09999999999999999,..,0.5,..,..,..,..,..,..,..,0.5357143,..,..,0.587,..,..,..,0.3125
SLVrl2003,El Salvador,SLV,Latin America & Caribbean,Upper middle income,2003,rl,9,-0.6786222,0.18740369999999998,-0.9859642999999999,-0.3712801,45.285145,3.2253498,39.9955713,50.5747187,..,..,..,..,..,..,0.5,..,..,0.3,..,..,..,..,0.43205269999999996,..,..,0.5,..,0.5,..,..,..,0.37,..,..,..,0.35119049999999996,..,..,0.5469999999999999,..,..,..,0.4375
SMRrl2003,San Marino,SMR,Europe & Central Asia,High income,2003,rl,1,0.8778703999999999,0.6633167,-0.209969,1.9657098,72.0734774,11.416146999999999,53.3509962,90.7959585,..,..,..,..,..,..,..,..,..,..,..,..,..,..,..,..,..,..,..,1,..,..,..,..,..,..,..,..,..,..,..,..,..,..,..
SOMrl2003,Federal Republic of Somalia,SOM,Sub-Saharan Africa,Low income,2003,rl,4,-2.5080384,0.3123595,-3.020308,-1.9957688,13.7996056,5.3759269,4.9830855,22.616125699999998,..,..,..,..,..,..,0,..,..,..,..,..,..,..,..,..,..,..,..,..,..,..,..,..,..,..,..,0.1666667,..,..,0.045,..,..,..,0.125
SRBrl2003,Serbia,SRB,Europe & Central Asia,Upper middle income,2003,rl,10,-0.877199,0.1829991,-1.1773175,-0.5770805,41.8674987,3.149543,36.7022482,47.0327491,..,..,..,..,..,0.4998814,0.5,..,..,0.09999999999999999,..,..,0.5416667,..,0.4162122,..,..,0.3,..,0.5,..,..,..,..,..,..,..,0.6488094999999999,..,..,0.814,..,..,..,0.375
STPrl2003,São Tomé and Príncipe,STP,Sub-Saharan Africa,Lower middle income,2003,rl,3,-0.1676551,0.38423219999999997,-0.7977959,0.4624857,54.079248199999995,6.6129063,43.2340818,64.9244145,..,..,..,..,..,..,..,..,..,..,..,..,..,..,..,..,..,..,..,0.5,..,..,..,..,..,..,..,..,..,..,0.7829999999999999,..,..,..,0.5
SURrl2003,Suriname,SUR,Latin America & Caribbean,Upper middle income,2003,rl,5,-0.1425815,0.2711907,-0.5873342,0.3021712,54.5107825,4.6673822,46.8562757,62.1652893,..,..,..,..,..,..,..,..,..,..,..,..,..,..,..,..,..,0.5,..,0.5,..,..,..,..,..,..,..,0.46428569999999997,..,..,0.852,..,..,..,0.5625
SVKrl2003,Slovak Republic,SVK,Europe & Central Asia,High income,2003,rl,11,0.3264894,0.1742782,0.0406732,0.6123056,62.5838226,2.9994498999999997,57.664724799999995,67.5029204,..,..,..,..,..,0.445611,1,..,..,0.6,..,..,0.1666667,..,0.5041841,..,..,0.5,..,0.5,..,..,..,..,..,..,..,0.8333332999999999,..,..,0.885,..,0.45258129999999996,..,0.75
SVNrl2003,Slovenia,SVN,Europe & Central Asia,High income,2003,rl,11,0.8221717,0.1742782,0.5363555,1.1079879,71.11486359999999,2.9994498999999997,66.1957658,76.0339614,..,..,..,..,..,0.53218,1,..,..,0.7999999999999999,..,..,0.125,..,0.6426995,..,..,0.5,..,1,..,..,..,..,..,..,..,0.875,..,..,0.8949999999999999,..,0.5164835,..,0.875
SWErl2003,Sweden,SWE,Europe & Central Asia,High income,2003,rl,9,1.9192443,0.1802991,1.6235537999999998,2.2149348,89.9962546,3.1030740999999997,84.90721309999999,95.0852961,..,..,..,..,..,..,..,..,..,1,..,0.6719999999999999,..,..,0.8392856999999999,..,..,0.8999999999999999,..,1,..,..,..,..,..,..,..,1,..,..,0.974,..,0.8124482,..,1
SWZrl2003,Eswatini,SWZ,Sub-Saharan Africa,Lower middle income,2003,rl,4,-0.47656089999999995,0.2982756,-0.9657329,0.0126111,48.762762099999996,5.133533,40.343768,57.181756299999996,..,..,..,..,..,..,..,..,..,..,..,..,..,..,..,..,..,0.5,..,0.5,..,..,..,..,..,..,..,..,..,..,0.316,..,..,..,0.375
SYCrl2003,Seychelles,SYC,Sub-Saharan Africa,High income,2003,rl,3,0.5437377999999999,0.38423219999999997,-0.086403,1.1738785999999999,66.3228203,6.6129063,55.477653999999994,77.1679867,..,..,..,..,..,..,..,..,..,..,..,..,..,..,..,..,..,..,..,0.5,..,..,..,..,..,..,..,..,..,..,0.6829999999999999,..,..,..,0.8125
SYRrl2003,Syrian Arab Republic,SYR,Middle East & North Africa,Low income,2003,rl,7,-0.7801104,0.1981884,-1.1051393999999999,-0.45508139999999997,43.5384617,3.410962,37.9444841,49.132439399999996,..,..,..,..,..,..,0,..,..,0.35,..,..,..,..,..,..,..,0.3,..,0.5,..,..,..,..,..,..,..,0.6309524,..,..,0.13999999999999999,..,..,..,0.5625
TCDrl2003,Chad,TCD,Sub-Saharan Africa,Low income,2003,rl,6,-1.4535722,0.24835269999999998,-1.8608706,-1.0462738,31.9477105,4.2743243,24.9378186,38.9576024,..,..,..,..,..,..,0.25,..,..,..,..,..,..,..,0.2518006,..,..,0.3,..,0,..,..,..,..,..,..,..,..,..,..,0.19699999999999998,..,..,..,0.25
TGOrl2003,Togo,TGO,Sub-Saharan Africa,Low income,2003,rl,6,-1.1911224999999999,0.2498608,-1.6008942,-0.7813508,36.4646544,4.30028,29.412195299999997,43.517113599999995,..,..,..,..,..,..,0,..,..,..,..,..,..,..,..,..,..,0.3,..,0,..,..,..,..,..,..,..,0.5357143,..,..,0.411,..,..,..,0.375
THArl2003,Thailand,THA,East Asia & Pacific,Upper middle income,2003,rl,10,-0.0029901,0.1793864,-0.2971838,0.2912036,56.9132487,3.0873660999999997,51.8499682,61.9765291,..,..,..,0.3979178,..,..,0.5,..,..,0.425,..,..,..,..,0.6687913,..,..,0.5,..,0.5,..,..,..,..,..,..,..,0.5654762,..,..,0.689,..,0.5412429,..,0.6875
TJKrl2003,Tajikistan,TJK,Europe & Central Asia,Lower middle income,2003,rl,7,-0.8949556,0.2539192,-1.3113831,-0.47852809999999996,41.5618951,4.3701281,34.3948849,48.7289052,..,..,..,..,..,0.5151395,0.25,..,..,..,..,..,0.7916667,..,..,..,..,0.3,..,0,..,..,..,..,..,..,..,..,..,..,0.19499999999999998,..,..,..,0.375
TKMrl2003,Turkmenistan,TKM,Europe & Central Asia,Upper middle income,2003,rl,6,-1.0073946,0.2540613,-1.4240551,-0.5907340999999999,39.6267408,4.3725733,32.4557206,46.797761099999995,..,..,..,..,..,..,0,..,..,..,..,..,1,..,..,..,..,0.3,..,0,..,..,..,..,..,..,..,..,..,..,0.039,..,..,..,0.375
TLSrl2003,Timor-Leste,TLS,East Asia & Pacific,Lower middle income,2003,rl,4,-0.0206018,0.33389579999999996,-0.5681908999999999,0.5269872999999999,56.610138899999995,5.7465814,47.185745399999995,66.0345325,..,..,..,..,..,..,..,0.6794218,..,..,..,..,..,..,..,..,..,..,..,1,..,..,..,..,..,..,..,..,..,..,0.6869999999999999,..,..,..,0.375
TONrl2003,Tonga,TON,East Asia & Pacific,Upper middle income,2003,rl,1,-0.046618599999999996,0.6633167,-1.134458,1.0412208,56.1623715,11.4161471,37.4398903,74.8848527,..,..,..,..,..,..,..,..,..,..,..,..,..,..,..,..,..,..,..,0.5,..,..,..,..,..,..,..,..,..,..,..,..,..,..,..
TTOrl2003,Trinidad and Tobago,TTO,Latin America & Caribbean,High income,2003,rl,7,0.2751232,0.1976774,-0.0490677,0.5993141,61.6997742,3.4021667,56.1202208,67.2793275,..,..,..,..,..,..,..,..,..,0.525,..,..,..,..,0.4843648,..,..,0.7,..,1,..,..,..,..,..,..,..,0.5952381,..,..,0.839,..,..,..,0.625
TUNrl2003,Tunisia,TUN,Middle East & North Africa,Lower middle income,2003,rl,8,-0.3720485,0.18894339999999998,-0.6819157,-0.062181299999999995,50.561493999999996,3.2518491,45.228461599999996,55.8945265,..,..,..,..,..,..,0,..,..,0.35,..,..,..,..,0.7364814,..,..,0.5,..,0,..,..,..,..,..,..,..,0.7738094999999999,..,..,0.26999999999999996,..,..,..,0.625
TURrl2003,Türkiye,TUR,Europe & Central Asia,Upper middle income,2003,rl,10,-0.012482799999999999,0.179339,-0.3065988,0.2816332,56.749872599999996,3.0865506999999996,51.687929399999994,61.8118158,..,..,..,..,..,0.5539689999999999,0.5,..,..,0.475,..,..,..,..,0.5067351999999999,..,..,0.5,..,0.5,..,..,..,..,..,..,..,0.7321428999999999,..,..,0.75,..,0.47715029999999997,..,0.625
TUVrl2003,Tuvalu,TUV,East Asia & Pacific,Upper middle income,2003,rl,1,0.8778703999999999,0.6633167,-0.209969,1.9657098,72.0734774,11.416146999999999,53.3509962,90.7959585,..,..,..,..,..,..,..,..,..,..,..,..,..,..,..,..,..,..,..,1,..,..,..,..,..,..,..,..,..,..,..,..,..,..,..
TWNrl2003,"Taiwan, China",TWN,East Asia & Pacific,High income,2003,rl,10,0.8890074,0.1793864,0.5948137,1.1832011,72.265153,3.0873662,67.2018725,77.3284335,..,..,..,0.5119341,..,..,0.75,..,..,0.7749999999999999,..,..,..,..,0.7072326999999999,..,..,0.7,..,0.5,..,..,..,..,..,..,..,0.7619047999999999,..,..,0.872,..,0.6139411,..,0.75
TZArl2003,Tanzania,TZA,Sub-Saharan Africa,Lower middle income,2003,rl,9,-0.4440572,0.1878898,-0.7521964999999999,-0.13591789999999998,49.3221737,3.2337159,44.0188796,54.625467699999994,..,0.7462,..,..,..,..,0.5,..,..,0.325,..,..,..,..,0.5096111,..,..,0.3,..,0.5,..,..,..,..,..,..,..,0.7023809999999999,..,..,0.7929999999999999,..,..,..,0.5
UGArl2003,Uganda,UGA,Sub-Saharan Africa,Low income,2003,rl,10,-0.7076237999999999,0.181004,-1.0044704,-0.4107772,44.7860071,3.1152066,39.677068299999995,49.894945899999996,..,0.7395999999999999,..,..,..,..,0.25,0.582483,..,0.125,..,..,..,..,0.4131991,..,..,0.5,..,0.5,..,..,..,..,..,..,..,0.6904762,..,..,0.62,..,..,..,0.5
UKRrl2003,Ukraine,UKR,Europe & Central Asia,Upper middle income,2003,rl,10,-0.8302183,0.1829991,-1.1303368,-0.5300998,42.6760695,3.149543,37.5108191,47.841319999999996,..,..,..,..,..,0.45427579999999995,0.5,..,..,0.22499999999999998,..,..,0.625,..,0.2961754,..,..,0.3,..,0.5,..,..,..,..,..,..,..,0.6904762,..,..,0.5579999999999999,..,..,..,0.3125
URYrl2003,Uruguay,URY,Latin America & Caribbean,High income,2003,rl,9,0.670586,0.18740369999999998,0.3632439,0.9779281,68.50596709999999,3.2253498,63.216393399999994,73.7955408,..,..,..,..,..,..,1,..,..,0.6,..,..,..,..,0.6029888999999999,..,..,0.7,..,1,..,..,..,0.5366666999999999,..,..,..,0.6369047999999999,..,..,0.9069999999999999,..,..,..,0.6875
USArl2003,United States,USA,North America,High income,2003,rl,8,1.5943195,0.1868126,1.2879467999999998,1.9006922,84.4040703,3.2151766,79.1311806,89.6769599,..,..,..,..,..,..,..,..,..,0.875,..,..,..,..,0.8129122999999999,..,..,0.8999999999999999,..,1,..,..,..,..,..,..,..,0.9166667,..,..,0.9369999999999999,..,0.7542483999999999,..,0.875
UZBrl2003,Uzbekistan,UZB,Europe & Central Asia,Lower middle income,2003,rl,8,-1.1640736,0.2001955,-1.4923942,-0.835753,36.930185,3.4455052,31.2795566,42.5808135,..,..,..,..,..,0.5982872,0,..,..,0.175,..,..,0.9166667,..,..,..,..,0.3,..,0.5,..,..,..,..,..,..,..,..,..,..,0.079,..,..,..,0.25
VCTrl2003,St. Vincent and the Grenadines,VCT,Latin America & Caribbean,Upper middle income,2003,rl,1,0.8778703999999999,0.6633167,-0.209969,1.9657098,72.0734774,11.416146999999999,53.3509962,90.7959585,..,..,..,..,..,..,..,..,..,..,..,..,..,..,..,..,..,..,..,1,..,..,..,..,..,..,..,..,..,..,..,..,..,..,..
VENrl2003,"Venezuela, RB",VEN,Latin America & Caribbean,,2003,rl,11,-1.3475777,0.17217549999999998,-1.6299454999999998,-1.0652099,33.7719504,2.9632612,28.912201999999997,38.631698799999995,..,..,..,..,..,..,0.25,0.4591837,..,0.22499999999999998,..,..,..,..,0.20993479999999998,..,..,0.3,..,0,..,..,..,0.32999999999999996,..,..,..,0.29761899999999997,..,..,0.39899999999999997,..,0.18439719999999998,..,0.3125
VNMrl2003,Viet Nam,VNM,East Asia & Pacific,Lower middle income,2003,rl,9,-0.8325906,0.1819453,-1.1309809,-0.5342003,42.635240599999996,3.1314066,37.4997337,47.7707475,..,..,..,..,..,..,0,0.33758499999999997,..,0.425,..,..,..,..,0.5353214,..,..,0.09999999999999999,..,0,..,..,..,..,..,..,..,0.6190475999999999,..,..,0.297,..,..,..,0.5625
VUTrl2003,Vanuatu,VUT,East Asia & Pacific,Lower middle income,2003,rl,2,0.9497066,0.5350058999999999,0.0722969,1.8271163,73.3098289,9.207828,58.208990899999996,88.4106669,..,..,..,..,..,..,..,..,..,..,..,..,..,..,..,..,..,..,..,1,..,..,..,..,..,..,..,..,..,..,0.835,..,..,..,..
WSMrl2003,Samoa,WSM,East Asia & Pacific,Upper middle income,2003,rl,3,0.7214157999999999,0.3159268,0.2032958,1.2395357999999999,69.3807837,5.4373229,60.463574099999995,78.2979933,..,..,..,..,..,..,..,..,..,..,..,..,..,..,..,..,..,0.5,..,1,..,..,..,..,..,..,..,..,..,..,..,..,..,..,0.875
