ID variable (economy code/ gov. dimension/ year),Economy (name),Economy (code),Region,Income classification,Year,Governance dimension,Number of sources,Governance estimate (approx. -2.5 to +2.5),Standard error (estimate),Lower threshold (90% conf. int. estimate),Upper threshold (90% conf. int. estimate),Governance score (0-100),Standard error (gov. score),Lower threshold (90% conf. int. score),Upper threshold (90% conf. int. score),ADB mean,AFR mean,ARB mean,ASB mean,ASD mean,BPS mean,BTI mean,CCR mean,EBR mean,EIU mean,EQI mean,EUB mean,FRH mean,GCB mean,GCS mean,GII mean,GWP mean,HER mean,HRM mean,HUM mean,IFD mean,IJT mean,IRP mean,LBO mean,MSI mean,OBI mean,PIA mean,PRS mean,RSF mean,VAB mean,VDM mean,WBS mean,WCY mean,WJP mean,WMO mean
ADOrq1996,Andorra,ADO,,,1996,rq,1,1.4172329,0.48491779999999995,0.6219677,2.2124981,77.2145681,7.6478427,64.6721061,89.7570301,..,..,..,..,..,..,..,..,..,..,..,..,..,..,..,..,..,..,..,..,..,..,..,..,..,..,..,..,..,..,..,..,..,..,0.9166667
AFGrq1996,Afghanistan,AFG,South Asia,Low income,1996,rq,1,-2.4898792,0.48491779999999995,-3.2851443999999996,-1.6946139999999998,15.5938597,7.6478427,3.0513977,28.1363217,..,..,..,..,..,..,..,..,..,..,..,..,..,..,..,..,..,..,..,..,..,..,..,..,..,..,..,..,..,..,..,..,..,..,0
AGOrq1996,Angola,AGO,Sub-Saharan Africa,Lower middle income,1996,rq,4,-1.6547732,0.2792826,-2.1127967,-1.1967497,28.7646677,4.4046837,21.540986399999998,35.988349,..,..,..,..,..,..,..,..,..,0.1428571,..,..,..,..,..,..,..,0.3,..,..,..,..,..,..,..,..,..,0.2727273,..,..,..,..,..,..,0.25
ALBrq1996,Albania,ALB,Europe & Central Asia,Upper middle income,1996,rq,4,-0.7899984,0.3066326,-1.2928758999999999,-0.2871209,42.4033948,4.8360321,34.4723022,50.3344874,..,..,..,..,..,..,..,..,0.4725,..,..,..,..,..,..,..,..,0.5,..,..,..,..,..,..,..,..,..,0.4545455,..,..,..,..,..,..,0.375
ARErq1996,United Arab Emirates,ARE,Middle East & North Africa,High income,1996,rq,4,0.47337419999999997,0.2792826,0.0153507,0.9313977,62.3285755,4.4046837,55.1048942,69.5522568,..,..,..,..,..,..,..,..,..,0.7142856999999999,..,..,..,..,..,..,..,0.39999999999999997,..,..,..,..,..,..,..,..,..,0.5454545,..,..,..,..,..,..,0.75
ARGrq1996,Argentina,ARG,Latin America & Caribbean,Upper middle income,1996,rq,6,0.235173,0.24054029999999998,-0.15931309999999999,0.6296590999999999,58.571804199999995,3.7936623,52.350198,64.7934104,..,..,..,..,..,..,..,..,..,0.6071428999999999,..,..,..,..,0.45999999999999996,..,..,0.7,..,..,..,..,..,..,..,..,..,0.4545455,..,..,..,..,0.5062778,..,0.625
ARMrq1996,Armenia,ARM,Europe & Central Asia,Upper middle income,1996,rq,3,-0.7676027999999999,0.3384282,-1.322625,-0.21258059999999998,42.756605199999996,5.337492999999999,34.0031167,51.5100938,..,..,..,..,..,..,..,..,0.4166667,..,..,..,..,..,..,..,..,0.39999999999999997,..,..,..,..,..,..,..,..,..,..,..,..,..,..,..,..,0.4583333
ATGrq1996,Antigua and Barbuda,ATG,Latin America & Caribbean,High income,1996,rq,1,0.5292526,0.48491779999999995,-0.2660126,1.3245178,63.209857299999996,7.6478427,50.667395299999995,75.7523192,..,..,..,..,..,..,..,..,..,..,..,..,..,..,..,..,..,..,..,..,..,..,..,..,..,..,..,..,..,..,..,..,..,..,0.7083332999999999
AUSrq1996,Australia,AUS,East Asia & Pacific,High income,1996,rq,6,0.9279464,0.24054029999999998,0.5334603,1.3224325,69.4978249,3.7936623,63.276218699999994,75.7194311,..,..,..,..,..,..,..,..,..,0.7142856999999999,..,..,..,..,0.4608333,..,..,0.7999999999999999,..,..,..,..,..,..,..,..,..,0.4545455,..,..,..,..,0.5706110999999999,..,1
AUTrq1996,Austria,AUT,Europe & Central Asia,High income,1996,rq,6,1.3555332,0.24054029999999998,0.9610470999999999,1.7500193,76.2414762,3.7936623,70.0198699,82.46308239999999,..,..,..,..,..,..,..,..,..,0.8214286,..,..,..,..,0.5808333,..,..,0.7999999999999999,..,..,..,..,..,..,..,..,..,0.6363635999999999,..,..,..,..,0.5962444,..,1
AZErq1996,Azerbaijan,AZE,Europe & Central Asia,Upper middle income,1996,rq,4,-1.2749156,0.2695171,-1.7169235999999999,-0.8329076,34.7555617,4.250667099999999,27.7844676,41.726655799999996,..,..,..,..,..,..,..,..,0.3333333,0.3214286,..,..,..,..,..,..,..,0.19999999999999998,..,..,..,..,..,..,..,..,..,..,..,..,..,..,..,..,0.2916667
BDIrq1996,Burundi,BDI,Sub-Saharan Africa,Low income,1996,rq,2,-1.7948294999999999,0.4123728,-2.4711209,-1.1185380999999999,26.5557809,6.503705,15.8897047,37.221857,..,..,..,..,..,..,..,..,..,..,..,..,..,..,..,..,..,0.3,..,..,..,..,..,..,..,..,..,..,..,..,..,..,..,..,0.125
BELrq1996,Belgium,BEL,Europe & Central Asia,High income,1996,rq,6,1.0682539,0.24054029999999998,0.6737677999999999,1.46274,71.7106735,3.7936623,65.4890673,77.9322797,..,..,..,..,..,..,..,..,..,0.8214286,..,..,..,..,0.5008332999999999,..,..,0.7,..,..,..,..,..,..,..,..,..,0.6363635999999999,..,..,..,..,0.5525222,..,0.9166667
BENrq1996,Benin,BEN,Sub-Saharan Africa,Lower middle income,1996,rq,2,-0.2724722,0.4123728,-0.9487635999999999,0.4038192,50.5655182,6.5037049,39.8994421,61.2315943,..,..,..,..,..,..,..,..,..,..,..,..,..,..,..,..,..,0.5,..,..,..,..,..,..,..,..,..,..,..,..,..,..,..,..,0.5
BFArq1996,Burkina Faso,BFA,Sub-Saharan Africa,Low income,1996,rq,3,-0.6527381999999999,0.35839879999999996,-1.2405122,-0.0649642,44.5681832,5.6524579,35.2981522,53.838214099999995,..,..,..,..,..,..,..,..,..,..,..,..,..,..,..,..,..,0.5,..,..,..,..,..,..,..,..,..,0.5454545,..,..,..,..,..,..,0.375
BGDrq1996,Bangladesh,BGD,South Asia,Lower middle income,1996,rq,4,-1.1594086,0.2792826,-1.6174320999999998,-0.7013851,36.5772712,4.4046837,29.3535899,43.8009524,..,..,..,..,..,..,..,..,..,0.1785714,..,..,..,..,..,..,..,0.5,..,..,..,..,..,..,..,..,..,0.36363639999999997,..,..,..,..,..,..,0.375
BGRrq1996,Bulgaria,BGR,Europe & Central Asia,High income,1996,rq,5,-0.5183842,0.2526091,-0.9326631,-0.1041053,46.687136599999995,3.9840041,40.1533698,53.2209034,..,..,..,..,..,..,..,..,0.4166667,0.46428569999999997,..,..,..,..,..,..,..,0.5,..,..,..,..,..,..,..,..,..,0.36363639999999997,..,..,..,..,..,..,0.5416667
BHRrq1996,Bahrain,BHR,Middle East & North Africa,High income,1996,rq,4,0.26813709999999996,0.2792826,-0.18988639999999998,0.7261605999999999,59.0916949,4.4046837,51.8680136,66.3153761,..,..,..,..,..,..,..,..,..,0.5,..,..,..,..,..,..,..,0.6,..,..,..,..,..,..,..,..,..,0.4545455,..,..,..,..,..,..,0.8333332999999999
BHSrq1996,"Bahamas, The",BHS,Latin America & Caribbean,High income,1996,rq,3,0.5528088,0.35839879999999996,-0.0349652,1.1405828,63.581371999999995,5.6524579,54.311341,72.85140299999999,..,..,..,..,..,..,..,..,..,..,..,..,..,..,..,..,..,0.6,..,..,..,..,..,..,..,..,..,0.5454545,..,..,..,..,..,..,0.8333332999999999
BIHrq1996,Bosnia and Herzegovina,BIH,Europe & Central Asia,Upper middle income,1996,rq,3,-1.3275195,0.28702069999999996,-1.7982334,-0.8568056,33.925923399999995,4.5267238,26.5020965,41.3497504,..,..,..,..,..,..,..,..,0.0833333,0.4285714,..,..,..,..,..,..,..,..,..,..,..,..,..,..,..,..,..,..,..,..,..,..,..,..,0.2916667
BLRrq1996,Belarus,BLR,Europe & Central Asia,Upper middle income,1996,rq,3,-1.1986191,0.3384282,-1.7536413,-0.6435968999999999,35.9588659,5.337492999999999,27.2053773,44.712354399999995,..,..,..,..,..,..,..,..,0.3333333,..,..,..,..,..,..,..,..,0.39999999999999997,..,..,..,..,..,..,..,..,..,..,..,..,..,..,..,..,0.3333333
BLZrq1996,Belize,BLZ,Latin America & Caribbean,Upper middle income,1996,rq,2,0.2960568,0.4123728,-0.3802346,0.9723482,59.5320282,6.5037049,48.8659521,70.1981043,..,..,..,..,..,..,..,..,..,..,..,..,..,..,..,..,..,0.6,..,..,..,..,..,..,..,..,..,..,..,..,..,..,..,..,0.625
BMUrq1996,Bermuda,BMU,North America,High income,1996,rq,1,1.4172329,0.48491779999999995,0.6219677,2.2124981,77.2145681,7.6478427,64.6721061,89.7570301,..,..,..,..,..,..,..,..,..,..,..,..,..,..,..,..,..,..,..,..,..,..,..,..,..,..,..,..,..,..,..,..,..,..,0.9166667
BOLrq1996,Bolivia,BOL,Latin America & Caribbean,Lower middle income,1996,rq,4,0.0406637,0.2792826,-0.4173598,0.4986872,55.5041162,4.4046837,48.280434899999996,62.727797499999994,..,..,..,..,..,..,..,..,..,0.5714286,..,..,..,..,..,..,..,0.7,..,..,..,..,..,..,..,..,..,0.5454545,..,..,..,..,..,..,0.4583333
BRArq1996,Brazil,BRA,Latin America & Caribbean,Upper middle income,1996,rq,6,-0.1070223,0.24054029999999998,-0.5015084,0.2874638,53.174898199999994,3.7936623,46.953291899999996,59.3965044,..,..,..,..,..,..,..,..,..,0.6428571,..,..,..,..,0.3883333,..,..,0.5,..,..,..,..,..,..,..,..,..,0.36363639999999997,..,..,..,..,0.4699333,..,0.5416667
BRBrq1996,Barbados,BRB,Latin America & Caribbean,High income,1996,rq,2,1.3783182999999999,0.4123728,0.7020269,2.0546097,76.6008296,6.503705,65.93475339999999,87.2669057,..,..,..,..,..,..,..,..,..,..,..,..,..,..,..,..,..,0.7,..,..,..,..,..,..,..,..,..,..,..,..,..,..,..,..,0.9166667
BRNrq1996,Brunei Darussalam,BRN,East Asia & Pacific,High income,1996,rq,2,1.2229837,0.403001,0.5620621,1.8839053,74.1509822,6.3558978999999995,63.7273097,84.57465479999999,..,..,..,..,..,..,..,..,..,..,..,..,..,..,..,..,..,..,..,..,..,..,..,..,..,..,..,0.9090908999999999,..,..,..,..,..,..,0.8333332999999999
BTNrq1996,Bhutan,BTN,South Asia,Lower middle income,1996,rq,1,-0.1811311,0.48491779999999995,-0.9763963,0.6141341,52.0060971,7.6478427,39.4636351,64.54855909999999,..,..,..,..,..,..,..,..,..,..,..,..,..,..,..,..,..,..,..,..,..,..,..,..,..,..,..,..,..,..,..,..,..,..,0.5416667
BWArq1996,Botswana,BWA,Sub-Saharan Africa,Upper middle income,1996,rq,4,0.4320019,0.2792826,-0.0260216,0.8900254,61.6760756,4.4046837,54.452394299999995,68.89975679999999,..,..,..,..,..,..,..,..,..,0.6785713999999999,..,..,..,..,..,..,..,0.6,..,..,..,..,..,..,..,..,..,0.4545455,..,..,..,..,..,..,0.7083332999999999
CAFrq1996,Central African Republic,CAF,Sub-Saharan Africa,Low income,1996,rq,1,-1.4243032,0.48491779999999995,-2.2195684,-0.629038,32.399507,7.6478427,19.857045,44.941969,..,..,..,..,..,..,..,..,..,..,..,..,..,..,..,..,..,..,..,..,..,..,..,..,..,..,..,..,..,..,..,..,..,..,0.25
CANrq1996,Canada,CAN,North America,High income,1996,rq,6,1.1846908,0.24054029999999998,0.7902047,1.5791769,73.5470488,3.7936623,67.3254426,79.768655,..,..,..,..,..,..,..,..,..,0.8928571,..,..,..,..,0.5608333,..,..,0.6,..,..,..,..,..,..,..,..,..,0.4545455,..,..,..,..,0.5925,..,1
CHErq1996,Switzerland,CHE,Europe & Central Asia,High income,1996,rq,6,1.2576178999999998,0.24054029999999998,0.8631318,1.652104,74.6972128,3.7936623,68.47560659999999,80.918819,..,..,..,..,..,..,..,..,..,0.9285713999999999,..,..,..,..,0.5491667,..,..,0.7999999999999999,..,..,..,..,..,..,..,..,..,0.36363639999999997,..,..,..,..,0.5701111,..,1
CHLrq1996,Chile,CHL,Latin America & Caribbean,High income,1996,rq,6,1.2894181,0.24054029999999998,0.894932,1.6839042,75.19874709999999,3.7936623,68.9771409,81.4203533,..,..,..,..,..,..,..,..,..,0.8571428999999999,..,..,..,..,0.55625,..,..,0.6,..,..,..,..,..,..,..,..,..,0.7272727,..,..,..,..,0.6741332999999999,..,0.875
CHNrq1996,China,CHN,East Asia & Pacific,Upper middle income,1996,rq,6,-0.3310381,0.24054029999999998,-0.7255242,0.06344799999999999,49.6418508,3.7936623,43.420244499999995,55.863457,..,..,..,..,..,..,..,..,..,0.39285709999999996,..,..,..,..,0.535,..,..,0.5,..,..,..,..,..,..,..,..,..,0.6363635999999999,..,..,..,..,0.4173444,..,0.4166667
CIVrq1996,Côte d’Ivoire,CIV,Sub-Saharan Africa,Lower middle income,1996,rq,4,-0.7691152,0.2792826,-1.2271387,-0.31109169999999997,42.7327525,4.4046837,35.509071299999995,49.9564338,..,..,..,..,..,..,..,..,..,0.3214286,..,..,..,..,..,..,..,0.5,..,..,..,..,..,..,..,..,..,0.36363639999999997,..,..,..,..,..,..,0.4583333
CMRrq1996,Cameroon,CMR,Sub-Saharan Africa,Lower middle income,1996,rq,4,-1.4580138999999999,0.2792826,-1.9160374,-0.9999904,31.8678414,4.4046837,24.6441601,39.0915226,..,..,..,..,..,..,..,..,..,0.2142857,..,..,..,..,..,..,..,0.39999999999999997,..,..,..,..,..,..,..,..,..,0.18181819999999999,..,..,..,..,..,..,0.2916667
CODrq1996,"Congo, Dem. Rep.",COD,Sub-Saharan Africa,Low income,1996,rq,3,-2.0546183,0.35839879999999996,-2.6423923,-1.4668443,22.4585424,5.6524579,13.1885114,31.7285734,..,..,..,..,..,..,..,..,..,..,..,..,..,..,..,..,..,0.3,..,..,..,..,..,..,..,..,..,0.18181819999999999,..,..,..,..,..,..,0.125
COGrq1996,"Congo, Rep.",COG,Sub-Saharan Africa,Lower middle income,1996,rq,3,-1.4920822,0.35839879999999996,-2.0798562,-0.9043082,31.330535899999997,5.6524579,22.060504899999998,40.6005669,..,..,..,..,..,..,..,..,..,..,..,..,..,..,..,..,..,0.3,..,..,..,..,..,..,..,..,..,0.36363639999999997,..,..,..,..,..,..,0.25
COLrq1996,Colombia,COL,Latin America & Caribbean,Upper middle income,1996,rq,6,-0.3002389,0.24054029999999998,-0.6947249999999999,0.09424719999999999,50.1275979,3.7936623,43.9059917,56.349204099999994,..,..,..,..,..,..,..,..,..,0.5,..,..,..,..,0.2975,..,..,0.7,..,..,..,..,..,..,..,..,..,0.4545455,..,..,..,..,0.5040778,..,0.4166667
COMrq1996,Comoros,COM,Sub-Saharan Africa,Lower middle income,1996,rq,1,-1.6018993,0.48491779999999995,-2.3971644999999997,-0.8066340999999999,29.5985642,7.6478427,17.056102199999998,42.1410262,..,..,..,..,..,..,..,..,..,..,..,..,..,..,..,..,..,..,..,..,..,..,..,..,..,..,..,..,..,..,..,..,..,..,0.2083333
CPVrq1996,Cabo Verde,CPV,Sub-Saharan Africa,Upper middle income,1996,rq,1,-0.5076558999999999,0.6264067999999999,-1.5349631,0.5196512999999999,46.8563371,9.8793256,30.6542432,63.0584311,..,..,..,..,..,..,..,..,..,..,..,..,..,..,..,..,..,0.39999999999999997,..,..,..,..,..,..,..,..,..,..,..,..,..,..,..,..,..
CRIrq1996,Costa Rica,CRI,Latin America & Caribbean,High income,1996,rq,5,0.19892569999999998,0.2637523,-0.23362809999999998,0.6314795,58.000132799999996,4.1597488,51.1781448,64.8221207,..,..,..,..,..,..,..,..,..,0.7142856999999999,..,..,..,..,0.30374999999999996,..,..,0.6,..,..,..,..,..,..,..,..,..,0.4545455,..,..,..,..,..,..,0.7083332999999999
CUBrq1996,Cuba,CUB,Latin America & Caribbean,Upper middle income,1996,rq,4,-1.3307202999999999,0.2792826,-1.7887438,-0.8726967999999999,33.875442299999996,4.4046837,26.651761,41.0991236,..,..,..,..,..,..,..,..,..,0.1785714,..,..,..,..,..,..,..,0.09999999999999999,..,..,..,..,..,..,..,..,..,0.5454545,..,..,..,..,..,..,0.375
CYMrq1996,Cayman Islands,CYM,Latin America & Caribbean,High income,1996,rq,1,1.2396368,0.48491779999999995,0.4443716,2.0349019999999998,74.41362529999999,7.6478427,61.8711633,86.9560873,..,..,..,..,..,..,..,..,..,..,..,..,..,..,..,..,..,..,..,..,..,..,..,..,..,..,..,..,..,..,..,..,..,..,0.875
CYPrq1996,Cyprus,CYP,Europe & Central Asia,High income,1996,rq,4,0.9022325,0.2792826,0.44420899999999996,1.360256,69.0922801,4.4046837,61.868598899999995,76.31596139999999,..,..,..,..,..,..,..,..,..,0.7142856999999999,..,..,..,..,..,..,..,0.7,..,..,..,..,..,..,..,..,..,0.5454545,..,..,..,..,..,..,0.875
CZErq1996,Czechia,CZE,Europe & Central Asia,High income,1996,rq,7,0.4601161,0.22286309999999998,0.0946206,0.8256116,62.119476399999996,3.5148677999999998,56.3550932,67.8838597,..,..,..,..,..,..,..,..,0.6108333,0.5357143,..,..,..,..,0.5883333,..,..,0.7999999999999999,..,..,..,..,..,..,..,..,..,0.5454545,..,..,..,..,0.5109667,..,0.75
DEUrq1996,Germany,DEU,Europe & Central Asia,High income,1996,rq,6,1.1551753,0.24054029999999998,0.7606892,1.5496614,73.08154739999999,3.7936623,66.8599412,79.3031537,..,..,..,..,..,..,..,..,..,0.8214286,..,..,..,..,0.5408333,..,..,0.7,..,..,..,..,..,..,..,..,..,0.5454545,..,..,..,..,0.5682332999999999,..,1
DJIrq1996,Djibouti,DJI,Middle East & North Africa,Lower middle income,1996,rq,2,-0.9146377,0.4123728,-1.5909290999999999,-0.23834629999999998,40.437656,6.503705,29.771579799999998,51.103732099999995,..,..,..,..,..,..,..,..,..,..,..,..,..,..,..,..,..,0.5,..,..,..,..,..,..,..,..,..,..,..,..,..,..,..,..,0.2916667
DMArq1996,Dominica,DMA,Latin America & Caribbean,Upper middle income,1996,rq,1,0.7068487999999999,0.48491779999999995,-0.08841639999999999,1.502114,66.0108016,7.6478427,53.4683396,78.5532636,..,..,..,..,..,..,..,..,..,..,..,..,..,..,..,..,..,..,..,..,..,..,..,..,..,..,..,..,..,..,..,..,..,..,0.75
DNKrq1996,Denmark,DNK,Europe & Central Asia,High income,1996,rq,6,1.5163505,0.24054029999999998,1.1218644,1.9108365999999999,78.7777934,3.7936623,72.5561872,84.9993997,..,..,..,..,..,..,..,..,..,0.9285713999999999,..,..,..,..,0.6004167,..,..,0.7,..,..,..,..,..,..,..,..,..,0.5454545,..,..,..,..,0.6821667,..,1
DOMrq1996,Dominican Republic,DOM,Latin America & Caribbean,Upper middle income,1996,rq,4,-0.5596561,0.2792826,-1.0176796,-0.10163259999999999,46.0362201,4.4046837,38.8125388,53.2599014,..,..,..,..,..,..,..,..,..,0.3571429,..,..,..,..,..,..,..,0.5,..,..,..,..,..,..,..,..,..,0.4545455,..,..,..,..,..,..,0.5
DZArq1996,Algeria,DZA,Middle East & North Africa,Upper middle income,1996,rq,4,-0.8988005,0.2792826,-1.356824,-0.440777,40.6874311,4.4046837,33.463749799999995,47.9111124,..,..,..,..,..,..,..,..,..,0.3214286,..,..,..,..,..,..,..,0.5,..,..,..,..,..,..,..,..,..,0.5454545,..,..,..,..,..,..,0.25
ECUrq1996,Ecuador,ECU,Latin America & Caribbean,Upper middle income,1996,rq,4,-0.4950283,0.2792826,-0.9530518,-0.0370048,47.0554923,4.4046837,39.831810999999995,54.2791736,..,..,..,..,..,..,..,..,..,0.46428569999999997,..,..,..,..,..,..,..,0.6,..,..,..,..,..,..,..,..,..,0.2727273,..,..,..,..,..,..,0.4583333
EGYrq1996,"Egypt, Arab Rep.",EGY,Middle East & North Africa,Lower middle income,1996,rq,5,-0.3276597,0.2637523,-0.7602135,0.10489409999999999,49.6951329,4.1597487,42.873145,56.5171208,..,..,..,..,..,..,..,..,..,0.3571429,..,..,..,..,0.6783332999999999,..,..,0.5,..,..,..,..,..,..,..,..,..,0.5454545,..,..,..,..,..,..,0.4166667
ERIrq1996,Eritrea,ERI,Sub-Saharan Africa,Low income,1996,rq,1,-1.4243032,0.48491779999999995,-2.2195684,-0.629038,32.399507,7.6478427,19.857045,44.941969,..,..,..,..,..,..,..,..,..,..,..,..,..,..,..,..,..,..,..,..,..,..,..,..,..,..,..,..,..,..,..,..,..,..,0.25
ESPrq1996,Spain,ESP,Europe & Central Asia,High income,1996,rq,6,0.8896796,0.24054029999999998,0.49519349999999995,1.2841657,68.8943031,3.7936623,62.6726969,75.1159093,..,..,..,..,..,..,..,..,..,0.75,..,..,..,..,0.6345833,..,..,0.6,..,..,..,..,..,..,..,..,..,0.5454545,..,..,..,..,0.4859111,..,0.9166667
ESTrq1996,Estonia,EST,Europe & Central Asia,High income,1996,rq,4,0.8318428,0.2695171,0.3898348,1.2738508,67.9821346,4.250667099999999,61.0110405,74.9532287,..,..,..,..,..,..,..,..,0.5,0.75,..,..,..,..,..,..,..,0.7999999999999999,..,..,..,..,..,..,..,..,..,..,..,..,..,..,..,..,0.7916667
ETHrq1996,Ethiopia,ETH,Sub-Saharan Africa,,1996,rq,4,-1.4755989999999999,0.2792826,-1.9336225,-1.0175755,31.5904994,4.4046837,24.3668181,38.8141806,..,..,..,..,..,..,..,..,..,0.1071429,..,..,..,..,..,..,..,0.3,..,..,..,..,..,..,..,..,..,0.5454545,..,..,..,..,..,..,0.25
FINrq1996,Finland,FIN,Europe & Central Asia,High income,1996,rq,6,1.2548466999999999,0.24054029999999998,0.8603605999999999,1.6493327999999998,74.65350699999999,3.7936623,68.4319008,80.8751132,..,..,..,..,..,..,..,..,..,0.8928571,..,..,..,..,0.6395833,..,..,0.6,..,..,..,..,..,..,..,..,..,0.4545455,..,..,..,..,0.586,..,1
FJIrq1996,Fiji,FJI,East Asia & Pacific,Upper middle income,1996,rq,2,-0.2724722,0.4123728,-0.9487635999999999,0.4038192,50.5655182,6.5037049,39.8994421,61.2315943,..,..,..,..,..,..,..,..,..,..,..,..,..,..,..,..,..,0.5,..,..,..,..,..,..,..,..,..,..,..,..,..,..,..,..,0.5
FRArq1996,France,FRA,Europe & Central Asia,High income,1996,rq,6,0.7197901,0.24054029999999998,0.325304,1.1142762,66.2149043,3.7936623,59.9932981,72.4365105,..,..,..,..,..,..,..,..,..,0.75,..,..,..,..,0.4775,..,..,0.5,..,..,..,..,..,..,..,..,..,0.5454545,..,..,..,..,0.5234778,..,0.9166667
GABrq1996,Gabon,GAB,Sub-Saharan Africa,Upper middle income,1996,rq,4,-0.43861239999999996,0.2792826,-0.8966358999999999,0.0194111,47.9452512,4.4046837,40.7215699,55.1689325,..,..,..,..,..,..,..,..,..,0.3571429,..,..,..,..,..,..,..,0.7,..,..,..,..,..,..,..,..,..,0.2727273,..,..,..,..,..,..,0.5833332999999999
GBRrq1996,United Kingdom,GBR,Europe & Central Asia,High income,1996,rq,6,1.73324,0.24054029999999998,1.3387539,2.1277261,82.198449,3.7936623,75.9768428,88.4200552,..,..,..,..,..,..,..,..,..,0.8928571,..,..,..,..,0.6770832999999999,..,..,0.7999999999999999,..,..,..,..,..,..,..,..,..,0.8181818,..,..,..,..,0.6404,..,1
GEOrq1996,Georgia,GEO,Europe & Central Asia,Upper middle income,1996,rq,3,-1.0271109999999999,0.3384282,-1.5821332,-0.4720888,38.6637923,5.337492999999999,29.9103037,47.4172808,..,..,..,..,..,..,..,..,0.4166667,..,..,..,..,..,..,..,..,0.39999999999999997,..,..,..,..,..,..,..,..,..,..,..,..,..,..,..,..,0.3333333
GHArq1996,Ghana,GHA,Sub-Saharan Africa,Lower middle income,1996,rq,4,-0.642087,0.2792826,-1.1001105,-0.1840635,44.736167699999996,4.4046837,37.5124864,51.959849,..,..,..,..,..,..,..,..,..,0.3571429,..,..,..,..,..,..,..,0.5,..,..,..,..,..,..,..,..,..,0.36363639999999997,..,..,..,..,..,..,0.5
GINrq1996,Guinea,GIN,Sub-Saharan Africa,Lower middle income,1996,rq,3,-0.9411217,0.35839879999999996,-1.5288956999999999,-0.3533477,40.0199657,5.6524579,30.749934699999997,49.289996699999996,..,..,..,..,..,..,..,..,..,..,..,..,..,..,..,..,..,0.6,..,..,..,..,..,..,..,..,..,0.4545455,..,..,..,..,..,..,0.25
GMBrq1996,"Gambia, The",GMB,Sub-Saharan Africa,Low income,1996,rq,3,-1.2010431,0.35839879999999996,-1.7888171,-0.6132691,35.9206359,5.6524579,26.650604899999998,45.1906669,..,..,..,..,..,..,..,..,..,..,..,..,..,..,..,..,..,0.3,..,..,..,..,..,..,..,..,..,0.36363639999999997,..,..,..,..,..,..,0.375
GNBrq1996,Guinea-Bissau,GNB,Sub-Saharan Africa,Low income,1996,rq,2,-1.3524726999999999,0.403001,-2.0133943,-0.6915511,33.532376,6.3558978999999995,23.1087035,43.956048599999995,..,..,..,..,..,..,..,..,..,..,..,..,..,..,..,..,..,..,..,..,..,..,..,..,..,..,..,0.4545455,..,..,..,..,..,..,0.25
GNQrq1996,Equatorial Guinea,GNQ,Sub-Saharan Africa,Upper middle income,1996,rq,2,-1.6785698,0.3281202,-2.2166869,-1.1404527,28.3893615,5.1749214,19.902490399999998,36.8762326,..,..,..,..,..,..,..,..,..,0.0714286,..,..,..,..,..,..,..,..,..,..,..,..,..,..,..,..,..,..,..,..,..,..,..,..,0.2916667
GRCrq1996,Greece,GRC,Europe & Central Asia,High income,1996,rq,6,0.3661329,0.24054029999999998,-0.0283532,0.7606189999999999,60.6372278,3.7936623,54.415621599999994,66.8588341,..,..,..,..,..,..,..,..,..,0.75,..,..,..,..,0.3679167,..,..,0.5,..,..,..,..,..,..,..,..,..,0.4545455,..,..,..,..,0.5172667,..,0.75
GRDrq1996,Grenada,GRD,Latin America & Caribbean,Upper middle income,1996,rq,1,0.3516569,0.48491779999999995,-0.44360829999999996,1.1469221,60.4089208,7.6478427,47.8664588,72.95138279999999,..,..,..,..,..,..,..,..,..,..,..,..,..,..,..,..,..,..,..,..,..,..,..,..,..,..,..,..,..,..,..,..,..,..,0.6666667
GTMrq1996,Guatemala,GTM,Latin America & Caribbean,Upper middle income,1996,rq,5,-0.5211481,0.2637523,-0.9537019,-0.0885943,46.643546,4.1597488,39.821557999999996,53.4655339,..,..,..,..,..,..,..,..,..,0.46428569999999997,..,..,..,..,0.25958329999999996,..,..,0.6,..,..,..,..,..,..,..,..,..,0.5454545,..,..,..,..,..,..,0.4583333
GUFrq1996,French Guiana,GUF,,,1996,rq,1,0.8844449,0.48491779999999995,0.0891797,1.6797100999999999,68.8117444,7.6478427,56.269282399999994,81.3542064,..,..,..,..,..,..,..,..,..,..,..,..,..,..,..,..,..,..,..,..,..,..,..,..,..,..,..,..,..,..,..,..,..,..,0.7916667
GUYrq1996,Guyana,GUY,Latin America & Caribbean,High income,1996,rq,3,-0.5944607,0.35839879999999996,-1.1822347,-0.006686699999999999,45.4873021,5.6524579,36.2172711,54.7573331,..,..,..,..,..,..,..,..,..,..,..,..,..,..,..,..,..,0.5,..,..,..,..,..,..,..,..,..,0.4545455,..,..,..,..,..,..,0.4583333
HKGrq1996,"Hong Kong SAR, China",HKG,East Asia & Pacific,High income,1996,rq,6,1.3707155,0.24054029999999998,0.9762293999999999,1.7652016,76.4809226,3.7936623,70.2593164,82.7025288,..,..,..,..,..,..,..,..,..,0.7857143,..,..,..,..,0.7658332999999999,..,..,0.8999999999999999,..,..,..,..,..,..,..,..,..,0.5454545,..,..,..,..,0.7371111,..,0.7083332999999999
HNDrq1996,Honduras,HND,Latin America & Caribbean,Lower middle income,1996,rq,5,-0.9910952999999999,0.2637523,-1.4236491,-0.5585415,39.231811,4.1597487,32.4098231,46.0537989,..,..,..,..,..,..,..,..,..,0.4285714,..,..,..,..,0.19125,..,..,0.5,..,..,..,..,..,..,..,..,..,0.36363639999999997,..,..,..,..,..,..,0.375
HRVrq1996,Croatia,HRV,Europe & Central Asia,High income,1996,rq,4,-0.3030773,0.2695171,-0.7450853,0.1389307,50.0828323,4.250667099999999,43.1117382,57.053926399999995,..,..,..,..,..,..,..,..,0.5,0.4285714,..,..,..,..,..,..,..,0.5,..,..,..,..,..,..,..,..,..,..,..,..,..,..,..,..,0.5416667
HTIrq1996,Haiti,HTI,Latin America & Caribbean,Lower middle income,1996,rq,3,-1.4338047999999999,0.35839879999999996,-2.0215788,-0.8460308,32.2496533,5.6524579,22.9796223,41.5196843,..,..,..,..,..,..,..,..,..,..,..,..,..,..,..,..,..,0.3,..,..,..,..,..,..,..,..,..,0.2727273,..,..,..,..,..,..,0.3333333
HUNrq1996,Hungary,HUN,Europe & Central Asia,High income,1996,rq,7,0.44384429999999997,0.22286309999999998,0.0783488,0.8093397999999999,61.862846999999995,3.5148677999999998,56.0984638,67.6272303,..,..,..,..,..,..,..,..,0.6108333,0.6428571,..,..,..,..,0.4304167,..,..,0.7,..,..,..,..,..,..,..,..,..,0.5454545,..,..,..,..,0.5486667,..,0.75
IDNrq1996,Indonesia,IDN,East Asia & Pacific,Upper middle income,1996,rq,6,-0.0665817,0.24054029999999998,-0.46106779999999997,0.3279044,53.812703899999995,3.7936623,47.5910977,60.0343101,..,..,..,..,..,..,..,..,..,0.5714286,..,..,..,..,0.4566667,..,..,0.6,..,..,..,..,..,..,..,..,..,0.6363635999999999,..,..,..,..,0.4716111,..,0.375
INDrq1996,India,IND,South Asia,Lower middle income,1996,rq,6,-0.6386341,0.24054029999999998,-1.0331202,-0.24414799999999998,44.790624799999996,3.7936623,38.5690186,51.0122311,..,..,..,..,..,..,..,..,..,0.3571429,..,..,..,..,0.4016667,..,..,0.39999999999999997,..,..,..,..,..,..,..,..,..,0.4545455,..,..,..,..,0.4303667,..,0.4583333
IRLrq1996,Ireland,IRL,Europe & Central Asia,High income,1996,rq,6,1.3399244,0.24054029999999998,0.9454383,1.7344104999999999,75.9953032,3.7936623,69.773697,82.21690939999999,..,..,..,..,..,..,..,..,..,0.8571428999999999,..,..,..,..,0.5779167,..,..,0.7,..,..,..,..,..,..,..,..,..,0.7272727,..,..,..,..,0.6155111,..,0.9166667
IRNrq1996,"Iran, Islamic Rep.",IRN,Middle East & North Africa,Upper middle income,1996,rq,4,-1.6764164,0.2792826,-2.1344399,-1.2183929,28.423323699999997,4.4046837,21.1996424,35.6470049,..,..,..,..,..,..,..,..,..,0.0714286,..,..,..,..,..,..,..,0.09999999999999999,..,..,..,..,..,..,..,..,..,0.4545455,..,..,..,..,..,..,0.3333333
IRQrq1996,Iraq,IRQ,Middle East & North Africa,Upper middle income,1996,rq,4,-2.0257669,0.2792826,-2.4837903999999997,-1.5677434,22.91357,4.4046837,15.6898887,30.1372513,..,..,..,..,..,..,..,..,..,0.1785714,..,..,..,..,..,..,..,0.09999999999999999,..,..,..,..,..,..,..,..,..,0.36363639999999997,..,..,..,..,..,..,0
ISLrq1996,Iceland,ISL,Europe & Central Asia,High income,1996,rq,5,0.7148988,0.2857417,0.24628239999999998,1.1835152,66.13776159999999,4.506552699999999,58.7470152,73.5285079,..,..,..,..,..,..,..,..,..,..,..,..,..,..,0.46875,..,..,0.6,..,..,..,..,..,..,..,..,..,0.5454545,..,..,..,..,0.5315111,..,1
ISRrq1996,Israel,ISR,Middle East & North Africa,High income,1996,rq,6,0.7031291,0.24054029999999998,0.308643,1.0976152,65.9521367,3.7936623,59.7305305,72.1737429,..,..,..,..,..,..,..,..,..,0.7142856999999999,..,..,..,..,0.53125,..,..,0.7,..,..,..,..,..,..,..,..,..,0.4545455,..,..,..,..,0.5928888999999999,..,0.75
ITArq1996,Italy,ITA,Europe & Central Asia,High income,1996,rq,6,0.5302022,0.24054029999999998,0.1357161,0.9246882999999999,63.2248338,3.7936623,57.003227599999995,69.44644,..,..,..,..,..,..,..,..,..,0.7142856999999999,..,..,..,..,0.4245833,..,..,0.7,..,..,..,..,..,..,..,..,..,0.5454545,..,..,..,..,0.46291109999999996,..,0.7916667
JAMrq1996,Jamaica,JAM,Latin America & Caribbean,Upper middle income,1996,rq,4,0.0668425,0.2792826,-0.391181,0.5248659999999999,55.9169931,4.4046837,48.6933118,63.1406743,..,..,..,..,..,..,..,..,..,0.5357143,..,..,..,..,..,..,..,0.7,..,..,..,..,..,..,..,..,..,0.4545455,..,..,..,..,..,..,0.5833332999999999
JORrq1996,Jordan,JOR,Middle East & North Africa,Lower middle income,1996,rq,5,-0.3578001,0.2637523,-0.7903538999999999,0.07475369999999999,49.219775999999996,4.1597487,42.3977881,56.0417639,..,..,..,..,..,..,..,..,..,0.4285714,..,..,..,..,0.29625,..,..,0.7,..,..,..,..,..,..,..,..,..,0.5454545,..,..,..,..,..,..,0.5416667
JPNrq1996,Japan,JPN,East Asia & Pacific,High income,1996,rq,6,0.3721211,0.24054029999999998,-0.022365,0.7666071999999999,60.7316703,3.7936623,54.5100641,66.9532765,..,..,..,..,..,..,..,..,..,0.7142856999999999,..,..,..,..,0.3779167,..,..,0.5,..,..,..,..,..,..,..,..,..,0.5454545,..,..,..,..,0.4397889,..,0.8333332999999999
KAZrq1996,Kazakhstan,KAZ,Europe & Central Asia,Upper middle income,1996,rq,3,-0.6679486,0.28702069999999996,-1.1386625,-0.19723469999999999,44.3282935,4.5267238,36.9044666,51.7521205,..,..,..,..,..,..,..,..,0.5,0.3571429,..,..,..,..,..,..,..,..,..,..,..,..,..,..,..,..,..,..,..,..,..,..,..,..,0.4166667
KENrq1996,Kenya,KEN,Sub-Saharan Africa,Lower middle income,1996,rq,4,-0.6850718,0.2792826,-1.1430953,-0.22704829999999998,44.0582363,4.4046837,36.834555099999996,51.2819176,..,..,..,..,..,..,..,..,..,0.3214286,..,..,..,..,..,..,..,0.6,..,..,..,..,..,..,..,..,..,0.36363639999999997,..,..,..,..,..,..,0.4583333
KGZrq1996,Kyrgyz Republic,KGZ,Europe & Central Asia,Lower middle income,1996,rq,2,-0.6765378999999999,0.37520939999999997,-1.2918813,-0.0611945,44.1928281,5.9175851,34.4879885,53.8976677,..,..,..,..,..,..,..,..,0.5,..,..,..,..,..,..,..,..,..,..,..,..,..,..,..,..,..,..,..,..,..,..,..,..,..,0.4166667
KHMrq1996,Cambodia,KHM,East Asia & Pacific,Lower middle income,1996,rq,3,-0.34767909999999996,0.3026673,-0.8440535,0.1486953,49.3793985,4.7734936,41.5508691,57.207927999999995,..,..,..,..,..,..,..,..,..,0.46428569999999997,..,..,..,..,..,..,..,0.5,..,..,..,..,..,..,..,..,..,..,..,..,..,..,..,..,0.4166667
KORrq1996,"Korea, Rep.",KOR,East Asia & Pacific,High income,1996,rq,6,0.21016949999999998,0.24054029999999998,-0.1843166,0.6046556,58.177463499999995,3.7936623,51.9558572,64.3990697,..,..,..,..,..,..,..,..,..,0.6785713999999999,..,..,..,..,0.42874999999999996,..,..,0.6,..,..,..,..,..,..,..,..,..,0.4545455,..,..,..,..,0.4484222,..,0.6666667
KWTrq1996,Kuwait,KWT,Middle East & North Africa,High income,1996,rq,4,-0.11617219999999999,0.2792826,-0.5741957,0.34185129999999997,53.030591199999996,4.4046837,45.806909999999995,60.2542725,..,..,..,..,..,..,..,..,..,0.39285709999999996,..,..,..,..,..,..,..,0.39999999999999997,..,..,..,..,..,..,..,..,..,0.6363635999999999,..,..,..,..,..,..,0.7083332999999999
LAOrq1996,Lao PDR,LAO,East Asia & Pacific,Lower middle income,1996,rq,2,-1.39069,0.4123728,-2.0669814,-0.7143986,32.929634899999996,6.503705,22.2635588,43.595711099999995,..,..,..,..,..,..,..,..,..,..,..,..,..,..,..,..,..,0.09999999999999999,..,..,..,..,..,..,..,..,..,..,..,..,..,..,..,..,0.375
LBNrq1996,Lebanon,LBN,Middle East & North Africa,Lower middle income,1996,rq,4,-0.4520914,0.2792826,-0.9101149,0.0059321,47.7326682,4.4046837,40.508987,54.956349499999995,..,..,..,..,..,..,..,..,..,0.3571429,..,..,..,..,..,..,..,0.6,..,..,..,..,..,..,..,..,..,0.5454545,..,..,..,..,..,..,0.4583333
LBRrq1996,Liberia,LBR,Sub-Saharan Africa,Low income,1996,rq,2,-2.4070115999999997,0.403001,-3.0679331999999997,-1.74609,16.900799499999998,6.3558978999999995,6.4771269,27.324472,..,..,..,..,..,..,..,..,..,..,..,..,..,..,..,..,..,..,..,..,..,..,..,..,..,..,..,0.09090909999999999,..,..,..,..,..,..,0.125
LBYrq1996,Libya,LBY,Middle East & North Africa,Upper middle income,1996,rq,4,-1.7261164999999998,0.2792826,-2.1841399999999997,-1.268093,27.6394825,4.4046837,20.4158012,34.863163799999995,..,..,..,..,..,..,..,..,..,0.1071429,..,..,..,..,..,..,..,0.09999999999999999,..,..,..,..,..,..,..,..,..,0.4545455,..,..,..,..,..,..,0.25
LIErq1996,Liechtenstein,LIE,Europe & Central Asia,High income,1996,rq,1,1.5948285999999998,0.48491779999999995,0.7995633999999999,2.3900938,80.0155046,7.6478427,67.4730426,92.5579666,..,..,..,..,..,..,..,..,..,..,..,..,..,..,..,..,..,..,..,..,..,..,..,..,..,..,..,..,..,..,..,..,..,..,0.9583332999999999
LKArq1996,Sri Lanka,LKA,South Asia,Lower middle income,1996,rq,4,-0.2804661,0.2792826,-0.7384896,0.1775574,50.439443,4.4046837,43.215761799999996,57.6631243,..,..,..,..,..,..,..,..,..,0.4285714,..,..,..,..,..,..,..,0.6,..,..,..,..,..,..,..,..,..,0.4545455,..,..,..,..,..,..,0.5416667
LSOrq1996,Lesotho,LSO,Sub-Saharan Africa,Lower middle income,1996,rq,2,-0.584135,0.4123728,-1.2604263999999998,0.0921564,45.6501531,6.503705,34.9840769,56.316229199999995,..,..,..,..,..,..,..,..,..,..,..,..,..,..,..,..,..,0.39999999999999997,..,..,..,..,..,..,..,..,..,..,..,..,..,..,..,..,0.4583333
LTUrq1996,Lithuania,LTU,Europe & Central Asia,High income,1996,rq,4,0.6118671999999999,0.2695171,0.1698592,1.0538752,64.5128069,4.250667099999999,57.5417128,71.483901,..,..,..,..,..,..,..,..,0.5,0.7142856999999999,..,..,..,..,..,..,..,0.6,..,..,..,..,..,..,..,..,..,..,..,..,..,..,..,..,0.7916667
LUXrq1996,Luxembourg,LUX,Europe & Central Asia,High income,1996,rq,5,1.3539584999999998,0.2857417,0.8853420999999999,1.8225749,76.2166409,4.506552699999999,68.8258945,83.6073873,..,..,..,..,..,..,..,..,..,..,..,..,..,..,0.59,..,..,0.7,..,..,..,..,..,..,..,..,..,0.8181818,..,..,..,..,0.5967333,..,1
LVArq1996,Latvia,LVA,Europe & Central Asia,High income,1996,rq,4,0.5718359,0.2695171,0.1298279,1.0138439,63.8814564,4.250667099999999,56.910362299999996,70.85255049999999,..,..,..,..,..,..,..,..,0.5,0.6785713999999999,..,..,..,..,..,..,..,0.7,..,..,..,..,..,..,..,..,..,..,..,..,..,..,..,..,0.75
MACrq1996,"Macao SAR, China",MAC,East Asia & Pacific,High income,1996,rq,1,0.3516569,0.48491779999999995,-0.44360829999999996,1.1469221,60.4089208,7.6478427,47.8664588,72.95138279999999,..,..,..,..,..,..,..,..,..,..,..,..,..,..,..,..,..,..,..,..,..,..,..,..,..,..,..,..,..,..,..,..,..,..,0.6666667
MARrq1996,Morocco,MAR,Middle East & North Africa,Lower middle income,1996,rq,4,-0.3628971,0.2792826,-0.8209206,0.0951264,49.139389099999995,4.4046837,41.9157078,56.3630703,..,..,..,..,..,..,..,..,..,0.4285714,..,..,..,..,..,..,..,0.6,..,..,..,..,..,..,..,..,..,0.36363639999999997,..,..,..,..,..,..,0.5416667
MDArq1996,Moldova,MDA,Europe & Central Asia,Upper middle income,1996,rq,4,-0.23106269999999998,0.2695171,-0.6730707,0.2109453,51.218604799999994,4.250667099999999,44.2475107,58.189698899999996,..,..,..,..,..,..,..,..,0.5,0.5,..,..,..,..,..,..,..,0.5,..,..,..,..,..,..,..,..,..,..,..,..,..,..,..,..,0.5
MDGrq1996,Madagascar,MDG,Sub-Saharan Africa,Low income,1996,rq,3,-1.2397786,0.35839879999999996,-1.8275526,-0.6520045999999999,35.3097221,5.6524579,26.0396911,44.5797531,..,..,..,..,..,..,..,..,..,..,..,..,..,..,..,..,..,0.3,..,..,..,..,..,..,..,..,..,0.2727273,..,..,..,..,..,..,0.4166667
MDVrq1996,Maldives,MDV,South Asia,Upper middle income,1996,rq,1,0.8844449,0.48491779999999995,0.0891797,1.6797100999999999,68.8117444,7.6478427,56.269282399999994,81.3542064,..,..,..,..,..,..,..,..,..,..,..,..,..,..,..,..,..,..,..,..,..,..,..,..,..,..,..,..,..,..,..,..,..,..,0.7916667
MEXrq1996,Mexico,MEX,Latin America & Caribbean,Upper middle income,1996,rq,6,0.1693645,0.24054029999999998,-0.22512159999999998,0.5638506,57.5339106,3.7936623,51.312304399999995,63.755516899999996,..,..,..,..,..,..,..,..,..,0.6428571,..,..,..,..,0.475,..,..,0.5,..,..,..,..,..,..,..,..,..,0.5454545,..,..,..,..,0.5211667,..,0.5416667
MKDrq1996,North Macedonia,MKD,Europe & Central Asia,Upper middle income,1996,rq,3,-0.5754727,0.28702069999999996,-1.0461866,-0.1047588,45.786769899999996,4.5267238,38.3629429,53.2105968,..,..,..,..,..,..,..,..,0.4166667,0.46428569999999997,..,..,..,..,..,..,..,..,..,..,..,..,..,..,..,..,..,..,..,..,..,..,..,..,0.4166667
MLIrq1996,Mali,MLI,Sub-Saharan Africa,Low income,1996,rq,3,-0.8828442999999999,0.35839879999999996,-1.4706183,-0.2950703,40.9390831,5.6524579,31.6690521,50.2091141,..,..,..,..,..,..,..,..,..,..,..,..,..,..,..,..,..,0.6,..,..,..,..,..,..,..,..,..,0.36363639999999997,..,..,..,..,..,..,0.3333333
MLTrq1996,Malta,MLT,Middle East & North Africa,High income,1996,rq,3,0.455796,0.35839879999999996,-0.13197799999999998,1.0435699999999999,62.051342299999995,5.6524579,52.7813113,71.32137329999999,..,..,..,..,..,..,..,..,..,..,..,..,..,..,..,..,..,0.6,..,..,..,..,..,..,..,..,..,0.5454545,..,..,..,..,..,..,0.7916667
MMRrq1996,Myanmar,MMR,East Asia & Pacific,Lower middle income,1996,rq,4,-1.8356074999999998,0.2792826,-2.293631,-1.377584,25.9126539,4.4046837,18.6889726,33.1363351,..,..,..,..,..,..,..,..,..,0.0357143,..,..,..,..,..,..,..,0.3,..,..,..,..,..,..,..,..,..,0.36363639999999997,..,..,..,..,..,..,0.2083333
MNGrq1996,Mongolia,MNG,East Asia & Pacific,Upper middle income,1996,rq,3,-0.4974476,0.35839879999999996,-1.0852216,0.0903264,47.0173365,5.6524579,37.747305499999996,56.287367499999995,..,..,..,..,..,..,..,..,..,..,..,..,..,..,..,..,..,0.5,..,..,..,..,..,..,..,..,..,0.4545455,..,..,..,..,..,..,0.5
MOZrq1996,Mozambique,MOZ,Sub-Saharan Africa,Low income,1996,rq,4,-0.8295891999999999,0.2792826,-1.2876127,-0.3715657,41.7789916,4.4046837,34.555310399999996,49.0026729,..,..,..,..,..,..,..,..,..,0.46428569999999997,..,..,..,..,..,..,..,0.3,..,..,..,..,..,..,..,..,..,0.18181819999999999,..,..,..,..,..,..,0.4583333
MRTrq1996,Mauritania,MRT,Sub-Saharan Africa,Lower middle income,1996,rq,2,-0.6389313999999999,0.4123728,-1.3152228,0.03736,44.785936,6.5037049,34.1198599,55.4520121,..,..,..,..,..,..,..,..,..,..,..,..,..,..,..,..,..,0.3,..,..,..,..,..,..,..,..,..,..,..,..,..,..,..,..,0.5
MTQrq1996,Martinique,MTQ,,,1996,rq,1,0.8844449,0.48491779999999995,0.0891797,1.6797100999999999,68.8117444,7.6478427,56.269282399999994,81.3542064,..,..,..,..,..,..,..,..,..,..,..,..,..,..,..,..,..,..,..,..,..,..,..,..,..,..,..,..,..,..,..,..,..,..,0.7916667
MUSrq1996,Mauritius,MUS,Sub-Saharan Africa,Upper middle income,1996,rq,1,0.1552377,0.40974689999999997,-0.5167472,0.8272225999999999,57.311110899999996,6.462290599999999,46.7129544,67.9092675,..,..,..,..,..,..,..,..,..,0.5357143,..,..,..,..,..,..,..,..,..,..,..,..,..,..,..,..,..,..,..,..,..,..,..,..,..
MWIrq1996,Malawi,MWI,Sub-Saharan Africa,Low income,1996,rq,4,-0.5739685,0.2792826,-1.031992,-0.11594499999999999,45.810493199999996,4.4046837,38.5868119,53.0341745,..,..,..,..,..,..,..,..,..,0.39285709999999996,..,..,..,..,..,..,..,0.5,..,..,..,..,..,..,..,..,..,0.36363639999999997,..,..,..,..,..,..,0.5
MYSrq1996,Malaysia,MYS,East Asia & Pacific,Upper middle income,1996,rq,6,0.46037649999999997,0.24054029999999998,0.0658904,0.8548625999999999,62.1235833,3.7936623,55.901977099999996,68.3451895,..,..,..,..,..,..,..,..,..,0.5714286,..,..,..,..,0.5641667,..,..,0.5,..,..,..,..,..,..,..,..,..,0.5454545,..,..,..,..,0.5852999999999999,..,0.75
NAMrq1996,Namibia,NAM,Sub-Saharan Africa,Lower middle income,1996,rq,4,-0.0012760999999999998,0.2792826,-0.4592996,0.45674739999999997,54.842665999999994,4.4046837,47.6189847,62.066347199999996,..,..,..,..,..,..,..,..,..,0.5,..,..,..,..,..,..,..,0.7,..,..,..,..,..,..,..,..,..,0.4545455,..,..,..,..,..,..,0.5833332999999999
NERrq1996,Niger,NER,Sub-Saharan Africa,Low income,1996,rq,3,-1.5695534,0.35839879999999996,-2.1573274,-0.9817794,30.108704999999997,5.6524579,20.838673999999997,39.378735999999996,..,..,..,..,..,..,..,..,..,..,..,..,..,..,..,..,..,0.3,..,..,..,..,..,..,..,..,..,0.18181819999999999,..,..,..,..,..,..,0.3333333
NGArq1996,Nigeria,NGA,Sub-Saharan Africa,Lower middle income,1996,rq,4,-1.0728714,0.2792826,-1.5308948999999998,-0.6148479,37.9420857,4.4046837,30.7184045,45.165766999999995,..,..,..,..,..,..,..,..,..,0.2857143,..,..,..,..,..,..,..,0.5,..,..,..,..,..,..,..,..,..,0.36363639999999997,..,..,..,..,..,..,0.2916667
NICrq1996,Nicaragua,NIC,Latin America & Caribbean,Lower middle income,1996,rq,5,-0.7659925999999999,0.2637523,-1.1985464,-0.3334388,42.7820004,4.1597488,35.9600124,49.6039883,..,..,..,..,..,..,..,..,..,0.4285714,..,..,..,..,0.22874999999999998,..,..,0.6,..,..,..,..,..,..,..,..,..,0.36363639999999997,..,..,..,..,..,..,0.4583333
NLDrq1996,Netherlands,NLD,Europe & Central Asia,High income,1996,rq,6,1.5614222,0.24054029999999998,1.1669361,1.9559083,79.4886382,3.7936623,73.267032,85.7102444,..,..,..,..,..,..,..,..,..,0.8928571,..,..,..,..,0.6745833,..,..,0.7999999999999999,..,..,..,..,..,..,..,..,..,0.6363635999999999,..,..,..,..,0.6046889,..,1
NORrq1996,Norway,NOR,Europe & Central Asia,High income,1996,rq,6,1.3571661,0.24054029999999998,0.96268,1.7516521999999999,76.2672293,3.7936623,70.0456231,82.4888355,..,..,..,..,..,..,..,..,..,0.8214286,..,..,..,..,0.6641667,..,..,0.6,..,..,..,..,..,..,..,..,..,0.7272727,..,..,..,..,0.6156667,..,0.9583332999999999
NPLrq1996,Nepal,NPL,South Asia,Lower middle income,1996,rq,2,-0.6389313999999999,0.4123728,-1.3152228,0.03736,44.785936,6.5037049,34.1198599,55.4520121,..,..,..,..,..,..,..,..,..,..,..,..,..,..,..,..,..,0.3,..,..,..,..,..,..,..,..,..,..,..,..,..,..,..,..,0.5
NZLrq1996,New Zealand,NZL,East Asia & Pacific,High income,1996,rq,6,1.6714681,0.24054029999999998,1.2769819999999998,2.0659541999999997,81.2242184,3.7936623,75.0026121,87.4458246,..,..,..,..,..,..,..,..,..,0.9285713999999999,..,..,..,..,0.7108333,..,..,0.7999999999999999,..,..,..,..,..,..,..,..,..,0.5454545,..,..,..,..,0.7351778,..,0.9166667
OMNrq1996,Oman,OMN,Middle East & North Africa,High income,1996,rq,4,-0.1591088,0.2792826,-0.6171323,0.2989147,52.3534201,4.4046837,45.1297388,59.577101299999995,..,..,..,..,..,..,..,..,..,0.5,..,..,..,..,..,..,..,0.39999999999999997,..,..,..,..,..,..,..,..,..,0.36363639999999997,..,..,..,..,..,..,0.7083332999999999
PAKrq1996,Pakistan,PAK,South Asia,Lower middle income,1996,rq,4,-0.6380289,0.2792826,-1.0960524,-0.18000539999999998,44.8001697,4.4046837,37.576488399999995,52.023851,..,..,..,..,..,..,..,..,..,0.3214286,..,..,..,..,..,..,..,0.6,..,..,..,..,..,..,..,..,..,0.5454545,..,..,..,..,..,..,0.375
PANrq1996,Panama,PAN,Latin America & Caribbean,High income,1996,rq,4,0.1770646,0.2792826,-0.2809589,0.6350880999999999,57.655352199999996,4.4046837,50.4316709,64.8790334,..,..,..,..,..,..,..,..,..,0.5,..,..,..,..,..,..,..,0.7999999999999999,..,..,..,..,..,..,..,..,..,0.36363639999999997,..,..,..,..,..,..,0.7083332999999999
PERrq1996,Peru,PER,Latin America & Caribbean,Upper middle income,1996,rq,5,0.3422517,0.2637523,-0.0903021,0.7748054999999999,60.2605874,4.1597487,53.438599499999995,67.0825753,..,..,..,..,..,..,..,..,..,0.6785713999999999,..,..,..,..,0.42,..,..,0.7,..,..,..,..,..,..,..,..,..,0.6363635999999999,..,..,..,..,..,..,0.5833332999999999
PHLrq1996,Philippines,PHL,East Asia & Pacific,Lower middle income,1996,rq,6,-0.0122898,0.24054029999999998,-0.40677589999999997,0.3821963,54.6689643,3.7936623,48.447358,60.890570499999995,..,..,..,..,..,..,..,..,..,0.6428571,..,..,..,..,0.4375,..,..,0.5,..,..,..,..,..,..,..,..,..,0.4545455,..,..,..,..,0.5244888999999999,..,0.4583333
PNGrq1996,Papua New Guinea,PNG,East Asia & Pacific,Lower middle income,1996,rq,4,-0.7799368,0.2792826,-1.2379603,-0.32191329999999996,42.5620805,4.4046837,35.3383993,49.785761799999996,..,..,..,..,..,..,..,..,..,0.2857143,..,..,..,..,..,..,..,0.39999999999999997,..,..,..,..,..,..,..,..,..,0.4545455,..,..,..,..,..,..,0.5
POLrq1996,Poland,POL,Europe & Central Asia,High income,1996,rq,7,0.3127336,0.22286309999999998,-0.0527619,0.6782290999999999,59.795044999999995,3.5148677999999998,54.0306618,65.5594283,..,..,..,..,..,..,..,..,0.6108333,0.6428571,..,..,..,..,0.39125,..,..,0.6,..,..,..,..,..,..,..,..,..,0.5454545,..,..,..,..,0.47656669999999995,..,0.7916667
PRIrq1996,Puerto Rico (U.S.),PRI,Latin America & Caribbean,High income,1996,rq,1,1.0620406,0.48491779999999995,0.2667754,1.8573058,71.6126809,7.6478427,59.0702189,84.1551429,..,..,..,..,..,..,..,..,..,..,..,..,..,..,..,..,..,..,..,..,..,..,..,..,..,..,..,..,..,..,..,..,..,..,0.8333332999999999
PRKrq1996,"Korea, Dem. People's Rep.",PRK,East Asia & Pacific,Low income,1996,rq,3,-2.3897037,0.35839879999999996,-2.9774776999999997,-1.8019296999999999,17.1737696,5.6524579,7.9037386,26.4438006,..,..,..,..,..,..,..,..,..,..,..,..,..,..,..,..,..,0.09999999999999999,..,..,..,..,..,..,..,..,..,0.2727273,..,..,..,..,..,..,0.0416667
PRTrq1996,Portugal,PRT,Europe & Central Asia,High income,1996,rq,6,0.9357112,0.24054029999999998,0.5412251,1.3301973,69.6202868,3.7936623,63.3986806,75.841893,..,..,..,..,..,..,..,..,..,0.7857143,..,..,..,..,0.6437499999999999,..,..,0.6,..,..,..,..,..,..,..,..,..,0.5454545,..,..,..,..,0.5087222,..,0.875
PRYrq1996,Paraguay,PRY,Latin America & Caribbean,Upper middle income,1996,rq,4,-0.6415674,0.2792826,-1.0995909,-0.18354389999999998,44.7443625,4.4046837,37.5206813,51.9680438,..,..,..,..,..,..,..,..,..,0.25,..,..,..,..,..,..,..,0.7999999999999999,..,..,..,..,..,..,..,..,..,0.6363635999999999,..,..,..,..,..,..,0.2916667
PSErq1996,West Bank and Gaza,PSE,Middle East & North Africa,Lower middle income,1996,rq,1,-1.2467070999999998,0.48491779999999995,-2.0419723,-0.4514419,35.2004498,7.6478427,22.657987799999997,47.742911799999995,..,..,..,..,..,..,..,..,..,..,..,..,..,..,..,..,..,..,..,..,..,..,..,..,..,..,..,..,..,..,..,..,..,..,0.2916667
QATrq1996,Qatar,QAT,Middle East & North Africa,High income,1996,rq,3,-0.37483639999999996,0.29890289999999997,-0.8650372,0.11536439999999999,48.9510893,4.714123799999999,41.2199263,56.682252399999996,..,..,..,..,..,..,..,..,..,0.3214286,..,..,..,..,..,..,..,..,..,..,..,..,..,..,..,..,..,0.4545455,..,..,..,..,..,..,0.7083332999999999
ROUrq1996,Romania,ROU,Europe & Central Asia,High income,1996,rq,5,-0.4220162,0.2526091,-0.8362951,-0.0077373,48.2069969,3.9840041,41.6732301,54.740763699999995,..,..,..,..,..,..,..,..,0.3333333,0.5,..,..,..,..,..,..,..,0.6,..,..,..,..,..,..,..,..,..,0.4545455,..,..,..,..,..,..,0.5416667
RUSrq1996,Russian Federation,RUS,Europe & Central Asia,High income,1996,rq,7,-0.6383112,0.22286309999999998,-1.0038067,-0.2728157,44.7957174,3.5148677999999998,39.031334199999996,50.5601007,..,..,..,..,..,..,..,..,0.5,0.5,..,..,..,..,0.3304167,..,..,0.6,..,..,..,..,..,..,..,..,..,0.4545455,..,..,..,..,0.2675,..,0.4166667
RWArq1996,Rwanda,RWA,Sub-Saharan Africa,Low income,1996,rq,2,-1.5927597,0.4123728,-2.2690511,-0.9164683,29.742708699999998,6.503705,19.0766325,40.4087848,..,..,..,..,..,..,..,..,..,..,..,..,..,..,..,..,..,0.19999999999999998,..,..,..,..,..,..,..,..,..,..,..,..,..,..,..,..,0.25
SAUrq1996,Saudi Arabia,SAU,Middle East & North Africa,High income,1996,rq,4,-0.3620158,0.2792826,-0.8200392999999999,0.0960077,49.1532884,4.4046837,41.9296071,56.3769697,..,..,..,..,..,..,..,..,..,0.5357143,..,..,..,..,..,..,..,0.39999999999999997,..,..,..,..,..,..,..,..,..,0.4545455,..,..,..,..,..,..,0.4583333
SDNrq1996,Sudan,SDN,Sub-Saharan Africa,Low income,1996,rq,4,-1.5185358999999998,0.2792826,-1.9765594,-1.0605124,30.9133234,4.4046837,23.689642199999998,38.1370047,..,..,..,..,..,..,..,..,..,0.2142857,..,..,..,..,..,..,..,0.3,..,..,..,..,..,..,..,..,..,0.2727273,..,..,..,..,..,..,0.25
SENrq1996,Senegal,SEN,Sub-Saharan Africa,Lower middle income,1996,rq,4,-0.23748149999999998,0.2792826,-0.6955049999999999,0.220542,51.1173712,4.4046837,43.89369,58.341052499999996,..,..,..,..,..,..,..,..,..,0.46428569999999997,..,..,..,..,..,..,..,0.5,..,..,..,..,..,..,..,..,..,0.4545455,..,..,..,..,..,..,0.5833332999999999
SGPrq1996,Singapore,SGP,East Asia & Pacific,High income,1996,rq,6,1.8639948,0.24054029999999998,1.4695087,2.2584809,84.26063789999999,3.7936623,78.0390317,90.4822441,..,..,..,..,..,..,..,..,..,0.8928571,..,..,..,..,0.7183333,..,..,0.7999999999999999,..,..,..,..,..,..,..,..,..,0.7272727,..,..,..,..,0.7548222,..,1
SLErq1996,Sierra Leone,SLE,Sub-Saharan Africa,Low income,1996,rq,3,-1.857937,0.35839879999999996,-2.4457109999999997,-1.270163,25.5604859,5.6524579,16.2904549,34.8305169,..,..,..,..,..,..,..,..,..,..,..,..,..,..,..,..,..,0.39999999999999997,..,..,..,..,..,..,..,..,..,0.09090909999999999,..,..,..,..,..,..,0.2083333
SLVrq1996,El Salvador,SLV,Latin America & Caribbean,Upper middle income,1996,rq,5,-0.373254,0.2637523,-0.8058078,0.0592998,48.976046,4.1597487,42.1540581,55.798033999999994,..,..,..,..,..,..,..,..,..,0.5,..,..,..,..,0.41833329999999996,..,..,0.7,..,..,..,..,..,..,..,..,..,0.4545455,..,..,..,..,..,..,0.375
SOMrq1996,Federal Republic of Somalia,SOM,Sub-Saharan Africa,Low income,1996,rq,2,-2.9466353,0.403001,-3.6075568999999996,-2.2857137,8.3901671,5.735926699999999,0.0,18.8138397,..,..,..,..,..,..,..,..,..,..,..,..,..,..,..,..,..,..,..,..,..,..,..,..,..,..,..,0,..,..,..,..,..,..,0
SRBrq1996,Serbia,SRB,Europe & Central Asia,Upper middle income,1996,rq,4,-1.4288693,0.2668488,-1.8665013,-0.9912373,32.3274931,4.2085843999999994,25.4254148,39.2295715,..,..,..,..,..,..,..,..,0.0833333,0.2857143,..,..,..,..,..,..,..,..,..,..,..,..,..,..,..,..,..,0.5454545,..,..,..,..,..,..,0.3333333
STPrq1996,São Tomé and Príncipe,STP,Sub-Saharan Africa,Lower middle income,1996,rq,1,-0.7139190999999999,0.48491779999999995,-1.5091843,0.08134609999999999,43.6032734,7.6478427,31.0608115,56.1457354,..,..,..,..,..,..,..,..,..,..,..,..,..,..,..,..,..,..,..,..,..,..,..,..,..,..,..,..,..,..,..,..,..,..,0.4166667
SURrq1996,Suriname,SUR,Latin America & Caribbean,Upper middle income,1996,rq,3,-1.0626392,0.35839879999999996,-1.6504132,-0.4748652,38.1034621,5.6524579,28.8334311,47.3734931,..,..,..,..,..,..,..,..,..,..,..,..,..,..,..,..,..,0.39999999999999997,..,..,..,..,..,..,..,..,..,0.36363639999999997,..,..,..,..,..,..,0.375
SVKrq1996,Slovak Republic,SVK,Europe & Central Asia,High income,1996,rq,6,0.0805699,0.2409431,-0.3145768,0.4757166,56.133493699999995,3.8000152,49.901468799999996,62.3655185,..,..,..,..,..,..,..,..,0.6108333,0.46428569999999997,..,..,..,..,0.47333329999999996,..,..,0.5,..,..,..,..,..,..,..,..,..,0.5454545,..,..,..,..,..,..,0.7916667
SVNrq1996,Slovenia,SVN,Europe & Central Asia,High income,1996,rq,4,0.6940476999999999,0.2695171,0.2520397,1.1360557,65.80891009999999,4.250667099999999,58.837816,72.7800042,..,..,..,..,..,..,..,..,0.5275,0.6785713999999999,..,..,..,..,..,..,..,0.6,..,..,..,..,..,..,..,..,..,..,..,..,..,..,..,..,0.875
SWErq1996,Sweden,SWE,Europe & Central Asia,High income,1996,rq,6,1.1983605,0.24054029999999998,0.8038744,1.5928466,73.7626394,3.7936623,67.5410332,79.9842456,..,..,..,..,..,..,..,..,..,0.8214286,..,..,..,..,0.5433333,..,..,0.7,..,..,..,..,..,..,..,..,..,0.6363635999999999,..,..,..,..,0.6190667,..,0.9166667
SWZrq1996,Eswatini,SWZ,Sub-Saharan Africa,Lower middle income,1996,rq,2,-0.47454199999999996,0.4123728,-1.1508334,0.2017494,47.3785904,6.503705,36.7125142,58.0446665,..,..,..,..,..,..,..,..,..,..,..,..,..,..,..,..,..,0.6,..,..,..,..,..,..,..,..,..,..,..,..,..,..,..,..,0.375
SYCrq1996,Seychelles,SYC,Sub-Saharan Africa,High income,1996,rq,1,0.1740608,0.48491779999999995,-0.6212044,0.9693259999999999,57.607977999999996,7.6478427,45.065515999999995,70.15044,..,..,..,..,..,..,..,..,..,..,..,..,..,..,..,..,..,..,..,..,..,..,..,..,..,..,..,..,..,..,..,..,..,..,0.625
SYRrq1996,Syrian Arab Republic,SYR,Middle East & North Africa,Low income,1996,rq,4,-1.0566331,0.2792826,-1.5146566,-0.5986096,38.198186799999995,4.4046837,30.9745055,45.4218681,..,..,..,..,..,..,..,..,..,0.3214286,..,..,..,..,..,..,..,0.19999999999999998,..,..,..,..,..,..,..,..,..,0.4545455,..,..,..,..,..,..,0.375
TCDrq1996,Chad,TCD,Sub-Saharan Africa,Low income,1996,rq,2,-1.2810968999999999,0.4123728,-1.9573882999999999,-0.6048055,34.6580738,6.503705,23.991997599999998,45.324149899999995,..,..,..,..,..,..,..,..,..,..,..,..,..,..,..,..,..,0.3,..,..,..,..,..,..,..,..,..,..,..,..,..,..,..,..,0.2916667
TGOrq1996,Togo,TGO,Sub-Saharan Africa,Low income,1996,rq,2,-0.8618254999999999,0.403001,-1.5227471,-0.2009039,41.270579399999995,6.3558978999999995,30.8469068,51.694252,..,..,..,..,..,..,..,..,..,..,..,..,..,..,..,..,..,..,..,..,..,..,..,..,..,..,..,0.4545455,..,..,..,..,..,..,0.4166667
THArq1996,Thailand,THA,East Asia & Pacific,Upper middle income,1996,rq,6,-0.0575059,0.24054029999999998,-0.451992,0.3369802,53.9558421,3.7936623,47.734235899999995,60.177448399999996,..,..,..,..,..,..,..,..,..,0.5714286,..,..,..,..,0.3908333,..,..,0.5,..,..,..,..,..,..,..,..,..,0.5454545,..,..,..,..,0.5226999999999999,..,0.5
TJKrq1996,Tajikistan,TJK,Europe & Central Asia,Lower middle income,1996,rq,2,-1.8424558999999998,0.37520939999999997,-2.4577993,-1.2271125,25.8046449,5.9175851,16.0998053,35.5094845,..,..,..,..,..,..,..,..,0.3333333,..,..,..,..,..,..,..,..,..,..,..,..,..,..,..,..,..,..,..,..,..,..,..,..,..,0.125
TKMrq1996,Turkmenistan,TKM,Europe & Central Asia,Upper middle income,1996,rq,2,-2.1559152999999998,0.37520939999999997,-2.7712586999999997,-1.5405719,20.8609448,5.9175851,11.156105199999999,30.5657844,..,..,..,..,..,..,..,..,0.0833333,..,..,..,..,..,..,..,..,..,..,..,..,..,..,..,..,..,..,..,..,..,..,..,..,..,0.25
TTOrq1996,Trinidad and Tobago,TTO,Latin America & Caribbean,High income,1996,rq,4,0.277914,0.2792826,-0.1801095,0.7359375,59.245890499999994,4.4046837,52.0222092,66.4695717,..,..,..,..,..,..,..,..,..,0.5714286,..,..,..,..,..,..,..,0.7999999999999999,..,..,..,..,..,..,..,..,..,0.4545455,..,..,..,..,..,..,0.625
TUNrq1996,Tunisia,TUN,Middle East & North Africa,Lower middle income,1996,rq,4,-0.14672259999999998,0.2792826,-0.6047461,0.3113009,52.548767999999995,4.4046837,45.3250868,59.7724493,..,..,..,..,..,..,..,..,..,0.39285709999999996,..,..,..,..,..,..,..,0.7,..,..,..,..,..,..,..,..,..,0.4545455,..,..,..,..,..,..,0.625
TURrq1996,Türkiye,TUR,Europe & Central Asia,Upper middle income,1996,rq,6,-0.1352065,0.24054029999999998,-0.5296926,0.2592796,52.730393299999996,3.7936623,46.5087871,58.9519995,..,..,..,..,..,..,..,..,..,0.46428569999999997,..,..,..,..,0.43,..,..,0.7,..,..,..,..,..,..,..,..,..,0.36363639999999997,..,..,..,..,0.5472667,..,0.5
TWNrq1996,"Taiwan, China",TWN,East Asia & Pacific,High income,1996,rq,6,0.6664188,0.24054029999999998,0.27193269999999997,1.0609049,65.3731631,3.7936623,59.151556899999996,71.5947693,..,..,..,..,..,..,..,..,..,0.7857143,..,..,..,..,0.5170833,..,..,0.5,..,..,..,..,..,..,..,..,..,0.5454545,..,..,..,..,0.5804556,..,0.7083332999999999
TZArq1996,Tanzania,TZA,Sub-Saharan Africa,Lower middle income,1996,rq,4,-0.6774749,0.2792826,-1.1354984,-0.2194514,44.178050299999995,4.4046837,36.954369,51.4017315,..,..,..,..,..,..,..,..,..,0.3571429,..,..,..,..,..,..,..,0.5,..,..,..,..,..,..,..,..,..,0.4545455,..,..,..,..,..,..,0.4166667
UGArq1996,Uganda,UGA,Sub-Saharan Africa,Low income,1996,rq,4,-0.2385263,0.2792826,-0.6965498,0.2194972,51.100893299999996,4.4046837,43.877212,58.3245745,..,..,..,..,..,..,..,..,..,0.5,..,..,..,..,..,..,..,0.6,..,..,..,..,..,..,..,..,..,0.5454545,..,..,..,..,..,..,0.4166667
UKRrq1996,Ukraine,UKR,Europe & Central Asia,Upper middle income,1996,rq,5,-0.7274754,0.2554806,-1.1464636,-0.30848719999999996,43.3894713,4.0292921999999995,36.7814322,49.9975105,..,..,..,..,..,..,..,..,0.4166667,0.46428569999999997,..,..,..,..,0.2916667,..,..,0.39999999999999997,..,..,..,..,..,..,..,..,..,..,..,..,..,..,..,..,0.4583333
URYrq1996,Uruguay,URY,Latin America & Caribbean,High income,1996,rq,4,0.3941203,0.2792826,-0.0639032,0.8521438,61.0786289,4.4046837,53.854947599999996,68.3023102,..,..,..,..,..,..,..,..,..,0.5714286,..,..,..,..,..,..,..,0.7,..,..,..,..,..,..,..,..,..,0.5454545,..,..,..,..,..,..,0.7083332999999999
USArq1996,United States,USA,North America,High income,1996,rq,6,1.3576762999999998,0.24054029999999998,0.9631902,1.7521624,76.2752759,3.7936623,70.0536697,82.4968821,..,..,..,..,..,..,..,..,..,0.8571428999999999,..,..,..,..,0.5620833,..,..,0.7,..,..,..,..,..,..,..,..,..,0.7272727,..,..,..,..,0.6410111,..,0.9166667
UZBrq1996,Uzbekistan,UZB,Europe & Central Asia,Lower middle income,1996,rq,2,-1.8243401,0.3369722,-2.3769744999999998,-1.2717057,26.0903568,5.3145302,17.3745272,34.8061864,..,..,..,..,..,..,..,..,0.3333333,0.0357143,..,..,..,..,..,..,..,..,..,..,..,..,..,..,..,..,..,..,..,..,..,..,..,..,..
VENrq1996,"Venezuela, RB",VEN,Latin America & Caribbean,,1996,rq,6,-0.6861939,0.24054029999999998,-1.0806799999999999,-0.29170779999999996,44.0405392,3.7936623,37.818933,50.262145499999995,..,..,..,..,..,..,..,..,..,0.3571429,..,..,..,..,0.3545833,..,..,0.5,..,..,..,..,..,..,..,..,..,0.36363639999999997,..,..,..,..,0.4622667,..,0.4166667
VNMrq1996,Viet Nam,VNM,East Asia & Pacific,Lower middle income,1996,rq,5,-0.811365,0.2637523,-1.2439187999999999,-0.37881119999999996,42.0664132,4.1597488,35.244425199999995,48.888401099999996,..,..,..,..,..,..,..,..,..,0.39285709999999996,..,..,..,..,0.39375,..,..,0.3,..,..,..,..,..,..,..,..,..,0.5454545,..,..,..,..,..,..,0.375
WSMrq1996,Samoa,WSM,East Asia & Pacific,Upper middle income,1996,rq,2,0.11282719999999999,0.4123728,-0.5634642,0.7891186,56.642237099999996,6.5037049,45.976161,67.3083132,..,..,..,..,..,..,..,..,..,..,..,..,..,..,..,..,..,0.5,..,..,..,..,..,..,..,..,..,..,..,..,..,..,..,..,0.625
YEMrq1996,"Yemen, Rep.",YEM,Middle East & North Africa,Low income,1996,rq,4,-0.6631627999999999,0.2792826,-1.1211863,-0.2051393,44.4037724,4.4046837,37.1800911,51.6274537,..,..,..,..,..,..,..,..,..,0.3214286,..,..,..,..,..,..,..,0.5,..,..,..,..,..,..,..,..,..,0.5454545,..,..,..,..,..,..,0.4166667
ZAFrq1996,South Africa,ZAF,Sub-Saharan Africa,Upper middle income,1996,rq,6,0.17709429999999998,0.24054029999999998,-0.2173918,0.5715804,57.6558206,3.7936623,51.434214399999995,63.877426799999995,..,..,..,..,..,..,..,..,..,0.46428569999999997,..,..,..,..,0.41,..,..,0.6,..,..,..,..,..,..,..,..,..,0.5454545,..,..,..,..,0.4886,..,0.8333332999999999
ZMBrq1996,Zambia,ZMB,Sub-Saharan Africa,Lower middle income,1996,rq,4,-0.6272072,0.2792826,-1.0852306999999999,-0.1691837,44.9708433,4.4046837,37.747161999999996,52.1945246,..,..,..,..,..,..,..,..,..,0.3571429,..,..,..,..,..,..,..,0.7,..,..,..,..,..,..,..,..,..,0.4545455,..,..,..,..,..,..,0.3333333
ZWErq1996,Zimbabwe,ZWE,Sub-Saharan Africa,Lower middle income,1996,rq,5,-1.4160259,0.2637523,-1.8485797,-0.9834721,32.530051799999995,4.1597488,25.708063799999998,39.3520397,..,..,..,..,..,..,..,..,..,0.1071429,..,..,..,..,0.32875,..,..,0.39999999999999997,..,..,..,..,..,..,..,..,..,0.2727273,..,..,..,..,..,..,0.4583333
ADOrq1998,Andorra,ADO,,,1998,rq,1,1.4481214,0.48491779999999995,0.6528562,2.2433866,77.7017236,7.6478427,65.1592616,90.2441856,..,..,..,..,..,..,..,..,..,..,..,..,..,..,..,..,..,..,..,..,..,..,..,..,..,..,..,..,..,..,..,..,..,..,0.9166667
AFGrq1998,Afghanistan,AFG,South Asia,Low income,1998,rq,1,-2.4589906999999998,0.48491779999999995,-3.2542559,-1.6637255,16.0810152,7.6478427,3.5385532,28.6234772,..,..,..,..,..,..,..,..,..,..,..,..,..,..,..,..,..,..,..,..,..,..,..,..,..,..,..,..,..,..,..,..,..,..,0
AGOrq1998,Angola,AGO,Sub-Saharan Africa,Lower middle income,1998,rq,4,-1.6445273,0.2792826,-2.1025508,-1.1865037999999999,28.9262601,4.4046837,21.702578799999998,36.149941399999996,..,..,..,..,..,..,..,..,..,0.1428571,..,..,..,..,..,..,..,0.3,..,..,..,..,..,..,..,..,..,0.2727273,..,..,..,..,..,..,0.25
ALBrq1998,Albania,ALB,Europe & Central Asia,Upper middle income,1998,rq,4,-0.9299176,0.3066326,-1.4327950999999999,-0.4270401,40.1966702,4.836031999999999,32.2655777,48.1277628,..,..,..,..,..,..,..,..,0.5,..,..,..,..,..,..,..,..,0.5,..,..,..,..,..,..,..,..,..,0.2727273,..,..,..,..,..,..,0.375
ARErq1998,United Arab Emirates,ARE,Middle East & North Africa,High income,1998,rq,4,0.48362,0.2792826,0.025596499999999998,0.9416435,62.4901663,4.4046837,55.266484999999996,69.7138476,..,..,..,..,..,..,..,..,..,0.7142856999999999,..,..,..,..,..,..,..,0.39999999999999997,..,..,..,..,..,..,..,..,..,0.5454545,..,..,..,..,..,..,0.75
ARGrq1998,Argentina,ARG,Latin America & Caribbean,Upper middle income,1998,rq,6,0.3453943,0.24054029999999998,-0.0490918,0.7398804,60.310150699999994,3.7936623,54.088544399999996,66.53175689999999,..,..,..,..,..,..,..,..,..,0.6071428999999999,..,..,..,..,0.5209524,..,..,0.7,..,..,..,..,..,..,..,..,..,0.6363635999999999,..,..,..,..,0.4450692,..,0.625
ARMrq1998,Armenia,ARM,Europe & Central Asia,Upper middle income,1998,rq,4,-0.7898368,0.3066326,-1.2927142999999999,-0.2869593,42.4059435,4.836031999999999,34.4748509,50.337036,..,..,..,..,..,..,..,..,0.5,..,..,..,..,..,..,..,..,0.39999999999999997,..,..,..,..,..,..,..,..,..,0.36363639999999997,..,..,..,..,..,..,0.4583333
ATGrq1998,Antigua and Barbuda,ATG,Latin America & Caribbean,High income,1998,rq,1,0.5601411,0.48491779999999995,-0.2351241,1.3554062999999998,63.697012799999996,7.6478427,51.154550799999996,76.2394748,..,..,..,..,..,..,..,..,..,..,..,..,..,..,..,..,..,..,..,..,..,..,..,..,..,..,..,..,..,..,..,..,..,..,0.7083332999999999
AUSrq1998,Australia,AUS,East Asia & Pacific,High income,1998,rq,6,1.2531655,0.24054029999999998,0.8586794,1.6476515999999999,74.6269921,3.7936623,68.4053859,80.84859829999999,..,..,..,..,..,..,..,..,..,0.75,..,..,..,..,0.5721429,..,..,0.7999999999999999,..,..,..,..,..,..,..,..,..,0.6363635999999999,..,..,..,..,0.5960769,..,1
AUTrq1998,Austria,AUT,Europe & Central Asia,High income,1998,rq,6,1.3091262,0.24054029999999998,0.9146401,1.7036122999999999,75.5095718,3.7936623,69.28796559999999,81.7311781,..,..,..,..,..,..,..,..,..,0.8214286,..,..,..,..,0.5685714,..,..,0.7,..,..,..,..,..,..,..,..,..,0.7272727,..,..,..,..,0.5654462,..,1
AZErq1998,Azerbaijan,AZE,Europe & Central Asia,Upper middle income,1998,rq,5,-1.1202729,0.2526091,-1.5345518,-0.705994,37.194496699999995,3.9840041,30.6607299,43.7282635,..,..,..,..,..,..,..,..,0.3333333,0.3214286,..,..,..,..,..,..,..,0.3,..,..,..,..,..,..,..,..,..,0.5454545,..,..,..,..,..,..,0.2916667
BDIrq1998,Burundi,BDI,Sub-Saharan Africa,Low income,1998,rq,2,-1.7724917,0.4123728,-2.4487831,-1.0962003,26.9080797,6.5037049,16.2420036,37.5741558,..,..,..,..,..,..,..,..,..,..,..,..,..,..,..,..,..,0.3,..,..,..,..,..,..,..,..,..,..,..,..,..,..,..,..,0.125
BELrq1998,Belgium,BEL,Europe & Central Asia,High income,1998,rq,6,1.0779163,0.24054029999999998,0.6834302,1.4724024,71.8630633,3.7936623,65.641457,78.08466949999999,..,..,..,..,..,..,..,..,..,0.8214286,..,..,..,..,0.5292857,..,..,0.7,..,..,..,..,..,..,..,..,..,0.7272727,..,..,..,..,0.4860538,..,0.9166667
BENrq1998,Benin,BEN,Sub-Saharan Africa,Lower middle income,1998,rq,2,-0.2501344,0.4123728,-0.9264258,0.426157,50.917817,6.503705,40.2517409,61.5838932,..,..,..,..,..,..,..,..,..,..,..,..,..,..,..,..,..,0.5,..,..,..,..,..,..,..,..,..,..,..,..,..,..,..,..,0.5
BFArq1998,Burkina Faso,BFA,Sub-Saharan Africa,Low income,1998,rq,3,-0.36436799999999997,0.35839879999999996,-0.9521419999999999,0.223406,49.1161909,5.6524579,39.846159899999996,58.386221899999995,..,..,..,..,..,..,..,..,..,..,..,..,..,..,..,..,..,0.5,..,..,..,..,..,..,..,..,..,0.7272727,..,..,..,..,..,..,0.375
BGDrq1998,Bangladesh,BGD,South Asia,Lower middle income,1998,rq,4,-1.1507752,0.2792826,-1.6087987,-0.6927517,36.7134321,4.4046837,29.489750899999997,43.9371134,..,..,..,..,..,..,..,..,..,0.1785714,..,..,..,..,..,..,..,0.39999999999999997,..,..,..,..,..,..,..,..,..,0.4545455,..,..,..,..,..,..,0.375
BGRrq1998,Bulgaria,BGR,Europe & Central Asia,High income,1998,rq,5,0.1029515,0.2526091,-0.3113274,0.5172304,56.486483299999996,3.9840041,49.9527165,63.0202501,..,..,..,..,..,..,..,..,0.5,0.5357143,..,..,..,..,..,..,..,0.6,..,..,..,..,..,..,..,..,..,0.8181818,..,..,..,..,..,..,0.5416667
BHRrq1998,Bahrain,BHR,Middle East & North Africa,High income,1998,rq,4,0.5256756,0.2792826,0.06765209999999999,0.9836990999999999,63.153442899999995,4.4046837,55.9297616,70.3771242,..,..,..,..,..,..,..,..,..,0.5,..,..,..,..,..,..,..,0.6,..,..,..,..,..,..,..,..,..,0.7272727,..,..,..,..,..,..,0.8333332999999999
BHSrq1998,"Bahamas, The",BHS,Latin America & Caribbean,High income,1998,rq,3,0.9769276,0.35839879999999996,0.3891536,1.5647016,70.27032799999999,5.6524579,61.000296999999996,79.540359,..,..,..,..,..,..,..,..,..,..,..,..,..,..,..,..,..,0.6,..,..,..,..,..,..,..,..,..,0.8181818,..,..,..,..,..,..,0.8333332999999999
BIHrq1998,Bosnia and Herzegovina,BIH,Europe & Central Asia,Upper middle income,1998,rq,4,-1.183833,0.2695171,-1.6258409999999999,-0.741825,36.1920637,4.250667099999999,29.2209696,43.1631578,..,..,..,..,..,..,..,..,0.25,0.4285714,..,..,..,..,..,..,..,0.19999999999999998,..,..,..,..,..,..,..,..,..,..,..,..,..,..,..,..,0.2916667
BLRrq1998,Belarus,BLR,Europe & Central Asia,Upper middle income,1998,rq,4,-1.6673643999999999,0.3066326,-2.1702418999999997,-1.1644869,28.5660866,4.836031999999999,20.634994,36.4971791,..,..,..,..,..,..,..,..,0.1666667,..,..,..,..,..,..,..,..,0.3,..,..,..,..,..,..,..,..,..,0.36363639999999997,..,..,..,..,..,..,0.3333333
BLZrq1998,Belize,BLZ,Latin America & Caribbean,Upper middle income,1998,rq,2,0.31839459999999997,0.4123728,-0.35789679999999996,0.994686,59.884327,6.503705,49.2182509,70.55040319999999,..,..,..,..,..,..,..,..,..,..,..,..,..,..,..,..,..,0.6,..,..,..,..,..,..,..,..,..,..,..,..,..,..,..,..,0.625
BMUrq1998,Bermuda,BMU,North America,High income,1998,rq,1,1.4481214,0.48491779999999995,0.6528562,2.2433866,77.7017236,7.6478427,65.1592616,90.2441856,..,..,..,..,..,..,..,..,..,..,..,..,..,..,..,..,..,..,..,..,..,..,..,..,..,..,..,..,..,..,..,..,..,..,0.9166667
BOLrq1998,Bolivia,BOL,Latin America & Caribbean,Lower middle income,1998,rq,4,0.2300837,0.2792826,-0.2279398,0.6881071999999999,58.4915387,4.4046837,51.2678574,65.71522,..,..,..,..,..,..,..,..,..,0.5357143,..,..,..,..,..,..,..,0.7,..,..,..,..,..,..,..,..,..,0.8181818,..,..,..,..,..,..,0.4583333
BRArq1998,Brazil,BRA,Latin America & Caribbean,Upper middle income,1998,rq,6,0.0692395,0.24054029999999998,-0.3252466,0.46372559999999996,55.954797199999994,3.7936623,49.7331909,62.1764034,..,..,..,..,..,..,..,..,..,0.6428571,..,..,..,..,0.4871429,..,..,0.5,..,..,..,..,..,..,..,..,..,0.4545455,..,..,..,..,0.47657689999999997,..,0.5416667
BRBrq1998,Barbados,BRB,Latin America & Caribbean,High income,1998,rq,2,1.4006562,0.4123728,0.7243647999999999,2.0769476,76.95313,6.503705,66.2870538,87.6192061,..,..,..,..,..,..,..,..,..,..,..,..,..,..,..,..,..,0.7,..,..,..,..,..,..,..,..,..,..,..,..,..,..,..,..,0.9166667
BRNrq1998,Brunei Darussalam,BRN,East Asia & Pacific,High income,1998,rq,2,0.5577641,0.403001,-0.1031575,1.2186857,63.6595241,6.3558978999999995,53.235851499999995,74.0831967,..,..,..,..,..,..,..,..,..,..,..,..,..,..,..,..,..,..,..,..,..,..,..,..,..,..,..,0.5454545,..,..,..,..,..,..,0.8333332999999999
BTNrq1998,Bhutan,BTN,South Asia,Lower middle income,1998,rq,1,-0.1502426,0.48491779999999995,-0.9455078,0.6450226,52.4932526,7.6478427,39.9507906,65.03571459999999,..,..,..,..,..,..,..,..,..,..,..,..,..,..,..,..,..,..,..,..,..,..,..,..,..,..,..,..,..,..,..,..,..,..,0.5416667
BWArq1998,Botswana,BWA,Sub-Saharan Africa,Upper middle income,1998,rq,4,0.8544022,0.2792826,0.3963787,1.3124257,68.3379284,4.4046837,61.1142471,75.5616096,..,..,..,..,..,..,..,..,..,0.6785713999999999,..,..,..,..,..,..,..,0.6,..,..,..,..,..,..,..,..,..,0.9090908999999999,..,..,..,..,..,..,0.7083332999999999
CAFrq1998,Central African Republic,CAF,Sub-Saharan Africa,Low income,1998,rq,1,-1.3934147,0.48491779999999995,-2.1886799,-0.5981495,32.8866625,7.6478427,20.3442005,45.4291245,..,..,..,..,..,..,..,..,..,..,..,..,..,..,..,..,..,..,..,..,..,..,..,..,..,..,..,..,..,..,..,..,..,..,0.25
CANrq1998,Canada,CAN,North America,High income,1998,rq,6,1.4848652999999998,0.24054029999999998,1.0903791999999999,1.8793514,78.2812271,3.7936623,72.0596209,84.50283329999999,..,..,..,..,..,..,..,..,..,0.8928571,..,..,..,..,0.6509524,..,..,0.6,..,..,..,..,..,..,..,..,..,0.7272727,..,..,..,..,0.6069692,..,1
CHErq1998,Switzerland,CHE,Europe & Central Asia,High income,1998,rq,6,1.4873589999999999,0.24054029999999998,1.0928729,1.8818450999999998,78.32055629999999,3.7936623,72.0989501,84.54216249999999,..,..,..,..,..,..,..,..,..,0.9285713999999999,..,..,..,..,0.6169047999999999,..,..,0.7999999999999999,..,..,..,..,..,..,..,..,..,0.4545455,..,..,..,..,0.6409538,..,1
CHLrq1998,Chile,CHL,Latin America & Caribbean,High income,1998,rq,6,1.2496037,0.24054029999999998,0.8551175999999999,1.6440898,74.57081749999999,3.7936623,68.3492112,80.7924237,..,..,..,..,..,..,..,..,..,0.8571428999999999,..,..,..,..,0.6245238,..,..,0.6,..,..,..,..,..,..,..,..,..,0.7272727,..,..,..,..,0.5862999999999999,..,0.875
CHNrq1998,China,CHN,East Asia & Pacific,Upper middle income,1998,rq,6,-0.39208479999999996,0.24054029999999998,-0.7865709,0.0024013,48.6790576,3.7936623,42.457451299999995,54.9006638,..,..,..,..,..,..,..,..,..,0.39285709999999996,..,..,..,..,0.5288094999999999,..,..,0.5,..,..,..,..,..,..,..,..,..,0.4545455,..,..,..,..,0.4627846,..,0.4166667
CIVrq1998,Côte d’Ivoire,CIV,Sub-Saharan Africa,Lower middle income,1998,rq,4,-0.42914569999999996,0.2792826,-0.8871692,0.0288778,48.0945545,4.4046837,40.8708732,55.3182358,..,..,..,..,..,..,..,..,..,0.3214286,..,..,..,..,..,..,..,0.5,..,..,..,..,..,..,..,..,..,0.7272727,..,..,..,..,..,..,0.4583333
CMRrq1998,Cameroon,CMR,Sub-Saharan Africa,Lower middle income,1998,rq,4,-0.8993762999999999,0.2792826,-1.3573998,-0.4413528,40.6783499,4.4046837,33.4546687,47.902031199999996,..,..,..,..,..,..,..,..,..,0.2857143,..,..,..,..,..,..,..,0.39999999999999997,..,..,..,..,..,..,..,..,..,0.6363635999999999,..,..,..,..,..,..,0.2916667
CODrq1998,"Congo, Dem. Rep.",COD,Sub-Saharan Africa,Low income,1998,rq,3,-2.5860504,0.35839879999999996,-3.1738244,-1.9982764,14.0771032,5.6524579,4.8070721999999995,23.3471342,..,..,..,..,..,..,..,..,..,..,..,..,..,..,..,..,..,0.09999999999999999,..,..,..,..,..,..,..,..,..,0,..,..,..,..,..,..,0.125
COGrq1998,"Congo, Rep.",COG,Sub-Saharan Africa,Lower middle income,1998,rq,3,-1.6109577,0.35839879999999996,-2.1987316999999997,-1.0231837,29.455700399999998,5.6524579,20.1856694,38.7257314,..,..,..,..,..,..,..,..,..,..,..,..,..,..,..,..,..,0.3,..,..,..,..,..,..,..,..,..,0.2727273,..,..,..,..,..,..,0.25
COLrq1998,Colombia,COL,Latin America & Caribbean,Upper middle income,1998,rq,6,-0.3396647,0.24054029999999998,-0.7341508,0.0548214,49.505797,3.7936623,43.2841908,55.7274032,..,..,..,..,..,..,..,..,..,0.5714286,..,..,..,..,0.4019048,..,..,0.7,..,..,..,..,..,..,..,..,..,0.2727273,..,..,..,..,0.4052385,..,0.4166667
COMrq1998,Comoros,COM,Sub-Saharan Africa,Lower middle income,1998,rq,1,-1.5710107999999998,0.48491779999999995,-2.366276,-0.7757455999999999,30.0857197,7.6478427,17.543257699999998,42.6281817,..,..,..,..,..,..,..,..,..,..,..,..,..,..,..,..,..,..,..,..,..,..,..,..,..,..,..,..,..,..,..,..,..,..,0.2083333
CPVrq1998,Cabo Verde,CPV,Sub-Saharan Africa,Upper middle income,1998,rq,1,-0.4561125,0.6264067999999999,-1.4834197,0.5711946999999999,47.669249799999996,9.8793256,31.467155799999997,63.8713438,..,..,..,..,..,..,..,..,..,..,..,..,..,..,..,..,..,0.39999999999999997,..,..,..,..,..,..,..,..,..,..,..,..,..,..,..,..,..
CRIrq1998,Costa Rica,CRI,Latin America & Caribbean,High income,1998,rq,5,0.5021363,0.2637523,0.06958249999999999,0.9346901,62.7821947,4.1597487,55.960206799999995,69.6041826,..,..,..,..,..,..,..,..,..,0.7142856999999999,..,..,..,..,0.30374999999999996,..,..,0.6,..,..,..,..,..,..,..,..,..,0.8181818,..,..,..,..,..,..,0.7083332999999999
CUBrq1998,Cuba,CUB,Latin America & Caribbean,Upper middle income,1998,rq,4,-1.3347866,0.2792826,-1.7928100999999999,-0.8767630999999999,33.811310899999995,4.4046837,26.587629699999997,41.0349922,..,..,..,..,..,..,..,..,..,0.2142857,..,..,..,..,..,..,..,0.09999999999999999,..,..,..,..,..,..,..,..,..,0.4545455,..,..,..,..,..,..,0.375
CYMrq1998,Cayman Islands,CYM,Latin America & Caribbean,High income,1998,rq,1,1.2705252999999999,0.48491779999999995,0.47526009999999996,2.0657905,74.90078079999999,7.6478427,62.3583188,87.4432428,..,..,..,..,..,..,..,..,..,..,..,..,..,..,..,..,..,..,..,..,..,..,..,..,..,..,..,..,..,..,..,..,..,..,0.875
CYPrq1998,Cyprus,CYP,Europe & Central Asia,High income,1998,rq,4,0.9251782,0.2792826,0.4671547,1.3832016999999999,69.45416639999999,4.4046837,62.230485099999996,76.6778477,..,..,..,..,..,..,..,..,..,0.6785713999999999,..,..,..,..,..,..,..,0.6,..,..,..,..,..,..,..,..,..,0.7272727,..,..,..,..,..,..,0.875
CZErq1998,Czechia,CZE,Europe & Central Asia,High income,1998,rq,7,0.5138107,0.22286309999999998,0.14831519999999998,0.8793061999999999,62.9663166,3.5148677999999998,57.2019333,68.7306998,..,..,..,..,..,..,..,..,0.6108333,0.5357143,..,..,..,..,0.5321429,..,..,0.7999999999999999,..,..,..,..,..,..,..,..,..,0.7272727,..,..,..,..,0.5024769,..,0.75
DEUrq1998,Germany,DEU,Europe & Central Asia,High income,1998,rq,6,1.2215808,0.24054029999999998,0.8270947,1.6160668999999999,74.1288565,3.7936623,67.9072503,80.3504627,..,..,..,..,..,..,..,..,..,0.8214286,..,..,..,..,0.5714286,..,..,0.6,..,..,..,..,..,..,..,..,..,0.7272727,..,..,..,..,0.5441385,..,1
DJIrq1998,Djibouti,DJI,Middle East & North Africa,Lower middle income,1998,rq,2,-0.8922998999999999,0.4123728,-1.5685913,-0.2160085,40.7899548,6.503705,30.1238787,51.456030999999996,..,..,..,..,..,..,..,..,..,..,..,..,..,..,..,..,..,0.5,..,..,..,..,..,..,..,..,..,..,..,..,..,..,..,..,0.2916667
DMArq1998,Dominica,DMA,Latin America & Caribbean,Upper middle income,1998,rq,1,0.7377372999999999,0.48491779999999995,-0.0575279,1.5330024999999998,66.4979572,7.6478427,53.955495199999994,79.0404191,..,..,..,..,..,..,..,..,..,..,..,..,..,..,..,..,..,..,..,..,..,..,..,..,..,..,..,..,..,..,..,..,..,..,0.75
DNKrq1998,Denmark,DNK,Europe & Central Asia,High income,1998,rq,6,1.599314,0.24054029999999998,1.2048279,1.9938000999999999,80.08624569999999,3.7936623,73.8646395,86.3078519,..,..,..,..,..,..,..,..,..,0.9285713999999999,..,..,..,..,0.6395238,..,..,0.7,..,..,..,..,..,..,..,..,..,0.6363635999999999,..,..,..,..,0.6632769,..,1
DOMrq1998,Dominican Republic,DOM,Latin America & Caribbean,Upper middle income,1998,rq,4,-0.0691373,0.2792826,-0.5271608,0.38888619999999996,53.7723984,4.4046837,46.5487172,60.996079699999996,..,..,..,..,..,..,..,..,..,0.39285709999999996,..,..,..,..,..,..,..,0.5,..,..,..,..,..,..,..,..,..,0.9090908999999999,..,..,..,..,..,..,0.5
DZArq1998,Algeria,DZA,Middle East & North Africa,Upper middle income,1998,rq,4,-0.9709855,0.2792826,-1.429009,-0.512962,39.548971099999996,4.4046837,32.3252898,46.7726524,..,..,..,..,..,..,..,..,..,0.3214286,..,..,..,..,..,..,..,0.5,..,..,..,..,..,..,..,..,..,0.4545455,..,..,..,..,..,..,0.25
ECUrq1998,Ecuador,ECU,Latin America & Caribbean,Upper middle income,1998,rq,4,-0.10125239999999999,0.2792826,-0.5592758999999999,0.3567711,53.2658977,4.4046837,46.0422164,60.489579,..,..,..,..,..,..,..,..,..,0.5357143,..,..,..,..,..,..,..,0.6,..,..,..,..,..,..,..,..,..,0.5454545,..,..,..,..,..,..,0.4583333
EGYrq1998,"Egypt, Arab Rep.",EGY,Middle East & North Africa,Lower middle income,1998,rq,5,-0.30083129999999997,0.2637523,-0.7333851,0.1317225,50.1182549,4.1597487,43.296267,56.9402428,..,..,..,..,..,..,..,..,..,0.3571429,..,..,..,..,0.5083333,..,..,0.6,..,..,..,..,..,..,..,..,..,0.7272727,..,..,..,..,..,..,0.4166667
ERIrq1998,Eritrea,ERI,Sub-Saharan Africa,Low income,1998,rq,1,-1.3934147,0.48491779999999995,-2.1886799,-0.5981495,32.8866625,7.6478427,20.3442005,45.4291245,..,..,..,..,..,..,..,..,..,..,..,..,..,..,..,..,..,..,..,..,..,..,..,..,..,..,..,..,..,..,..,..,..,..,0.25
ESPrq1998,Spain,ESP,Europe & Central Asia,High income,1998,rq,6,1.2657650999999999,0.24054029999999998,0.8712789999999999,1.6602511999999998,74.8257057,3.7936623,68.6040995,81.0473119,..,..,..,..,..,..,..,..,..,0.7857143,..,..,..,..,0.5866667,..,..,0.7,..,..,..,..,..,..,..,..,..,0.9090908999999999,..,..,..,..,0.5306538,..,0.9166667
ESTrq1998,Estonia,EST,Europe & Central Asia,High income,1998,rq,5,0.8605834,0.2526091,0.4463045,1.2748623,68.4354147,3.9840041,61.9016479,74.96918149999999,..,..,..,..,..,..,..,..,0.5558333,0.75,..,..,..,..,..,..,..,0.7999999999999999,..,..,..,..,..,..,..,..,..,0.7272727,..,..,..,..,..,..,0.7916667
ETHrq1998,Ethiopia,ETH,Sub-Saharan Africa,,1998,rq,4,-1.2180604,0.2792826,-1.6760838999999998,-0.7600369,35.6522489,4.4046837,28.4285677,42.8759302,..,..,..,..,..,..,..,..,..,0.1071429,..,..,..,..,..,..,..,0.3,..,..,..,..,..,..,..,..,..,0.8181818,..,..,..,..,..,..,0.25
FINrq1998,Finland,FIN,Europe & Central Asia,High income,1998,rq,6,1.7017749,0.24054029999999998,1.3072888,2.0962609999999997,81.7021997,3.7936623,75.4805934,87.92380589999999,..,..,..,..,..,..,..,..,..,0.8928571,..,..,..,..,0.7257142999999999,..,..,0.6,..,..,..,..,..,..,..,..,..,0.8181818,..,..,..,..,0.6685076999999999,..,1
FJIrq1998,Fiji,FJI,East Asia & Pacific,Upper middle income,1998,rq,2,-0.2501344,0.4123728,-0.9264258,0.426157,50.917817,6.503705,40.2517409,61.5838932,..,..,..,..,..,..,..,..,..,..,..,..,..,..,..,..,..,0.5,..,..,..,..,..,..,..,..,..,..,..,..,..,..,..,..,0.5
FRArq1998,France,FRA,Europe & Central Asia,High income,1998,rq,6,0.8377412999999999,0.24054029999999998,0.44325519999999996,1.2322274,68.0751623,3.7936623,61.8535561,74.2967685,..,..,..,..,..,..,..,..,..,0.75,..,..,..,..,0.5190475999999999,..,..,0.5,..,..,..,..,..,..,..,..,..,0.7272727,..,..,..,..,0.4828692,..,0.9166667
GABrq1998,Gabon,GAB,Sub-Saharan Africa,Upper middle income,1998,rq,4,-0.0162121,0.2792826,-0.4742356,0.44181139999999997,54.607104,4.4046837,47.3834227,61.830785299999995,..,..,..,..,..,..,..,..,..,0.3571429,..,..,..,..,..,..,..,0.7,..,..,..,..,..,..,..,..,..,0.7272727,..,..,..,..,..,..,0.5833332999999999
GBRrq1998,United Kingdom,GBR,Europe & Central Asia,High income,1998,rq,6,1.8835992,0.24054029999999998,1.4891131,2.2780853,84.56982719999999,3.7936623,78.3482209,90.7914334,..,..,..,..,..,..,..,..,..,0.8928571,..,..,..,..,0.7204762,..,..,0.7999999999999999,..,..,..,..,..,..,..,..,..,0.9090908999999999,..,..,..,..,0.6694384999999999,..,1
GEOrq1998,Georgia,GEO,Europe & Central Asia,Upper middle income,1998,rq,3,-0.8405581,0.3384282,-1.3955803,-0.2855359,41.605996499999996,5.337492999999999,32.8525079,50.3594851,..,..,..,..,..,..,..,..,0.5,..,..,..,..,..,..,..,..,0.39999999999999997,..,..,..,..,..,..,..,..,..,..,..,..,..,..,..,..,0.3333333
GHArq1998,Ghana,GHA,Sub-Saharan Africa,Lower middle income,1998,rq,4,-0.3021176,0.2792826,-0.7601411,0.1559059,50.097968099999996,4.4046837,42.8742868,57.3216494,..,..,..,..,..,..,..,..,..,0.3571429,..,..,..,..,..,..,..,0.5,..,..,..,..,..,..,..,..,..,0.7272727,..,..,..,..,..,..,0.5
GINrq1998,Guinea,GIN,Sub-Saharan Africa,Lower middle income,1998,rq,3,-0.7911556,0.35839879999999996,-1.3789296,-0.2033816,42.3851441,5.6524579,33.115113099999995,51.6551751,..,..,..,..,..,..,..,..,..,..,..,..,..,..,..,..,..,0.5,..,..,..,..,..,..,..,..,..,0.6363635999999999,..,..,..,..,..,..,0.25
GMBrq1998,"Gambia, The",GMB,Sub-Saharan Africa,Low income,1998,rq,3,-0.6411759,0.35839879999999996,-1.2289499,-0.053401899999999995,44.750537099999995,5.6524579,35.4805061,54.020568,..,..,..,..,..,..,..,..,..,..,..,..,..,..,..,..,..,0.3,..,..,..,..,..,..,..,..,..,0.7272727,..,..,..,..,..,..,0.375
GNBrq1998,Guinea-Bissau,GNB,Sub-Saharan Africa,Low income,1998,rq,3,-1.6136131,0.35839879999999996,-2.2013871,-1.0258391,29.413820899999997,5.6524579,20.143789899999998,38.6838519,..,..,..,..,..,..,..,..,..,..,..,..,..,..,..,..,..,0.19999999999999998,..,..,..,..,..,..,..,..,..,0.36363639999999997,..,..,..,..,..,..,0.25
GNQrq1998,Equatorial Guinea,GNQ,Sub-Saharan Africa,Upper middle income,1998,rq,3,-1.7193668,0.3026673,-2.2157412,-1.2229923999999999,27.745934799999997,4.7734936,19.9174054,35.574464299999995,..,..,..,..,..,..,..,..,..,0.0714286,..,..,..,..,..,..,..,0.19999999999999998,..,..,..,..,..,..,..,..,..,..,..,..,..,..,..,..,0.2916667
GRCrq1998,Greece,GRC,Europe & Central Asia,High income,1998,rq,6,0.6535704,0.24054029999999998,0.2590843,1.0480565,65.17052559999999,3.7936623,58.9489193,71.3921318,..,..,..,..,..,..,..,..,..,0.75,..,..,..,..,0.45357139999999996,..,..,0.5,..,..,..,..,..,..,..,..,..,0.8181818,..,..,..,..,0.4790154,..,0.75
GRDrq1998,Grenada,GRD,Latin America & Caribbean,Upper middle income,1998,rq,1,0.3825454,0.48491779999999995,-0.41271979999999997,1.1778106,60.8960763,7.6478427,48.3536143,73.43853829999999,..,..,..,..,..,..,..,..,..,..,..,..,..,..,..,..,..,..,..,..,..,..,..,..,..,..,..,..,..,..,..,..,..,..,0.6666667
GTMrq1998,Guatemala,GTM,Latin America & Caribbean,Upper middle income,1998,rq,5,-0.4992453,0.2637523,-0.9317991,-0.0666915,46.9889842,4.1597487,40.1669963,53.810972199999995,..,..,..,..,..,..,..,..,..,0.4285714,..,..,..,..,0.25958329999999996,..,..,0.6,..,..,..,..,..,..,..,..,..,0.6363635999999999,..,..,..,..,..,..,0.4583333
GUFrq1998,French Guiana,GUF,,,1998,rq,1,0.9153334,0.48491779999999995,0.1200682,1.7105986,69.2988999,7.6478427,56.756437999999996,81.8413619,..,..,..,..,..,..,..,..,..,..,..,..,..,..,..,..,..,..,..,..,..,..,..,..,..,..,..,..,..,..,..,..,..,..,0.7916667
GUYrq1998,Guyana,GUY,Latin America & Caribbean,High income,1998,rq,3,-0.170342,0.35839879999999996,-0.758116,0.41743199999999997,52.1762565,5.6524579,42.9062255,61.4462875,..,..,..,..,..,..,..,..,..,..,..,..,..,..,..,..,..,0.5,..,..,..,..,..,..,..,..,..,0.7272727,..,..,..,..,..,..,0.4583333
HKGrq1998,"Hong Kong SAR, China",HKG,East Asia & Pacific,High income,1998,rq,6,1.383087,0.24054029999999998,0.9886009,1.7775731,76.67603869999999,3.7936623,70.4544325,82.8976449,..,..,..,..,..,..,..,..,..,0.7857143,..,..,..,..,0.7802380999999999,..,..,0.8999999999999999,..,..,..,..,..,..,..,..,..,0.5454545,..,..,..,..,0.7298,..,0.7083332999999999
HNDrq1998,Honduras,HND,Latin America & Caribbean,Lower middle income,1998,rq,5,-0.7614027999999999,0.2637523,-1.1939566,-0.328849,42.854388,4.1597488,36.0324001,49.676376,..,..,..,..,..,..,..,..,..,0.4285714,..,..,..,..,0.19125,..,..,0.5,..,..,..,..,..,..,..,..,..,0.6363635999999999,..,..,..,..,..,..,0.375
HRVrq1998,Croatia,HRV,Europe & Central Asia,High income,1998,rq,5,-0.3353018,0.2526091,-0.7495807,0.0789771,49.5746061,3.9840041,43.040839399999996,56.1083729,..,..,..,..,..,..,..,..,0.5,0.4285714,..,..,..,..,..,..,..,0.5,..,..,..,..,..,..,..,..,..,0.5454545,..,..,..,..,..,..,0.5416667
HTIrq1998,Haiti,HTI,Latin America & Caribbean,Lower middle income,1998,rq,3,-1.4169317,0.35839879999999996,-2.0047056999999997,-0.8291577,32.515766,5.6524579,23.245735,41.785796999999995,..,..,..,..,..,..,..,..,..,..,..,..,..,..,..,..,..,0.3,..,..,..,..,..,..,..,..,..,0.2727273,..,..,..,..,..,..,0.3333333
HUNrq1998,Hungary,HUN,Europe & Central Asia,High income,1998,rq,7,0.727756,0.22286309999999998,0.3622605,1.0932515,66.3405379,3.5148677999999998,60.576154599999995,72.1049211,..,..,..,..,..,..,..,..,0.6383333,0.6428571,..,..,..,..,0.5690476,..,..,0.7,..,..,..,..,..,..,..,..,..,0.8181818,..,..,..,..,0.5278077,..,0.75
IDNrq1998,Indonesia,IDN,East Asia & Pacific,Upper middle income,1998,rq,6,-0.5590187999999999,0.24054029999999998,-0.9535049,-0.1645327,46.0462712,3.7936623,39.824664999999996,52.2678775,..,..,..,..,..,..,..,..,..,0.5,..,..,..,..,0.4054762,..,..,0.5,..,..,..,..,..,..,..,..,..,0.2727273,..,..,..,..,0.4405692,..,0.375
INDrq1998,India,IND,South Asia,Lower middle income,1998,rq,6,-0.5863328,0.24054029999999998,-0.9808188999999999,-0.19184669999999998,45.615490699999995,3.7936623,39.3938844,51.8370969,..,..,..,..,..,..,..,..,..,0.39285709999999996,..,..,..,..,0.5188094999999999,..,..,0.3,..,..,..,..,..,..,..,..,..,0.36363639999999997,..,..,..,..,0.43079999999999996,..,0.4583333
IRLrq1998,Ireland,IRL,Europe & Central Asia,High income,1998,rq,6,1.6007472,0.24054029999999998,1.2062610999999999,1.9952333,80.1088493,3.7936623,73.88724309999999,86.3304555,..,..,..,..,..,..,..,..,..,0.8571428999999999,..,..,..,..,0.7161905,..,..,0.7,..,..,..,..,..,..,..,..,..,0.8181818,..,..,..,..,0.6564154,..,0.9166667
IRNrq1998,"Iran, Islamic Rep.",IRN,Middle East & North Africa,Upper middle income,1998,rq,4,-1.6804827999999998,0.2792826,-2.1385063,-1.2224593,28.3591908,4.4046837,21.135509499999998,35.582872,..,..,..,..,..,..,..,..,..,0.1071429,..,..,..,..,..,..,..,0.09999999999999999,..,..,..,..,..,..,..,..,..,0.36363639999999997,..,..,..,..,..,..,0.3333333
IRQrq1998,Iraq,IRQ,Middle East & North Africa,Upper middle income,1998,rq,4,-2.0979519,0.2792826,-2.5559754,-1.6399283999999998,21.775109999999998,4.4046837,14.551428699999999,28.998791299999997,..,..,..,..,..,..,..,..,..,0.1785714,..,..,..,..,..,..,..,0.09999999999999999,..,..,..,..,..,..,..,..,..,0.2727273,..,..,..,..,..,..,0
ISLrq1998,Iceland,ISL,Europe & Central Asia,High income,1998,rq,5,1.0790768,0.2857417,0.6104604,1.5476931999999999,71.881366,4.506552699999999,64.4906196,79.2721123,..,..,..,..,..,..,..,..,..,..,..,..,..,..,0.62,..,..,0.6,..,..,..,..,..,..,..,..,..,0.6363635999999999,..,..,..,..,0.5604769,..,1
ISRrq1998,Israel,ISR,Middle East & North Africa,High income,1998,rq,6,0.8735322,0.24054029999999998,0.4790461,1.2680183,68.63963559999999,3.7936623,62.418029399999995,74.8612419,..,..,..,..,..,..,..,..,..,0.7142856999999999,..,..,..,..,0.5407143,..,..,0.7,..,..,..,..,..,..,..,..,..,0.7272727,..,..,..,..,0.5700308,..,0.75
ITArq1998,Italy,ITA,Europe & Central Asia,High income,1998,rq,6,0.7008652999999999,0.24054029999999998,0.30637919999999996,1.0953514,65.9164333,3.7936623,59.6948271,72.13803949999999,..,..,..,..,..,..,..,..,..,0.75,..,..,..,..,0.4502381,..,..,0.7,..,..,..,..,..,..,..,..,..,0.7272727,..,..,..,..,0.4360231,..,0.7916667
JAMrq1998,Jamaica,JAM,Latin America & Caribbean,Upper middle income,1998,rq,4,0.2403377,0.2792826,-0.21768579999999998,0.6983612,58.653258799999996,4.4046837,51.429577599999995,65.8769401,..,..,..,..,..,..,..,..,..,0.5357143,..,..,..,..,..,..,..,0.6,..,..,..,..,..,..,..,..,..,0.7272727,..,..,..,..,..,..,0.5833332999999999
JORrq1998,Jordan,JOR,Middle East & North Africa,Lower middle income,1998,rq,5,0.1751268,0.2637523,-0.25742699999999996,0.6076806,57.6247903,4.1597487,50.8028024,64.4467782,..,..,..,..,..,..,..,..,..,0.4285714,..,..,..,..,0.5485713999999999,..,..,0.7,..,..,..,..,..,..,..,..,..,0.8181818,..,..,..,..,..,..,0.5416667
JPNrq1998,Japan,JPN,East Asia & Pacific,High income,1998,rq,6,0.395335,0.24054029999999998,0.0008489,0.7898210999999999,61.0977865,3.7936623,54.8761802,67.3193927,..,..,..,..,..,..,..,..,..,0.7142856999999999,..,..,..,..,0.4766667,..,..,0.5,..,..,..,..,..,..,..,..,..,0.4545455,..,..,..,..,0.4231231,..,0.8333332999999999
KAZrq1998,Kazakhstan,KAZ,Europe & Central Asia,Upper middle income,1998,rq,5,-0.7054359,0.2526091,-1.1197148,-0.291157,43.7370656,3.9840041,37.2032988,50.270832399999996,..,..,..,..,..,..,..,..,0.5,0.2857143,..,..,..,..,..,..,..,0.3,..,..,..,..,..,..,..,..,..,0.7272727,..,..,..,..,..,..,0.4166667
KENrq1998,Kenya,KEN,Sub-Saharan Africa,Lower middle income,1998,rq,4,-0.5099642,0.2792826,-0.9679877,-0.0519407,46.819931999999994,4.4046837,39.5962507,54.043613199999996,..,..,..,..,..,..,..,..,..,0.3214286,..,..,..,..,..,..,..,0.6,..,..,..,..,..,..,..,..,..,0.5454545,..,..,..,..,..,..,0.4583333
KGZrq1998,Kyrgyz Republic,KGZ,Europe & Central Asia,Lower middle income,1998,rq,3,-0.5441429999999999,0.3384282,-1.0991651999999998,0.0108792,46.2808837,5.337492999999999,37.5273952,55.034372299999994,..,..,..,..,..,..,..,..,0.5,..,..,..,..,..,..,..,..,0.5,..,..,..,..,..,..,..,..,..,..,..,..,..,..,..,..,0.4166667
KHMrq1998,Cambodia,KHM,East Asia & Pacific,Lower middle income,1998,rq,3,-0.3356456,0.3026673,-0.83202,0.1607288,49.5691839,4.7734936,41.7406545,57.3977134,..,..,..,..,..,..,..,..,..,0.46428569999999997,..,..,..,..,..,..,..,0.5,..,..,..,..,..,..,..,..,..,..,..,..,..,..,..,..,0.4166667
KORrq1998,"Korea, Rep.",KOR,East Asia & Pacific,High income,1998,rq,6,0.1171564,0.24054029999999998,-0.2773297,0.5116425,56.7105147,3.7936623,50.4889085,62.932120999999995,..,..,..,..,..,..,..,..,..,0.6428571,..,..,..,..,0.47619049999999996,..,..,0.6,..,..,..,..,..,..,..,..,..,0.4545455,..,..,..,..,0.37437689999999996,..,0.6666667
KWTrq1998,Kuwait,KWT,Middle East & North Africa,High income,1998,rq,4,-0.5037683,0.2792826,-0.9617918,-0.045744799999999995,46.917650099999996,4.4046837,39.6939688,54.1413314,..,..,..,..,..,..,..,..,..,0.3571429,..,..,..,..,..,..,..,0.39999999999999997,..,..,..,..,..,..,..,..,..,0.2727273,..,..,..,..,..,..,0.7083332999999999
LAOrq1998,Lao PDR,LAO,East Asia & Pacific,Lower middle income,1998,rq,2,-1.3683520999999998,0.4123728,-2.0446435,-0.6920607,33.2819353,6.503705,22.6158592,43.9480115,..,..,..,..,..,..,..,..,..,..,..,..,..,..,..,..,..,0.09999999999999999,..,..,..,..,..,..,..,..,..,..,..,..,..,..,..,..,0.375
LBNrq1998,Lebanon,LBN,Middle East & North Africa,Lower middle income,1998,rq,4,-0.592395,0.2792826,-1.0504185,-0.1343715,45.5198811,4.4046837,38.2961999,52.743562399999995,..,..,..,..,..,..,..,..,..,0.3214286,..,..,..,..,..,..,..,0.6,..,..,..,..,..,..,..,..,..,0.4545455,..,..,..,..,..,..,0.4583333
LBRrq1998,Liberia,LBR,Sub-Saharan Africa,Low income,1998,rq,2,-2.2140391999999998,0.403001,-2.8749607999999998,-1.5531176,19.944248299999998,6.3558978999999995,9.5205758,30.367920899999998,..,..,..,..,..,..,..,..,..,..,..,..,..,..,..,..,..,..,..,..,..,..,..,..,..,..,..,0.18181819999999999,..,..,..,..,..,..,0.125
LBYrq1998,Libya,LBY,Middle East & North Africa,Upper middle income,1998,rq,4,-1.7983015999999998,0.2792826,-2.2563250999999998,-1.3402781,26.5010209,4.4046837,19.277339599999998,33.724702199999996,..,..,..,..,..,..,..,..,..,0.1071429,..,..,..,..,..,..,..,0.09999999999999999,..,..,..,..,..,..,..,..,..,0.36363639999999997,..,..,..,..,..,..,0.25
LIErq1998,Liechtenstein,LIE,Europe & Central Asia,High income,1998,rq,1,1.6257171,0.48491779999999995,0.8304518999999999,2.4209823,80.5026601,7.6478427,67.9601981,93.0451221,..,..,..,..,..,..,..,..,..,..,..,..,..,..,..,..,..,..,..,..,..,..,..,..,..,..,..,..,..,..,..,..,..,..,0.9583332999999999
LKArq1998,Sri Lanka,LKA,South Asia,Lower middle income,1998,rq,4,-0.0910463,0.2792826,-0.5490697999999999,0.3669772,53.4268624,4.4046837,46.203181099999995,60.6505437,..,..,..,..,..,..,..,..,..,0.39285709999999996,..,..,..,..,..,..,..,0.6,..,..,..,..,..,..,..,..,..,0.7272727,..,..,..,..,..,..,0.5416667
LSOrq1998,Lesotho,LSO,Sub-Saharan Africa,Lower middle income,1998,rq,2,-0.5617972,0.4123728,-1.2380886,0.11449419999999999,46.0024519,6.503705,35.3363758,56.668528099999996,..,..,..,..,..,..,..,..,..,..,..,..,..,..,..,..,..,0.39999999999999997,..,..,..,..,..,..,..,..,..,..,..,..,..,..,..,..,0.4583333
LTUrq1998,Lithuania,LTU,Europe & Central Asia,High income,1998,rq,5,0.5557076,0.2526091,0.1414287,0.9699865,63.6270902,3.9840041,57.093323399999996,70.160857,..,..,..,..,..,..,..,..,0.5275,0.75,..,..,..,..,..,..,..,0.6,..,..,..,..,..,..,..,..,..,0.5454545,..,..,..,..,..,..,0.7916667
LUXrq1998,Luxembourg,LUX,Europe & Central Asia,High income,1998,rq,5,1.3137543999999999,0.2857417,0.845138,1.7823707999999998,75.5825651,4.506552699999999,68.1918188,82.9733115,..,..,..,..,..,..,..,..,..,..,..,..,..,..,0.5880951999999999,..,..,0.7,..,..,..,..,..,..,..,..,..,0.7272727,..,..,..,..,0.6172077,..,1
LVArq1998,Latvia,LVA,Europe & Central Asia,High income,1998,rq,5,0.49730149999999995,0.2526091,0.0830226,0.9115804,62.705943,3.9840041,56.172176199999996,69.2397098,..,..,..,..,..,..,..,..,0.5558333,0.6785713999999999,..,..,..,..,..,..,..,0.7,..,..,..,..,..,..,..,..,..,0.5454545,..,..,..,..,..,..,0.75
MACrq1998,"Macao SAR, China",MAC,East Asia & Pacific,High income,1998,rq,1,0.3825454,0.48491779999999995,-0.41271979999999997,1.1778106,60.8960763,7.6478427,48.3536143,73.43853829999999,..,..,..,..,..,..,..,..,..,..,..,..,..,..,..,..,..,..,..,..,..,..,..,..,..,..,..,..,..,..,..,..,..,..,0.6666667
MARrq1998,Morocco,MAR,Middle East & North Africa,Lower middle income,1998,rq,4,-0.0229276,0.2792826,-0.48095109999999996,0.4350959,54.501191,4.4046837,47.2775098,61.724872299999994,..,..,..,..,..,..,..,..,..,0.4285714,..,..,..,..,..,..,..,0.6,..,..,..,..,..,..,..,..,..,0.7272727,..,..,..,..,..,..,0.5416667
MDArq1998,Moldova,MDA,Europe & Central Asia,Upper middle income,1998,rq,5,-0.4069139,0.2526091,-0.8211928,0.007365,48.4451816,3.9840041,41.911414799999996,54.9789484,..,..,..,..,..,..,..,..,0.5,0.5,..,..,..,..,..,..,..,0.5,..,..,..,..,..,..,..,..,..,0.36363639999999997,..,..,..,..,..,..,0.5
MDGrq1998,Madagascar,MDG,Sub-Saharan Africa,Low income,1998,rq,3,-0.8156599999999999,0.35839879999999996,-1.4034339999999998,-0.22788599999999998,41.9986749,5.6524579,32.7286439,51.2687059,..,..,..,..,..,..,..,..,..,..,..,..,..,..,..,..,..,0.3,..,..,..,..,..,..,..,..,..,0.5454545,..,..,..,..,..,..,0.4166667
MDVrq1998,Maldives,MDV,South Asia,Upper middle income,1998,rq,1,0.9153334,0.48491779999999995,0.1200682,1.7105986,69.2988999,7.6478427,56.756437999999996,81.8413619,..,..,..,..,..,..,..,..,..,..,..,..,..,..,..,..,..,..,..,..,..,..,..,..,..,..,..,..,..,..,..,..,..,..,0.7916667
MEXrq1998,Mexico,MEX,Latin America & Caribbean,Upper middle income,1998,rq,6,0.2688993,0.24054029999999998,-0.1255868,0.6633854,59.103715799999996,3.7936623,52.8821096,65.3253221,..,..,..,..,..,..,..,..,..,0.6428571,..,..,..,..,0.5083333,..,..,0.5,..,..,..,..,..,..,..,..,..,0.7272727,..,..,..,..,0.4728077,..,0.5416667
MKDrq1998,North Macedonia,MKD,Europe & Central Asia,Upper middle income,1998,rq,3,-0.5646512,0.28702069999999996,-1.0353651,-0.0939373,45.957440299999995,4.5267237,38.5336134,53.381267199999996,..,..,..,..,..,..,..,..,0.4166667,0.46428569999999997,..,..,..,..,..,..,..,..,..,..,..,..,..,..,..,..,..,..,..,..,..,..,..,..,0.4166667
MLIrq1998,Mali,MLI,Sub-Saharan Africa,Low income,1998,rq,3,-0.45872569999999996,0.35839879999999996,-1.0464997,0.1290483,47.6280359,5.6524579,38.3580049,56.898066899999996,..,..,..,..,..,..,..,..,..,..,..,..,..,..,..,..,..,0.6,..,..,..,..,..,..,..,..,..,0.6363635999999999,..,..,..,..,..,..,0.3333333
MLTrq1998,Malta,MLT,Middle East & North Africa,High income,1998,rq,3,0.8799146999999999,0.35839879999999996,0.2921407,1.4676886999999998,68.7402967,5.6524579,59.4702657,78.01032769999999,..,..,..,..,..,..,..,..,..,..,..,..,..,..,..,..,..,0.6,..,..,..,..,..,..,..,..,..,0.8181818,..,..,..,..,..,..,0.7916667
MMRrq1998,Myanmar,MMR,East Asia & Pacific,Lower middle income,1998,rq,4,-1.9077925999999998,0.2792826,-2.3658161,-1.4497691,24.7741923,4.4046837,17.550511,31.9978736,..,..,..,..,..,..,..,..,..,0.0357143,..,..,..,..,..,..,..,0.3,..,..,..,..,..,..,..,..,..,0.2727273,..,..,..,..,..,..,0.2083333
MNGrq1998,Mongolia,MNG,East Asia & Pacific,Upper middle income,1998,rq,3,-0.34482609999999997,0.35839879999999996,-0.9326000999999999,0.2429479,49.4243944,5.6524579,40.1543634,58.6944254,..,..,..,..,..,..,..,..,..,..,..,..,..,..,..,..,..,0.5,..,..,..,..,..,..,..,..,..,0.5454545,..,..,..,..,..,..,0.5
MOZrq1998,Mozambique,MOZ,Sub-Saharan Africa,Low income,1998,rq,4,-0.4880073,0.2792826,-0.9460308,-0.029983799999999998,47.1662235,4.4046837,39.9425422,54.3899048,..,..,..,..,..,..,..,..,..,0.46428569999999997,..,..,..,..,..,..,..,0.39999999999999997,..,..,..,..,..,..,..,..,..,0.4545455,..,..,..,..,..,..,0.4583333
MRTrq1998,Mauritania,MRT,Sub-Saharan Africa,Lower middle income,1998,rq,2,-0.6165936,0.4123728,-1.2928849999999998,0.059697799999999995,45.1382348,6.503705,34.4721587,55.804311,..,..,..,..,..,..,..,..,..,..,..,..,..,..,..,..,..,0.3,..,..,..,..,..,..,..,..,..,..,..,..,..,..,..,..,0.5
MTQrq1998,Martinique,MTQ,,,1998,rq,1,0.9153334,0.48491779999999995,0.1200682,1.7105986,69.2988999,7.6478427,56.756437999999996,81.8413619,..,..,..,..,..,..,..,..,..,..,..,..,..,..,..,..,..,..,..,..,..,..,..,..,..,..,..,..,..,..,..,..,..,..,0.7916667
MUSrq1998,Mauritius,MUS,Sub-Saharan Africa,Upper middle income,1998,rq,2,0.2711922,0.36311869999999996,-0.32432249999999996,0.8667069,59.1398781,5.7268981,49.7477653,68.53199099999999,..,..,..,..,..,..,..,..,..,0.5357143,..,..,..,..,..,..,..,0.6,..,..,..,..,..,..,..,..,..,..,..,..,..,..,..,..,..
MWIrq1998,Malawi,MWI,Sub-Saharan Africa,Low income,1998,rq,4,-0.1515682,0.2792826,-0.6095917,0.3064553,52.472345999999995,4.4046837,45.2486648,59.6960273,..,..,..,..,..,..,..,..,..,0.39285709999999996,..,..,..,..,..,..,..,0.5,..,..,..,..,..,..,..,..,..,0.8181818,..,..,..,..,..,..,0.5
MYSrq1998,Malaysia,MYS,East Asia & Pacific,Upper middle income,1998,rq,6,0.3917479,0.24054029999999998,-0.0027381999999999997,0.786234,61.0412128,3.7936623,54.8196066,67.262819,..,..,..,..,..,..,..,..,..,0.5357143,..,..,..,..,0.6209524,..,..,0.5,..,..,..,..,..,..,..,..,..,0.4545455,..,..,..,..,0.5691153999999999,..,0.75
NAMrq1998,Namibia,NAM,Sub-Saharan Africa,Lower middle income,1998,rq,4,0.2562624,0.2792826,-0.2017611,0.7142858999999999,58.904413999999996,4.4046837,51.6807327,66.1280953,..,..,..,..,..,..,..,..,..,0.5,..,..,..,..,..,..,..,0.7,..,..,..,..,..,..,..,..,..,0.7272727,..,..,..,..,..,..,0.5833332999999999
NERrq1998,Niger,NER,Sub-Saharan Africa,Low income,1998,rq,3,-0.8739376,0.35839879999999996,-1.4617115999999999,-0.28616359999999996,41.0795544,5.6524579,31.8095234,50.349585399999995,..,..,..,..,..,..,..,..,..,..,..,..,..,..,..,..,..,0.3,..,..,..,..,..,..,..,..,..,0.6363635999999999,..,..,..,..,..,..,0.3333333
NGArq1998,Nigeria,NGA,Sub-Saharan Africa,Lower middle income,1998,rq,4,-1.0626256,0.2792826,-1.5206491,-0.6046020999999999,38.1036766,4.4046837,30.879995299999997,45.3273578,..,..,..,..,..,..,..,..,..,0.2857143,..,..,..,..,..,..,..,0.5,..,..,..,..,..,..,..,..,..,0.36363639999999997,..,..,..,..,..,..,0.2916667
NICrq1998,Nicaragua,NIC,Latin America & Caribbean,Lower middle income,1998,rq,5,-0.6225828999999999,0.2637523,-1.0551367,-0.19002909999999998,45.0437751,4.1597488,38.2217871,51.865763,..,..,..,..,..,..,..,..,..,0.46428569999999997,..,..,..,..,0.22874999999999998,..,..,0.6,..,..,..,..,..,..,..,..,..,0.4545455,..,..,..,..,..,..,0.4583333
NLDrq1998,Netherlands,NLD,Europe & Central Asia,High income,1998,rq,6,1.7807289,0.24054029999999998,1.3862428,2.175215,82.9474164,3.7936623,76.7258102,89.16902259999999,..,..,..,..,..,..,..,..,..,0.8928571,..,..,..,..,0.6978571,..,..,0.7999999999999999,..,..,..,..,..,..,..,..,..,0.8181818,..,..,..,..,0.6549231,..,1
NORrq1998,Norway,NOR,Europe & Central Asia,High income,1998,rq,6,1.340771,0.24054029999999998,0.9462849,1.7352570999999999,76.0086553,3.7936623,69.78704909999999,82.2302615,..,..,..,..,..,..,..,..,..,0.8214286,..,..,..,..,0.6785713999999999,..,..,0.6,..,..,..,..,..,..,..,..,..,0.6363635999999999,..,..,..,..,0.6329462,..,0.9583332999999999
NPLrq1998,Nepal,NPL,South Asia,Lower middle income,1998,rq,2,-0.6165936,0.4123728,-1.2928849999999998,0.059697799999999995,45.1382348,6.503705,34.4721587,55.804311,..,..,..,..,..,..,..,..,..,..,..,..,..,..,..,..,..,0.3,..,..,..,..,..,..,..,..,..,..,..,..,..,..,..,..,0.5
NZLrq1998,New Zealand,NZL,East Asia & Pacific,High income,1998,rq,6,1.7168967,0.24054029999999998,1.3224106,2.1113828,81.94069189999999,3.7936623,75.7190857,88.1622981,..,..,..,..,..,..,..,..,..,0.8571428999999999,..,..,..,..,0.6954762,..,..,0.8999999999999999,..,..,..,..,..,..,..,..,..,0.7272727,..,..,..,..,0.7120923,..,0.9166667
OMNrq1998,Oman,OMN,Middle East & North Africa,High income,1998,rq,4,-0.0680446,0.2792826,-0.5260680999999999,0.38997889999999996,53.789631899999996,4.4046837,46.5659506,61.0133131,..,..,..,..,..,..,..,..,..,0.5,..,..,..,..,..,..,..,0.3,..,..,..,..,..,..,..,..,..,0.5454545,..,..,..,..,..,..,0.7083332999999999
PAKrq1998,Pakistan,PAK,South Asia,Lower middle income,1998,rq,4,-0.8069569999999999,0.2792826,-1.2649804999999998,-0.3489335,42.1359336,4.4046837,34.9122523,49.3596149,..,..,..,..,..,..,..,..,..,0.3571429,..,..,..,..,..,..,..,0.6,..,..,..,..,..,..,..,..,..,0.2727273,..,..,..,..,..,..,0.375
PANrq1998,Panama,PAN,Latin America & Caribbean,High income,1998,rq,4,0.5994649,0.2792826,0.1414414,1.0574884,64.317205,4.4046837,57.0935237,71.5408862,..,..,..,..,..,..,..,..,..,0.5,..,..,..,..,..,..,..,0.7999999999999999,..,..,..,..,..,..,..,..,..,0.8181818,..,..,..,..,..,..,0.7083332999999999
PERrq1998,Peru,PER,Latin America & Caribbean,Upper middle income,1998,rq,5,0.5218164,0.2637523,0.0892626,0.9543702,63.092577799999994,4.1597487,56.2705899,69.9145657,..,..,..,..,..,..,..,..,..,0.6428571,..,..,..,..,0.5511905,..,..,0.7,..,..,..,..,..,..,..,..,..,0.7272727,..,..,..,..,..,..,0.5833332999999999
PHLrq1998,Philippines,PHL,East Asia & Pacific,Lower middle income,1998,rq,6,0.1816514,0.24054029999999998,-0.2128347,0.5761375,57.727692499999996,3.7936623,51.5060863,63.9492987,..,..,..,..,..,..,..,..,..,0.6428571,..,..,..,..,0.5292857,..,..,0.5,..,..,..,..,..,..,..,..,..,0.6363635999999999,..,..,..,..,0.5034538,..,0.4583333
PNGrq1998,Papua New Guinea,PNG,East Asia & Pacific,Lower middle income,1998,rq,4,-0.5905169,0.2792826,-1.0485404,-0.13249339999999998,45.5495015,4.4046837,38.325820199999995,52.7731827,..,..,..,..,..,..,..,..,..,0.25,..,..,..,..,..,..,..,0.39999999999999997,..,..,..,..,..,..,..,..,..,0.7272727,..,..,..,..,..,..,0.5
POLrq1998,Poland,POL,Europe & Central Asia,High income,1998,rq,7,0.5580809999999999,0.22286309999999998,0.1925855,0.9235764999999999,63.6645221,3.5148677999999998,57.9001388,69.4289053,..,..,..,..,..,..,..,..,0.6383333,0.6785713999999999,..,..,..,..,0.4404762,..,..,0.6,..,..,..,..,..,..,..,..,..,0.9090908999999999,..,..,..,..,0.40464619999999996,..,0.7916667
PRIrq1998,Puerto Rico (U.S.),PRI,Latin America & Caribbean,High income,1998,rq,1,1.0929290999999999,0.48491779999999995,0.2976639,1.8881942999999999,72.0998364,7.6478427,59.5573744,84.6422984,..,..,..,..,..,..,..,..,..,..,..,..,..,..,..,..,..,..,..,..,..,..,..,..,..,..,..,..,..,..,..,..,..,..,0.8333332999999999
PRKrq1998,"Korea, Dem. People's Rep.",PRK,East Asia & Pacific,Low income,1998,rq,3,-1.965585,0.35839879999999996,-2.553359,-1.377811,23.862724,5.6524579,14.592692999999999,33.132754999999996,..,..,..,..,..,..,..,..,..,..,..,..,..,..,..,..,..,0.09999999999999999,..,..,..,..,..,..,..,..,..,0.5454545,..,..,..,..,..,..,0.0416667
PRTrq1998,Portugal,PRT,Europe & Central Asia,High income,1998,rq,6,1.146074,0.24054029999999998,0.7515879,1.5405601,72.938007,3.7936623,66.7164008,79.1596132,..,..,..,..,..,..,..,..,..,0.8214286,..,..,..,..,0.5371429,..,..,0.6,..,..,..,..,..,..,..,..,..,0.9090908999999999,..,..,..,..,0.5195077,..,0.875
PRYrq1998,Paraguay,PRY,Latin America & Caribbean,Upper middle income,1998,rq,4,-0.7961832999999999,0.2792826,-1.2542068,-0.3381598,42.3058501,4.4046837,35.0821689,49.529531399999996,..,..,..,..,..,..,..,..,..,0.25,..,..,..,..,..,..,..,0.7999999999999999,..,..,..,..,..,..,..,..,..,0.4545455,..,..,..,..,..,..,0.2916667
PSErq1998,West Bank and Gaza,PSE,Middle East & North Africa,Lower middle income,1998,rq,1,-1.2158186,0.48491779999999995,-2.0110837999999998,-0.42055339999999997,35.6876053,7.6478427,23.145143299999997,48.230067299999995,..,..,..,..,..,..,..,..,..,..,..,..,..,..,..,..,..,..,..,..,..,..,..,..,..,..,..,..,..,..,..,..,..,..,0.2916667
QATrq1998,Qatar,QAT,Middle East & North Africa,High income,1998,rq,4,-0.0773016,0.2792826,-0.5353251,0.3807219,53.6436358,4.4046837,46.419954499999996,60.867317099999994,..,..,..,..,..,..,..,..,..,0.3214286,..,..,..,..,..,..,..,0.39999999999999997,..,..,..,..,..,..,..,..,..,0.8181818,..,..,..,..,..,..,0.7083332999999999
ROUrq1998,Romania,ROU,Europe & Central Asia,High income,1998,rq,5,-0.0202141,0.2526091,-0.43449299999999996,0.3940648,54.5439868,3.9840041,48.01022,61.077753599999994,..,..,..,..,..,..,..,..,0.5,0.5,..,..,..,..,..,..,..,0.6,..,..,..,..,..,..,..,..,..,0.7272727,..,..,..,..,..,..,0.5416667
RUSrq1998,Russian Federation,RUS,Europe & Central Asia,High income,1998,rq,7,-0.8033636,0.22286309999999998,-1.1688591,-0.4378681,42.1926066,3.5148679,36.4282233,47.956989899999996,..,..,..,..,..,..,..,..,0.36083329999999997,0.46428569999999997,..,..,..,..,0.3785714,..,..,0.6,..,..,..,..,..,..,..,..,..,0.18181819999999999,..,..,..,..,0.36672309999999997,..,0.4166667
RWArq1998,Rwanda,RWA,Sub-Saharan Africa,Low income,1998,rq,2,-1.5704219,0.4123728,-2.2467132999999997,-0.8941304999999999,30.095007499999998,6.503705,19.4289314,40.7610837,..,..,..,..,..,..,..,..,..,..,..,..,..,..,..,..,..,0.19999999999999998,..,..,..,..,..,..,..,..,..,..,..,..,..,..,..,..,0.25
SAUrq1998,Saudi Arabia,SAU,Middle East & North Africa,High income,1998,rq,4,-0.2693391,0.2792826,-0.7273626,0.1886844,50.6149316,4.4046837,43.3912504,57.838612899999994,..,..,..,..,..,..,..,..,..,0.5357143,..,..,..,..,..,..,..,0.39999999999999997,..,..,..,..,..,..,..,..,..,0.5454545,..,..,..,..,..,..,0.4583333
SDNrq1998,Sudan,SDN,Sub-Saharan Africa,Low income,1998,rq,4,-1.3434282,0.2792826,-1.8014516999999999,-0.8854046999999999,33.675020599999996,4.4046837,26.4513394,40.8987019,..,..,..,..,..,..,..,..,..,0.2142857,..,..,..,..,..,..,..,0.3,..,..,..,..,..,..,..,..,..,0.4545455,..,..,..,..,..,..,0.25
SENrq1998,Senegal,SEN,Sub-Saharan Africa,Lower middle income,1998,rq,4,-0.14480479999999998,0.2792826,-0.6028283,0.31321869999999996,52.5790145,4.4046837,45.3553332,59.802695699999994,..,..,..,..,..,..,..,..,..,0.46428569999999997,..,..,..,..,..,..,..,0.5,..,..,..,..,..,..,..,..,..,0.5454545,..,..,..,..,..,..,0.5833332999999999
SGPrq1998,Singapore,SGP,East Asia & Pacific,High income,1998,rq,6,1.8830049999999998,0.24054029999999998,1.4885188999999999,2.2774910999999998,84.5604558,3.7936623,78.3388496,90.782062,..,..,..,..,..,..,..,..,..,0.8571428999999999,..,..,..,..,0.7759524,..,..,0.7999999999999999,..,..,..,..,..,..,..,..,..,0.7272727,..,..,..,..,0.7581230999999999,..,1
SLErq1998,Sierra Leone,SLE,Sub-Saharan Africa,Low income,1998,rq,3,-1.9768124999999999,0.35839879999999996,-2.5645865,-1.3890384999999998,23.6856504,5.6524579,14.415619399999999,32.955681399999996,..,..,..,..,..,..,..,..,..,..,..,..,..,..,..,..,..,0.39999999999999997,..,..,..,..,..,..,..,..,..,0,..,..,..,..,..,..,0.2083333
SLVrq1998,El Salvador,SLV,Latin America & Caribbean,Upper middle income,1998,rq,5,-0.055840499999999994,0.2637523,-0.4883943,0.3767133,53.982107899999995,4.1597488,47.1601199,60.8040958,..,..,..,..,..,..,..,..,..,0.46428569999999997,..,..,..,..,0.41833329999999996,..,..,0.7999999999999999,..,..,..,..,..,..,..,..,..,0.8181818,..,..,..,..,..,..,0.375
SOMrq1998,Federal Republic of Somalia,SOM,Sub-Saharan Africa,Low income,1998,rq,2,-2.5820244999999997,0.403001,-3.2429460999999997,-1.9211029,14.140597399999999,6.3558978999999995,3.7169247999999997,24.56427,..,..,..,..,..,..,..,..,..,..,..,..,..,..,..,..,..,..,..,..,..,..,..,..,..,..,..,0.18181819999999999,..,..,..,..,..,..,0
SRBrq1998,Serbia,SRB,Europe & Central Asia,Upper middle income,1998,rq,4,-1.7957881,0.2668488,-2.2334201,-1.3581561,26.5406624,4.2085843999999994,19.638583999999998,33.4427407,..,..,..,..,..,..,..,..,0.0833333,0.2857143,..,..,..,..,..,..,..,..,..,..,..,..,..,..,..,..,..,0.09090909999999999,..,..,..,..,..,..,0.3333333
STPrq1998,São Tomé and Príncipe,STP,Sub-Saharan Africa,Lower middle income,1998,rq,1,-0.6830305999999999,0.48491779999999995,-1.4782958,0.11223459999999999,44.090429,7.6478427,31.547967,56.632891,..,..,..,..,..,..,..,..,..,..,..,..,..,..,..,..,..,..,..,..,..,..,..,..,..,..,..,..,..,..,..,..,..,..,0.4166667
SURrq1998,Suriname,SUR,Latin America & Caribbean,Upper middle income,1998,rq,3,-0.9100174999999999,0.35839879999999996,-1.4977915,-0.32224349999999996,40.5105231,5.6524579,31.240492099999997,49.780554099999996,..,..,..,..,..,..,..,..,..,..,..,..,..,..,..,..,..,0.39999999999999997,..,..,..,..,..,..,..,..,..,0.4545455,..,..,..,..,..,..,0.375
SVKrq1998,Slovak Republic,SVK,Europe & Central Asia,High income,1998,rq,6,0.24512409999999998,0.2409431,-0.1500226,0.6402707999999999,58.7287472,3.8000152,52.496722299999995,64.96077199999999,..,..,..,..,..,..,..,..,0.6108333,0.5,..,..,..,..,0.4569048,..,..,0.5,..,..,..,..,..,..,..,..,..,0.7272727,..,..,..,..,..,..,0.7916667
SVNrq1998,Slovenia,SVN,Europe & Central Asia,High income,1998,rq,5,0.8117076,0.2526091,0.39742869999999997,1.2259864999999999,67.6645739,3.9840041,61.1308071,74.1983407,..,..,..,..,..,..,..,..,0.5275,0.6785713999999999,..,..,..,..,..,..,..,0.7,..,..,..,..,..,..,..,..,..,0.8181818,..,..,..,..,..,..,0.875
SWErq1998,Sweden,SWE,Europe & Central Asia,High income,1998,rq,6,1.1449403999999999,0.24054029999999998,0.7504543,1.5394265,72.92012849999999,3.7936623,66.6985223,79.1417347,..,..,..,..,..,..,..,..,..,0.8214286,..,..,..,..,0.5852381,..,..,0.7,..,..,..,..,..,..,..,..,..,0.5454545,..,..,..,..,0.5873537999999999,..,0.9166667
SWZrq1998,Eswatini,SWZ,Sub-Saharan Africa,Lower middle income,1998,rq,2,-0.4522041,0.4123728,-1.1284954999999999,0.2240873,47.7308908,6.5037049,37.0648147,58.396966899999995,..,..,..,..,..,..,..,..,..,..,..,..,..,..,..,..,..,0.6,..,..,..,..,..,..,..,..,..,..,..,..,..,..,..,..,0.375
SYCrq1998,Seychelles,SYC,Sub-Saharan Africa,High income,1998,rq,1,0.2049493,0.48491779999999995,-0.5903159,1.0002145,58.095133499999996,7.6478427,45.552671499999995,70.6375955,..,..,..,..,..,..,..,..,..,..,..,..,..,..,..,..,..,..,..,..,..,..,..,..,..,..,..,..,..,..,..,..,..,..,0.625
SYRrq1998,Syrian Arab Republic,SYR,Middle East & North Africa,Low income,1998,rq,4,-1.3331741,0.2792826,-1.7911975999999998,-0.8751506,33.8367424,4.4046837,26.6130611,41.0604236,..,..,..,..,..,..,..,..,..,0.2142857,..,..,..,..,..,..,..,0.19999999999999998,..,..,..,..,..,..,..,..,..,0.36363639999999997,..,..,..,..,..,..,0.375
TCDrq1998,Chad,TCD,Sub-Saharan Africa,Low income,1998,rq,2,-1.2587591,0.4123728,-1.9350505,-0.5824676999999999,35.0103726,6.503705,24.3442965,45.676448799999996,..,..,..,..,..,..,..,..,..,..,..,..,..,..,..,..,..,0.3,..,..,..,..,..,..,..,..,..,..,..,..,..,..,..,..,0.2916667
TGOrq1998,Togo,TGO,Sub-Saharan Africa,Low income,1998,rq,3,-0.9514083999999999,0.35839879999999996,-1.5391823999999998,-0.36363439999999997,39.8577298,5.6524579,30.5876988,49.1277608,..,..,..,..,..,..,..,..,..,..,..,..,..,..,..,..,..,0.3,..,..,..,..,..,..,..,..,..,0.4545455,..,..,..,..,..,..,0.4166667
THArq1998,Thailand,THA,East Asia & Pacific,Upper middle income,1998,rq,6,-0.1241654,0.24054029999999998,-0.5186514999999999,0.27032069999999997,52.904527099999996,3.7936623,46.6829209,59.1261333,..,..,..,..,..,..,..,..,..,0.5357143,..,..,..,..,0.5357143,..,..,0.6,..,..,..,..,..,..,..,..,..,0.36363639999999997,..,..,..,..,0.4402308,..,0.5
TJKrq1998,Tajikistan,TJK,Europe & Central Asia,Lower middle income,1998,rq,3,-1.7960949,0.3384282,-2.3511170999999997,-1.2410727,26.535823699999998,5.337492999999999,17.7823351,35.2893123,..,..,..,..,..,..,..,..,0.3058333,..,..,..,..,..,..,..,..,0.3,..,..,..,..,..,..,..,..,..,..,..,..,..,..,..,..,0.125
TKMrq1998,Turkmenistan,TKM,Europe & Central Asia,Upper middle income,1998,rq,3,-2.1179223,0.3384282,-2.6729445,-1.5629001,21.460148399999998,5.337492999999999,12.706659799999999,30.213637,..,..,..,..,..,..,..,..,0.0833333,..,..,..,..,..,..,..,..,0.19999999999999998,..,..,..,..,..,..,..,..,..,..,..,..,..,..,..,..,0.25
TTOrq1998,Trinidad and Tobago,TTO,Latin America & Caribbean,High income,1998,rq,4,0.5354525,0.2792826,0.077429,0.9934759999999999,63.307638499999996,4.4046837,56.0839572,70.53131979999999,..,..,..,..,..,..,..,..,..,0.5714286,..,..,..,..,..,..,..,0.7999999999999999,..,..,..,..,..,..,..,..,..,0.7272727,..,..,..,..,..,..,0.625
TUNrq1998,Tunisia,TUN,Middle East & North Africa,Lower middle income,1998,rq,4,0.10920339999999999,0.2792826,-0.34882009999999997,0.5672269,56.585084599999995,4.4046837,49.3614033,63.8087659,..,..,..,..,..,..,..,..,..,0.39285709999999996,..,..,..,..,..,..,..,0.6,..,..,..,..,..,..,..,..,..,0.8181818,..,..,..,..,..,..,0.625
TURrq1998,Türkiye,TUR,Europe & Central Asia,Upper middle income,1998,rq,6,0.10314029999999999,0.24054029999999998,-0.2913458,0.49762639999999997,56.4894609,3.7936623,50.2678547,62.711067099999994,..,..,..,..,..,..,..,..,..,0.4285714,..,..,..,..,0.5661904999999999,..,..,0.7,..,..,..,..,..,..,..,..,..,0.6363635999999999,..,..,..,..,0.5181846,..,0.5
TWNrq1998,"Taiwan, China",TWN,East Asia & Pacific,High income,1998,rq,6,0.9645199999999999,0.24054029999999998,0.5700339,1.3590061,70.0746425,3.7936623,63.8530363,76.29624869999999,..,..,..,..,..,..,..,..,..,0.7857143,..,..,..,..,0.6376189999999999,..,..,0.5,..,..,..,..,..,..,..,..,..,0.8181818,..,..,..,..,0.5702615,..,0.7083332999999999
TZArq1998,Tanzania,TZA,Sub-Saharan Africa,Lower middle income,1998,rq,4,-0.5023673,0.2792826,-0.9603908,-0.044343799999999996,46.9397459,4.4046837,39.716064599999996,54.1634272,..,..,..,..,..,..,..,..,..,0.3571429,..,..,..,..,..,..,..,0.5,..,..,..,..,..,..,..,..,..,0.6363635999999999,..,..,..,..,..,..,0.4166667
UGArq1998,Uganda,UGA,Sub-Saharan Africa,Low income,1998,rq,4,0.0190123,0.2792826,-0.4390112,0.47703579999999995,55.162642899999994,4.4046837,47.9389616,62.386324099999996,..,..,..,..,..,..,..,..,..,0.5,..,..,..,..,..,..,..,0.6,..,..,..,..,..,..,..,..,..,0.8181818,..,..,..,..,..,..,0.4166667
UKRrq1998,Ukraine,UKR,Europe & Central Asia,Upper middle income,1998,rq,6,-0.9726887999999999,0.2409431,-1.3678355,-0.5775421,39.5221077,3.8000152,33.2900828,45.7541325,..,..,..,..,..,..,..,..,0.3891667,0.39285709999999996,..,..,..,..,0.2816667,..,..,0.39999999999999997,..,..,..,..,..,..,..,..,..,0.36363639999999997,..,..,..,..,..,..,0.4583333
URYrq1998,Uruguay,URY,Latin America & Caribbean,High income,1998,rq,4,0.7197775,0.2792826,0.261754,1.1778009999999999,66.2147056,4.4046837,58.9910243,73.4383869,..,..,..,..,..,..,..,..,..,0.6071428999999999,..,..,..,..,..,..,..,0.7,..,..,..,..,..,..,..,..,..,0.8181818,..,..,..,..,..,..,0.7083332999999999
USArq1998,United States,USA,North America,High income,1998,rq,6,1.5702074,0.24054029999999998,1.1757213,1.9646934999999999,79.6271933,3.7936623,73.405587,85.8487995,..,..,..,..,..,..,..,..,..,0.8571428999999999,..,..,..,..,0.6761904999999999,..,..,0.7,..,..,..,..,..,..,..,..,..,0.9090908999999999,..,..,..,..,0.6171496,..,0.9166667
UZBrq1998,Uzbekistan,UZB,Europe & Central Asia,Lower middle income,1998,rq,3,-2.0351444,0.3095729,-2.542844,-1.5274447999999998,22.7656735,4.8824048,14.7585295,30.772817399999997,..,..,..,..,..,..,..,..,0.2225,0.0357143,..,..,..,..,..,..,..,0.19999999999999998,..,..,..,..,..,..,..,..,..,..,..,..,..,..,..,..,..
VENrq1998,"Venezuela, RB",VEN,Latin America & Caribbean,,1998,rq,6,-0.7605649,0.24054029999999998,-1.155051,-0.3660788,42.8676029,3.7936623,36.6459967,49.0892091,..,..,..,..,..,..,..,..,..,0.3571429,..,..,..,..,0.43238099999999996,..,..,0.5,..,..,..,..,..,..,..,..,..,0.18181819999999999,..,..,..,..,0.4338341,..,0.4166667
VNMrq1998,Viet Nam,VNM,East Asia & Pacific,Lower middle income,1998,rq,5,-0.7799921,0.2637523,-1.2125458999999998,-0.3474383,42.5612084,4.1597487,35.7392204,49.383196299999994,..,..,..,..,..,..,..,..,..,0.4285714,..,..,..,..,0.48404759999999997,..,..,0.3,..,..,..,..,..,..,..,..,..,0.36363639999999997,..,..,..,..,..,..,0.375
WSMrq1998,Samoa,WSM,East Asia & Pacific,Upper middle income,1998,rq,2,0.135165,0.4123728,-0.5411264,0.8114564,56.994535899999995,6.503705,46.3284598,67.6606121,..,..,..,..,..,..,..,..,..,..,..,..,..,..,..,..,..,0.5,..,..,..,..,..,..,..,..,..,..,..,..,..,..,..,..,0.625
YEMrq1998,"Yemen, Rep.",YEM,Middle East & North Africa,Low income,1998,rq,4,-0.6418294999999999,0.2792826,-1.099853,-0.183806,44.7402289,4.4046837,37.516547599999996,51.9639101,..,..,..,..,..,..,..,..,..,0.2857143,..,..,..,..,..,..,..,0.3,..,..,..,..,..,..,..,..,..,0.8181818,..,..,..,..,..,..,0.4166667
ZAFrq1998,South Africa,ZAF,Sub-Saharan Africa,Upper middle income,1998,rq,6,0.4147874,0.24054029999999998,0.020301299999999998,0.8092735,61.4045784,3.7936623,55.182972199999995,67.6261847,..,..,..,..,..,..,..,..,..,0.46428569999999997,..,..,..,..,0.5245238,..,..,0.6,..,..,..,..,..,..,..,..,..,0.7272727,..,..,..,..,0.4835308,..,0.8333332999999999
ZMBrq1998,Zambia,ZMB,Sub-Saharan Africa,Lower middle income,1998,rq,4,-0.35535639999999996,0.2792826,-0.8133798999999999,0.1026671,49.2583166,4.4046837,42.0346353,56.481997899999996,..,..,..,..,..,..,..,..,..,0.3214286,..,..,..,..,..,..,..,0.7,..,..,..,..,..,..,..,..,..,0.8181818,..,..,..,..,..,..,0.3333333
ZWErq1998,Zimbabwe,ZWE,Sub-Saharan Africa,Lower middle income,1998,rq,5,-1.2681702,0.2637523,-1.700724,-0.8356163999999999,34.8619462,4.1597487,28.0399583,41.683934099999995,..,..,..,..,..,..,..,..,..,0.0714286,..,..,..,..,0.37238099999999996,..,..,0.39999999999999997,..,..,..,..,..,..,..,..,..,0.4545455,..,..,..,..,..,..,0.4583333
ADOrq2000,Andorra,ADO,,,2000,rq,1,1.4565298,0.48491779999999995,0.6612646,2.251795,77.834336,7.6478427,65.29187399999999,90.376798,..,..,..,..,..,..,..,..,..,..,..,..,..,..,..,..,..,..,..,..,..,..,..,..,..,..,..,..,..,..,..,..,..,..,0.9166667
AFGrq2000,Afghanistan,AFG,South Asia,Low income,2000,rq,1,-2.4505822999999998,0.48491779999999995,-3.2458475,-1.6553171,16.2136276,7.6478427,3.6711655999999997,28.7560896,..,..,..,..,..,..,..,..,..,..,..,..,..,..,..,..,..,..,..,..,..,..,..,..,..,..,..,..,..,..,..,..,..,..,0
AGOrq2000,Angola,AGO,Sub-Saharan Africa,Lower middle income,2000,rq,4,-1.8066,0.2792826,-2.2646235,-1.3485764999999998,26.3701434,4.4046837,19.1464621,33.5938246,..,..,..,..,..,..,..,..,..,0.1428571,..,..,..,..,..,..,..,0.3,..,..,..,..,..,..,..,..,..,0.09090909999999999,..,..,..,..,..,..,0.25
ALBrq2000,Albania,ALB,Europe & Central Asia,Upper middle income,2000,rq,5,-0.736177,0.3065186,-1.2388675,-0.23348649999999999,43.252234699999995,4.8342338,35.3240914,51.1803781,..,..,..,..,..,0.6040662,..,..,0.5,..,..,..,..,..,..,..,..,0.5,..,..,..,..,..,..,..,..,..,0.4545455,..,..,..,..,..,..,0.375
ARErq2000,United Arab Emirates,ARE,Middle East & North Africa,High income,2000,rq,4,0.5704525,0.2792826,0.112429,1.028476,63.8596382,4.4046837,56.6359569,71.0833195,..,..,..,..,..,..,..,..,..,0.7142856999999999,..,..,..,..,..,..,..,0.5,..,..,..,..,..,..,..,..,..,0.5454545,..,..,..,..,..,..,0.75
ARGrq2000,Argentina,ARG,Latin America & Caribbean,Upper middle income,2000,rq,6,-0.1029398,0.24054029999999998,-0.4974259,0.2915463,53.239284999999995,3.7936623,47.0176788,59.4608912,..,..,..,..,..,..,..,..,..,0.5714286,..,..,..,..,0.4958333,..,..,0.7,..,..,..,..,..,..,..,..,..,0.36363639999999997,..,..,..,..,0.4325189,..,0.4583333
ARMrq2000,Armenia,ARM,Europe & Central Asia,Upper middle income,2000,rq,5,-0.7264838,0.3065186,-1.2291743,-0.2237933,43.4051103,4.8342336999999995,35.476967,51.3332536,..,..,..,..,..,0.6764444,..,..,0.4166667,..,..,..,..,..,..,..,..,0.7,..,..,..,..,..,..,..,..,..,0.2727273,..,..,..,..,..,..,0.4583333
ATGrq2000,Antigua and Barbuda,ATG,Latin America & Caribbean,High income,2000,rq,1,0.5685496,0.48491779999999995,-0.2267156,1.3638147999999999,63.8296268,7.6478427,51.2871648,76.3720888,..,..,..,..,..,..,..,..,..,..,..,..,..,..,..,..,..,..,..,..,..,..,..,..,..,..,..,..,..,..,..,..,..,..,0.7083332999999999
AUSrq2000,Australia,AUS,East Asia & Pacific,High income,2000,rq,6,1.6287637,0.24054029999999998,1.2342776,2.0232498,80.5507093,3.7936623,74.3291031,86.77231549999999,..,..,..,..,..,..,..,..,..,0.7857143,..,..,..,..,0.7145832999999999,..,..,0.7999999999999999,..,..,..,..,..,..,..,..,..,0.8181818,..,..,..,..,0.6403713999999999,..,1
AUTrq2000,Austria,AUT,Europe & Central Asia,High income,2000,rq,6,1.5939436999999999,0.24054029999999998,1.1994576,1.9884297999999998,80.00154839999999,3.7936623,73.7799422,86.2231547,..,..,..,..,..,..,..,..,..,0.8214286,..,..,..,..,0.69375,..,..,0.7,..,..,..,..,..,..,..,..,..,0.8181818,..,..,..,..,0.6387136,..,1
AZErq2000,Azerbaijan,AZE,Europe & Central Asia,Upper middle income,2000,rq,6,-0.8631614,0.2525453,-1.2773356999999999,-0.4489871,41.2495104,3.9829982,34.7173933,47.7816275,..,..,..,..,..,0.5685551,..,..,0.44416669999999997,0.3214286,..,..,..,..,..,..,..,0.3,..,..,..,..,..,..,..,..,..,0.7272727,..,..,..,..,..,..,0.2916667
BDIrq2000,Burundi,BDI,Sub-Saharan Africa,Low income,2000,rq,2,-1.3811115,0.4123728,-2.0574029,-0.7048201,33.080701499999996,6.503705,22.414625299999997,43.7467776,..,..,..,..,..,..,..,..,..,..,..,..,..,..,..,..,..,0.3,..,..,..,..,..,..,..,..,..,..,..,..,..,..,..,..,0.25
BELrq2000,Belgium,BEL,Europe & Central Asia,High income,2000,rq,6,1.2455501,0.24054029999999998,0.8510639999999999,1.6400362,74.5068864,3.7936623,68.2852802,80.7284926,..,..,..,..,..,..,..,..,..,0.8214286,..,..,..,..,0.6749999999999999,..,..,0.7,..,..,..,..,..,..,..,..,..,0.7272727,..,..,..,..,0.5343637999999999,..,0.875
BENrq2000,Benin,BEN,Sub-Saharan Africa,Lower middle income,2000,rq,2,-0.24405359999999998,0.4123728,-0.920345,0.4322378,51.0137199,6.503705,40.3476437,61.679795999999996,..,..,..,..,..,..,..,..,..,..,..,..,..,..,..,..,..,0.5,..,..,..,..,..,..,..,..,..,..,..,..,..,..,..,..,0.5
BFArq2000,Burkina Faso,BFA,Sub-Saharan Africa,Low income,2000,rq,3,-0.2601063,0.35839879999999996,-0.8478802999999999,0.3276677,50.760546,5.6524579,41.490514999999995,60.030576999999994,..,..,..,..,..,..,..,..,..,..,..,..,..,..,..,..,..,0.6,..,..,..,..,..,..,..,..,..,0.6363635999999999,..,..,..,..,..,..,0.4166667
BGDrq2000,Bangladesh,BGD,South Asia,Lower middle income,2000,rq,5,-1.1903622999999999,0.2637523,-1.6229160999999999,-0.7578085,36.089087299999996,4.1597488,29.2670994,42.9110753,..,..,..,..,..,..,..,..,..,0.1785714,..,..,..,..,0.3708333,..,..,0.39999999999999997,..,..,..,..,..,..,..,..,..,0.4545455,..,..,..,..,..,..,0.375
BGRrq2000,Bulgaria,BGR,Europe & Central Asia,High income,2000,rq,7,0.1382475,0.24088769999999998,-0.2568083,0.5333032999999999,57.0431513,3.7991409,50.8125602,63.2737425,..,..,..,..,..,0.6090508,..,..,0.5549999999999999,0.5357143,..,..,..,..,0.36874999999999997,..,..,0.6,..,..,..,..,..,..,..,..,..,0.8181818,..,..,..,..,..,..,0.6666667
BHRrq2000,Bahrain,BHR,Middle East & North Africa,High income,2000,rq,4,0.5704864,0.2792826,0.11246289999999999,1.0285099,63.860172899999995,4.4046837,56.6364916,71.0838541,..,..,..,..,..,..,..,..,..,0.5,..,..,..,..,..,..,..,0.65,..,..,..,..,..,..,..,..,..,0.7272727,..,..,..,..,..,..,0.8333332999999999
BHSrq2000,"Bahamas, The",BHS,Latin America & Caribbean,High income,2000,rq,3,1.0785338,0.35839879999999996,0.49075979999999997,1.6663078,71.8728021,5.6524579,62.6027711,81.14283309999999,..,..,..,..,..,..,..,..,..,..,..,..,..,..,..,..,..,0.6,..,..,..,..,..,..,..,..,..,0.8181818,..,..,..,..,..,..,0.875
BIHrq2000,Bosnia and Herzegovina,BIH,Europe & Central Asia,Upper middle income,2000,rq,5,-0.8999830999999999,0.2694397,-1.3418641999999998,-0.45810199999999995,40.668779799999996,4.249446799999999,33.6996871,47.6378725,..,..,..,..,..,0.4169766,..,..,0.3333333,0.4285714,..,..,..,..,..,..,..,0.3,..,..,..,..,..,..,..,..,..,..,..,..,..,..,..,..,0.375
BLRrq2000,Belarus,BLR,Europe & Central Asia,Upper middle income,2000,rq,5,-1.7238989999999998,0.3065186,-2.2265894999999998,-1.2212085,27.674455599999998,4.8342336999999995,19.7463123,35.6025989,..,..,..,..,..,0.5917228999999999,..,..,0.19499999999999998,..,..,..,..,..,..,..,..,0.3,..,..,..,..,..,..,..,..,..,0.2727273,..,..,..,..,..,..,0.3333333
BLZrq2000,Belize,BLZ,Latin America & Caribbean,Upper middle income,2000,rq,2,0.269679,0.4123728,-0.4066124,0.9459704,59.1160128,6.503705,48.449936699999995,69.782089,..,..,..,..,..,..,..,..,..,..,..,..,..,..,..,..,..,0.5,..,..,..,..,..,..,..,..,..,..,..,..,..,..,..,..,0.6666667
BMUrq2000,Bermuda,BMU,North America,High income,2000,rq,1,1.4565298,0.48491779999999995,0.6612646,2.251795,77.834336,7.6478427,65.29187399999999,90.376798,..,..,..,..,..,..,..,..,..,..,..,..,..,..,..,..,..,..,..,..,..,..,..,..,..,..,..,..,..,..,..,..,..,..,0.9166667
BOLrq2000,Bolivia,BOL,Latin America & Caribbean,Lower middle income,2000,rq,5,0.1111419,0.2637523,-0.3214119,0.5436957,56.6156575,4.1597487,49.7936696,63.437645499999995,..,..,..,..,..,..,..,..,..,0.5357143,..,..,..,..,0.36666669999999996,..,..,0.7999999999999999,..,..,..,..,..,..,..,..,..,0.8181818,..,..,..,..,..,..,0.4583333
BRArq2000,Brazil,BRA,Latin America & Caribbean,Upper middle income,2000,rq,6,0.0857225,0.24054029999999998,-0.30876359999999997,0.4802086,56.2147575,3.7936623,49.9931513,62.436363699999994,..,..,..,..,..,..,..,..,..,0.5714286,..,..,..,..,0.49166669999999996,..,..,0.5,..,..,..,..,..,..,..,..,..,0.4545455,..,..,..,..,0.494465,..,0.625
BRBrq2000,Barbados,BRB,Latin America & Caribbean,High income,2000,rq,2,1.4067368999999998,0.4123728,0.7304455,2.0830283,77.0490312,6.503705,66.3829551,87.7151074,..,..,..,..,..,..,..,..,..,..,..,..,..,..,..,..,..,0.7,..,..,..,..,..,..,..,..,..,..,..,..,..,..,..,..,0.9166667
BRNrq2000,Brunei Darussalam,BRN,East Asia & Pacific,High income,2000,rq,2,0.7352101,0.403001,0.0742885,1.3961317,66.4580996,6.3558978999999995,56.034427099999995,76.8817722,..,..,..,..,..,..,..,..,..,..,..,..,..,..,..,..,..,..,..,..,..,..,..,..,..,..,..,0.6363635999999999,..,..,..,..,..,..,0.8333332999999999
BTNrq2000,Bhutan,BTN,South Asia,Lower middle income,2000,rq,1,-0.1418341,0.48491779999999995,-0.9370993,0.6534310999999999,52.625866599999995,7.6478427,40.0834046,65.1683286,..,..,..,..,..,..,..,..,..,..,..,..,..,..,..,..,..,..,..,..,..,..,..,..,..,..,..,..,..,..,..,..,..,..,0.5416667
BWArq2000,Botswana,BWA,Sub-Saharan Africa,Upper middle income,2000,rq,4,0.8571913,0.2792826,0.39916779999999996,1.3152148,68.3819164,4.4046837,61.1582352,75.60559769999999,..,..,..,..,..,..,..,..,..,0.6785713999999999,..,..,..,..,..,..,..,0.6,..,..,..,..,..,..,..,..,..,0.9090908999999999,..,..,..,..,..,..,0.7083332999999999
CAFrq2000,Central African Republic,CAF,Sub-Saharan Africa,Low income,2000,rq,1,-1.3850063,0.48491779999999995,-2.1802715,-0.5897411,33.0192749,7.6478427,20.4768129,45.5617369,..,..,..,..,..,..,..,..,..,..,..,..,..,..,..,..,..,..,..,..,..,..,..,..,..,..,..,..,..,..,..,..,..,..,0.25
CANrq2000,Canada,CAN,North America,High income,2000,rq,6,1.6251001999999999,0.24054029999999998,1.2306141,2.0195863,80.4929307,3.7936623,74.27132449999999,86.7145369,..,..,..,..,..,..,..,..,..,0.8928571,..,..,..,..,0.7062499999999999,..,..,0.6,..,..,..,..,..,..,..,..,..,0.8181818,..,..,..,..,0.6234832,..,1
CHErq2000,Switzerland,CHE,Europe & Central Asia,High income,2000,rq,6,1.8978127,0.24054029999999998,1.5033265999999998,2.2922987999999997,84.7939943,3.7936623,78.57238799999999,91.01560049999999,..,..,..,..,..,..,..,..,..,0.9642856999999999,..,..,..,..,0.75,..,..,0.7999999999999999,..,..,..,..,..,..,..,..,..,0.7272727,..,..,..,..,0.6723756,..,1
CHLrq2000,Chile,CHL,Latin America & Caribbean,High income,2000,rq,6,1.4074448,0.24054029999999998,1.0129587,1.8019309,77.0601958,3.7936623,70.83858959999999,83.2818021,..,..,..,..,..,..,..,..,..,0.8571428999999999,..,..,..,..,0.6770832999999999,..,..,0.6,..,..,..,..,..,..,..,..,..,0.7272727,..,..,..,..,0.6646995,..,0.875
CHNrq2000,China,CHN,East Asia & Pacific,Upper middle income,2000,rq,6,-0.27632039999999997,0.24054029999999998,-0.6708065,0.1181657,50.5048266,3.7936623,44.2832204,56.7264328,..,..,..,..,..,..,..,..,..,0.4285714,..,..,..,..,0.5041667,..,..,0.3,..,..,..,..,..,..,..,..,..,0.8181818,..,..,..,..,0.4384029,..,0.4166667
CIVrq2000,Côte d’Ivoire,CIV,Sub-Saharan Africa,Lower middle income,2000,rq,4,-1.1396102,0.2792826,-1.5976336999999998,-0.6815867,36.88952,4.4046837,29.6658388,44.1132013,..,..,..,..,..,..,..,..,..,0.25,..,..,..,..,..,..,..,0.5,..,..,..,..,..,..,..,..,..,0.09090909999999999,..,..,..,..,..,..,0.4583333
CMRrq2000,Cameroon,CMR,Sub-Saharan Africa,Lower middle income,2000,rq,4,-0.8125437999999999,0.2792826,-1.2705673,-0.3545203,42.0478218,4.4046837,34.8241405,49.2715031,..,..,..,..,..,..,..,..,..,0.2857143,..,..,..,..,..,..,..,0.5,..,..,..,..,..,..,..,..,..,0.6363635999999999,..,..,..,..,..,..,0.2916667
CODrq2000,"Congo, Dem. Rep.",COD,Sub-Saharan Africa,Low income,2000,rq,3,-2.5814572,0.35839879999999996,-3.1692312,-1.9936832,14.1495445,5.6524579,4.8795135,23.4195755,..,..,..,..,..,..,..,..,..,..,..,..,..,..,..,..,..,0.09999999999999999,..,..,..,..,..,..,..,..,..,0,..,..,..,..,..,..,0.125
COGrq2000,"Congo, Rep.",COG,Sub-Saharan Africa,Lower middle income,2000,rq,3,-1.3348674,0.35839879999999996,-1.9226413999999998,-0.7470934,33.8100366,5.6524579,24.5400056,43.0800676,..,..,..,..,..,..,..,..,..,..,..,..,..,..,..,..,..,0.3,..,..,..,..,..,..,..,..,..,0.4545455,..,..,..,..,..,..,0.25
COLrq2000,Colombia,COL,Latin America & Caribbean,Upper middle income,2000,rq,6,-0.2420244,0.24054029999999998,-0.6365105,0.1524617,51.0457233,3.7936623,44.824117,57.267329499999995,..,..,..,..,..,..,..,..,..,0.6071428999999999,..,..,..,..,0.42916669999999996,..,..,0.7,..,..,..,..,..,..,..,..,..,0.18181819999999999,..,..,..,..,0.432,..,0.4583333
COMrq2000,Comoros,COM,Sub-Saharan Africa,Lower middle income,2000,rq,1,-1.3850063,0.48491779999999995,-2.1802715,-0.5897411,33.0192749,7.6478427,20.4768129,45.5617369,..,..,..,..,..,..,..,..,..,..,..,..,..,..,..,..,..,..,..,..,..,..,..,..,..,..,..,..,..,..,..,..,..,..,0.25
CPVrq2000,Cabo Verde,CPV,Sub-Saharan Africa,Upper middle income,2000,rq,1,-0.019287699999999998,0.6264067999999999,-1.0465948999999999,1.0080194999999998,54.5585974,9.8793256,38.356503499999995,70.7606914,..,..,..,..,..,..,..,..,..,..,..,..,..,..,..,..,..,0.5,..,..,..,..,..,..,..,..,..,..,..,..,..,..,..,..,..
CRIrq2000,Costa Rica,CRI,Latin America & Caribbean,High income,2000,rq,5,0.7404727999999999,0.2637523,0.307919,1.1730266,66.54109989999999,4.1597488,59.719111899999994,73.3630878,..,..,..,..,..,..,..,..,..,0.7142856999999999,..,..,..,..,0.5,..,..,0.6,..,..,..,..,..,..,..,..,..,0.8181818,..,..,..,..,..,..,0.7083332999999999
CUBrq2000,Cuba,CUB,Latin America & Caribbean,Upper middle income,2000,rq,4,-1.2479540999999998,0.2792826,-1.7059776,-0.7899305999999999,35.180782799999996,4.4046837,27.9571015,42.4044641,..,..,..,..,..,..,..,..,..,0.2142857,..,..,..,..,..,..,..,0.19999999999999998,..,..,..,..,..,..,..,..,..,0.4545455,..,..,..,..,..,..,0.375
CYMrq2000,Cayman Islands,CYM,Latin America & Caribbean,High income,2000,rq,1,1.4565298,0.48491779999999995,0.6612646,2.251795,77.834336,7.6478427,65.29187399999999,90.376798,..,..,..,..,..,..,..,..,..,..,..,..,..,..,..,..,..,..,..,..,..,..,..,..,..,..,..,..,..,..,..,..,..,..,0.9166667
CYPrq2000,Cyprus,CYP,Europe & Central Asia,High income,2000,rq,4,0.7774177,0.2792826,0.31939419999999996,1.2354412,67.12377339999999,4.4046837,59.900092199999996,74.3474547,..,..,..,..,..,..,..,..,..,0.6428571,..,..,..,..,..,..,..,0.6,..,..,..,..,..,..,..,..,..,0.6363635999999999,..,..,..,..,..,..,0.875
CZErq2000,Czechia,CZE,Europe & Central Asia,High income,2000,rq,8,0.4962214,0.2228194,0.13079759999999999,0.8616452,62.688908299999994,3.5141784,56.925655799999994,68.4521608,..,..,..,..,..,0.5017119,..,..,0.6108333,0.5714286,..,..,..,..,0.47083329999999995,..,..,0.7999999999999999,..,..,..,..,..,..,..,..,..,0.6363635999999999,..,..,..,..,0.4809365,..,0.8333332999999999
DEUrq2000,Germany,DEU,Europe & Central Asia,High income,2000,rq,6,1.603699,0.24054029999999998,1.2092129,1.9981851,80.1554034,3.7936623,73.9337972,86.3770096,..,..,..,..,..,..,..,..,..,0.8571428999999999,..,..,..,..,0.73125,..,..,0.7,..,..,..,..,..,..,..,..,..,0.8181818,..,..,..,..,0.5792824999999999,..,1
DJIrq2000,Djibouti,DJI,Middle East & North Africa,Lower middle income,2000,rq,2,-0.7577862,0.4123728,-1.4340776,-0.08149479999999999,42.911426999999996,6.503705,32.2453508,53.577503099999994,..,..,..,..,..,..,..,..,..,..,..,..,..,..,..,..,..,0.5,..,..,..,..,..,..,..,..,..,..,..,..,..,..,..,..,0.3333333
DMArq2000,Dominica,DMA,Latin America & Caribbean,Upper middle income,2000,rq,1,0.9237418,0.48491779999999995,0.1284766,1.719007,69.4315124,7.6478427,56.889050399999995,81.9739743,..,..,..,..,..,..,..,..,..,..,..,..,..,..,..,..,..,..,..,..,..,..,..,..,..,..,..,..,..,..,..,..,..,..,0.7916667
DNKrq2000,Denmark,DNK,Europe & Central Asia,High income,2000,rq,6,1.8353987999999999,0.24054029999999998,1.4409127,2.2298849,83.8096384,3.7936623,77.5880322,90.0312446,..,..,..,..,..,..,..,..,..,0.9285713999999999,..,..,..,..,0.7145832999999999,..,..,0.7,..,..,..,..,..,..,..,..,..,0.8181818,..,..,..,..,0.6911436999999999,..,1
DOMrq2000,Dominican Republic,DOM,Latin America & Caribbean,Upper middle income,2000,rq,4,0.0017705,0.2792826,-0.45625299999999996,0.459794,54.890715199999995,4.4046837,47.6670339,62.1143965,..,..,..,..,..,..,..,..,..,0.4285714,..,..,..,..,..,..,..,0.5,..,..,..,..,..,..,..,..,..,0.9090908999999999,..,..,..,..,..,..,0.5
DZArq2000,Algeria,DZA,Middle East & North Africa,Upper middle income,2000,rq,4,-0.8268561,0.2792826,-1.2848796,-0.3688326,41.8220965,4.4046837,34.5984152,49.045777799999996,..,..,..,..,..,..,..,..,..,0.3214286,..,..,..,..,..,..,..,0.5,..,..,..,..,..,..,..,..,..,0.5454545,..,..,..,..,..,..,0.2916667
ECUrq2000,Ecuador,ECU,Latin America & Caribbean,Upper middle income,2000,rq,5,-0.7136521,0.2637523,-1.1462059,-0.28109829999999997,43.6074844,4.1597487,36.7854965,50.4294723,..,..,..,..,..,..,..,..,..,0.4285714,..,..,..,..,0.325,..,..,0.5,..,..,..,..,..,..,..,..,..,0.36363639999999997,..,..,..,..,..,..,0.4583333
EGYrq2000,"Egypt, Arab Rep.",EGY,Middle East & North Africa,Lower middle income,2000,rq,5,-0.3139849,0.2637523,-0.7465387,0.11856889999999999,49.9108039,4.1597487,43.088816,56.732791899999995,..,..,..,..,..,..,..,..,..,0.39285709999999996,..,..,..,..,0.5083333,..,..,0.39999999999999997,..,..,..,..,..,..,..,..,..,0.8181818,..,..,..,..,..,..,0.4166667
ERIrq2000,Eritrea,ERI,Sub-Saharan Africa,Low income,2000,rq,1,-1.3850063,0.48491779999999995,-2.1802715,-0.5897411,33.0192749,7.6478427,20.4768129,45.5617369,..,..,..,..,..,..,..,..,..,..,..,..,..,..,..,..,..,..,..,..,..,..,..,..,..,..,..,..,..,..,..,..,..,..,0.25
ESPrq2000,Spain,ESP,Europe & Central Asia,High income,2000,rq,6,1.4144778,0.24054029999999998,1.0199917,1.8089639,77.1711162,3.7936623,70.94951,83.39272249999999,..,..,..,..,..,..,..,..,..,0.7857143,..,..,..,..,0.6770832999999999,..,..,0.7,..,..,..,..,..,..,..,..,..,0.9090908999999999,..,..,..,..,0.5733843,..,0.9166667
ESTrq2000,Estonia,EST,Europe & Central Asia,High income,2000,rq,7,0.9960239,0.24088769999999998,0.6009681,1.3910797,70.5715038,3.7991409999999997,64.3409126,76.802095,..,..,..,..,..,0.6903855999999999,..,..,0.5833332999999999,0.75,..,..,..,..,0.69375,..,..,0.7999999999999999,..,..,..,..,..,..,..,..,..,0.7272727,..,..,..,..,..,..,0.7916667
ETHrq2000,Ethiopia,ETH,Sub-Saharan Africa,,2000,rq,4,-1.2152713,0.2792826,-1.6732947999999999,-0.7572477999999999,35.696236999999996,4.4046837,28.472555699999997,42.9199183,..,..,..,..,..,..,..,..,..,0.1071429,..,..,..,..,..,..,..,0.3,..,..,..,..,..,..,..,..,..,0.8181818,..,..,..,..,..,..,0.25
FINrq2000,Finland,FIN,Europe & Central Asia,High income,2000,rq,6,1.7553161,0.24054029999999998,1.36083,2.1498022,82.5466204,3.7936623,76.3250142,88.7682267,..,..,..,..,..,..,..,..,..,0.8928571,..,..,..,..,0.84375,..,..,0.6,..,..,..,..,..,..,..,..,..,0.6363635999999999,..,..,..,..,0.7108709,..,1
FJIrq2000,Fiji,FJI,East Asia & Pacific,Upper middle income,2000,rq,2,-0.5557164,0.4123728,-1.2320077999999999,0.12057499999999999,46.098354799999996,6.503705,35.4322786,56.7644309,..,..,..,..,..,..,..,..,..,..,..,..,..,..,..,..,..,0.39999999999999997,..,..,..,..,..,..,..,..,..,..,..,..,..,..,..,..,0.4583333
FRArq2000,France,FRA,Europe & Central Asia,High income,2000,rq,6,1.0600734,0.24054029999999998,0.6655873,1.4545595,71.5816554,3.7936623,65.36004919999999,77.8032616,..,..,..,..,..,..,..,..,..,0.75,..,..,..,..,0.6541667,..,..,0.5,..,..,..,..,..,..,..,..,..,0.7272727,..,..,..,..,0.5143888999999999,..,0.9583332999999999
GABrq2000,Gabon,GAB,Sub-Saharan Africa,Upper middle income,2000,rq,4,-0.1815097,0.2792826,-0.6395332,0.2765138,52.000125999999995,4.4046837,44.7764448,59.2238073,..,..,..,..,..,..,..,..,..,0.3571429,..,..,..,..,..,..,..,0.5,..,..,..,..,..,..,..,..,..,0.7272727,..,..,..,..,..,..,0.5833332999999999
GBRrq2000,United Kingdom,GBR,Europe & Central Asia,High income,2000,rq,6,1.9218925999999998,0.24054029999999998,1.5274065,2.3163787,85.1737685,3.7936623,78.9521623,91.39537469999999,..,..,..,..,..,..,..,..,..,0.8928571,..,..,..,..,0.7520833,..,..,0.7999999999999999,..,..,..,..,..,..,..,..,..,0.9090908999999999,..,..,..,..,0.6729556999999999,..,1
GEOrq2000,Georgia,GEO,Europe & Central Asia,Upper middle income,2000,rq,4,-0.6511102999999999,0.3382749,-1.2058811,-0.0963395,44.5938575,5.3350754,35.8443338,53.343381099999995,..,..,..,..,..,0.5510172999999999,..,..,0.5549999999999999,..,..,..,..,..,..,..,..,0.39999999999999997,..,..,..,..,..,..,..,..,..,..,..,..,..,..,..,..,0.375
GHArq2000,Ghana,GHA,Sub-Saharan Africa,Lower middle income,2000,rq,4,-0.12260019999999999,0.2792826,-0.5806237,0.3354233,52.9292125,4.4046837,45.7055313,60.152893799999994,..,..,..,..,..,..,..,..,..,0.3571429,..,..,..,..,..,..,..,0.5,..,..,..,..,..,..,..,..,..,0.7272727,..,..,..,..,..,..,0.625
GINrq2000,Guinea,GIN,Sub-Saharan Africa,Lower middle income,2000,rq,3,-0.7865624,0.35839879999999996,-1.3743364,-0.1987884,42.4575854,5.6524579,33.187554399999996,51.727616399999995,..,..,..,..,..,..,..,..,..,..,..,..,..,..,..,..,..,0.5,..,..,..,..,..,..,..,..,..,0.6363635999999999,..,..,..,..,..,..,0.25
GMBrq2000,"Gambia, The",GMB,Sub-Saharan Africa,Low income,2000,rq,3,-0.3597748,0.35839879999999996,-0.9475488,0.22799919999999999,49.1886322,5.6524579,39.9186012,58.4586632,..,..,..,..,..,..,..,..,..,..,..,..,..,..,..,..,..,0.5,..,..,..,..,..,..,..,..,..,0.7272727,..,..,..,..,..,..,0.375
GNBrq2000,Guinea-Bissau,GNB,Sub-Saharan Africa,Low income,2000,rq,3,-1.4149939999999999,0.35839879999999996,-2.002768,-0.82722,32.5463263,5.6524579,23.276295299999997,41.8163573,..,..,..,..,..,..,..,..,..,..,..,..,..,..,..,..,..,0.19999999999999998,..,..,..,..,..,..,..,..,..,0.36363639999999997,..,..,..,..,..,..,0.3333333
GNQrq2000,Equatorial Guinea,GNQ,Sub-Saharan Africa,Upper middle income,2000,rq,3,-1.716091,0.3026673,-2.2124653999999997,-1.2197166,27.797598899999997,4.7734936,19.9690694,35.6261283,..,..,..,..,..,..,..,..,..,0.0714286,..,..,..,..,..,..,..,0.19999999999999998,..,..,..,..,..,..,..,..,..,..,..,..,..,..,..,..,0.2916667
GRCrq2000,Greece,GRC,Europe & Central Asia,High income,2000,rq,6,0.8090187999999999,0.24054029999999998,0.4145327,1.2035049,67.62216769999999,3.7936623,61.400561499999995,73.8437739,..,..,..,..,..,..,..,..,..,0.75,..,..,..,..,0.5208332999999999,..,..,0.6,..,..,..,..,..,..,..,..,..,0.8181818,..,..,..,..,0.5302785999999999,..,0.7083332999999999
GRDrq2000,Grenada,GRD,Latin America & Caribbean,Upper middle income,2000,rq,1,0.39095389999999997,0.48491779999999995,-0.4043113,1.1862191,61.028690299999994,7.6478427,48.4862283,73.5711523,..,..,..,..,..,..,..,..,..,..,..,..,..,..,..,..,..,..,..,..,..,..,..,..,..,..,..,..,..,..,..,..,..,..,0.6666667
GTMrq2000,Guatemala,GTM,Latin America & Caribbean,Upper middle income,2000,rq,5,-0.3755784,0.2637523,-0.8081322,0.056975399999999995,48.939386899999995,4.1597488,42.117399,55.7613749,..,..,..,..,..,..,..,..,..,0.4285714,..,..,..,..,0.3604167,..,..,0.6,..,..,..,..,..,..,..,..,..,0.6363635999999999,..,..,..,..,..,..,0.4583333
GUFrq2000,French Guiana,GUF,,,2000,rq,1,0.9237418,0.48491779999999995,0.1284766,1.719007,69.4315124,7.6478427,56.889050399999995,81.9739743,..,..,..,..,..,..,..,..,..,..,..,..,..,..,..,..,..,..,..,..,..,..,..,..,..,..,..,..,..,..,..,..,..,..,0.7916667
GUYrq2000,Guyana,GUY,Latin America & Caribbean,High income,2000,rq,3,-0.3014975,0.35839879999999996,-0.8892715,0.2862765,50.107748,5.6524579,40.837717,59.377779,..,..,..,..,..,..,..,..,..,..,..,..,..,..,..,..,..,0.5,..,..,..,..,..,..,..,..,..,0.6363635999999999,..,..,..,..,..,..,0.4583333
HKGrq2000,"Hong Kong SAR, China",HKG,East Asia & Pacific,High income,2000,rq,6,1.5108918,0.24054029999999998,1.1164057,1.9053779,78.69170199999999,3.7936623,72.4700958,84.9133082,..,..,..,..,..,..,..,..,..,0.7857143,..,..,..,..,0.7916667,..,..,0.8999999999999999,..,..,..,..,..,..,..,..,..,0.6363635999999999,..,..,..,..,0.7369884999999999,..,0.75
HNDrq2000,Honduras,HND,Latin America & Caribbean,Lower middle income,2000,rq,5,-0.5681708999999999,0.2637523,-1.0007247,-0.1356171,45.901929599999995,4.1597487,39.0799417,52.7239175,..,..,..,..,..,..,..,..,..,0.4285714,..,..,..,..,0.30624999999999997,..,..,0.5,..,..,..,..,..,..,..,..,..,0.6363635999999999,..,..,..,..,..,..,0.4166667
HRVrq2000,Croatia,HRV,Europe & Central Asia,High income,2000,rq,6,-0.2766578,0.2525453,-0.6908321,0.13751649999999999,50.499505299999996,3.9829982,43.967388199999995,57.031622399999996,..,..,..,..,..,0.5854129,..,..,0.5549999999999999,0.4285714,..,..,..,..,..,..,..,0.5,..,..,..,..,..,..,..,..,..,0.5454545,..,..,..,..,..,..,0.5416667
HTIrq2000,Haiti,HTI,Latin America & Caribbean,Lower middle income,2000,rq,3,-1.4123386,0.35839879999999996,-2.0001126,-0.8245646,32.588205699999996,5.6524579,23.3181747,41.8582367,..,..,..,..,..,..,..,..,..,..,..,..,..,..,..,..,..,0.3,..,..,..,..,..,..,..,..,..,0.2727273,..,..,..,..,..,..,0.3333333
HUNrq2000,Hungary,HUN,Europe & Central Asia,High income,2000,rq,8,0.8153355999999999,0.2228194,0.4499118,1.1807594,67.7217926,3.5141782999999998,61.9585401,73.485045,..,..,..,..,..,0.6209576,..,..,0.6383333,0.6071428999999999,..,..,..,..,0.6520832999999999,..,..,0.7,..,..,..,..,..,..,..,..,..,0.7272727,..,..,..,..,0.5962525,..,0.7916667
IDNrq2000,Indonesia,IDN,East Asia & Pacific,Upper middle income,2000,rq,6,-0.4626283,0.24054029999999998,-0.8571143999999999,-0.0681422,47.566486399999995,3.7936623,41.3448801,53.7880926,..,..,..,..,..,..,..,..,..,0.5357143,..,..,..,..,0.45625,..,..,0.39999999999999997,..,..,..,..,..,..,..,..,..,0.36363639999999997,..,..,..,..,0.43619179999999996,..,0.375
INDrq2000,India,IND,South Asia,Lower middle income,2000,rq,6,-0.3746035,0.24054029999999998,-0.7690895999999999,0.0198826,48.9547625,3.7936623,42.7331563,55.1763687,..,..,..,..,..,..,..,..,..,0.46428569999999997,..,..,..,..,0.5333333,..,..,0.3,..,..,..,..,..,..,..,..,..,0.36363639999999997,..,..,..,..,0.4358757,..,0.5416667
IRLrq2000,Ireland,IRL,Europe & Central Asia,High income,2000,rq,6,1.7250330999999999,0.24054029999999998,1.330547,2.1195192,82.0690145,3.7936623,75.8474083,88.29062069999999,..,..,..,..,..,..,..,..,..,0.8928571,..,..,..,..,0.7229167,..,..,0.8999999999999999,..,..,..,..,..,..,..,..,..,0.5454545,..,..,..,..,0.7171837999999999,..,0.9583332999999999
IRNrq2000,"Iran, Islamic Rep.",IRN,Middle East & North Africa,Upper middle income,2000,rq,4,-1.6776936999999998,0.2792826,-2.1357171999999998,-1.2196702,28.4031788,4.4046837,21.179497599999998,35.6268601,..,..,..,..,..,..,..,..,..,0.1071429,..,..,..,..,..,..,..,0.09999999999999999,..,..,..,..,..,..,..,..,..,0.36363639999999997,..,..,..,..,..,..,0.3333333
IRQrq2000,Iraq,IRQ,Middle East & North Africa,Upper middle income,2000,rq,4,-2.0951627999999998,0.2792826,-2.5531862999999997,-1.6371392999999999,21.819098099999998,4.4046837,14.595416799999999,29.0427793,..,..,..,..,..,..,..,..,..,0.1785714,..,..,..,..,..,..,..,0.09999999999999999,..,..,..,..,..,..,..,..,..,0.2727273,..,..,..,..,..,..,0
ISLrq2000,Iceland,ISL,Europe & Central Asia,High income,2000,rq,5,1.4531294,0.2857417,0.984513,1.9217457999999998,77.7807069,4.506552699999999,70.3899605,85.1714532,..,..,..,..,..,..,..,..,..,..,..,..,..,..,0.7791667,..,..,0.6,..,..,..,..,..,..,..,..,..,0.6363635999999999,..,..,..,..,0.6393846,..,1
ISRrq2000,Israel,ISR,Middle East & North Africa,High income,2000,rq,6,0.9189014,0.24054029999999998,0.5244153,1.3133875,69.3551724,3.7936623,63.1335662,75.5767786,..,..,..,..,..,..,..,..,..,0.75,..,..,..,..,0.6541667,..,..,0.7,..,..,..,..,..,..,..,..,..,0.5454545,..,..,..,..,0.5712932,..,0.75
ITArq2000,Italy,ITA,Europe & Central Asia,High income,2000,rq,6,0.7990919999999999,0.24054029999999998,0.40460589999999996,1.1935780999999999,67.4656079,3.7936623,61.2440017,73.6872142,..,..,..,..,..,..,..,..,..,0.6785713999999999,..,..,..,..,0.6416666999999999,..,..,0.7,..,..,..,..,..,..,..,..,..,0.7272727,..,..,..,..,0.44048479999999995,..,0.7916667
JAMrq2000,Jamaica,JAM,Latin America & Caribbean,Upper middle income,2000,rq,5,0.059141099999999995,0.2637523,-0.3734127,0.4916949,55.795531,4.1597487,48.9735431,62.617518999999994,..,..,..,..,..,..,..,..,..,0.46428569999999997,..,..,..,..,0.4979167,..,..,0.5,..,..,..,..,..,..,..,..,..,0.7272727,..,..,..,..,..,..,0.625
JORrq2000,Jordan,JOR,Middle East & North Africa,Lower middle income,2000,rq,5,0.19435339999999998,0.2637523,-0.23820039999999998,0.6269072,57.928021099999995,4.1597487,51.1060332,64.75000899999999,..,..,..,..,..,..,..,..,..,0.4285714,..,..,..,..,0.5625,..,..,0.7,..,..,..,..,..,..,..,..,..,0.8181818,..,..,..,..,..,..,0.5416667
JPNrq2000,Japan,JPN,East Asia & Pacific,High income,2000,rq,6,0.773297,0.24054029999999998,0.3788109,1.1677830999999999,67.0587841,3.7936623,60.8371779,73.2803904,..,..,..,..,..,..,..,..,..,0.7142856999999999,..,..,..,..,0.6041667,..,..,0.5,..,..,..,..,..,..,..,..,..,0.6363635999999999,..,..,..,..,0.5189277,..,0.8333332999999999
KAZrq2000,Kazakhstan,KAZ,Europe & Central Asia,Upper middle income,2000,rq,7,-0.7662314,0.24088769999999998,-1.1612871999999999,-0.3711756,42.7782342,3.7991409999999997,36.547643,49.0088254,..,..,..,..,..,0.5804083,..,..,0.44416669999999997,0.2857143,..,..,..,..,0.325,..,..,0.3,..,..,..,..,..,..,..,..,..,0.9090908999999999,..,..,..,..,..,..,0.4166667
KENrq2000,Kenya,KEN,Sub-Saharan Africa,Lower middle income,2000,rq,4,-0.6593371,0.2792826,-1.1173606,-0.20131359999999998,44.464109099999995,4.4046837,37.2404278,51.6877904,..,..,..,..,..,..,..,..,..,0.2857143,..,..,..,..,..,..,..,0.5,..,..,..,..,..,..,..,..,..,0.5454545,..,..,..,..,..,..,0.4583333
KGZrq2000,Kyrgyz Republic,KGZ,Europe & Central Asia,Lower middle income,2000,rq,4,-0.5567827,0.3382749,-1.1115534999999999,-0.0020119,46.0815377,5.3350754,37.332014099999995,54.831061399999996,..,..,..,..,..,0.5211507,..,..,0.5,..,..,..,..,..,..,..,..,0.5,..,..,..,..,..,..,..,..,..,..,..,..,..,..,..,..,0.4166667
KHMrq2000,Cambodia,KHM,East Asia & Pacific,Lower middle income,2000,rq,3,-0.3323699,0.3026673,-0.8287443,0.1640045,49.6208464,4.7734936,41.792316899999996,57.4493758,..,..,..,..,..,..,..,..,..,0.46428569999999997,..,..,..,..,..,..,..,0.5,..,..,..,..,..,..,..,..,..,..,..,..,..,..,..,..,0.4166667
KORrq2000,"Korea, Rep.",KOR,East Asia & Pacific,High income,2000,rq,6,0.46050559999999996,0.24054029999999998,0.0660195,0.8549916999999999,62.1256194,3.7936623,55.904013199999994,68.3472256,..,..,..,..,..,..,..,..,..,0.6071428999999999,..,..,..,..,0.525,..,..,0.6,..,..,..,..,..,..,..,..,..,0.6363635999999999,..,..,..,..,0.4756303,..,0.75
KWTrq2000,Kuwait,KWT,Middle East & North Africa,High income,2000,rq,4,-0.4185483,0.2792826,-0.8765718,0.039475199999999995,48.261690599999994,4.4046837,41.0380093,55.4853719,..,..,..,..,..,..,..,..,..,0.3571429,..,..,..,..,..,..,..,0.39999999999999997,..,..,..,..,..,..,..,..,..,0.36363639999999997,..,..,..,..,..,..,0.7083332999999999
LAOrq2000,Lao PDR,LAO,East Asia & Pacific,Lower middle income,2000,rq,2,-1.4907046,0.4123728,-2.1669959999999997,-0.8144132,31.3522626,6.503705,20.6861864,42.0183387,..,..,..,..,..,..,..,..,..,..,..,..,..,..,..,..,..,0.09999999999999999,..,..,..,..,..,..,..,..,..,..,..,..,..,..,..,..,0.3333333
LBNrq2000,Lebanon,LBN,Middle East & North Africa,Lower middle income,2000,rq,4,-0.5071751,0.2792826,-0.9651985999999999,-0.0491516,46.86392,4.4046837,39.6402388,54.087601299999996,..,..,..,..,..,..,..,..,..,0.3214286,..,..,..,..,..,..,..,0.6,..,..,..,..,..,..,..,..,..,0.5454545,..,..,..,..,..,..,0.4583333
LBRrq2000,Liberia,LBR,Sub-Saharan Africa,Low income,2000,rq,2,-2.2082317,0.403001,-2.8691533,-1.5473101,20.0358409,6.3558978999999995,9.6121683,30.4595134,..,..,..,..,..,..,..,..,..,..,..,..,..,..,..,..,..,..,..,..,..,..,..,..,..,..,..,0.18181819999999999,..,..,..,..,..,..,0.125
LBYrq2000,Libya,LBY,Middle East & North Africa,Upper middle income,2000,rq,4,-1.5339076,0.2792826,-1.9919311,-1.0758841,30.6708899,4.4046837,23.4472086,37.8945712,..,..,..,..,..,..,..,..,..,0.0714286,..,..,..,..,..,..,..,0.09999999999999999,..,..,..,..,..,..,..,..,..,0.7272727,..,..,..,..,..,..,0.25
LIErq2000,Liechtenstein,LIE,Europe & Central Asia,High income,2000,rq,1,1.6341256,0.48491779999999995,0.8388604,2.4293907999999997,80.63527409999999,7.6478427,68.0928121,93.17773609999999,..,..,..,..,..,..,..,..,..,..,..,..,..,..,..,..,..,..,..,..,..,..,..,..,..,..,..,..,..,..,..,..,..,..,0.9583332999999999
LKArq2000,Sri Lanka,LKA,South Asia,Lower middle income,2000,rq,5,-0.15562789999999999,0.2637523,-0.5881816999999999,0.2769259,52.408318799999996,4.1597487,45.5863309,59.2303067,..,..,..,..,..,..,..,..,..,0.5,..,..,..,..,0.5833332999999999,..,..,0.5,..,..,..,..,..,..,..,..,..,0.4545455,..,..,..,..,..,..,0.5
LSOrq2000,Lesotho,LSO,Sub-Saharan Africa,Lower middle income,2000,rq,2,-0.3724868,0.4123728,-1.0487781999999999,0.3038046,48.9881459,6.503705,38.3220697,59.654222,..,..,..,..,..,..,..,..,..,..,..,..,..,..,..,..,..,0.5,..,..,..,..,..,..,..,..,..,..,..,..,..,..,..,..,0.4583333
LTUrq2000,Lithuania,LTU,Europe & Central Asia,High income,2000,rq,7,0.3678478,0.24088769999999998,-0.027208,0.7629036,60.664274299999995,3.7991409999999997,54.433683099999996,66.8948655,..,..,..,..,..,0.48071149999999996,..,..,0.5558333,0.6785713999999999,..,..,..,..,0.45208329999999997,..,..,0.6,..,..,..,..,..,..,..,..,..,0.5454545,..,..,..,..,..,..,0.7916667
LUXrq2000,Luxembourg,LUX,Europe & Central Asia,High income,2000,rq,5,1.9022871,0.2857417,1.4336707,2.3709035,84.8645619,4.506552699999999,77.4738155,92.2553083,..,..,..,..,..,..,..,..,..,..,..,..,..,..,0.7666666999999999,..,..,0.8999999999999999,..,..,..,..,..,..,..,..,..,0.8181818,..,..,..,..,0.6556835,..,1
LVArq2000,Latvia,LVA,Europe & Central Asia,High income,2000,rq,7,0.44157159999999995,0.24088769999999998,0.046515799999999996,0.8366273999999999,61.827003299999994,3.7991409999999997,55.596412099999995,68.0575945,..,..,..,..,..,0.5215261,..,..,0.5549999999999999,0.6785713999999999,..,..,..,..,0.50625,..,..,0.7,..,..,..,..,..,..,..,..,..,0.5454545,..,..,..,..,..,..,0.75
MACrq2000,"Macao SAR, China",MAC,East Asia & Pacific,High income,2000,rq,1,0.5685496,0.48491779999999995,-0.2267156,1.3638147999999999,63.8296268,7.6478427,51.2871648,76.3720888,..,..,..,..,..,..,..,..,..,..,..,..,..,..,..,..,..,..,..,..,..,..,..,..,..,..,..,..,..,..,..,..,..,..,0.7083332999999999
MARrq2000,Morocco,MAR,Middle East & North Africa,Lower middle income,2000,rq,4,-0.0201385,0.2792826,-0.478162,0.43788499999999997,54.5451791,4.4046837,47.321497799999996,61.768860399999994,..,..,..,..,..,..,..,..,..,0.4285714,..,..,..,..,..,..,..,0.6,..,..,..,..,..,..,..,..,..,0.7272727,..,..,..,..,..,..,0.5416667
MDArq2000,Moldova,MDA,Europe & Central Asia,Upper middle income,2000,rq,6,-0.5728508,0.2525453,-0.9870251,-0.1586765,45.828120899999995,3.9829982,39.2960038,52.360237999999995,..,..,..,..,..,0.5250393999999999,..,..,0.5275,0.46428569999999997,..,..,..,..,..,..,..,0.5,..,..,..,..,..,..,..,..,..,0.18181819999999999,..,..,..,..,..,..,0.5
MDGrq2000,Madagascar,MDG,Sub-Saharan Africa,Low income,2000,rq,3,-0.5342589,0.35839879999999996,-1.1220329,0.053515099999999996,46.436769999999996,5.6524579,37.166739,55.706801,..,..,..,..,..,..,..,..,..,..,..,..,..,..,..,..,..,0.5,..,..,..,..,..,..,..,..,..,0.5454545,..,..,..,..,..,..,0.4166667
MDVrq2000,Maldives,MDV,South Asia,Upper middle income,2000,rq,1,0.9237418,0.48491779999999995,0.1284766,1.719007,69.4315124,7.6478427,56.889050399999995,81.9739743,..,..,..,..,..,..,..,..,..,..,..,..,..,..,..,..,..,..,..,..,..,..,..,..,..,..,..,..,..,..,..,..,..,..,0.7916667
MEXrq2000,Mexico,MEX,Latin America & Caribbean,Upper middle income,2000,rq,6,0.265601,0.24054029999999998,-0.1288851,0.6600870999999999,59.051697,3.7936623,52.8300907,65.2733032,..,..,..,..,..,..,..,..,..,0.6071428999999999,..,..,..,..,0.47083329999999995,..,..,0.5,..,..,..,..,..,..,..,..,..,0.7272727,..,..,..,..,0.5023852,..,0.5833332999999999
MKDrq2000,North Macedonia,MKD,Europe & Central Asia,Upper middle income,2000,rq,4,-0.5209490999999999,0.2869272,-0.9915096999999999,-0.050388499999999996,46.6466845,4.5252495,39.2252753,54.0680936,..,..,..,..,..,0.5464123,..,..,0.5,0.4285714,..,..,..,..,..,..,..,..,..,..,..,..,..,..,..,..,..,..,..,..,..,..,..,..,0.4166667
MLIrq2000,Mali,MLI,Sub-Saharan Africa,Low income,2000,rq,3,-0.3571194,0.35839879999999996,-0.9448934,0.2306546,49.2305116,5.6524579,39.9604806,58.500542599999996,..,..,..,..,..,..,..,..,..,..,..,..,..,..,..,..,..,0.6,..,..,..,..,..,..,..,..,..,0.6363635999999999,..,..,..,..,..,..,0.375
MLTrq2000,Malta,MLT,Middle East & North Africa,High income,2000,rq,3,0.9427852999999999,0.35839879999999996,0.3550113,1.5305593,69.7318554,5.6524579,60.4618244,79.00188639999999,..,..,..,..,..,..,..,..,..,..,..,..,..,..,..,..,..,0.6,..,..,..,..,..,..,..,..,..,0.7272727,..,..,..,..,..,..,0.875
MMRrq2000,Myanmar,MMR,East Asia & Pacific,Lower middle income,2000,rq,4,-2.0479562,0.2792826,-2.5059796999999997,-1.5899326999999999,22.5636132,4.4046837,15.3399319,29.787294499999998,..,..,..,..,..,..,..,..,..,0.0357143,..,..,..,..,..,..,..,0.19999999999999998,..,..,..,..,..,..,..,..,..,0.2727273,..,..,..,..,..,..,0.1666667
MNGrq2000,Mongolia,MNG,East Asia & Pacific,Upper middle income,2000,rq,3,-0.3402329,0.35839879999999996,-0.9280069,0.2475411,49.4968357,5.6524579,40.226804699999995,58.766866699999994,..,..,..,..,..,..,..,..,..,..,..,..,..,..,..,..,..,0.5,..,..,..,..,..,..,..,..,..,0.5454545,..,..,..,..,..,..,0.5
MOZrq2000,Mozambique,MOZ,Sub-Saharan Africa,Low income,2000,rq,4,-0.2363131,0.2792826,-0.6943366,0.2217104,51.1357986,4.4046837,43.9121173,58.3594799,..,..,..,..,..,..,..,..,..,0.46428569999999997,..,..,..,..,..,..,..,0.5,..,..,..,..,..,..,..,..,..,0.6363635999999999,..,..,..,..,..,..,0.4583333
MRTrq2000,Mauritania,MRT,Sub-Saharan Africa,Lower middle income,2000,rq,2,-0.4272832,0.4123728,-1.1035746,0.24900819999999999,48.123928799999995,6.5037049,37.4578527,58.7900049,..,..,..,..,..,..,..,..,..,..,..,..,..,..,..,..,..,0.39999999999999997,..,..,..,..,..,..,..,..,..,..,..,..,..,..,..,..,0.5
MTQrq2000,Martinique,MTQ,,,2000,rq,1,0.9237418,0.48491779999999995,0.1284766,1.719007,69.4315124,7.6478427,56.889050399999995,81.9739743,..,..,..,..,..,..,..,..,..,..,..,..,..,..,..,..,..,..,..,..,..,..,..,..,..,..,..,..,..,..,..,..,..,..,0.7916667
MUSrq2000,Mauritius,MUS,Sub-Saharan Africa,Upper middle income,2000,rq,3,0.3727258,0.3308004,-0.1697869,0.9152385,60.7412072,5.2171927,52.1850113,69.29740319999999,..,..,..,..,..,..,..,..,..,0.5357143,..,..,..,..,0.5854167,..,..,0.6,..,..,..,..,..,..,..,..,..,..,..,..,..,..,..,..,..
MWIrq2000,Malawi,MWI,Sub-Saharan Africa,Low income,2000,rq,4,-0.1487791,0.2792826,-0.6068026,0.3092444,52.516334099999995,4.4046837,45.2926528,59.7400154,..,..,..,..,..,..,..,..,..,0.39285709999999996,..,..,..,..,..,..,..,0.5,..,..,..,..,..,..,..,..,..,0.8181818,..,..,..,..,..,..,0.5
MYSrq2000,Malaysia,MYS,East Asia & Pacific,Upper middle income,2000,rq,6,0.40974459999999996,0.24054029999999998,0.0152585,0.8042307,61.3250463,3.7936623,55.1034401,67.5466525,..,..,..,..,..,..,..,..,..,0.5357143,..,..,..,..,0.6124999999999999,..,..,0.3,..,..,..,..,..,..,..,..,..,0.6363635999999999,..,..,..,..,0.5562581,..,0.7916667
NAMrq2000,Namibia,NAM,Sub-Saharan Africa,Lower middle income,2000,rq,4,0.1750081,0.2792826,-0.2830154,0.6330315999999999,57.6229182,4.4046837,50.399237,64.8465995,..,..,..,..,..,..,..,..,..,0.5,..,..,..,..,..,..,..,0.6,..,..,..,..,..,..,..,..,..,0.7272727,..,..,..,..,..,..,0.5833332999999999
NERrq2000,Niger,NER,Sub-Saharan Africa,Low income,2000,rq,3,-0.8693443999999999,0.35839879999999996,-1.4571184,-0.2815704,41.1519957,5.6524579,31.881964699999997,50.422026699999996,..,..,..,..,..,..,..,..,..,..,..,..,..,..,..,..,..,0.3,..,..,..,..,..,..,..,..,..,0.6363635999999999,..,..,..,..,..,..,0.3333333
NGArq2000,Nigeria,NGA,Sub-Saharan Africa,Lower middle income,2000,rq,5,-1.2023868,0.2637523,-1.6349406,-0.769833,35.8994439,4.1597487,29.077455999999998,42.7214318,..,..,..,..,..,..,..,..,..,0.25,..,..,..,..,0.40833329999999995,..,..,0.39999999999999997,..,..,..,..,..,..,..,..,..,0.36363639999999997,..,..,..,..,..,..,0.2916667
NICrq2000,Nicaragua,NIC,Latin America & Caribbean,Lower middle income,2000,rq,5,-0.4086189,0.2637523,-0.8411727,0.0239349,48.4182913,4.1597487,41.5963034,55.240279199999996,..,..,..,..,..,..,..,..,..,0.5,..,..,..,..,0.3541667,..,..,0.6,..,..,..,..,..,..,..,..,..,0.4545455,..,..,..,..,..,..,0.4583333
NLDrq2000,Netherlands,NLD,Europe & Central Asia,High income,2000,rq,6,2.1764948,0.24054029999999998,1.7820087,2.5709809,89.1892069,3.7936623,82.96760069999999,95.4108131,..,..,..,..,..,..,..,..,..,0.9285713999999999,..,..,..,..,0.8041667,..,..,0.8999999999999999,..,..,..,..,..,..,..,..,..,1,..,..,..,..,0.6946146999999999,..,1
NORrq2000,Norway,NOR,Europe & Central Asia,High income,2000,rq,6,1.2405150999999999,0.24054029999999998,0.8460289999999999,1.6350011999999998,74.42747729999999,3.7936623,68.2058711,80.6490835,..,..,..,..,..,..,..,..,..,0.7857143,..,..,..,..,0.6479167,..,..,0.5,..,..,..,..,..,..,..,..,..,0.7272727,..,..,..,..,0.6177904,..,0.9583332999999999
NPLrq2000,Nepal,NPL,South Asia,Lower middle income,2000,rq,2,-0.738946,0.4123728,-1.4152373999999999,-0.06265459999999999,43.2085637,6.503705,32.5424875,53.8746398,..,..,..,..,..,..,..,..,..,..,..,..,..,..,..,..,..,0.3,..,..,..,..,..,..,..,..,..,..,..,..,..,..,..,..,0.4583333
NZLrq2000,New Zealand,NZL,East Asia & Pacific,High income,2000,rq,6,1.6192487999999998,0.24054029999999998,1.2247626999999999,2.0137348999999998,80.40064579999999,3.7936623,74.1790396,86.622252,..,..,..,..,..,..,..,..,..,0.7857143,..,..,..,..,0.7041666999999999,..,..,0.8999999999999999,..,..,..,..,..,..,..,..,..,0.7272727,..,..,..,..,0.7065163,..,0.9166667
OMNrq2000,Oman,OMN,Middle East & North Africa,High income,2000,rq,4,0.0331001,0.2792826,-0.4249234,0.4911236,55.3848275,4.4046837,48.1611462,62.608508799999996,..,..,..,..,..,..,..,..,..,0.46428569999999997,..,..,..,..,..,..,..,0.39999999999999997,..,..,..,..,..,..,..,..,..,0.6363635999999999,..,..,..,..,..,..,0.7083332999999999
PAKrq2000,Pakistan,PAK,South Asia,Lower middle income,2000,rq,4,-0.9614330999999999,0.2792826,-1.4194566,-0.5034096,39.699625999999995,4.4046837,32.4759448,46.9233073,..,..,..,..,..,..,..,..,..,0.39285709999999996,..,..,..,..,..,..,..,0.5,..,..,..,..,..,..,..,..,..,0.18181819999999999,..,..,..,..,..,..,0.3333333
PANrq2000,Panama,PAN,Latin America & Caribbean,High income,2000,rq,5,0.5208576,0.2637523,0.0883038,0.9534113999999999,63.0774562,4.1597488,56.255468199999996,69.8994441,..,..,..,..,..,..,..,..,..,0.5,..,..,..,..,0.4958333,..,..,0.7999999999999999,..,..,..,..,..,..,..,..,..,0.8181818,..,..,..,..,..,..,0.7083332999999999
PERrq2000,Peru,PER,Latin America & Caribbean,Upper middle income,2000,rq,5,0.20742439999999998,0.2637523,-0.22512939999999998,0.6399781999999999,58.134169299999996,4.1597488,51.3121814,64.9561573,..,..,..,..,..,..,..,..,..,0.6071428999999999,..,..,..,..,0.46041669999999996,..,..,0.7,..,..,..,..,..,..,..,..,..,0.5454545,..,..,..,..,..,..,0.5833332999999999
PHLrq2000,Philippines,PHL,East Asia & Pacific,Lower middle income,2000,rq,6,-0.0383351,0.24054029999999998,-0.43282119999999996,0.356151,54.2581929,3.7936623,48.0365867,60.479799099999994,..,..,..,..,..,..,..,..,..,0.5714286,..,..,..,..,0.4541667,..,..,0.5,..,..,..,..,..,..,..,..,..,0.6363635999999999,..,..,..,..,0.4685897,..,0.4583333
PNGrq2000,Papua New Guinea,PNG,East Asia & Pacific,Lower middle income,2000,rq,4,-0.4355658,0.2792826,-0.8935892999999999,0.0224577,47.993300399999995,4.4046837,40.7696191,55.2169817,..,..,..,..,..,..,..,..,..,0.2857143,..,..,..,..,..,..,..,0.5,..,..,..,..,..,..,..,..,..,0.7272727,..,..,..,..,..,..,0.5
POLrq2000,Poland,POL,Europe & Central Asia,High income,2000,rq,8,0.5737875,0.2228194,0.20836369999999999,0.9392113,63.9122359,3.5141784,58.1489834,69.67548839999999,..,..,..,..,..,0.5163897,..,..,0.6383333,0.6428571,..,..,..,..,0.5583332999999999,..,..,0.6,..,..,..,..,..,..,..,..,..,0.7272727,..,..,..,..,0.46570799999999996,..,0.7916667
PRIrq2000,Puerto Rico (U.S.),PRI,Latin America & Caribbean,High income,2000,rq,1,1.1013376,0.48491779999999995,0.30607239999999997,1.8966028,72.23245039999999,7.6478427,59.6899884,84.77491239999999,..,..,..,..,..,..,..,..,..,..,..,..,..,..,..,..,..,..,..,..,..,..,..,..,..,..,..,..,..,..,..,..,..,..,0.8333332999999999
PRKrq2000,"Korea, Dem. People's Rep.",PRK,East Asia & Pacific,Low income,2000,rq,3,-1.8639789999999998,0.35839879999999996,-2.451753,-1.276205,25.465194999999998,5.6524579,16.195164,34.735226,..,..,..,..,..,..,..,..,..,..,..,..,..,..,..,..,..,0.09999999999999999,..,..,..,..,..,..,..,..,..,0.5454545,..,..,..,..,..,..,0.0833333
PRTrq2000,Portugal,PRT,Europe & Central Asia,High income,2000,rq,6,1.0185404,0.24054029999999998,0.6240543,1.4130265,70.926621,3.7936623,64.70501469999999,77.1482272,..,..,..,..,..,..,..,..,..,0.7857143,..,..,..,..,0.5625,..,..,0.6,..,..,..,..,..,..,..,..,..,0.8181818,..,..,..,..,0.5198332,..,0.8333332999999999
PRYrq2000,Paraguay,PRY,Latin America & Caribbean,Upper middle income,2000,rq,5,-1.1100972999999998,0.2637523,-1.5426510999999998,-0.6775435,37.354980399999995,4.1597487,30.5329925,44.1769683,..,..,..,..,..,..,..,..,..,0.25,..,..,..,..,0.31666669999999997,..,..,0.6,..,..,..,..,..,..,..,..,..,0.36363639999999997,..,..,..,..,..,..,0.3333333
PSErq2000,West Bank and Gaza,PSE,Middle East & North Africa,Lower middle income,2000,rq,1,-1.2074101,0.48491779999999995,-2.0026753,-0.4121449,35.8202193,7.6478427,23.277757299999998,48.3626813,..,..,..,..,..,..,..,..,..,..,..,..,..,..,..,..,..,..,..,..,..,..,..,..,..,..,..,..,..,..,..,..,..,..,0.2916667
QATrq2000,Qatar,QAT,Middle East & North Africa,High income,2000,rq,4,-0.0745125,0.2792826,-0.532536,0.383511,53.6876239,4.4046837,46.463942599999996,60.911305199999994,..,..,..,..,..,..,..,..,..,0.3214286,..,..,..,..,..,..,..,0.39999999999999997,..,..,..,..,..,..,..,..,..,0.8181818,..,..,..,..,..,..,0.7083332999999999
ROUrq2000,Romania,ROU,Europe & Central Asia,High income,2000,rq,7,-0.3988021,0.24088769999999998,-0.7938579,-0.0037462999999999997,48.5731162,3.7991409999999997,42.342524999999995,54.8037074,..,..,..,..,..,0.530009,..,..,0.5275,0.5,..,..,..,..,0.38958329999999997,..,..,0.39999999999999997,..,..,..,..,..,..,..,..,..,0.36363639999999997,..,..,..,..,..,..,0.625
RUSrq2000,Russian Federation,RUS,Europe & Central Asia,High income,2000,rq,8,-0.7831363,0.2228194,-1.1485600999999999,-0.4177125,42.5116199,3.5141782999999998,36.7483674,48.2748723,..,..,..,..,..,0.5792128999999999,..,..,0.3883333,0.39285709999999996,..,..,..,..,0.35625,..,..,0.39999999999999997,..,..,..,..,..,..,..,..,..,0.5454545,..,..,..,..,0.3354058,..,0.4583333
RWArq2000,Rwanda,RWA,Sub-Saharan Africa,Low income,2000,rq,2,-1.5643411,0.4123728,-2.2406325,-0.8880496999999999,30.1909104,6.503705,19.5248342,40.8569865,..,..,..,..,..,..,..,..,..,..,..,..,..,..,..,..,..,0.19999999999999998,..,..,..,..,..,..,..,..,..,..,..,..,..,..,..,..,0.25
SAUrq2000,Saudi Arabia,SAU,Middle East & North Africa,High income,2000,rq,4,-0.058703399999999996,0.2792826,-0.5167269,0.39932009999999996,53.9369559,4.4046837,46.7132746,61.160637099999995,..,..,..,..,..,..,..,..,..,0.5714286,..,..,..,..,..,..,..,0.3,..,..,..,..,..,..,..,..,..,0.7272727,..,..,..,..,..,..,0.5
SDNrq2000,Sudan,SDN,Sub-Saharan Africa,Low income,2000,rq,4,-1.5290222999999998,0.2792826,-1.9870458,-1.0709988,30.747937999999998,4.4046837,23.5242567,37.9716193,..,..,..,..,..,..,..,..,..,0.2142857,..,..,..,..,..,..,..,0.3,..,..,..,..,..,..,..,..,..,0.18181819999999999,..,..,..,..,..,..,0.2916667
SENrq2000,Senegal,SEN,Sub-Saharan Africa,Lower middle income,2000,rq,4,-0.1420157,0.2792826,-0.6000392,0.3160078,52.6230025,4.4046837,45.3993213,59.846683799999994,..,..,..,..,..,..,..,..,..,0.46428569999999997,..,..,..,..,..,..,..,0.5,..,..,..,..,..,..,..,..,..,0.5454545,..,..,..,..,..,..,0.5833332999999999
SGPrq2000,Singapore,SGP,East Asia & Pacific,High income,2000,rq,6,2.1066061,0.24054029999999998,1.7121199999999999,2.5010922,88.0869628,3.7936623,81.8653566,94.30856899999999,..,..,..,..,..,..,..,..,..,0.8928571,..,..,..,..,0.8062499999999999,..,..,0.7999999999999999,..,..,..,..,..,..,..,..,..,0.9090908999999999,..,..,..,..,0.7721138,..,1
SLErq2000,Sierra Leone,SLE,Sub-Saharan Africa,Low income,2000,rq,3,-1.8364707999999998,0.35839879999999996,-2.4242448,-1.2486968,25.8990384,5.6524579,16.6290074,35.1690694,..,..,..,..,..,..,..,..,..,..,..,..,..,..,..,..,..,0.39999999999999997,..,..,..,..,..,..,..,..,..,0.09090909999999999,..,..,..,..,..,..,0.2083333
SLVrq2000,El Salvador,SLV,Latin America & Caribbean,Upper middle income,2000,rq,5,-0.1212081,0.2637523,-0.5537619,0.3113457,52.951167899999994,4.1597488,46.12918,59.7731559,..,..,..,..,..,..,..,..,..,0.46428569999999997,..,..,..,..,0.4854167,..,..,0.7,..,..,..,..,..,..,..,..,..,0.7272727,..,..,..,..,..,..,0.375
SOMrq2000,Federal Republic of Somalia,SOM,Sub-Saharan Africa,Low income,2000,rq,2,-2.2329401,0.403001,-2.8938617,-1.5720185,19.6461543,6.3558978999999995,9.2224817,30.0698269,..,..,..,..,..,..,..,..,..,..,..,..,..,..,..,..,..,..,..,..,..,..,..,..,..,..,..,0.36363639999999997,..,..,..,..,..,..,0
SRBrq2000,Serbia,SRB,Europe & Central Asia,Upper middle income,2000,rq,5,-1.8796328999999998,0.2667737,-2.3171418,-1.442124,25.218310799999998,4.207400499999999,18.318173899999998,32.1184477,..,..,..,..,..,0.665647,..,..,0.0833333,0.25,..,..,..,..,..,..,..,..,..,..,..,..,..,..,..,..,..,0,..,..,..,..,..,..,0.375
STPrq2000,São Tomé and Príncipe,STP,Sub-Saharan Africa,Lower middle income,2000,rq,1,-0.6746221,0.48491779999999995,-1.4698873,0.12064309999999999,44.223043,7.6478427,31.680581,56.765505,..,..,..,..,..,..,..,..,..,..,..,..,..,..,..,..,..,..,..,..,..,..,..,..,..,..,..,..,..,..,..,..,..,..,0.4166667
SURrq2000,Suriname,SUR,Latin America & Caribbean,Upper middle income,2000,rq,3,-0.9441598999999999,0.35839879999999996,-1.5319338999999998,-0.3563859,39.9720489,5.6524579,30.702017899999998,49.2420799,..,..,..,..,..,..,..,..,..,..,..,..,..,..,..,..,..,0.39999999999999997,..,..,..,..,..,..,..,..,..,0.36363639999999997,..,..,..,..,..,..,0.4166667
SVKrq2000,Slovak Republic,SVK,Europe & Central Asia,High income,2000,rq,7,0.3452865,0.24088769999999998,-0.049769299999999995,0.7403423,60.3084505,3.7991409999999997,54.0778593,66.5390417,..,..,..,..,..,0.6108022,..,..,0.6108333,0.5357143,..,..,..,..,0.5083333,..,..,0.6,..,..,..,..,..,..,..,..,..,0.6363635999999999,..,..,..,..,..,..,0.7916667
SVNrq2000,Slovenia,SVN,Europe & Central Asia,High income,2000,rq,8,0.6194031,0.2228194,0.25397929999999996,0.9848269,64.6316587,3.5141784,58.868406199999995,70.3949112,..,..,..,..,..,0.5804444,..,..,0.6108333,0.6785713999999999,..,..,..,..,0.56875,..,..,0.5,..,..,..,..,..,..,..,..,..,0.8181818,..,..,..,..,0.4141515,..,0.875
SWErq2000,Sweden,SWE,Europe & Central Asia,High income,2000,rq,6,1.4580467,0.24054029999999998,1.0635606,1.8525327999999999,77.85825969999999,3.7936623,71.6366535,84.0798659,..,..,..,..,..,..,..,..,..,0.8214286,..,..,..,..,0.7270833,..,..,0.7,..,..,..,..,..,..,..,..,..,0.7272727,..,..,..,..,0.6230164,..,0.9166667
SWZrq2000,Eswatini,SWZ,Sub-Saharan Africa,Lower middle income,2000,rq,2,-0.4461234,0.4123728,-1.1224148,0.23016799999999998,47.8267921,6.503705,37.1607159,58.4928682,..,..,..,..,..,..,..,..,..,..,..,..,..,..,..,..,..,0.6,..,..,..,..,..,..,..,..,..,..,..,..,..,..,..,..,0.375
SYCrq2000,Seychelles,SYC,Sub-Saharan Africa,High income,2000,rq,1,0.21335769999999998,0.48491779999999995,-0.5819075,1.0086229,58.227745899999995,7.6478427,45.685283899999995,70.7702079,..,..,..,..,..,..,..,..,..,..,..,..,..,..,..,..,..,..,..,..,..,..,..,..,..,..,..,..,..,..,..,..,..,..,0.625
SYRrq2000,Syrian Arab Republic,SYR,Middle East & North Africa,Low income,2000,rq,4,-1.330385,0.2792826,-1.7884084999999998,-0.8723615,33.8807304,4.4046837,26.6570491,41.1044117,..,..,..,..,..,..,..,..,..,0.2142857,..,..,..,..,..,..,..,0.19999999999999998,..,..,..,..,..,..,..,..,..,0.36363639999999997,..,..,..,..,..,..,0.375
TCDrq2000,Chad,TCD,Sub-Saharan Africa,Low income,2000,rq,2,-1.2526783,0.4123728,-1.9289697,-0.5763868999999999,35.106275499999995,6.503705,24.4401993,45.7723516,..,..,..,..,..,..,..,..,..,..,..,..,..,..,..,..,..,0.3,..,..,..,..,..,..,..,..,..,..,..,..,..,..,..,..,0.2916667
TGOrq2000,Togo,TGO,Sub-Saharan Africa,Low income,2000,rq,3,-1.0852192,0.35839879999999996,-1.6729931999999998,-0.4974452,37.7473434,5.6524579,28.4773124,47.0173744,..,..,..,..,..,..,..,..,..,..,..,..,..,..,..,..,..,0.19999999999999998,..,..,..,..,..,..,..,..,..,0.4545455,..,..,..,..,..,..,0.4166667
THArq2000,Thailand,THA,East Asia & Pacific,Upper middle income,2000,rq,6,0.32937659999999996,0.24054029999999998,-0.0651095,0.7238627,60.0575288,3.7936623,53.835922599999996,66.279135,..,..,..,..,..,..,..,..,..,0.5357143,..,..,..,..,0.5604167,..,..,0.6,..,..,..,..,..,..,..,..,..,0.7272727,..,..,..,..,0.5122192999999999,..,0.5833332999999999
TJKrq2000,Tajikistan,TJK,Europe & Central Asia,Lower middle income,2000,rq,3,-1.3908882,0.3384282,-1.9459103999999998,-0.835866,32.926508999999996,5.337492999999999,24.1730204,41.6799976,..,..,..,..,..,..,..,..,0.4166667,..,..,..,..,..,..,..,..,0.3,..,..,..,..,..,..,..,..,..,..,..,..,..,..,..,..,0.2083333
TKMrq2000,Turkmenistan,TKM,Europe & Central Asia,Upper middle income,2000,rq,3,-2.1138268,0.3384282,-2.668849,-1.5588046,21.524740299999998,5.337492999999999,12.771251699999999,30.278228799999997,..,..,..,..,..,..,..,..,0.0833333,..,..,..,..,..,..,..,..,0.19999999999999998,..,..,..,..,..,..,..,..,..,..,..,..,..,..,..,..,0.25
TTOrq2000,Trinidad and Tobago,TTO,Latin America & Caribbean,High income,2000,rq,5,0.5663805,0.2637523,0.1338267,0.9989342999999999,63.795417,4.1597487,56.9734291,70.6174049,..,..,..,..,..,..,..,..,..,0.5714286,..,..,..,..,0.5375,..,..,0.7999999999999999,..,..,..,..,..,..,..,..,..,0.7272727,..,..,..,..,..,..,0.6666667
TUNrq2000,Tunisia,TUN,Middle East & North Africa,Lower middle income,2000,rq,4,0.1119925,0.2792826,-0.346031,0.570016,56.629072699999995,4.4046837,49.4053914,63.852754,..,..,..,..,..,..,..,..,..,0.39285709999999996,..,..,..,..,..,..,..,0.6,..,..,..,..,..,..,..,..,..,0.8181818,..,..,..,..,..,..,0.625
TURrq2000,Türkiye,TUR,Europe & Central Asia,Upper middle income,2000,rq,7,0.2149671,0.24048519999999998,-0.1794286,0.6093628,58.253128399999994,3.7927929999999996,52.032947899999996,64.47330889999999,..,..,..,..,..,0.5787454,..,..,..,0.5,..,..,..,..,0.4854167,..,..,0.6,..,..,..,..,..,..,..,..,..,0.8181818,..,..,..,..,0.5455591,..,0.5
TWNrq2000,"Taiwan, China",TWN,East Asia & Pacific,High income,2000,rq,6,1.0059398,0.24054029999999998,0.6114537,1.4004259,70.72789159999999,3.7936623,64.5062854,76.9494978,..,..,..,..,..,..,..,..,..,0.75,..,..,..,..,0.7458332999999999,..,..,0.5,..,..,..,..,..,..,..,..,..,0.8181818,..,..,..,..,0.5563755,..,0.7083332999999999
TZArq2000,Tanzania,TZA,Sub-Saharan Africa,Lower middle income,2000,rq,4,-0.5087875,0.2792826,-0.966811,-0.050764,46.838490199999995,4.4046837,39.6148089,54.0621715,..,..,..,..,..,..,..,..,..,0.3214286,..,..,..,..,..,..,..,0.5,..,..,..,..,..,..,..,..,..,0.6363635999999999,..,..,..,..,..,..,0.4583333
UGArq2000,Uganda,UGA,Sub-Saharan Africa,Low income,2000,rq,4,-0.3111471,0.2792826,-0.7691705999999999,0.1468764,49.9555601,4.4046837,42.7318788,57.179241399999995,..,..,..,..,..,..,..,..,..,0.5,..,..,..,..,..,..,..,0.39999999999999997,..,..,..,..,..,..,..,..,..,0.6363635999999999,..,..,..,..,..,..,0.4166667
UKRrq2000,Ukraine,UKR,Europe & Central Asia,Upper middle income,2000,rq,7,-0.9020265,0.24088769999999998,-1.2970823,-0.5069707,40.6365525,3.7991409999999997,34.4059613,46.8671437,..,..,..,..,..,0.48253029999999997,..,..,0.44416669999999997,0.39285709999999996,..,..,..,..,0.425,..,..,0.39999999999999997,..,..,..,..,..,..,..,..,..,0.18181819999999999,..,..,..,..,..,..,0.4583333
URYrq2000,Uruguay,URY,Latin America & Caribbean,High income,2000,rq,5,0.6882126,0.2637523,0.25565879999999996,1.1207664,65.7168823,4.1597487,58.8948943,72.53887019999999,..,..,..,..,..,..,..,..,..,0.6071428999999999,..,..,..,..,0.5020833,..,..,0.7,..,..,..,..,..,..,..,..,..,0.8181818,..,..,..,..,..,..,0.75
USArq2000,United States,USA,North America,High income,2000,rq,6,1.8346475999999998,0.24054029999999998,1.4401614999999999,2.2291336999999998,83.7977909,3.7936623,77.5761847,90.01939709999999,..,..,..,..,..,..,..,..,..,0.8928571,..,..,..,..,0.7770832999999999,..,..,0.7999999999999999,..,..,..,..,..,..,..,..,..,0.9090908999999999,..,..,..,..,0.6540948999999999,..,0.9166667
UZBrq2000,Uzbekistan,UZB,Europe & Central Asia,Lower middle income,2000,rq,4,-2.1315988999999997,0.3094556,-2.6391061,-1.6240917,21.244449,4.8805546,13.2403395,29.248558499999998,..,..,..,..,..,0.6617891,..,..,0.1666667,0.0357143,..,..,..,..,..,..,..,0.19999999999999998,..,..,..,..,..,..,..,..,..,..,..,..,..,..,..,..,..
VENrq2000,"Venezuela, RB",VEN,Latin America & Caribbean,,2000,rq,6,-0.6514355,0.24054029999999998,-1.0459216,-0.2569494,44.588728599999996,3.7936623,38.3671224,50.8103348,..,..,..,..,..,..,..,..,..,0.4285714,..,..,..,..,0.42083329999999997,..,..,0.5,..,..,..,..,..,..,..,..,..,0.2727273,..,..,..,..,0.4339054,..,0.375
VNMrq2000,Viet Nam,VNM,East Asia & Pacific,Lower middle income,2000,rq,5,-0.6739274,0.2637523,-1.1064812,-0.2413736,44.233999399999995,4.1597488,37.4120114,51.0559873,..,..,..,..,..,..,..,..,..,0.4285714,..,..,..,..,0.4041667,..,..,0.3,..,..,..,..,..,..,..,..,..,0.5454545,..,..,..,..,..,..,0.4166667
WSMrq2000,Samoa,WSM,East Asia & Pacific,Upper middle income,2000,rq,2,0.1412458,0.4123728,-0.5350456,0.8175372,57.090438799999994,6.5037049,46.424362699999996,67.7565149,..,..,..,..,..,..,..,..,..,..,..,..,..,..,..,..,..,0.5,..,..,..,..,..,..,..,..,..,..,..,..,..,..,..,..,0.625
YEMrq2000,"Yemen, Rep.",YEM,Middle East & North Africa,Low income,2000,rq,4,-0.8039022,0.2792826,-1.2619257,-0.3458787,42.1841121,4.4046837,34.9604308,49.407793399999996,..,..,..,..,..,..,..,..,..,0.2857143,..,..,..,..,..,..,..,0.3,..,..,..,..,..,..,..,..,..,0.6363635999999999,..,..,..,..,..,..,0.4166667
ZAFrq2000,South Africa,ZAF,Sub-Saharan Africa,Upper middle income,2000,rq,6,0.48236229999999997,0.24054029999999998,0.0878762,0.8768484,62.4703306,3.7936623,56.2487244,68.6919368,..,..,..,..,..,..,..,..,..,0.5357143,..,..,..,..,0.5729167,..,..,0.6,..,..,..,..,..,..,..,..,..,0.5454545,..,..,..,..,0.5126684,..,0.8333332999999999
ZMBrq2000,Zambia,ZMB,Sub-Saharan Africa,Lower middle income,2000,rq,4,-0.43661059999999996,0.2792826,-0.8946341,0.0214129,47.976822399999996,4.4046837,40.753141199999995,55.2005037,..,..,..,..,..,..,..,..,..,0.3214286,..,..,..,..,..,..,..,0.6,..,..,..,..,..,..,..,..,..,0.8181818,..,..,..,..,..,..,0.3333333
ZWErq2000,Zimbabwe,ZWE,Sub-Saharan Africa,Lower middle income,2000,rq,5,-1.9391755,0.2637523,-2.3717292999999997,-1.5066217,24.279239399999998,4.1597488,17.4572514,31.101227299999998,..,..,..,..,..,..,..,..,..,0.0714286,..,..,..,..,0.39999999999999997,..,..,0.19999999999999998,..,..,..,..,..,..,..,..,..,0.09090909999999999,..,..,..,..,..,..,0.25
ADOrq2002,Andorra,ADO,,,2002,rq,1,1.6467614,0.48491779999999995,0.8514961999999999,2.4420265999999997,80.8345586,7.6478427,68.2920966,93.3770206,..,..,..,..,..,..,..,..,..,..,..,..,..,..,..,..,..,..,..,..,..,..,..,..,..,..,..,..,..,..,..,..,..,..,0.9583332999999999
AFGrq2002,Afghanistan,AFG,South Asia,Low income,2002,rq,2,-2.1301845999999998,0.3364486,-2.6819603,-1.5784089,21.266754499999998,5.3062723,12.564467899999999,29.9690412,..,..,..,..,..,..,0,..,..,..,..,..,..,..,..,..,..,..,..,..,..,..,..,..,..,..,..,..,..,..,..,..,..,..,0.1666667
AGOrq2002,Angola,AGO,Sub-Saharan Africa,Lower middle income,2002,rq,5,-1.6064493,0.23971699999999999,-1.9995851999999998,-1.2133133999999999,29.526804199999997,3.7806778,23.326492599999998,35.7271159,..,..,..,..,..,..,0,..,..,0.1428571,..,..,..,..,..,..,..,0.3,..,..,..,..,..,..,..,..,..,0.6607143,..,..,..,..,..,..,0.25
ALBrq2002,Albania,ALB,Europe & Central Asia,Upper middle income,2002,rq,6,-0.4325555,0.25628419999999996,-0.8528616,-0.012249399999999999,48.0407771,4.0419659999999995,41.4119528,54.6696014,..,..,..,..,..,0.5545247,0.5,..,0.5,..,..,..,..,..,..,..,..,0.6,..,..,..,..,..,..,..,..,..,0.5892857,..,..,..,..,..,..,0.4166667
ARErq2002,United Arab Emirates,ARE,Middle East & North Africa,High income,2002,rq,5,1.1822947,0.2637523,0.7497408999999999,1.6148485,73.50925889999999,4.1597487,66.687271,80.3312468,..,..,..,..,..,..,..,..,..,0.7142856999999999,..,..,..,..,0.7608332999999999,..,..,0.5,..,..,..,..,..,..,..,..,..,1,..,..,..,..,..,..,0.75
ARGrq2002,Argentina,ARG,Latin America & Caribbean,Upper middle income,2002,rq,7,-0.9549711,0.21385969999999999,-1.305701,-0.6042411999999999,39.801541,3.3728712,34.270032199999996,45.3330497,..,..,..,..,..,..,0.5,..,..,0.3571429,..,..,..,..,0.30586569999999996,..,..,0.39999999999999997,..,..,..,..,..,..,..,..,..,0.1875,..,..,..,..,0.3258337,..,0.4166667
ARMrq2002,Armenia,ARM,Europe & Central Asia,Upper middle income,2002,rq,6,-0.0563245,0.25628419999999996,-0.47663059999999996,0.36398159999999996,53.9744745,4.0419659999999995,47.345650199999994,60.6032988,..,..,..,..,..,0.619767,0.5,..,0.5,..,..,..,..,..,..,..,..,0.7,..,..,..,..,..,..,..,..,..,0.6607143,..,..,..,..,..,..,0.625
ATGrq2002,Antigua and Barbuda,ATG,Latin America & Caribbean,High income,2002,rq,1,0.5811854,0.48491779999999995,-0.2140798,1.3764505999999999,64.02891129999999,7.6478427,51.4864493,76.57137329999999,..,..,..,..,..,..,..,..,..,..,..,..,..,..,..,..,..,..,..,..,..,..,..,..,..,..,..,..,..,..,..,..,..,..,0.7083332999999999
AUSrq2002,Australia,AUS,East Asia & Pacific,High income,2002,rq,6,1.5665050999999999,0.24054029999999998,1.172019,1.9609911999999998,79.56880269999999,3.7936623,73.3471965,85.790409,..,..,..,..,..,..,..,..,..,0.7857143,..,..,..,..,0.652144,..,..,0.7999999999999999,..,..,..,..,..,..,..,..,..,0.8035713999999999,..,..,..,..,0.6787755,..,0.9583332999999999
AUTrq2002,Austria,AUT,Europe & Central Asia,High income,2002,rq,6,1.7379563,0.24054029999999998,1.3434701999999998,2.1324424,82.2728317,3.7936623,76.0512255,88.4944379,..,..,..,..,..,..,..,..,..,0.8571428999999999,..,..,..,..,0.6133938,..,..,0.7,..,..,..,..,..,..,..,..,..,1,..,..,..,..,0.6754686,..,1
AZErq2002,Azerbaijan,AZE,Europe & Central Asia,Upper middle income,2002,rq,7,-0.7817506999999999,0.2221645,-1.1461005,-0.41740089999999996,42.5334728,3.50385,36.7871588,48.279786699999995,..,..,..,..,..,0.7442873,0.5,..,0.4725,0.2857143,..,..,..,..,..,..,..,0.3,..,..,..,..,..,..,..,..,..,0.7321428999999999,..,..,..,..,..,..,0.2916667
BDIrq2002,Burundi,BDI,Sub-Saharan Africa,Low income,2002,rq,3,-1.4231072999999999,0.30916679999999996,-1.9301408999999998,-0.9160737,32.418368,4.8760001,24.4217279,40.415008199999995,..,..,..,..,..,..,0.25,..,..,..,..,..,..,..,..,..,..,0.3,..,..,..,..,..,..,..,..,..,..,..,..,..,..,..,..,0.25
BELrq2002,Belgium,BEL,Europe & Central Asia,High income,2002,rq,6,1.4945849999999998,0.24054029999999998,1.1000988999999999,1.8890711,78.4345206,3.7936623,72.2129144,84.6561268,..,..,..,..,..,..,..,..,..,0.8214286,..,..,..,..,0.568971,..,..,0.7999999999999999,..,..,..,..,..,..,..,..,..,1,..,..,..,..,0.5485831,..,0.9583332999999999
BENrq2002,Benin,BEN,Sub-Saharan Africa,Lower middle income,2002,rq,3,-0.555995,0.30916679999999996,-1.0630286,-0.048961399999999995,46.0939609,4.8760001,38.0973207,54.090601,..,..,..,..,..,..,0.5,..,..,..,..,..,..,..,..,..,..,0.5,..,..,..,..,..,..,..,..,..,..,..,..,..,..,..,..,0.375
BFArq2002,Burkina Faso,BFA,Sub-Saharan Africa,Low income,2002,rq,4,-0.1921245,0.28436459999999997,-0.6584824,0.27423339999999996,51.8327156,4.4848333,44.477588999999995,59.1878422,..,..,..,..,..,..,0.5,..,..,..,..,..,..,..,..,..,..,0.6,..,..,..,..,..,..,..,..,..,0.7232143,..,..,..,..,..,..,0.4583333
BGDrq2002,Bangladesh,BGD,South Asia,Lower middle income,2002,rq,6,-1.122179,0.22967939999999998,-1.4988531999999999,-0.7455048,37.164434799999995,3.6223703,31.2237476,43.105122099999996,..,..,..,..,..,..,0.5,..,..,0.1428571,..,..,..,..,0.3865694,..,..,0.39999999999999997,..,..,..,..,..,..,..,..,..,0.33035709999999996,..,..,..,..,..,..,0.375
BGRrq2002,Bulgaria,BGR,Europe & Central Asia,High income,2002,rq,8,0.3857171,0.21410379999999998,0.0345869,0.7368473,60.9460985,3.3767207999999997,55.4082764,66.48392059999999,..,..,..,..,..,0.7342904,0.75,..,0.5549999999999999,0.6071428999999999,..,..,..,..,0.3614771,..,..,0.5,..,..,..,..,..,..,..,..,..,1,..,..,..,..,..,..,0.7083332999999999
BHRrq2002,Bahrain,BHR,Middle East & North Africa,High income,2002,rq,6,0.8018609999999999,0.22967939999999998,0.4251868,1.1785352,67.50927899999999,3.6223703,61.5685917,73.44996619999999,..,..,..,..,..,..,0.75,..,..,0.5,..,..,..,..,0.6836806,..,..,0.65,..,..,..,..,..,..,..,..,..,0.9285713999999999,..,..,..,..,..,..,0.8333332999999999
BHSrq2002,"Bahamas, The",BHS,Latin America & Caribbean,High income,2002,rq,3,1.3472868,0.35839879999999996,0.7595128,1.9350607999999998,76.1114187,5.6524579,66.8413877,85.38144969999999,..,..,..,..,..,..,..,..,..,..,..,..,..,..,..,..,..,0.6,..,..,..,..,..,..,..,..,..,0.9285713999999999,..,..,..,..,..,..,0.9166667
BIHrq2002,Bosnia and Herzegovina,BIH,Europe & Central Asia,Upper middle income,2002,rq,6,-0.7255292999999999,0.2334058,-1.1083148,-0.3427438,43.4201641,3.6811409,37.383092999999995,49.4572352,..,..,..,..,..,0.5913265999999999,0.5,..,0.3333333,0.4285714,..,..,..,..,..,..,..,0.39999999999999997,..,..,..,..,..,..,..,..,..,..,..,..,..,..,..,..,0.375
BLRrq2002,Belarus,BLR,Europe & Central Asia,Upper middle income,2002,rq,6,-1.5130464,0.25628419999999996,-1.9333524999999998,-1.0927403,30.999900699999998,4.0419659999999995,24.3710764,37.628724999999996,..,..,..,..,..,0.5255109,0.25,..,0.27749999999999997,..,..,..,..,..,..,..,..,0.3,..,..,..,..,..,..,..,..,..,0.39285709999999996,..,..,..,..,..,..,0.2916667
BLZrq2002,Belize,BLZ,Latin America & Caribbean,Upper middle income,2002,rq,2,0.2788169,0.4123728,-0.3974745,0.9551082999999999,59.260130499999995,6.503705,48.594054299999996,69.9262066,..,..,..,..,..,..,..,..,..,..,..,..,..,..,..,..,..,0.5,..,..,..,..,..,..,..,..,..,..,..,..,..,..,..,..,0.6666667
BMUrq2002,Bermuda,BMU,North America,High income,2002,rq,1,1.4691657,0.48491779999999995,0.6739005,2.2644309,78.0336221,7.6478427,65.4911601,90.5760841,..,..,..,..,..,..,..,..,..,..,..,..,..,..,..,..,..,..,..,..,..,..,..,..,..,..,..,..,..,..,..,..,..,..,0.9166667
BOLrq2002,Bolivia,BOL,Latin America & Caribbean,Lower middle income,2002,rq,6,-0.15895499999999999,0.22967939999999998,-0.5356292,0.2177192,52.355845699999996,3.6223703,46.4151585,58.296533,..,..,..,..,..,..,0.5,..,..,0.5357143,..,..,..,..,0.32820459999999996,..,..,0.7999999999999999,..,..,..,..,..,..,..,..,..,0.6607143,..,..,..,..,..,..,0.4583333
BRArq2002,Brazil,BRA,Latin America & Caribbean,Upper middle income,2002,rq,7,0.0920433,0.21385969999999999,-0.2586866,0.4427732,56.3144455,3.3728712,50.7829367,61.845954299999995,..,..,..,..,..,..,0.75,..,..,0.5,..,..,..,..,0.5010397999999999,..,..,0.5,..,..,..,..,..,..,..,..,..,0.46428569999999997,..,..,..,..,0.5042462999999999,..,0.5833332999999999
BRBrq2002,Barbados,BRB,Latin America & Caribbean,High income,2002,rq,2,1.2326453,0.4123728,0.5563539,1.9089367,74.30335939999999,6.5037049,63.6372833,84.9694355,..,..,..,..,..,..,..,..,..,..,..,..,..,..,..,..,..,0.6,..,..,..,..,..,..,..,..,..,..,..,..,..,..,..,..,0.9166667
BRNrq2002,Brunei Darussalam,BRN,East Asia & Pacific,High income,2002,rq,2,1.2956322,0.403001,0.6347106,1.9565538,75.2967523,6.3558978999999995,64.87307969999999,85.7204249,..,..,..,..,..,..,..,..,..,..,..,..,..,..,..,..,..,..,..,..,..,..,..,..,..,..,..,0.9285713999999999,..,..,..,..,..,..,0.8333332999999999
BTNrq2002,Bhutan,BTN,South Asia,Lower middle income,2002,rq,1,-0.1291983,0.48491779999999995,-0.9244635,0.6660669,52.8251511,7.6478427,40.2826892,65.3676131,..,..,..,..,..,..,..,..,..,..,..,..,..,..,..,..,..,..,..,..,..,..,..,..,..,..,..,..,..,..,..,..,..,..,0.5416667
BWArq2002,Botswana,BWA,Sub-Saharan Africa,Upper middle income,2002,rq,6,0.9057581,0.22967939999999998,0.5290838999999999,1.2824323,69.1478839,3.6223703,63.207196599999996,75.0885711,..,..,..,..,..,..,0.75,..,..,0.6785713999999999,..,..,..,..,0.5951652,..,..,0.7,..,..,..,..,..,..,..,..,..,0.9375,..,..,..,..,..,..,0.75
CAFrq2002,Central African Republic,CAF,Sub-Saharan Africa,Low income,2002,rq,3,-1.4143077,0.30916679999999996,-1.9213413,-0.9072741,32.557150199999995,4.8760001,24.560509999999997,40.5537904,..,..,..,..,..,..,0,..,..,..,..,..,..,..,..,..,..,0.6,..,..,..,..,..,..,..,..,..,..,..,..,..,..,..,..,0.3333333
CANrq2002,Canada,CAN,North America,High income,2002,rq,6,1.7568887,0.24054029999999998,1.3624026,2.1513747999999997,82.57142259999999,3.7936623,76.3498164,88.7930288,..,..,..,..,..,..,..,..,..,0.8928571,..,..,..,..,0.657489,..,..,0.6,..,..,..,..,..,..,..,..,..,1,..,..,..,..,0.6653454,..,1
CHErq2002,Switzerland,CHE,Europe & Central Asia,High income,2002,rq,6,2.0422116,0.24054029999999998,1.6477255,2.4366977,87.07137,3.7936623,80.84976379999999,93.29297629999999,..,..,..,..,..,..,..,..,..,0.9642856999999999,..,..,..,..,0.6580748,..,..,0.7999999999999999,..,..,..,..,..,..,..,..,..,1,..,..,..,..,0.7101430999999999,..,1
CHLrq2002,Chile,CHL,Latin America & Caribbean,High income,2002,rq,7,1.4956102,0.21385969999999999,1.1448802999999999,1.8463401,78.4506894,3.3728712,72.9191807,83.9821982,..,..,..,..,..,..,1,..,..,0.8214286,..,..,..,..,0.6188211,..,..,0.7,..,..,..,..,..,..,..,..,..,0.8660713999999999,..,..,..,..,0.6813332999999999,..,0.875
CHNrq2002,China,CHN,East Asia & Pacific,Upper middle income,2002,rq,7,-0.6181034,0.21385969999999999,-0.9688333,-0.2673735,45.1144232,3.3728712,39.5829144,50.6459319,..,..,..,..,..,..,0.25,..,..,0.3571429,..,..,..,..,0.5528552999999999,..,..,0.3,..,..,..,..,..,..,..,..,..,0.5357143,..,..,..,..,0.46945169999999997,..,0.5
CIVrq2002,Côte d’Ivoire,CIV,Sub-Saharan Africa,Lower middle income,2002,rq,5,-0.5689951999999999,0.23971699999999999,-0.9621310999999999,-0.1758593,45.8889292,3.7806778,39.6886176,52.0892409,..,..,..,..,..,..,0.5,..,..,0.25,..,..,..,..,..,..,..,0.6,..,..,..,..,..,..,..,..,..,0.45535709999999996,..,..,..,..,..,..,0.5416667
CMRrq2002,Cameroon,CMR,Sub-Saharan Africa,Lower middle income,2002,rq,5,-1.1092138,0.23971699999999999,-1.5023497,-0.7160778999999999,37.368914499999995,3.7806778,31.1686028,43.569226099999995,..,..,..,..,..,..,0.25,..,..,0.25,..,..,..,..,..,..,..,0.5,..,..,..,..,..,..,..,..,..,0.46428569999999997,..,..,..,..,..,..,0.3333333
CODrq2002,"Congo, Dem. Rep.",COD,Sub-Saharan Africa,Low income,2002,rq,4,-2.1119395,0.28436459999999997,-2.5782974,-1.6455815999999999,21.5545057,4.4848333,14.1993791,28.9096323,..,..,..,..,..,..,0,..,..,..,..,..,..,..,..,..,..,0.09999999999999999,..,..,..,..,..,..,..,..,..,0.46428569999999997,..,..,..,..,..,..,0.125
COGrq2002,"Congo, Rep.",COG,Sub-Saharan Africa,Lower middle income,2002,rq,3,-0.9134471,0.35839879999999996,-1.5012211,-0.3256731,40.4564334,5.6524579,31.1864024,49.7264644,..,..,..,..,..,..,..,..,..,..,..,..,..,..,..,..,..,0.3,..,..,..,..,..,..,..,..,..,0.7321428999999999,..,..,..,..,..,..,0.25
COLrq2002,Colombia,COL,Latin America & Caribbean,Upper middle income,2002,rq,7,-0.0425074,0.21385969999999999,-0.39323729999999996,0.3082225,54.1923898,3.3728712,48.660880999999996,59.7238986,..,..,..,..,..,..,0.5,..,..,0.46428569999999997,..,..,..,..,0.4389701,..,..,0.7,..,..,..,..,..,..,..,..,..,0.7857143,..,..,..,..,0.4723271,..,0.5
COMrq2002,Comoros,COM,Sub-Saharan Africa,Lower middle income,2002,rq,1,-1.0171786,0.48491779999999995,-1.8124437999999998,-0.22191339999999998,38.8204403,7.6478427,26.277978299999997,51.362902299999995,..,..,..,..,..,..,..,..,..,..,..,..,..,..,..,..,..,..,..,..,..,..,..,..,..,..,..,..,..,..,..,..,..,..,0.3333333
CPVrq2002,Cabo Verde,CPV,Sub-Saharan Africa,Upper middle income,2002,rq,2,-0.23491569999999998,0.4123728,-0.9112070999999999,0.4413757,51.1578376,6.503705,40.4917614,61.8239137,..,..,..,..,..,..,..,..,..,..,..,..,..,..,..,..,..,0.5,..,..,..,..,..,..,..,..,..,..,..,..,..,..,..,..,0.5
CRIrq2002,Costa Rica,CRI,Latin America & Caribbean,High income,2002,rq,6,0.3237584,0.22967939999999998,-0.0529158,0.7004326,59.9689218,3.6223703,54.028234499999996,65.909609,..,..,..,..,..,..,0.5,..,..,0.6785713999999999,..,..,..,..,0.4683775,..,..,0.6,..,..,..,..,..,..,..,..,..,0.6696428999999999,..,..,..,..,..,..,0.75
CUBrq2002,Cuba,CUB,Latin America & Caribbean,Upper middle income,2002,rq,5,-1.3912185,0.23971699999999999,-1.7843544,-0.9980825999999999,32.9212997,3.7806778,26.7209881,39.1216114,..,..,..,..,..,..,0.25,..,..,0.2142857,..,..,..,..,..,..,..,0.19999999999999998,..,..,..,..,..,..,..,..,..,0.33035709999999996,..,..,..,..,..,..,0.375
CYMrq2002,Cayman Islands,CYM,Latin America & Caribbean,High income,2002,rq,1,1.6467614,0.48491779999999995,0.8514961999999999,2.4420265999999997,80.8345586,7.6478427,68.2920966,93.3770206,..,..,..,..,..,..,..,..,..,..,..,..,..,..,..,..,..,..,..,..,..,..,..,..,..,..,..,..,..,..,..,..,..,..,0.9583332999999999
CYPrq2002,Cyprus,CYP,Europe & Central Asia,High income,2002,rq,4,1.1794514,0.2792826,0.7214279,1.6374749,73.464416,4.4046837,66.24073469999999,80.6880973,..,..,..,..,..,..,..,..,..,0.6785713999999999,..,..,..,..,..,..,..,0.6,..,..,..,..,..,..,..,..,..,1,..,..,..,..,..,..,0.875
CZErq2002,Czechia,CZE,Europe & Central Asia,High income,2002,rq,9,1.0712985,0.2011172,0.7414662999999999,1.4011307,71.7586911,3.1719038999999998,66.5567688,76.9606135,..,..,..,..,..,0.6476145,1,..,0.6108333,0.7142856999999999,..,..,..,..,0.4735527,..,..,0.7999999999999999,..,..,..,..,..,..,..,..,..,1,..,..,..,..,0.5441722999999999,..,0.8333332999999999
DEUrq2002,Germany,DEU,Europe & Central Asia,High income,2002,rq,6,1.6601952999999998,0.24054029999999998,1.2657091999999999,2.0546813999999998,81.0464303,3.7936623,74.8248241,87.2680365,..,..,..,..,..,..,..,..,..,0.8928571,..,..,..,..,0.5986233,..,..,0.7,..,..,..,..,..,..,..,..,..,1,..,..,..,..,0.5892535999999999,..,1
DJIrq2002,Djibouti,DJI,Middle East & North Africa,Lower middle income,2002,rq,2,-0.6202151,0.4123728,-1.2965065,0.056076299999999996,45.081118599999996,6.503705,34.4150425,55.747194799999995,..,..,..,..,..,..,..,..,..,..,..,..,..,..,..,..,..,0.5,..,..,..,..,..,..,..,..,..,..,..,..,..,..,..,..,0.375
DMArq2002,Dominica,DMA,Latin America & Caribbean,Upper middle income,2002,rq,1,0.9363777,0.48491779999999995,0.1411125,1.7316429,69.6307985,7.6478427,57.0883365,82.17326039999999,..,..,..,..,..,..,..,..,..,..,..,..,..,..,..,..,..,..,..,..,..,..,..,..,..,..,..,..,..,..,..,..,..,..,0.7916667
DNKrq2002,Denmark,DNK,Europe & Central Asia,High income,2002,rq,6,1.9732043,0.24054029999999998,1.5787182,2.3676904,85.9830269,3.7936623,79.7614207,92.2046331,..,..,..,..,..,..,..,..,..,0.9285713999999999,..,..,..,..,0.615066,..,..,0.7999999999999999,..,..,..,..,..,..,..,..,..,1,..,..,..,..,0.7287587999999999,..,1
DOMrq2002,Dominican Republic,DOM,Latin America & Caribbean,Upper middle income,2002,rq,6,-0.3065061,0.22967939999999998,-0.6831803,0.0701681,50.0287552,3.6223703,44.088068,55.9694425,..,..,..,..,..,..,0.5,..,..,0.4285714,..,..,..,..,0.46135099999999996,..,..,0.5,..,..,..,..,..,..,..,..,..,0.6607143,..,..,..,..,..,..,0.5
DZArq2002,Algeria,DZA,Middle East & North Africa,Upper middle income,2002,rq,5,-0.6972374,0.23971699999999999,-1.0903733,-0.30410149999999997,43.8663676,3.7806778,37.666055899999996,50.066679199999996,..,..,..,..,..,..,0.25,..,..,0.3571429,..,..,..,..,..,..,..,0.5,..,..,..,..,..,..,..,..,..,0.6607143,..,..,..,..,..,..,0.4583333
ECUrq2002,Ecuador,ECU,Latin America & Caribbean,Upper middle income,2002,rq,6,-0.8296019,0.22967939999999998,-1.2062761,-0.4529277,41.778791299999995,3.6223703,35.838104099999995,47.719478599999995,..,..,..,..,..,..,0.5,..,..,0.3571429,..,..,..,..,0.2998671,..,..,0.5,..,..,..,..,..,..,..,..,..,0.39285709999999996,..,..,..,..,..,..,0.375
EGYrq2002,"Egypt, Arab Rep.",EGY,Middle East & North Africa,Lower middle income,2002,rq,6,-0.5474032999999999,0.22967939999999998,-0.9240775,-0.1707291,46.229464199999995,3.6223703,40.288776899999995,52.170151399999995,..,..,..,..,..,..,0.5,..,..,0.4285714,..,..,..,..,0.391567,..,..,0.39999999999999997,..,..,..,..,..,..,..,..,..,0.46428569999999997,..,..,..,..,..,..,0.5
ERIrq2002,Eritrea,ERI,Sub-Saharan Africa,Low income,2002,rq,2,-1.347227,0.3364486,-1.8990026999999998,-0.7954513,33.6151082,5.3062723,24.9128215,42.317394799999995,..,..,..,..,..,..,0.25,..,..,..,..,..,..,..,..,..,..,..,..,..,..,..,..,..,..,..,..,..,..,..,..,..,..,..,0.2916667
ESPrq2002,Spain,ESP,Europe & Central Asia,High income,2002,rq,6,1.4664469,0.24054029999999998,1.0719608,1.860933,77.99074279999999,3.7936623,71.7691366,84.212349,..,..,..,..,..,..,..,..,..,0.7857143,..,..,..,..,0.5807667,..,..,0.7,..,..,..,..,..,..,..,..,..,1,..,..,..,..,0.6039793999999999,..,0.9583332999999999
ESTrq2002,Estonia,EST,Europe & Central Asia,High income,2002,rq,9,1.2735971,0.2011172,0.9437648999999999,1.6034293,74.94922749999999,3.1719038999999998,69.74730509999999,80.1511498,..,..,..,..,..,0.7551279,1,..,0.5833332999999999,0.7857143,..,..,..,..,0.6445991,..,..,0.8999999999999999,..,..,..,..,..,..,..,..,..,0.8571428999999999,..,..,..,..,0.6346917999999999,..,0.7916667
ETHrq2002,Ethiopia,ETH,Sub-Saharan Africa,,2002,rq,5,-1.3980025,0.23971699999999999,-1.7911384,-1.0048666,32.8143064,3.7806778,26.6139947,39.014618,..,..,..,..,..,..,0.25,..,..,0.1071429,..,..,..,..,..,..,..,0.3,..,..,..,..,..,..,..,..,..,0.5178571,..,..,..,..,..,..,0.3333333
FINrq2002,Finland,FIN,Europe & Central Asia,High income,2002,rq,6,2.0914156,0.24054029999999998,1.6969295,2.4859017,87.847387,3.7936623,81.6257808,94.0689932,..,..,..,..,..,..,..,..,..,0.9285713999999999,..,..,..,..,0.7474352999999999,..,..,0.7,..,..,..,..,..,..,..,..,..,1,..,..,..,..,0.7653964,..,1
FJIrq2002,Fiji,FJI,East Asia & Pacific,Upper middle income,2002,rq,2,0.15038369999999998,0.4123728,-0.5259077,0.8266751,57.2345565,6.503705,46.5684803,67.9006326,..,..,..,..,..,..,..,..,..,..,..,..,..,..,..,..,..,0.5,..,..,..,..,..,..,..,..,..,..,..,..,..,..,..,..,0.625
FRArq2002,France,FRA,Europe & Central Asia,High income,2002,rq,6,1.1081741999999999,0.24054029999999998,0.7136880999999999,1.5026602999999998,72.34027329999999,3.7936623,66.1186671,78.5618795,..,..,..,..,..,..,..,..,..,0.75,..,..,..,..,0.5109842,..,..,0.5,..,..,..,..,..,..,..,..,..,1,..,..,..,..,0.5179343,..,0.9583332999999999
GABrq2002,Gabon,GAB,Sub-Saharan Africa,Upper middle income,2002,rq,4,-0.16731279999999998,0.2792826,-0.6253363,0.2907107,52.2240313,4.4046837,45.00035,59.447712599999996,..,..,..,..,..,..,..,..,..,0.39285709999999996,..,..,..,..,..,..,..,0.5,..,..,..,..,..,..,..,..,..,0.5982143,..,..,..,..,..,..,0.625
GBRrq2002,United Kingdom,GBR,Europe & Central Asia,High income,2002,rq,6,1.920474,0.24054029999999998,1.5259878999999998,2.3149601,85.1513952,3.7936623,78.92978889999999,91.37300139999999,..,..,..,..,..,..,..,..,..,0.8928571,..,..,..,..,0.7023313,..,..,0.7999999999999999,..,..,..,..,..,..,..,..,..,1,..,..,..,..,0.6608466,..,1
GEOrq2002,Georgia,GEO,Europe & Central Asia,Upper middle income,2002,rq,5,-0.8537636,0.27399429999999997,-1.3031142999999998,-0.40441289999999996,41.397726999999996,4.3212798,34.3108281,48.4846259,..,..,..,..,..,0.5612343,0.25,..,0.5549999999999999,..,..,..,..,..,..,..,..,0.5,..,..,..,..,..,..,..,..,..,..,..,..,..,..,..,..,0.375
GHArq2002,Ghana,GHA,Sub-Saharan Africa,Lower middle income,2002,rq,5,-0.7400067,0.23971699999999999,-1.1331426,-0.3468708,43.191834899999996,3.7806778,36.9915233,49.3921466,..,..,..,..,..,..,0.25,..,..,0.3571429,..,..,..,..,..,..,..,0.5,..,..,..,..,..,..,..,..,..,0.40178569999999997,..,..,..,..,..,..,0.5833332999999999
GINrq2002,Guinea,GIN,Sub-Saharan Africa,Lower middle income,2002,rq,4,-1.4991451999999998,0.28436459999999997,-1.9655030999999998,-1.0327872999999999,31.219142299999998,4.4848333,23.8640157,38.5742689,..,..,..,..,..,..,0,..,..,..,..,..,..,..,..,..,..,0.6,..,..,..,..,..,..,..,..,..,0.39285709999999996,..,..,..,..,..,..,0.2916667
GMBrq2002,"Gambia, The",GMB,Sub-Saharan Africa,Low income,2002,rq,3,-0.4522597,0.35839879999999996,-1.0400337,0.1355143,47.730013899999996,5.6524579,38.4599829,57.0000449,..,..,..,..,..,..,..,..,..,..,..,..,..,..,..,..,..,0.5,..,..,..,..,..,..,..,..,..,0.6607143,..,..,..,..,..,..,0.375
GNBrq2002,Guinea-Bissau,GNB,Sub-Saharan Africa,Low income,2002,rq,3,-0.9327403999999999,0.35839879999999996,-1.5205144,-0.3449664,40.1521507,5.6524579,30.882119699999997,49.422181699999996,..,..,..,..,..,..,..,..,..,..,..,..,..,..,..,..,..,0.3,..,..,..,..,..,..,..,..,..,0.5892857,..,..,..,..,..,..,0.3333333
GNQrq2002,Equatorial Guinea,GNQ,Sub-Saharan Africa,Upper middle income,2002,rq,3,-1.513755,0.3026673,-2.0101294,-1.0173805999999999,30.988725,4.7734936,23.160195599999998,38.8172545,..,..,..,..,..,..,..,..,..,0.0714286,..,..,..,..,..,..,..,0.39999999999999997,..,..,..,..,..,..,..,..,..,..,..,..,..,..,..,..,0.2916667
GRCrq2002,Greece,GRC,Europe & Central Asia,High income,2002,rq,6,0.9240858,0.24054029999999998,0.5295997,1.3185719,69.4369377,3.7936623,63.2153315,75.6585439,..,..,..,..,..,..,..,..,..,0.7142856999999999,..,..,..,..,0.4858974,..,..,0.5,..,..,..,..,..,..,..,..,..,0.9285713999999999,..,..,..,..,0.5052225,..,0.9166667
GRDrq2002,Grenada,GRD,Latin America & Caribbean,Upper middle income,2002,rq,1,0.4035897,0.48491779999999995,-0.3916755,1.1988549,61.2279748,7.6478427,48.6855128,73.7704368,..,..,..,..,..,..,..,..,..,..,..,..,..,..,..,..,..,..,..,..,..,..,..,..,..,..,..,..,..,..,..,..,..,..,0.6666667
GTMrq2002,Guatemala,GTM,Latin America & Caribbean,Upper middle income,2002,rq,6,-0.247575,0.22967939999999998,-0.6242492,0.1290992,50.9581824,3.6223703,45.0174952,56.8988697,..,..,..,..,..,..,0.5,..,..,0.4285714,..,..,..,..,0.327117,..,..,0.6,..,..,..,..,..,..,..,..,..,0.9285713999999999,..,..,..,..,..,..,0.4583333
GUFrq2002,French Guiana,GUF,,,2002,rq,1,0.9363777,0.48491779999999995,0.1411125,1.7316429,69.6307985,7.6478427,57.0883365,82.17326039999999,..,..,..,..,..,..,..,..,..,..,..,..,..,..,..,..,..,..,..,..,..,..,..,..,..,..,..,..,..,..,..,..,..,..,0.7916667
GUYrq2002,Guyana,GUY,Latin America & Caribbean,High income,2002,rq,3,-0.4582205,0.35839879999999996,-1.0459945,0.1295535,47.636003599999995,5.6524579,38.3659726,56.9060346,..,..,..,..,..,..,..,..,..,..,..,..,..,..,..,..,..,0.5,..,..,..,..,..,..,..,..,..,0.5267857,..,..,..,..,..,..,0.4583333
HKGrq2002,"Hong Kong SAR, China",HKG,East Asia & Pacific,High income,2002,rq,6,1.9407600999999999,0.24054029999999998,1.546274,2.3352462,85.47133579999999,3.7936623,79.2497295,91.692942,..,..,..,..,..,..,..,..,..,0.8571428999999999,..,..,..,..,0.7669935,..,..,0.8999999999999999,..,..,..,..,..,..,..,..,..,1,..,..,..,..,0.7509410999999999,..,0.8333332999999999
HNDrq2002,Honduras,HND,Latin America & Caribbean,Lower middle income,2002,rq,6,-0.6056737,0.22967939999999998,-0.9823478999999999,-0.2289995,45.310457199999995,3.6223703,39.3697699,51.2511444,..,..,..,..,..,..,0.5,..,..,0.39285709999999996,..,..,..,..,0.3131227,..,..,0.5,..,..,..,..,..,..,..,..,..,0.5982143,..,..,..,..,..,..,0.4166667
HRVrq2002,Croatia,HRV,Europe & Central Asia,High income,2002,rq,8,0.1337803,0.21410379999999998,-0.21734989999999998,0.48491049999999997,56.9726973,3.3767207999999997,51.4348752,62.5105193,..,..,..,..,..,0.749819,0.75,..,0.5549999999999999,0.46428569999999997,..,..,..,..,0.4749216,..,..,0.5,..,..,..,..,..,..,..,..,..,0.7232143,..,..,..,..,..,..,0.6666667
HTIrq2002,Haiti,HTI,Latin America & Caribbean,Lower middle income,2002,rq,5,-1.4033472,0.26802,-1.8429,-0.9637943999999999,32.7300129,4.2270562,25.7976408,39.662385,..,..,..,..,..,..,0.25,..,..,..,..,..,..,..,0.305556,..,..,0.39999999999999997,..,..,..,..,..,..,..,..,..,0.33035709999999996,..,..,..,..,..,..,0.3333333
HUNrq2002,Hungary,HUN,Europe & Central Asia,High income,2002,rq,9,1.2581679,0.2011172,0.9283357,1.5880001,74.7058871,3.1719038999999998,69.5039647,79.90780939999999,..,..,..,..,..,0.6996677,1,..,0.6383333,0.7857143,..,..,..,..,0.6182803,..,..,0.7,..,..,..,..,..,..,..,..,..,1,..,..,..,..,0.5846561,..,0.8333332999999999
IDNrq2002,Indonesia,IDN,East Asia & Pacific,Upper middle income,2002,rq,7,-0.5720758,0.21385969999999999,-0.9228057,-0.22134589999999998,45.8403438,3.3728712,40.308834999999995,51.3718526,..,..,..,..,..,..,0.75,..,..,0.39285709999999996,..,..,..,..,0.38027639999999996,..,..,0.39999999999999997,..,..,..,..,..,..,..,..,..,0.33035709999999996,..,..,..,..,0.3878725,..,0.3333333
INDrq2002,India,IND,South Asia,Lower middle income,2002,rq,7,-0.38961779999999996,0.21385969999999999,-0.7403476999999999,-0.038887899999999996,48.7179657,3.3728712,43.186456899999996,54.2494744,..,..,..,..,..,..,0.5,..,..,0.3214286,..,..,..,..,0.5237016999999999,..,..,0.39999999999999997,..,..,..,..,..,..,..,..,..,0.5892857,..,..,..,..,0.43721099999999996,..,0.5416667
IRLrq2002,Ireland,IRL,Europe & Central Asia,High income,2002,rq,6,1.9727002,0.24054029999999998,1.5782140999999998,2.3671862999999997,85.9750765,3.7936623,79.75347029999999,92.1966827,..,..,..,..,..,..,..,..,..,0.8928571,..,..,..,..,0.6571032,..,..,0.8999999999999999,..,..,..,..,..,..,..,..,..,1,..,..,..,..,0.7206812,..,0.9583332999999999
IRNrq2002,"Iran, Islamic Rep.",IRN,Middle East & North Africa,Upper middle income,2002,rq,5,-1.3953366,0.23971699999999999,-1.7884725,-1.0022007,32.8563514,3.7806778,26.6560398,39.0566631,..,..,..,..,..,..,0.25,..,..,0.1785714,..,..,..,..,..,..,..,0.19999999999999998,..,..,..,..,..,..,..,..,..,0.46428569999999997,..,..,..,..,..,..,0.3333333
IRQrq2002,Iraq,IRQ,Middle East & North Africa,Upper middle income,2002,rq,5,-1.9833931999999999,0.23971699999999999,-2.3765291,-1.5902573,23.5818634,3.7806778,17.3815518,29.7821751,..,..,..,..,..,..,0.25,..,..,0.1785714,..,..,..,..,..,..,..,0.09999999999999999,..,..,..,..,..,..,..,..,..,0.19642859999999998,..,..,..,..,..,..,0
ISLrq2002,Iceland,ISL,Europe & Central Asia,High income,2002,rq,5,1.6560351,0.2857417,1.1874187,2.1246514999999997,80.980818,4.506552699999999,73.5900717,88.3715644,..,..,..,..,..,..,..,..,..,..,..,..,..,..,0.7235672,..,..,0.6,..,..,..,..,..,..,..,..,..,0.8571428999999999,..,..,..,..,0.6756491,..,1
ISRrq2002,Israel,ISR,Middle East & North Africa,High income,2002,rq,6,0.9944734,0.24054029999999998,0.5999873,1.3889595,70.5470502,3.7936623,64.32544399999999,76.7686564,..,..,..,..,..,..,..,..,..,0.7142856999999999,..,..,..,..,0.6118055,..,..,0.6,..,..,..,..,..,..,..,..,..,0.7946428999999999,..,..,..,..,0.6169115,..,0.75
ITArq2002,Italy,ITA,Europe & Central Asia,High income,2002,rq,6,0.9037023,0.24054029999999998,0.5092162,1.2981884,69.115461,3.7936623,62.8938548,75.33706719999999,..,..,..,..,..,..,..,..,..,0.6785713999999999,..,..,..,..,0.507831,..,..,0.7,..,..,..,..,..,..,..,..,..,1,..,..,..,..,0.4798496,..,0.7916667
JAMrq2002,Jamaica,JAM,Latin America & Caribbean,Upper middle income,2002,rq,6,0.10373149999999999,0.22967939999999998,-0.2729427,0.4804057,56.498785,3.6223703,50.5580977,62.4394722,..,..,..,..,..,..,0.5,..,..,0.46428569999999997,..,..,..,..,0.4946159,..,..,0.7999999999999999,..,..,..,..,..,..,..,..,..,0.7321428999999999,..,..,..,..,..,..,0.625
JORrq2002,Jordan,JOR,Middle East & North Africa,Lower middle income,2002,rq,6,0.0239071,0.22967939999999998,-0.3527671,0.4005813,55.239840799999996,3.6223703,49.2991536,61.1805281,..,..,..,..,..,..,0.5,..,..,0.4285714,..,..,..,..,0.52161,..,..,0.7,..,..,..,..,..,..,..,..,..,0.7946428999999999,..,..,..,..,..,..,0.5833332999999999
JPNrq2002,Japan,JPN,East Asia & Pacific,High income,2002,rq,6,0.5483447,0.24054029999999998,0.15385859999999998,0.9428308,63.5109668,3.7936623,57.289360599999995,69.732573,..,..,..,..,..,..,..,..,..,0.46428569999999997,..,..,..,..,0.536065,..,..,0.5,..,..,..,..,..,..,..,..,..,1,..,..,..,..,0.513485,..,0.7916667
KAZrq2002,Kazakhstan,KAZ,Europe & Central Asia,Upper middle income,2002,rq,8,-1.0182681999999998,0.21410379999999998,-1.3693984,-0.667138,38.803255799999995,3.3767207999999997,33.265433699999996,44.341077899999995,..,..,..,..,..,0.7236910999999999,0.5,..,0.44416669999999997,0.1785714,..,..,..,..,0.325,..,..,0.3,..,..,..,..,..,..,..,..,..,0.5982143,..,..,..,..,..,..,0.375
KENrq2002,Kenya,KEN,Sub-Saharan Africa,Lower middle income,2002,rq,5,-0.2221503,0.23971699999999999,-0.6152862,0.1709856,51.359165999999995,3.7806778,45.158854399999996,57.559477699999995,..,..,..,..,..,..,0.75,..,..,0.25,..,..,..,..,..,..,..,0.5,..,..,..,..,..,..,..,..,..,0.7321428999999999,..,..,..,..,..,..,0.5
KGZrq2002,Kyrgyz Republic,KGZ,Europe & Central Asia,Lower middle income,2002,rq,5,-0.1669081,0.27399429999999997,-0.6162588,0.2824426,52.230413999999996,4.3212798,45.143515099999995,59.3173129,..,..,..,..,..,0.6805173999999999,0.75,..,0.5,..,..,..,..,..,..,..,..,0.5,..,..,..,..,..,..,..,..,..,..,..,..,..,..,..,..,0.4166667
KHMrq2002,Cambodia,KHM,East Asia & Pacific,Lower middle income,2002,rq,4,-0.2523816,0.2540203,-0.6689748999999999,0.1642117,50.882375499999995,4.0062611,44.3121073,57.452643699999996,..,..,..,..,..,..,0.5,..,..,0.46428569999999997,..,..,..,..,..,..,..,0.6,..,..,..,..,..,..,..,..,..,..,..,..,..,..,..,..,0.4583333
KORrq2002,"Korea, Rep.",KOR,East Asia & Pacific,High income,2002,rq,7,0.6891944,0.21385969999999999,0.3384645,1.0399243,65.7323667,3.3728712,60.200857899999995,71.2638754,..,..,..,..,..,..,0.75,..,..,0.6071428999999999,..,..,..,..,0.58634,..,..,0.6,..,..,..,..,..,..,..,..,..,0.7321428999999999,..,..,..,..,0.5147908,..,0.8333332999999999
KWTrq2002,Kuwait,KWT,Middle East & North Africa,High income,2002,rq,5,0.1488541,0.2637523,-0.2836997,0.5814079,57.210432499999996,4.1597487,50.3884446,64.03242039999999,..,..,..,..,..,..,..,..,..,0.3214286,..,..,..,..,0.5630786999999999,..,..,0.39999999999999997,..,..,..,..,..,..,..,..,..,1,..,..,..,..,..,..,0.7083332999999999
LAOrq2002,Lao PDR,LAO,East Asia & Pacific,Lower middle income,2002,rq,3,-1.3817169,0.30916679999999996,-1.8887505,-0.8746832999999999,33.0711534,4.8760001,25.0745133,41.0677936,..,..,..,..,..,..,0.25,..,..,..,..,..,..,..,..,..,..,0.19999999999999998,..,..,..,..,..,..,..,..,..,..,..,..,..,..,..,..,0.3333333
LBNrq2002,Lebanon,LBN,Middle East & North Africa,Lower middle income,2002,rq,6,-0.425407,0.22967939999999998,-0.8020811999999999,-0.0487328,48.1535191,3.6223703,42.2128319,54.0942064,..,..,..,..,..,..,0.5,..,..,0.2857143,..,..,..,..,0.4243172,..,..,0.6,..,..,..,..,..,..,..,..,..,0.7946428999999999,..,..,..,..,..,..,0.4583333
LBRrq2002,Liberia,LBR,Sub-Saharan Africa,Low income,2002,rq,3,-2.0375799999999997,0.3051579,-2.538039,-1.537121,22.727260599999997,4.812774,14.8343112,30.62021,..,..,..,..,..,..,0,..,..,..,..,..,..,..,..,..,..,..,..,..,..,..,..,..,..,..,..,0.3214286,..,..,..,..,..,..,0.2083333
LBYrq2002,Libya,LBY,Middle East & North Africa,Upper middle income,2002,rq,5,-1.6910017,0.23971699999999999,-2.0841376,-1.2978657999999998,28.1932928,3.7806778,21.992981099999998,34.3936044,..,..,..,..,..,..,0,..,..,0.1071429,..,..,..,..,..,..,..,0.09999999999999999,..,..,..,..,..,..,..,..,..,0.7946428999999999,..,..,..,..,..,..,0.25
LIErq2002,Liechtenstein,LIE,Europe & Central Asia,High income,2002,rq,1,1.8243574999999999,0.48491779999999995,1.0290922999999998,2.6196227,83.6355014,7.6478427,71.0930394,96.1779634,..,..,..,..,..,..,..,..,..,..,..,..,..,..,..,..,..,..,..,..,..,..,..,..,..,..,..,..,..,..,..,..,..,..,1
LKArq2002,Sri Lanka,LKA,South Asia,Lower middle income,2002,rq,6,0.1044782,0.22967939999999998,-0.272196,0.4811524,56.510561499999994,3.6223703,50.569874299999995,62.451248799999995,..,..,..,..,..,..,0.75,..,..,0.5,..,..,..,..,0.5403344,..,..,0.5,..,..,..,..,..,..,..,..,..,0.5982143,..,..,..,..,..,..,0.5416667
LSOrq2002,Lesotho,LSO,Sub-Saharan Africa,Lower middle income,2002,rq,2,-0.3633489,0.4123728,-1.0396402999999999,0.3129425,49.1322635,6.503705,38.466187399999995,59.7983397,..,..,..,..,..,..,..,..,..,..,..,..,..,..,..,..,..,0.5,..,..,..,..,..,..,..,..,..,..,..,..,..,..,..,..,0.4583333
LTUrq2002,Lithuania,LTU,Europe & Central Asia,High income,2002,rq,8,0.9361025,0.21410379999999998,0.5849723,1.2872327,69.6264582,3.3767207999999997,64.0886361,75.1642802,..,..,..,..,..,0.6575310999999999,1,..,0.6108333,0.7142856999999999,..,..,..,..,0.4584604,..,..,0.7,..,..,..,..,..,..,..,..,..,0.8660713999999999,..,..,..,..,..,..,0.7916667
LUXrq2002,Luxembourg,LUX,Europe & Central Asia,High income,2002,rq,5,2.2598289,0.2857417,1.7912124999999999,2.7284452999999997,90.50350399999999,4.506552699999999,83.1127577,97.89425039999999,..,..,..,..,..,..,..,..,..,..,..,..,..,..,0.7666666999999999,..,..,0.8999999999999999,..,..,..,..,..,..,..,..,..,1,..,..,..,..,0.7528635,..,1
LVArq2002,Latvia,LVA,Europe & Central Asia,High income,2002,rq,8,0.8704037,0.21410379999999998,0.5192734999999999,1.2215338999999998,68.5902948,3.3767207999999997,63.052472699999996,74.1281168,..,..,..,..,..,0.5802075,1,..,0.5549999999999999,0.7142856999999999,..,..,..,..,0.48631579999999996,..,..,0.7,..,..,..,..,..,..,..,..,..,0.8571428999999999,..,..,..,..,..,..,0.75
MACrq2002,"Macao SAR, China",MAC,East Asia & Pacific,High income,2002,rq,1,0.7587815,0.48491779999999995,-0.0364837,1.5540467,66.82985409999999,7.6478427,54.2873921,79.37231609999999,..,..,..,..,..,..,..,..,..,..,..,..,..,..,..,..,..,..,..,..,..,..,..,..,..,..,..,..,..,..,..,..,..,..,0.75
MARrq2002,Morocco,MAR,Middle East & North Africa,Lower middle income,2002,rq,6,-0.2390429,0.22967939999999998,-0.6157171,0.13763129999999998,51.092745699999995,3.6223703,45.152058499999995,57.033432999999995,..,..,..,..,..,..,0.5,..,..,0.39285709999999996,..,..,..,..,0.4798414,..,..,0.6,..,..,..,..,..,..,..,..,..,0.6607143,..,..,..,..,..,..,0.5416667
MDArq2002,Moldova,MDA,Europe & Central Asia,Upper middle income,2002,rq,7,-0.5954788,0.2221645,-0.9598285999999999,-0.231129,45.4712452,3.50385,39.7249313,51.2175592,..,..,..,..,..,0.5396215,0.25,..,0.5549999999999999,0.46428569999999997,..,..,..,..,..,..,..,0.5,..,..,..,..,..,..,..,..,..,0.45535709999999996,..,..,..,..,..,..,0.5
MDGrq2002,Madagascar,MDG,Sub-Saharan Africa,Low income,2002,rq,4,-0.3440795,0.28436459999999997,-0.8104374,0.1222784,49.436169299999996,4.4848333,42.0810427,56.791295999999996,..,..,..,..,..,..,0.5,..,..,..,..,..,..,..,..,..,..,0.5,..,..,..,..,..,..,..,..,..,0.5892857,..,..,..,..,..,..,0.5
MDVrq2002,Maldives,MDV,South Asia,Upper middle income,2002,rq,1,0.9363777,0.48491779999999995,0.1411125,1.7316429,69.6307985,7.6478427,57.0883365,82.17326039999999,..,..,..,..,..,..,..,..,..,..,..,..,..,..,..,..,..,..,..,..,..,..,..,..,..,..,..,..,..,..,..,..,..,..,0.7916667
MEXrq2002,Mexico,MEX,Latin America & Caribbean,Upper middle income,2002,rq,7,0.5430047,0.21385969999999999,0.1922748,0.8937345999999999,63.426747399999996,3.3728712,57.8952386,68.9582562,..,..,..,..,..,..,0.75,..,..,0.6785713999999999,..,..,..,..,0.436646,..,..,0.6,..,..,..,..,..,..,..,..,..,0.9285713999999999,..,..,..,..,0.4436328,..,0.6666667
MKDrq2002,North Macedonia,MKD,Europe & Central Asia,Upper middle income,2002,rq,6,-0.3131719,0.2334058,-0.6959574,0.0696136,49.9236261,3.6811409,43.886555,55.9606972,..,..,..,..,..,0.6439996,0.5,..,0.5,0.46428569999999997,..,..,..,..,..,..,..,0.6,..,..,..,..,..,..,..,..,..,..,..,..,..,..,..,..,0.4583333
MLIrq2002,Mali,MLI,Sub-Saharan Africa,Low income,2002,rq,4,-0.5189047,0.28436459999999997,-0.9852626,-0.0525468,46.678927599999994,4.4848333,39.323800999999996,54.0340542,..,..,..,..,..,..,0.5,..,..,..,..,..,..,..,..,..,..,0.5,..,..,..,..,..,..,..,..,..,0.5982143,..,..,..,..,..,..,0.375
MLTrq2002,Malta,MLT,Middle East & North Africa,High income,2002,rq,3,1.1118698,0.35839879999999996,0.5240958,1.6996437999999998,72.3985582,5.6524579,63.1285272,81.6685892,..,..,..,..,..,..,..,..,..,..,..,..,..,..,..,..,..,0.5,..,..,..,..,..,..,..,..,..,0.9285713999999999,..,..,..,..,..,..,0.875
MMRrq2002,Myanmar,MMR,East Asia & Pacific,Lower middle income,2002,rq,5,-2.1741261,0.23971699999999999,-2.567262,-1.7809902,20.573734599999998,3.7806778,14.373422999999999,26.7740463,..,..,..,..,..,..,0,..,..,0.0357143,..,..,..,..,..,..,..,0.19999999999999998,..,..,..,..,..,..,..,..,..,0.2589286,..,..,..,..,..,..,0.1666667
MNGrq2002,Mongolia,MNG,East Asia & Pacific,Upper middle income,2002,rq,4,0.0930838,0.28436459999999997,-0.3732741,0.5594416999999999,56.3308556,4.4848333,48.975729,63.6859822,..,..,..,..,..,..,0.75,..,..,..,..,..,..,..,..,..,..,0.5,..,..,..,..,..,..,..,..,..,0.5892857,..,..,..,..,..,..,0.5416667
MOZrq2002,Mozambique,MOZ,Sub-Saharan Africa,Low income,2002,rq,5,-0.2483493,0.23971699999999999,-0.6414852,0.1447866,50.945970599999995,3.7806778,44.745658999999996,57.146282199999995,..,..,..,..,..,..,0.5,..,..,0.46428569999999997,..,..,..,..,..,..,..,0.7,..,..,..,..,..,..,..,..,..,0.6517857,..,..,..,..,..,..,0.375
MRTrq2002,Mauritania,MRT,Sub-Saharan Africa,Lower middle income,2002,rq,2,0.2599767,0.4123728,-0.4163147,0.9362680999999999,58.9629938,6.503705,48.2969176,69.62906989999999,..,..,..,..,..,..,..,..,..,..,..,..,..,..,..,..,..,0.7,..,..,..,..,..,..,..,..,..,..,..,..,..,..,..,..,0.5416667
MTQrq2002,Martinique,MTQ,,,2002,rq,1,0.9363777,0.48491779999999995,0.1411125,1.7316429,69.6307985,7.6478427,57.0883365,82.17326039999999,..,..,..,..,..,..,..,..,..,..,..,..,..,..,..,..,..,..,..,..,..,..,..,..,..,..,..,..,..,..,..,..,..,..,0.7916667
MUSrq2002,Mauritius,MUS,Sub-Saharan Africa,Upper middle income,2002,rq,4,0.2670391,0.283178,-0.1973728,0.731451,59.0743778,4.4661192,51.749942399999995,66.3988133,..,..,..,..,..,..,..,..,..,0.5357143,..,..,..,..,0.5269809999999999,..,..,0.6,..,..,..,..,..,..,..,..,..,..,..,..,..,..,..,..,0.625
MWIrq2002,Malawi,MWI,Sub-Saharan Africa,Low income,2002,rq,5,-0.7634704999999999,0.23971699999999999,-1.1566064,-0.37033459999999996,42.821777499999996,3.7806778,36.621465799999996,49.022089099999995,..,..,..,..,..,..,0.25,..,..,0.3571429,..,..,..,..,..,..,..,0.39999999999999997,..,..,..,..,..,..,..,..,..,0.5892857,..,..,..,..,..,..,0.5
MYSrq2002,Malaysia,MYS,East Asia & Pacific,Upper middle income,2002,rq,7,0.5675736,0.21385969999999999,0.2168437,0.9183034999999999,63.8142339,3.3728712,58.2827251,69.3457426,..,..,..,..,..,..,0.75,..,..,0.5357143,..,..,..,..,0.6242056,..,..,0.3,..,..,..,..,..,..,..,..,..,0.6696428999999999,..,..,..,..,0.6199108999999999,..,0.8333332999999999
NAMrq2002,Namibia,NAM,Sub-Saharan Africa,Lower middle income,2002,rq,6,0.665689,0.22967939999999998,0.28901479999999996,1.0423632,65.3616531,3.6223703,59.4209659,71.30234039999999,..,..,..,..,..,..,1,..,..,0.5,..,..,..,..,0.5862866,..,..,0.7,..,..,..,..,..,..,..,..,..,0.7946428999999999,..,..,..,..,..,..,0.5833332999999999
NERrq2002,Niger,NER,Sub-Saharan Africa,Low income,2002,rq,4,-0.8949950999999999,0.28436459999999997,-1.361353,-0.4286372,40.747447699999995,4.4848333,33.3923211,48.1025743,..,..,..,..,..,..,0.25,..,..,..,..,..,..,..,..,..,..,0.5,..,..,..,..,..,..,..,..,..,0.5982143,..,..,..,..,..,..,0.375
NGArq2002,Nigeria,NGA,Sub-Saharan Africa,Lower middle income,2002,rq,6,-1.1555737,0.22967939999999998,-1.5322479,-0.7788995,36.637753,3.6223703,30.6970657,42.578440199999996,..,..,..,..,..,..,0.5,..,..,0.25,..,..,..,..,0.38017399999999996,..,..,0.39999999999999997,..,..,..,..,..,..,..,..,..,0.125,..,..,..,..,..,..,0.3333333
NICrq2002,Nicaragua,NIC,Latin America & Caribbean,Lower middle income,2002,rq,6,-0.5683189,0.22967939999999998,-0.9449930999999999,-0.1916447,45.899595399999995,3.6223703,39.958908199999996,51.840282699999996,..,..,..,..,..,..,0.5,..,..,0.46428569999999997,..,..,..,..,0.3085101,..,..,0.7,..,..,..,..,..,..,..,..,..,0.33035709999999996,..,..,..,..,..,..,0.4166667
NLDrq2002,Netherlands,NLD,Europe & Central Asia,High income,2002,rq,6,2.0589234,0.24054029999999998,1.6644373,2.4534095,87.3349389,3.7936623,81.1133327,93.5565451,..,..,..,..,..,..,..,..,..,0.9285713999999999,..,..,..,..,0.663167,..,..,0.8999999999999999,..,..,..,..,..,..,..,..,..,1,..,..,..,..,0.709998,..,1
NORrq2002,Norway,NOR,Europe & Central Asia,High income,2002,rq,6,1.4267535999999998,0.24054029999999998,1.0322675,1.8212397,77.364723,3.7936623,71.1431168,83.5863293,..,..,..,..,..,..,..,..,..,0.7857143,..,..,..,..,0.6007994,..,..,0.5,..,..,..,..,..,..,..,..,..,1,..,..,..,..,0.6201327999999999,..,1
NPLrq2002,Nepal,NPL,South Asia,Lower middle income,2002,rq,3,-0.6175961999999999,0.30916679999999996,-1.1246298,-0.1105626,45.1224224,4.8760001,37.125782199999996,53.1190626,..,..,..,..,..,..,0.5,..,..,..,..,..,..,..,..,..,..,0.3,..,..,..,..,..,..,..,..,..,..,..,..,..,..,..,..,0.4583333
NZLrq2002,New Zealand,NZL,East Asia & Pacific,High income,2002,rq,6,1.7577146,0.24054029999999998,1.3632285,2.1522007,82.5844482,3.7936623,76.362842,88.8060544,..,..,..,..,..,..,..,..,..,0.8214286,..,..,..,..,0.6684783,..,..,0.8999999999999999,..,..,..,..,..,..,..,..,..,0.9375,..,..,..,..,0.6906409,..,0.9166667
OMNrq2002,Oman,OMN,Middle East & North Africa,High income,2002,rq,5,0.7170181,0.2637523,0.2844643,1.1495719,66.1711859,4.1597488,59.349197999999994,72.9931739,..,..,..,..,..,..,..,..,..,0.6071428999999999,..,..,..,..,0.6111111,..,..,0.5,..,..,..,..,..,..,..,..,..,0.9375,..,..,..,..,..,..,0.7083332999999999
PAKrq2002,Pakistan,PAK,South Asia,Lower middle income,2002,rq,5,-0.9188664,0.23971699999999999,-1.3120022999999998,-0.5257305,40.3709634,3.7806778,34.1706517,46.571275,..,..,..,..,..,..,0.5,..,..,0.3214286,..,..,..,..,..,..,..,0.5,..,..,..,..,..,..,..,..,..,0.13392859999999998,..,..,..,..,..,..,0.375
PANrq2002,Panama,PAN,Latin America & Caribbean,High income,2002,rq,5,0.4404317,0.2637523,0.0078779,0.8729855,61.8090255,4.1597488,54.9870375,68.6310134,..,..,..,..,..,..,..,..,..,0.46428569999999997,..,..,..,..,0.4921931,..,..,0.7999999999999999,..,..,..,..,..,..,..,..,..,0.7946428999999999,..,..,..,..,..,..,0.7083332999999999
PERrq2002,Peru,PER,Latin America & Caribbean,Upper middle income,2002,rq,6,-0.1589446,0.22967939999999998,-0.5356188,0.2177296,52.356009699999994,3.6223703,46.415322499999995,58.296696999999995,..,..,..,..,..,..,0.5,..,..,0.5714286,..,..,..,..,0.4284963,..,..,0.7,..,..,..,..,..,..,..,..,..,0.46428569999999997,..,..,..,..,..,..,0.5
PHLrq2002,Philippines,PHL,East Asia & Pacific,Lower middle income,2002,rq,7,-0.1674842,0.21385969999999999,-0.5182141,0.18324569999999998,52.2213281,3.3728712,46.689819299999996,57.7528369,..,..,..,..,..,..,0.5,..,..,0.5357143,..,..,..,..,0.39119319999999996,..,..,0.5,..,..,..,..,..,..,..,..,..,0.8035713999999999,..,..,..,..,0.43053179999999996,..,0.4583333
PNGrq2002,Papua New Guinea,PNG,East Asia & Pacific,Lower middle income,2002,rq,5,-0.7959588999999999,0.23971699999999999,-1.1890948,-0.402823,42.3093893,3.7806778,36.1090776,48.5097009,..,..,..,..,..,..,0.25,..,..,0.2857143,..,..,..,..,..,..,..,0.5,..,..,..,..,..,..,..,..,..,0.5982143,..,..,..,..,..,..,0.5
POLrq2002,Poland,POL,Europe & Central Asia,High income,2002,rq,9,0.636497,0.2011172,0.30666479999999996,0.9663292,64.90125379999999,3.1719038999999998,59.6993314,70.1031762,..,..,..,..,..,0.44987889999999997,1,..,0.6383333,0.6428571,..,..,..,..,0.4364531,..,..,0.6,..,..,..,..,..,..,..,..,..,0.875,..,..,..,..,0.35261139999999996,..,0.7916667
PRIrq2002,Puerto Rico (U.S.),PRI,Latin America & Caribbean,High income,2002,rq,1,1.1139734,0.48491779999999995,0.3187082,1.9092386,72.4317349,7.6478427,59.889272999999996,84.9741969,..,..,..,..,..,..,..,..,..,..,..,..,..,..,..,..,..,..,..,..,..,..,..,..,..,..,..,..,..,..,..,..,..,..,0.8333332999999999
PRKrq2002,"Korea, Dem. People's Rep.",PRK,East Asia & Pacific,Low income,2002,rq,4,-2.1264054999999997,0.28436459999999997,-2.5927634,-1.6600476,21.3263563,4.4848333,13.971229699999999,28.6814829,..,..,..,..,..,..,0,..,..,..,..,..,..,..,..,..,..,0.09999999999999999,..,..,..,..,..,..,..,..,..,0.3839286,..,..,..,..,..,..,0.1666667
PRTrq2002,Portugal,PRT,Europe & Central Asia,High income,2002,rq,6,1.2790921,0.24054029999999998,0.884606,1.6735782,75.0358914,3.7936623,68.8142852,81.2574976,..,..,..,..,..,..,..,..,..,0.7857143,..,..,..,..,0.6284721999999999,..,..,0.6,..,..,..,..,..,..,..,..,..,1,..,..,..,..,0.5060167,..,0.9166667
PRYrq2002,Paraguay,PRY,Latin America & Caribbean,Upper middle income,2002,rq,6,-0.7289979999999999,0.22967939999999998,-1.1056721999999999,-0.35232379999999996,43.3654578,3.6223703,37.4247705,49.306145,..,..,..,..,..,..,0.5,..,..,0.25,..,..,..,..,0.43139869999999997,..,..,0.5,..,..,..,..,..,..,..,..,..,0.6517857,..,..,..,..,..,..,0.3333333
PSErq2002,West Bank and Gaza,PSE,Middle East & North Africa,Lower middle income,2002,rq,1,-1.0171786,0.48491779999999995,-1.8124437999999998,-0.22191339999999998,38.8204403,7.6478427,26.277978299999997,51.362902299999995,..,..,..,..,..,..,..,..,..,..,..,..,..,..,..,..,..,..,..,..,..,..,..,..,..,..,..,..,..,..,..,..,..,..,0.3333333
QATrq2002,Qatar,QAT,Middle East & North Africa,High income,2002,rq,5,0.2244282,0.2637523,-0.2081256,0.656982,58.4023434,4.1597487,51.580355499999996,65.2243313,..,..,..,..,..,..,..,..,..,0.3571429,..,..,..,..,0.6512285999999999,..,..,0.5,..,..,..,..,..,..,..,..,..,0.7946428999999999,..,..,..,..,..,..,0.7083332999999999
ROUrq2002,Romania,ROU,Europe & Central Asia,High income,2002,rq,8,-0.1488103,0.21410379999999998,-0.49994049999999995,0.2023199,52.515842,3.3767207999999997,46.97802,58.0536641,..,..,..,..,..,0.6141974,0.75,..,0.5549999999999999,0.4285714,..,..,..,..,0.3017526,..,..,0.5,..,..,..,..,..,..,..,..,..,0.5982143,..,..,..,..,..,..,0.625
RUSrq2002,Russian Federation,RUS,Europe & Central Asia,High income,2002,rq,9,-0.37050299999999997,0.2011172,-0.7003351999999999,-0.0406708,49.019433199999995,3.1719038999999998,43.8175108,54.221355599999995,..,..,..,..,..,0.6638731999999999,0.5,..,0.44416669999999997,0.4285714,..,..,..,..,0.35880439999999997,..,..,0.39999999999999997,..,..,..,..,..,..,..,..,..,0.8035713999999999,..,..,..,..,0.40067189999999997,..,0.5833332999999999
RWArq2002,Rwanda,RWA,Sub-Saharan Africa,Low income,2002,rq,3,-0.8755592999999999,0.30916679999999996,-1.3825929,-0.36852569999999996,41.0539779,4.8760001,33.0573377,49.050618,..,..,..,..,..,..,0.5,..,..,..,..,..,..,..,..,..,..,0.39999999999999997,..,..,..,..,..,..,..,..,..,..,..,..,..,..,..,..,0.25
SAUrq2002,Saudi Arabia,SAU,Middle East & North Africa,High income,2002,rq,6,-0.24562099999999998,0.22967939999999998,-0.6222951999999999,0.13105319999999998,50.988999799999995,3.6223703,45.048312499999994,56.929686999999994,..,..,..,..,..,..,0.5,..,..,0.39285709999999996,..,..,..,..,0.4111111,..,..,0.39999999999999997,..,..,..,..,..,..,..,..,..,0.9375,..,..,..,..,..,..,0.5416667
SDNrq2002,Sudan,SDN,Sub-Saharan Africa,Low income,2002,rq,5,-1.3743504,0.23971699999999999,-1.7674862999999998,-0.9812145,33.187333599999995,3.7806778,26.987022,39.387645299999996,..,..,..,..,..,..,0.25,..,..,0.2142857,..,..,..,..,..,..,..,0.3,..,..,..,..,..,..,..,..,..,0.39285709999999996,..,..,..,..,..,..,0.2916667
SENrq2002,Senegal,SEN,Sub-Saharan Africa,Lower middle income,2002,rq,5,-0.0990321,0.23971699999999999,-0.492168,0.29410379999999997,53.300914999999996,3.7806778,47.100603299999996,59.501226599999995,..,..,..,..,..,..,0.5,..,..,0.5,..,..,..,..,..,..,..,0.5,..,..,..,..,..,..,..,..,..,0.6607143,..,..,..,..,..,..,0.5833332999999999
SGPrq2002,Singapore,SGP,East Asia & Pacific,High income,2002,rq,7,2.0396337,0.21385969999999999,1.6889037999999998,2.3903635999999997,87.0307129,3.3728712,81.4992041,92.5622217,..,..,..,..,..,..,1,..,..,0.8928571,..,..,..,..,0.7691694,..,..,0.7999999999999999,..,..,..,..,..,..,..,..,..,1,..,..,..,..,0.7978025999999999,..,1
SLErq2002,Sierra Leone,SLE,Sub-Saharan Africa,Low income,2002,rq,4,-1.3890848,0.28436459999999997,-1.8554427,-0.9227268999999999,32.9549512,4.4848333,25.599824599999998,40.310077799999995,..,..,..,..,..,..,0.25,..,..,..,..,..,..,..,..,..,..,0.3,..,..,..,..,..,..,..,..,..,0.5178571,..,..,..,..,..,..,0.2083333
SLVrq2002,El Salvador,SLV,Latin America & Caribbean,Upper middle income,2002,rq,6,-0.023813499999999998,0.22967939999999998,-0.4004877,0.35286069999999997,54.4872191,3.6223703,48.5465319,60.4279064,..,..,..,..,..,..,0.75,..,..,0.46428569999999997,..,..,..,..,0.49858389999999997,..,..,0.7,..,..,..,..,..,..,..,..,..,0.5357143,..,..,..,..,..,..,0.4166667
SOMrq2002,Federal Republic of Somalia,SOM,Sub-Saharan Africa,Low income,2002,rq,3,-2.2432282999999997,0.3051579,-2.7436873,-1.7427693,19.483894799999998,4.812774,11.590945399999999,27.376844199999997,..,..,..,..,..,..,0,..,..,..,..,..,..,..,..,..,..,..,..,..,..,..,..,..,..,..,..,0.19642859999999998,..,..,..,..,..,..,0.1666667
SRBrq2002,Serbia,SRB,Europe & Central Asia,Upper middle income,2002,rq,7,-0.9154821999999999,0.2221645,-1.2798319999999999,-0.5511324,40.424337,3.50385,34.6780231,46.170651,..,..,..,..,..,0.5774292999999999,0.5,..,0.36083329999999997,0.25,..,..,..,..,..,..,..,0.19999999999999998,..,..,..,..,..,..,..,..,..,0.5892857,..,..,..,..,..,..,0.4583333
STPrq2002,São Tomé and Príncipe,STP,Sub-Saharan Africa,Lower middle income,2002,rq,1,-0.30679449999999997,0.48491779999999995,-1.1020596999999999,0.4884707,50.024206799999995,7.6478427,37.4817448,62.566668799999995,..,..,..,..,..,..,..,..,..,..,..,..,..,..,..,..,..,..,..,..,..,..,..,..,..,..,..,..,..,..,..,..,..,..,0.5
SURrq2002,Suriname,SUR,Latin America & Caribbean,Upper middle income,2002,rq,3,-0.7832787999999999,0.35839879999999996,-1.3710528,-0.19550479999999998,42.5093724,5.6524579,33.2393414,51.7794034,..,..,..,..,..,..,..,..,..,..,..,..,..,..,..,..,..,0.39999999999999997,..,..,..,..,..,..,..,..,..,0.40178569999999997,..,..,..,..,..,..,0.4583333
SVKrq2002,Slovak Republic,SVK,Europe & Central Asia,High income,2002,rq,9,0.8125298999999999,0.2011172,0.48269769999999995,1.1423621,67.6775427,3.1719038999999998,62.475620299999996,72.87946509999999,..,..,..,..,..,0.6360846,1,..,0.6108333,0.6071428999999999,..,..,..,..,0.45733969999999996,..,..,0.7,..,..,..,..,..,..,..,..,..,1,..,..,..,..,0.47136649999999997,..,0.7916667
SVNrq2002,Slovenia,SVN,Europe & Central Asia,High income,2002,rq,9,0.8165348,0.2011172,0.4867026,1.146367,67.74070569999999,3.1719038999999998,62.5387833,72.942628,..,..,..,..,..,0.7962152,1,..,0.6108333,0.6785713999999999,..,..,..,..,0.574884,..,..,0.5,..,..,..,..,..,..,..,..,..,0.7946428999999999,..,..,..,..,0.4382191,..,0.875
SWErq2002,Sweden,SWE,Europe & Central Asia,High income,2002,rq,6,1.7785130999999998,0.24054029999999998,1.384027,2.1729992,82.9124701,3.7936623,76.6908639,89.13407629999999,..,..,..,..,..,..,..,..,..,0.8214286,..,..,..,..,0.5945513,..,..,0.8999999999999999,..,..,..,..,..,..,..,..,..,1,..,..,..,..,0.6642553999999999,..,1
SWZrq2002,Eswatini,SWZ,Sub-Saharan Africa,Lower middle income,2002,rq,2,-0.3633489,0.4123728,-1.0396402999999999,0.3129425,49.1322635,6.503705,38.466187399999995,59.7983397,..,..,..,..,..,..,..,..,..,..,..,..,..,..,..,..,..,0.5,..,..,..,..,..,..,..,..,..,..,..,..,..,..,..,..,0.4583333
SYCrq2002,Seychelles,SYC,Sub-Saharan Africa,High income,2002,rq,1,0.4035897,0.48491779999999995,-0.3916755,1.1988549,61.2279748,7.6478427,48.6855128,73.7704368,..,..,..,..,..,..,..,..,..,..,..,..,..,..,..,..,..,..,..,..,..,..,..,..,..,..,..,..,..,..,..,..,..,..,0.6666667
SYRrq2002,Syrian Arab Republic,SYR,Middle East & North Africa,Low income,2002,rq,5,-0.9425509999999999,0.23971699999999999,-1.3356869,-0.5494150999999999,39.9974236,3.7806778,33.7971119,46.1977352,..,..,..,..,..,..,0.5,..,..,0.25,..,..,..,..,..,..,..,0.19999999999999998,..,..,..,..,..,..,..,..,..,0.5267857,..,..,..,..,..,..,0.375
TCDrq2002,Chad,TCD,Sub-Saharan Africa,Low income,2002,rq,3,-1.0419418999999999,0.30916679999999996,-1.5489754999999998,-0.5349083,38.4298879,4.8760001,30.4332477,46.4265281,..,..,..,..,..,..,0.25,..,..,..,..,..,..,..,..,..,..,0.6,..,..,..,..,..,..,..,..,..,..,..,..,..,..,..,..,0.2916667
TGOrq2002,Togo,TGO,Sub-Saharan Africa,Low income,2002,rq,4,-1.016575,0.28436459999999997,-1.4829329,-0.5502171,38.8299599,4.4848333,31.4748333,46.1850865,..,..,..,..,..,..,0.25,..,..,..,..,..,..,..,..,..,..,0.3,..,..,..,..,..,..,..,..,..,0.5892857,..,..,..,..,..,..,0.4166667
THArq2002,Thailand,THA,East Asia & Pacific,Upper middle income,2002,rq,7,0.0998766,0.21385969999999999,-0.2508533,0.45060649999999997,56.4379877,3.3728712,50.906479,61.9694965,..,..,..,..,..,..,0.5,..,..,0.5,..,..,..,..,0.5689285,..,..,0.5,..,..,..,..,..,..,..,..,..,0.6696428999999999,..,..,..,..,0.5265174,..,0.625
TJKrq2002,Tajikistan,TJK,Europe & Central Asia,Lower middle income,2002,rq,5,-1.5069346,0.27399429999999997,-1.9562853,-1.0575839,31.0962924,4.3212798,24.009393499999998,38.1831913,..,..,..,..,..,0.6188389,0.25,..,0.4166667,..,..,..,..,..,..,..,..,0.19999999999999998,..,..,..,..,..,..,..,..,..,..,..,..,..,..,..,..,0.2083333
TKMrq2002,Turkmenistan,TKM,Europe & Central Asia,Upper middle income,2002,rq,4,-1.8946703999999999,0.2740757,-2.3441544999999997,-1.4451863,24.981147999999997,4.3225627,17.892145199999998,32.0701508,..,..,..,..,..,..,0.25,..,0.0833333,..,..,..,..,..,..,..,..,0.19999999999999998,..,..,..,..,..,..,..,..,..,..,..,..,..,..,..,..,0.25
TLSrq2002,Timor-Leste,TLS,East Asia & Pacific,Lower middle income,2002,rq,1,-1.3723705,0.48491779999999995,-2.1676357,-0.5771052999999999,33.2185594,7.6478427,20.676097499999997,45.7610214,..,..,..,..,..,..,..,..,..,..,..,..,..,..,..,..,..,..,..,..,..,..,..,..,..,..,..,..,..,..,..,..,..,..,0.25
TTOrq2002,Trinidad and Tobago,TTO,Latin America & Caribbean,High income,2002,rq,5,0.6994174,0.2637523,0.2668636,1.1319712,65.8935979,4.1597487,59.07161,72.7155858,..,..,..,..,..,..,..,..,..,0.5357143,..,..,..,..,0.5307717,..,..,0.7,..,..,..,..,..,..,..,..,..,1,..,..,..,..,..,..,0.7083332999999999
TUNrq2002,Tunisia,TUN,Middle East & North Africa,Lower middle income,2002,rq,6,-0.06268549999999999,0.22967939999999998,-0.43935969999999996,0.3139887,53.8741525,3.6223703,47.9334652,59.8148397,..,..,..,..,..,..,0.5,..,..,0.4285714,..,..,..,..,0.6397965999999999,..,..,0.5,..,..,..,..,..,..,..,..,..,0.5982143,..,..,..,..,..,..,0.625
TURrq2002,Türkiye,TUR,Europe & Central Asia,Upper middle income,2002,rq,8,0.036087799999999996,0.21382099999999998,-0.3145786,0.3867542,55.431947699999995,3.3722605,49.9014404,60.962455,..,..,..,..,..,0.6313499,0.75,..,..,0.5,..,..,..,..,0.4093137,..,..,0.5,..,..,..,..,..,..,..,..,..,0.5267857,..,..,..,..,0.4583702,..,0.625
TWNrq2002,"Taiwan, China",TWN,East Asia & Pacific,High income,2002,rq,7,1.0888488,0.21385969999999999,0.7381188999999999,1.4395787,72.0354843,3.3728712,66.5039755,77.56699309999999,..,..,..,..,..,..,0.75,..,..,0.8214286,..,..,..,..,0.6512698,..,..,0.6,..,..,..,..,..,..,..,..,..,1,..,..,..,..,0.5819548999999999,..,0.7083332999999999
TZArq2002,Tanzania,TZA,Sub-Saharan Africa,Lower middle income,2002,rq,5,-0.7951387,0.23971699999999999,-1.1882746,-0.4020028,42.322325,3.7806778,36.1220133,48.5226366,..,..,..,..,..,..,0.25,..,..,0.3214286,..,..,..,..,..,..,..,0.5,..,..,..,..,..,..,..,..,..,0.5892857,..,..,..,..,..,..,0.4583333
UGArq2002,Uganda,UGA,Sub-Saharan Africa,Low income,2002,rq,5,-0.2308824,0.23971699999999999,-0.6240183,0.1622535,51.2214484,3.7806778,45.0211368,57.4217601,..,..,..,..,..,..,0.5,..,..,0.5,..,..,..,..,..,..,..,0.5,..,..,..,..,..,..,..,..,..,0.7232143,..,..,..,..,..,..,0.4166667
UKRrq2002,Ukraine,UKR,Europe & Central Asia,Upper middle income,2002,rq,8,-0.8356555,0.21410379999999998,-1.1867857,-0.4845253,41.6833175,3.3767207999999997,36.1454954,47.2211396,..,..,..,..,..,0.5958852,0.5,..,0.44416669999999997,0.39285709999999996,..,..,..,..,0.2876989,..,..,0.39999999999999997,..,..,..,..,..,..,..,..,..,0.33035709999999996,..,..,..,..,..,..,0.4583333
URYrq2002,Uruguay,URY,Latin America & Caribbean,High income,2002,rq,6,0.5083321,0.22967939999999998,0.1316579,0.8850062999999999,62.879911199999995,3.6223703,56.939223999999996,68.8205985,..,..,..,..,..,..,0.75,..,..,0.5,..,..,..,..,0.41618259999999996,..,..,0.7,..,..,..,..,..,..,..,..,..,0.8660713999999999,..,..,..,..,..,..,0.7916667
USArq2002,United States,USA,North America,High income,2002,rq,6,1.7368900999999999,0.24054029999999998,1.342404,2.1313762,82.25601619999999,3.7936623,76.03441,88.4776225,..,..,..,..,..,..,..,..,..,0.7857143,..,..,..,..,0.6897561,..,..,0.7999999999999999,..,..,..,..,..,..,..,..,..,1,..,..,..,..,0.7124684,..,0.9166667
UZBrq2002,Uzbekistan,UZB,Europe & Central Asia,Lower middle income,2002,rq,6,-1.7245787,0.2334058,-2.1073641999999997,-1.3417932,27.663735799999998,3.6811409,21.626664599999998,33.700806899999996,..,..,..,..,..,0.6888141,0.25,..,0.2225,0.0357143,..,..,..,..,..,..,..,0.19999999999999998,..,..,..,..,..,..,..,..,..,..,..,..,..,..,..,..,0.375
VENrq2002,"Venezuela, RB",VEN,Latin America & Caribbean,,2002,rq,7,-0.7253855,0.21385969999999999,-1.0761154,-0.3746556,43.422432,3.3728712,37.890923199999996,48.9539408,..,..,..,..,..,..,0.5,..,..,0.39285709999999996,..,..,..,..,0.3257853,..,..,0.5,..,..,..,..,..,..,..,..,..,0.45535709999999996,..,..,..,..,0.3751134,..,0.3333333
VNMrq2002,Viet Nam,VNM,East Asia & Pacific,Lower middle income,2002,rq,6,-0.834225,0.22967939999999998,-1.2108991999999998,-0.4575508,41.7058785,3.6223703,35.7651912,47.6465657,..,..,..,..,..,..,0.25,..,..,0.4285714,..,..,..,..,0.4478022,..,..,0.3,..,..,..,..,..,..,..,..,..,0.5357143,..,..,..,..,..,..,0.4166667
WSMrq2002,Samoa,WSM,East Asia & Pacific,Upper middle income,2002,rq,2,0.15038369999999998,0.4123728,-0.5259077,0.8266751,57.2345565,6.503705,46.5684803,67.9006326,..,..,..,..,..,..,..,..,..,..,..,..,..,..,..,..,..,0.5,..,..,..,..,..,..,..,..,..,..,..,..,..,..,..,..,0.625
YEMrq2002,"Yemen, Rep.",YEM,Middle East & North Africa,Low income,2002,rq,5,-1.1761534,0.23971699999999999,-1.5692892999999999,-0.7830174999999999,36.3131819,3.7806778,30.1128702,42.513493499999996,..,..,..,..,..,..,0,..,..,0.2857143,..,..,..,..,..,..,..,0.39999999999999997,..,..,..,..,..,..,..,..,..,0.6517857,..,..,..,..,..,..,0.4166667
ZAFrq2002,South Africa,ZAF,Sub-Saharan Africa,Upper middle income,2002,rq,7,0.8125418999999999,0.21385969999999999,0.461812,1.1632718,67.67773199999999,3.3728712,62.146223199999994,73.2092407,..,..,..,..,..,..,0.75,..,..,0.5714286,..,..,..,..,0.5994501,..,..,0.7,..,..,..,..,..,..,..,..,..,0.8660713999999999,..,..,..,..,0.5459604,..,0.8333332999999999
ZMBrq2002,Zambia,ZMB,Sub-Saharan Africa,Lower middle income,2002,rq,5,-0.8378325,0.23971699999999999,-1.2309683999999999,-0.4446966,41.648983099999995,3.7806778,35.448671399999995,47.849294699999994,..,..,..,..,..,..,0.5,..,..,0.2857143,..,..,..,..,..,..,..,0.5,..,..,..,..,..,..,..,..,..,0.33035709999999996,..,..,..,..,..,..,0.375
ZWErq2002,Zimbabwe,ZWE,Sub-Saharan Africa,Lower middle income,2002,rq,6,-2.0822282,0.22967939999999998,-2.4589024,-1.705554,22.0230951,3.6223703,16.0824078,27.9637823,..,..,..,..,..,..,0,..,..,0.0714286,..,..,..,..,0.38539809999999997,..,..,0.09999999999999999,..,..,..,..,..,..,..,..,..,0.125,..,..,..,..,..,..,0.2916667
ADOrq2003,Andorra,ADO,,,2003,rq,1,1.6468435,0.48491779999999995,0.8515783,2.4421087,80.83585339999999,7.6478427,68.29339139999999,93.37831539999999,..,..,..,..,..,..,..,..,..,..,..,..,..,..,..,..,..,..,..,..,..,..,..,..,..,..,..,..,..,..,..,..,..,..,0.9583332999999999
AFGrq2003,Afghanistan,AFG,South Asia,Low income,2003,rq,2,-1.9591576,0.3364486,-2.5109333,-1.4073818999999999,23.9640933,5.3062723,15.2618066,32.666379899999995,..,..,..,..,..,..,0,..,..,..,..,..,..,..,..,..,..,..,..,..,..,..,..,..,..,..,..,..,..,..,..,..,..,..,0.25
AGOrq2003,Angola,AGO,Sub-Saharan Africa,Lower middle income,2003,rq,5,-1.6437918999999999,0.24022559999999998,-2.0377619,-1.2498219,28.9378584,3.7886990999999997,22.7243918,35.151325,..,..,..,..,..,..,0,..,..,0.1428571,..,..,..,..,0.30418239999999996,..,..,..,..,..,..,..,..,..,..,..,..,0.5982143,..,..,..,..,..,..,0.3333333
ALBrq2003,Albania,ALB,Europe & Central Asia,Upper middle income,2003,rq,6,-0.4162418,0.25628419999999996,-0.8365479,0.0040643,48.2980674,4.0419659999999995,41.669243099999996,54.9268917,..,..,..,..,..,0.5545247,0.5,..,0.5558333,..,..,..,..,..,..,..,..,0.6,..,..,..,..,..,..,..,..,..,0.5892857,..,..,..,..,..,..,0.375
ARErq2003,United Arab Emirates,ARE,Middle East & North Africa,High income,2003,rq,5,1.1073628,0.2637523,0.674809,1.5399166,72.3274764,4.1597487,65.5054885,79.14946429999999,..,..,..,..,..,..,..,..,..,0.7142856999999999,..,..,..,..,0.7608332999999999,..,..,0.39999999999999997,..,..,..,..,..,..,..,..,..,1,..,..,..,..,..,..,0.75
ARGrq2003,Argentina,ARG,Latin America & Caribbean,Upper middle income,2003,rq,7,-0.8463938999999999,0.21385969999999999,-1.1971238,-0.495664,41.5139577,3.3728712,35.9824489,47.045466399999995,..,..,..,..,..,..,0.5,..,..,0.39285709999999996,..,..,..,..,0.33917349999999996,..,..,0.39999999999999997,..,..,..,..,..,..,..,..,..,0.2589286,..,..,..,..,0.3299883,..,0.4166667
ARMrq2003,Armenia,ARM,Europe & Central Asia,Upper middle income,2003,rq,6,0.1777389,0.25628419999999996,-0.24256719999999998,0.5980449999999999,57.6659868,4.0419659999999995,51.0371625,64.2948111,..,..,..,..,..,0.619767,0.5,..,0.6383333,..,..,..,..,..,..,..,..,0.7999999999999999,..,..,..,..,..,..,..,..,..,0.6607143,..,..,..,..,..,..,0.625
ATGrq2003,Antigua and Barbuda,ATG,Latin America & Caribbean,High income,2003,rq,1,0.5812674999999999,0.48491779999999995,-0.21399769999999999,1.3765326999999998,64.0302061,7.6478427,51.4877441,76.5726681,..,..,..,..,..,..,..,..,..,..,..,..,..,..,..,..,..,..,..,..,..,..,..,..,..,..,..,..,..,..,..,..,..,..,0.7083332999999999
AUSrq2003,Australia,AUS,East Asia & Pacific,High income,2003,rq,6,1.7471457,0.24054029999999998,1.3526596,2.1416318,82.41776159999999,3.7936623,76.1961554,88.6393678,..,..,..,..,..,..,..,..,..,0.7857143,..,..,..,..,0.6826753999999999,..,..,0.7999999999999999,..,..,..,..,..,..,..,..,..,0.9375,..,..,..,..,0.6911693999999999,..,1
AUTrq2003,Austria,AUT,Europe & Central Asia,High income,2003,rq,6,1.7125602999999998,0.24054029999999998,1.3180741999999999,2.1070463999999998,81.8723007,3.7936623,75.6506945,88.0939069,..,..,..,..,..,..,..,..,..,0.8571428999999999,..,..,..,..,0.6285531,..,..,0.7,..,..,..,..,..,..,..,..,..,1,..,..,..,..,0.6446599,..,1
AZErq2003,Azerbaijan,AZE,Europe & Central Asia,Upper middle income,2003,rq,7,-0.6355594999999999,0.2221645,-0.9999093,-0.2712097,44.8391157,3.50385,39.092801699999995,50.5854296,..,..,..,..,..,0.7442873,0.5,..,0.5558333,0.2857143,..,..,..,..,..,..,..,0.3,..,..,..,..,..,..,..,..,..,0.5982143,..,..,..,..,..,..,0.4583333
BDIrq2003,Burundi,BDI,Sub-Saharan Africa,Low income,2003,rq,2,-1.4326812999999998,0.3364486,-1.984457,-0.8809056,32.2673725,5.3062723,23.5650858,40.9696591,..,..,..,..,..,..,0.25,..,..,..,..,..,..,..,..,..,..,..,..,..,..,..,..,..,..,..,..,..,..,..,..,..,..,..,0.25
BELrq2003,Belgium,BEL,Europe & Central Asia,High income,2003,rq,6,1.5002632,0.24054029999999998,1.1057770999999998,1.8947493,78.52407389999999,3.7936623,72.3024676,84.7456801,..,..,..,..,..,..,..,..,..,0.8214286,..,..,..,..,0.5683515,..,..,0.7999999999999999,..,..,..,..,..,..,..,..,..,1,..,..,..,..,0.5533502,..,0.9583332999999999
BENrq2003,Benin,BEN,Sub-Saharan Africa,Lower middle income,2003,rq,3,-0.5559617,0.30916679999999996,-1.0629952999999999,-0.048928099999999995,46.094485999999996,4.8760001,38.097845899999996,54.0911262,..,..,..,..,..,..,0.5,..,..,..,..,..,..,..,..,..,..,0.5,..,..,..,..,..,..,..,..,..,..,..,..,..,..,..,..,0.375
BFArq2003,Burkina Faso,BFA,Sub-Saharan Africa,Low income,2003,rq,4,-0.279226,0.28436459999999997,-0.7455839,0.1871319,50.459001199999996,4.4848333,43.1038746,57.814127799999994,..,..,..,..,..,..,0.5,..,..,..,..,..,..,..,..,..,..,0.5,..,..,..,..,..,..,..,..,..,0.7232143,..,..,..,..,..,..,0.4583333
BGDrq2003,Bangladesh,BGD,South Asia,Lower middle income,2003,rq,6,-1.0667105,0.22967939999999998,-1.4433847,-0.6900362999999999,38.0392519,3.6223703,32.098564599999996,43.979939099999996,..,..,..,..,..,..,0.5,..,..,0.1428571,..,..,..,..,0.40101,..,..,0.39999999999999997,..,..,..,..,..,..,..,..,..,0.46428569999999997,..,..,..,..,..,..,0.3333333
BGRrq2003,Bulgaria,BGR,Europe & Central Asia,High income,2003,rq,8,0.5244916,0.21410379999999998,0.1733614,0.8756218,63.1347695,3.3767207999999997,57.5969474,68.67259159999999,..,..,..,..,..,0.7342904,0.75,..,0.6658333,0.6071428999999999,..,..,..,..,0.35903959999999996,..,..,0.6,..,..,..,..,..,..,..,..,..,1,..,..,..,..,..,..,0.7083332999999999
BHRrq2003,Bahrain,BHR,Middle East & North Africa,High income,2003,rq,6,0.8143363,0.22967939999999998,0.4376621,1.1910105,67.7060322,3.6223703,61.765344899999995,73.6467195,..,..,..,..,..,..,0.75,..,..,0.5714286,..,..,..,..,0.6836806,..,..,0.65,..,..,..,..,..,..,..,..,..,0.9285713999999999,..,..,..,..,..,..,0.75
BHSrq2003,"Bahamas, The",BHS,Latin America & Caribbean,High income,2003,rq,3,1.2503186,0.35839879999999996,0.6625445999999999,1.8380926,74.5820924,5.6524579,65.3120615,83.8521234,..,..,..,..,..,..,..,..,..,..,..,..,..,..,..,..,..,0.6,..,..,..,..,..,..,..,..,..,0.9285713999999999,..,..,..,..,..,..,0.875
BIHrq2003,Bosnia and Herzegovina,BIH,Europe & Central Asia,Upper middle income,2003,rq,6,-0.48942919999999995,0.2334058,-0.8722147,-0.1066437,47.1437981,3.6811409,41.106727,53.1808692,..,..,..,..,..,0.5913265999999999,0.5,..,0.4725,0.4285714,..,..,..,..,..,..,..,0.5,..,..,..,..,..,..,..,..,..,..,..,..,..,..,..,..,0.4166667
BLRrq2003,Belarus,BLR,Europe & Central Asia,Upper middle income,2003,rq,6,-1.4471258999999999,0.25628419999999996,-1.867432,-1.0268198,32.0395606,4.0419659999999995,25.4107363,38.6683849,..,..,..,..,..,0.5255109,0.25,..,0.3333333,..,..,..,..,..,..,..,..,0.3,..,..,..,..,..,..,..,..,..,0.39285709999999996,..,..,..,..,..,..,0.2916667
BLZrq2003,Belize,BLZ,Latin America & Caribbean,Upper middle income,2003,rq,2,0.27887629999999997,0.4123728,-0.39741509999999997,0.9551677,59.2610673,6.5037049,48.594991199999996,69.92714339999999,..,..,..,..,..,..,..,..,..,..,..,..,..,..,..,..,..,0.5,..,..,..,..,..,..,..,..,..,..,..,..,..,..,..,..,0.6666667
BMUrq2003,Bermuda,BMU,North America,High income,2003,rq,1,1.4692477,0.48491779999999995,0.6739824999999999,2.2645128999999997,78.0349154,7.6478427,65.4924534,90.57737739999999,..,..,..,..,..,..,..,..,..,..,..,..,..,..,..,..,..,..,..,..,..,..,..,..,..,..,..,..,..,..,..,..,..,..,0.9166667
BOLrq2003,Bolivia,BOL,Latin America & Caribbean,Lower middle income,2003,rq,6,-0.1149383,0.22967939999999998,-0.49161249999999995,0.26173589999999997,53.050051599999996,3.6223703,47.109364299999996,58.990738799999995,..,..,..,..,..,..,0.5,..,..,0.5357143,..,..,..,..,0.3764838,..,..,0.7999999999999999,..,..,..,..,..,..,..,..,..,0.6607143,..,..,..,..,..,..,0.4583333
BRArq2003,Brazil,BRA,Latin America & Caribbean,Upper middle income,2003,rq,7,0.18834299999999998,0.21385969999999999,-0.1623869,0.5390729,57.8332286,3.3728712,52.3017198,63.364737299999994,..,..,..,..,..,..,0.75,..,..,0.5357143,..,..,..,..,0.4997889,..,..,0.5,..,..,..,..,..,..,..,..,..,0.5357143,..,..,..,..,0.4564664,..,0.6666667
BRBrq2003,Barbados,BRB,Latin America & Caribbean,High income,2003,rq,2,1.2327046,0.4123728,0.5564131999999999,1.908996,74.30429459999999,6.503705,63.638218499999994,84.9703708,..,..,..,..,..,..,..,..,..,..,..,..,..,..,..,..,..,0.6,..,..,..,..,..,..,..,..,..,..,..,..,..,..,..,..,0.9166667
BRNrq2003,Brunei Darussalam,BRN,East Asia & Pacific,High income,2003,rq,2,1.1730273,0.403001,0.5121057,1.8339489,73.3630988,6.3558978999999995,62.939426299999994,83.78677139999999,..,..,..,..,..,..,..,..,..,..,..,..,..,..,..,..,..,..,..,..,..,..,..,..,..,..,..,0.9285713999999999,..,..,..,..,..,..,0.7916667
BTNrq2003,Bhutan,BTN,South Asia,Lower middle income,2003,rq,1,0.2260756,0.48491779999999995,-0.5691896,1.0213408,58.4283253,7.6478427,45.8858633,70.9707872,..,..,..,..,..,..,..,..,..,..,..,..,..,..,..,..,..,..,..,..,..,..,..,..,..,..,..,..,..,..,..,..,..,..,0.625
BWArq2003,Botswana,BWA,Sub-Saharan Africa,Upper middle income,2003,rq,6,0.8864772999999999,0.22967939999999998,0.5098031,1.2631515,68.8437983,3.6223703,62.903110999999996,74.7844855,..,..,..,..,..,..,0.75,..,..,0.6785713999999999,..,..,..,..,0.5739882,..,..,0.7,..,..,..,..,..,..,..,..,..,0.9375,..,..,..,..,..,..,0.75
CAFrq2003,Central African Republic,CAF,Sub-Saharan Africa,Low income,2003,rq,3,-1.5586560999999999,0.30916679999999996,-2.0656897,-1.0516225,30.280570899999997,4.8760001,22.2839307,38.277211099999995,..,..,..,..,..,..,0,..,..,..,..,..,..,..,..,..,..,0.6,..,..,..,..,..,..,..,..,..,..,..,..,..,..,..,..,0.25
CANrq2003,Canada,CAN,North America,High income,2003,rq,6,1.6789119,0.24054029999999998,1.2844258,2.073398,81.3416177,3.7936623,75.1200114,87.5632239,..,..,..,..,..,..,..,..,..,0.8928571,..,..,..,..,0.6286822,..,..,0.6,..,..,..,..,..,..,..,..,..,1,..,..,..,..,0.6279796999999999,..,1
CHErq2003,Switzerland,CHE,Europe & Central Asia,High income,2003,rq,6,1.9033236999999998,0.24054029999999998,1.5088376,2.2978098,84.88091059999999,3.7936623,78.6593043,91.10251679999999,..,..,..,..,..,..,..,..,..,0.8571428999999999,..,..,..,..,0.6948388999999999,..,..,0.7999999999999999,..,..,..,..,..,..,..,..,..,1,..,..,..,..,0.6918681,..,1
CHLrq2003,Chile,CHL,Latin America & Caribbean,High income,2003,rq,7,1.5852046,0.21385969999999999,1.2344747,1.9359345,79.86372039999999,3.3728712,74.3322116,85.3952292,..,..,..,..,..,..,1,..,..,0.8571428999999999,..,..,..,..,0.6269384,..,..,0.7,..,..,..,..,..,..,..,..,..,0.9285713999999999,..,..,..,..,0.6909329,..,0.875
CHNrq2003,China,CHN,East Asia & Pacific,Upper middle income,2003,rq,7,-0.5718516,0.21385969999999999,-0.9225814999999999,-0.22112169999999998,45.843879699999995,3.3728712,40.312371,51.3753885,..,..,..,..,..,..,0.25,..,..,0.39285709999999996,..,..,..,..,0.5237931,..,..,0.3,..,..,..,..,..,..,..,..,..,0.5357143,..,..,..,..,0.49755849999999996,..,0.5
CIVrq2003,Côte d’Ivoire,CIV,Sub-Saharan Africa,Lower middle income,2003,rq,5,-0.6557761999999999,0.23971699999999999,-1.0489121,-0.2626403,44.5202696,3.7806778,38.3199579,50.7205812,..,..,..,..,..,..,0.5,..,..,0.25,..,..,..,..,..,..,..,0.6,..,..,..,..,..,..,..,..,..,0.45535709999999996,..,..,..,..,..,..,0.4583333
CMRrq2003,Cameroon,CMR,Sub-Saharan Africa,Lower middle income,2003,rq,6,-1.1127486,0.22967939999999998,-1.4894227999999998,-0.7360744,37.3131656,3.6223703,31.3724784,43.2538529,..,..,..,..,..,..,0.25,..,..,0.25,..,..,..,..,0.4056839,..,..,0.5,..,..,..,..,..,..,..,..,..,0.46428569999999997,..,..,..,..,..,..,0.3333333
CODrq2003,"Congo, Dem. Rep.",COD,Sub-Saharan Africa,Low income,2003,rq,3,-1.9532296999999998,0.3051579,-2.4536887,-1.4527706999999999,24.0575847,4.812774,16.1646353,31.9505341,..,..,..,..,..,..,0,..,..,..,..,..,..,..,..,..,..,..,..,..,..,..,..,..,..,..,..,0.46428569999999997,..,..,..,..,..,..,0.1666667
COGrq2003,"Congo, Rep.",COG,Sub-Saharan Africa,Lower middle income,2003,rq,3,-1.113389,0.35839879999999996,-1.701163,-0.5256149999999999,37.3030656,5.6524579,28.033034599999997,46.5730966,..,..,..,..,..,..,..,..,..,..,..,..,..,..,..,..,..,0.3,..,..,..,..,..,..,..,..,..,0.5982143,..,..,..,..,..,..,0.25
COLrq2003,Colombia,COL,Latin America & Caribbean,Upper middle income,2003,rq,7,-0.017711599999999997,0.21385969999999999,-0.3684415,0.3330183,54.5834548,3.3728712,49.051946,60.114963599999996,..,..,..,..,..,..,0.5,..,..,0.46428569999999997,..,..,..,..,0.4493096,..,..,0.7,..,..,..,..,..,..,..,..,..,0.7232143,..,..,..,..,0.5202104,..,0.5
COMrq2003,Comoros,COM,Sub-Saharan Africa,Lower middle income,2003,rq,1,-1.3722884,0.48491779999999995,-2.1675535999999997,-0.5770232,33.2198543,7.6478427,20.677392299999998,45.762316299999995,..,..,..,..,..,..,..,..,..,..,..,..,..,..,..,..,..,..,..,..,..,..,..,..,..,..,..,..,..,..,..,..,..,..,0.25
CPVrq2003,Cabo Verde,CPV,Sub-Saharan Africa,Upper middle income,2003,rq,2,-0.2348563,0.4123728,-0.9111477,0.44143509999999997,51.1587744,6.503705,40.4926982,61.8248505,..,..,..,..,..,..,..,..,..,..,..,..,..,..,..,..,..,0.5,..,..,..,..,..,..,..,..,..,..,..,..,..,..,..,..,0.5
CRIrq2003,Costa Rica,CRI,Latin America & Caribbean,High income,2003,rq,6,0.3996287,0.22967939999999998,0.0229545,0.7763029,61.165504199999994,3.6223703,55.2248169,67.1061915,..,..,..,..,..,..,0.5,..,..,0.6785713999999999,..,..,..,..,0.5035438999999999,..,..,0.6,..,..,..,..,..,..,..,..,..,0.7410713999999999,..,..,..,..,..,..,0.75
CUBrq2003,Cuba,CUB,Latin America & Caribbean,Upper middle income,2003,rq,5,-1.5224175,0.23971699999999999,-1.9155533999999999,-1.1292815999999999,30.8521051,3.7806778,24.6517934,37.052416699999995,..,..,..,..,..,..,0.25,..,..,0.2142857,..,..,..,..,..,..,..,0.19999999999999998,..,..,..,..,..,..,..,..,..,0.13392859999999998,..,..,..,..,..,..,0.375
CYMrq2003,Cayman Islands,CYM,Latin America & Caribbean,High income,2003,rq,1,1.4692477,0.48491779999999995,0.6739824999999999,2.2645128999999997,78.0349154,7.6478427,65.4924534,90.57737739999999,..,..,..,..,..,..,..,..,..,..,..,..,..,..,..,..,..,..,..,..,..,..,..,..,..,..,..,..,..,..,..,..,..,..,0.9166667
CYPrq2003,Cyprus,CYP,Europe & Central Asia,High income,2003,rq,4,1.1794786,0.2792826,0.7214551,1.6375020999999998,73.464845,4.4046837,66.2411637,80.68852629999999,..,..,..,..,..,..,..,..,..,0.6785713999999999,..,..,..,..,..,..,..,0.6,..,..,..,..,..,..,..,..,..,1,..,..,..,..,..,..,0.875
CZErq2003,Czechia,CZE,Europe & Central Asia,High income,2003,rq,9,1.1756611,0.2011172,0.8458289,1.5054933,73.4046376,3.1719038999999998,68.2027152,78.60656,..,..,..,..,..,0.6476145,1,..,0.7216667,0.6785713999999999,..,..,..,..,0.4925888,..,..,0.7999999999999999,..,..,..,..,..,..,..,..,..,1,..,..,..,..,0.5607558,..,0.875
DEUrq2003,Germany,DEU,Europe & Central Asia,High income,2003,rq,6,1.4997506999999999,0.24054029999999998,1.1052646,1.8942367999999998,78.515991,3.7936623,72.2943848,84.7375972,..,..,..,..,..,..,..,..,..,0.8214286,..,..,..,..,0.6089325,..,..,0.7,..,..,..,..,..,..,..,..,..,1,..,..,..,..,0.5363155,..,1
DJIrq2003,Djibouti,DJI,Middle East & North Africa,Lower middle income,2003,rq,2,-0.6201557,0.4123728,-1.2964471,0.0561357,45.082055499999996,6.503705,34.4159793,55.7481316,..,..,..,..,..,..,..,..,..,..,..,..,..,..,..,..,..,0.5,..,..,..,..,..,..,..,..,..,..,..,..,..,..,..,..,0.375
DMArq2003,Dominica,DMA,Latin America & Caribbean,Upper middle income,2003,rq,1,0.9364598,0.48491779999999995,0.1411946,1.731725,69.6320933,7.6478427,57.0896313,82.1745553,..,..,..,..,..,..,..,..,..,..,..,..,..,..,..,..,..,..,..,..,..,..,..,..,..,..,..,..,..,..,..,..,..,..,0.7916667
DNKrq2003,Denmark,DNK,Europe & Central Asia,High income,2003,rq,6,2.0385773,0.24054029999999998,1.6440911999999999,2.4330634,87.01405199999999,3.7936623,80.7924458,93.23565819999999,..,..,..,..,..,..,..,..,..,0.9642856999999999,..,..,..,..,0.6729415,..,..,0.7999999999999999,..,..,..,..,..,..,..,..,..,1,..,..,..,..,0.6960828,..,1
DOMrq2003,Dominican Republic,DOM,Latin America & Caribbean,Upper middle income,2003,rq,6,-0.39976629999999996,0.22967939999999998,-0.7764405,-0.023092099999999997,48.5579094,3.6223703,42.6172221,54.4985967,..,..,..,..,..,..,0.5,..,..,0.39285709999999996,..,..,..,..,0.47192069999999997,..,..,0.39999999999999997,..,..,..,..,..,..,..,..,..,0.6607143,..,..,..,..,..,..,0.5
DZArq2003,Algeria,DZA,Middle East & North Africa,Upper middle income,2003,rq,6,-0.7089021999999999,0.22967939999999998,-1.0855763999999999,-0.33222799999999997,43.682397099999996,3.6223703,37.741709799999995,49.623084299999995,..,..,..,..,..,..,0.25,..,..,0.3214286,..,..,..,..,0.39694429999999997,..,..,0.5,..,..,..,..,..,..,..,..,..,0.6607143,..,..,..,..,..,..,0.5416667
ECUrq2003,Ecuador,ECU,Latin America & Caribbean,Upper middle income,2003,rq,6,-0.7609294999999999,0.22967939999999998,-1.1376036999999999,-0.38425529999999997,42.8618527,3.6223703,36.9211654,48.8025399,..,..,..,..,..,..,0.5,..,..,0.3571429,..,..,..,..,0.3314824,..,..,0.5,..,..,..,..,..,..,..,..,..,0.39285709999999996,..,..,..,..,..,..,0.4166667
EGYrq2003,"Egypt, Arab Rep.",EGY,Middle East & North Africa,Lower middle income,2003,rq,6,-0.5819430999999999,0.22967939999999998,-0.9586173,-0.2052689,45.6847225,3.6223703,39.7440352,51.6254097,..,..,..,..,..,..,0.5,..,..,0.3571429,..,..,..,..,0.4547521,..,..,0.39999999999999997,..,..,..,..,..,..,..,..,..,0.46428569999999997,..,..,..,..,..,..,0.5
ERIrq2003,Eritrea,ERI,Sub-Saharan Africa,Low income,2003,rq,2,-1.3471875,0.3364486,-1.8989631999999999,-0.7954118,33.6157311,5.3062723,24.913444499999997,42.3180178,..,..,..,..,..,..,0.25,..,..,..,..,..,..,..,..,..,..,..,..,..,..,..,..,..,..,..,..,..,..,..,..,..,..,..,0.2916667
ESPrq2003,Spain,ESP,Europe & Central Asia,High income,2003,rq,6,1.4321992,0.24054029999999998,1.0377131,1.8266852999999998,77.4506079,3.7936623,71.2290017,83.67221409999999,..,..,..,..,..,..,..,..,..,0.7857143,..,..,..,..,0.5855387,..,..,0.7,..,..,..,..,..,..,..,..,..,1,..,..,..,..,0.5743332999999999,..,0.9583332999999999
ESTrq2003,Estonia,EST,Europe & Central Asia,High income,2003,rq,9,1.409916,0.2011172,1.0800838,1.7397482,77.0991702,3.1719038999999998,71.8972478,82.3010925,..,..,..,..,..,0.7551279,1,..,0.6666667,0.7857143,..,..,..,..,0.6765966999999999,..,..,0.8999999999999999,..,..,..,..,..,..,..,..,..,0.8571428999999999,..,..,..,..,0.6594907,..,0.8333332999999999
ETHrq2003,Ethiopia,ETH,Sub-Saharan Africa,,2003,rq,6,-1.3492613999999998,0.22967939999999998,-1.7259356,-0.9725872,33.5830228,3.6223703,27.642335499999998,39.52371,..,..,..,..,..,..,0.25,..,..,0.1071429,..,..,..,..,0.3746927,..,..,0.39999999999999997,..,..,..,..,..,..,..,..,..,0.5178571,..,..,..,..,..,..,0.3333333
FINrq2003,Finland,FIN,Europe & Central Asia,High income,2003,rq,6,2.1438360999999997,0.24054029999999998,1.74935,2.5383222,88.6741328,3.7936623,82.4525266,94.89573899999999,..,..,..,..,..,..,..,..,..,0.9285713999999999,..,..,..,..,0.7720568999999999,..,..,0.7,..,..,..,..,..,..,..,..,..,1,..,..,..,..,0.7865004,..,1
FJIrq2003,Fiji,FJI,East Asia & Pacific,Upper middle income,2003,rq,2,-0.2348563,0.4123728,-0.9111477,0.44143509999999997,51.1587744,6.503705,40.4926982,61.8248505,..,..,..,..,..,..,..,..,..,..,..,..,..,..,..,..,..,0.5,..,..,..,..,..,..,..,..,..,..,..,..,..,..,..,..,0.5
FRArq2003,France,FRA,Europe & Central Asia,High income,2003,rq,6,1.3314758,0.24054029999999998,0.9369896999999999,1.7259619,75.86205679999999,3.7936623,69.6404506,82.083663,..,..,..,..,..,..,..,..,..,0.7857143,..,..,..,..,0.5728135,..,..,0.6,..,..,..,..,..,..,..,..,..,1,..,..,..,..,0.5548463,..,0.9583332999999999
GABrq2003,Gabon,GAB,Sub-Saharan Africa,Upper middle income,2003,rq,4,-0.2828663,0.2792826,-0.7408897999999999,0.17515719999999999,50.401588499999995,4.4046837,43.1779072,57.6252698,..,..,..,..,..,..,..,..,..,0.39285709999999996,..,..,..,..,..,..,..,0.5,..,..,..,..,..,..,..,..,..,0.5357143,..,..,..,..,..,..,0.5833332999999999
GBRrq2003,United Kingdom,GBR,Europe & Central Asia,High income,2003,rq,6,1.8697017999999999,0.24054029999999998,1.4752157,2.2641879,84.35064539999999,3.7936623,78.1290392,90.5722516,..,..,..,..,..,..,..,..,..,0.8928571,..,..,..,..,0.6854912,..,..,0.7999999999999999,..,..,..,..,..,..,..,..,..,1,..,..,..,..,0.6350568,..,1
GEOrq2003,Georgia,GEO,Europe & Central Asia,Upper middle income,2003,rq,5,-0.6279205999999999,0.27399429999999997,-1.0772713,-0.1785699,44.959592,4.3212798,37.8726931,52.046490899999995,..,..,..,..,..,0.5612343,0.25,..,0.6383333,..,..,..,..,..,..,..,..,0.5,..,..,..,..,..,..,..,..,..,..,..,..,..,..,..,..,0.4583333
GHArq2003,Ghana,GHA,Sub-Saharan Africa,Lower middle income,2003,rq,6,-0.6965098,0.22967939999999998,-1.073184,-0.3198356,43.877842799999996,3.6223703,37.9371556,49.8185301,..,..,..,..,..,..,0.25,..,..,0.3571429,..,..,..,..,0.4921702,..,..,0.5,..,..,..,..,..,..,..,..,..,0.46428569999999997,..,..,..,..,..,..,0.5416667
GINrq2003,Guinea,GIN,Sub-Saharan Africa,Lower middle income,2003,rq,4,-1.6449991,0.28436459999999997,-2.111357,-1.1786412,28.9188191,4.4848333,21.5636925,36.2739457,..,..,..,..,..,..,0,..,..,..,..,..,..,..,..,..,..,0.5,..,..,..,..,..,..,..,..,..,0.33035709999999996,..,..,..,..,..,..,0.2916667
GMBrq2003,"Gambia, The",GMB,Sub-Saharan Africa,Low income,2003,rq,4,-0.18355749999999998,0.32722,-0.7201983,0.3530833,51.9678293,5.1607243,43.5042415,60.4314171,..,..,..,..,..,..,..,..,..,..,..,..,..,..,0.6139333,..,..,0.5,..,..,..,..,..,..,..,..,..,0.6607143,..,..,..,..,..,..,0.375
GNBrq2003,Guinea-Bissau,GNB,Sub-Saharan Africa,Low income,2003,rq,3,-0.9326955,0.35839879999999996,-1.5204695,-0.3449215,40.1528588,5.6524579,30.882827799999998,49.4228898,..,..,..,..,..,..,..,..,..,..,..,..,..,..,..,..,..,0.3,..,..,..,..,..,..,..,..,..,0.5892857,..,..,..,..,..,..,0.3333333
GNQrq2003,Equatorial Guinea,GNQ,Sub-Saharan Africa,Upper middle income,2003,rq,3,-1.5137231,0.3026673,-2.0100975,-1.0173486999999999,30.9892281,4.7734936,23.160698699999998,38.8177576,..,..,..,..,..,..,..,..,..,0.0714286,..,..,..,..,..,..,..,0.39999999999999997,..,..,..,..,..,..,..,..,..,..,..,..,..,..,..,..,0.2916667
GRCrq2003,Greece,GRC,Europe & Central Asia,High income,2003,rq,6,0.9381858999999999,0.24054029999999998,0.5436998,1.3326719999999999,69.6593163,3.7936623,63.4377101,75.88092259999999,..,..,..,..,..,..,..,..,..,0.7142856999999999,..,..,..,..,0.49598699999999996,..,..,0.5,..,..,..,..,..,..,..,..,..,0.9285713999999999,..,..,..,..,0.5082561999999999,..,0.9166667
GRDrq2003,Grenada,GRD,Latin America & Caribbean,Upper middle income,2003,rq,1,0.40367179999999997,0.48491779999999995,-0.3915934,1.198937,61.229269599999995,7.6478427,48.686807599999995,73.7717316,..,..,..,..,..,..,..,..,..,..,..,..,..,..,..,..,..,..,..,..,..,..,..,..,..,..,..,..,..,..,..,..,..,..,0.6666667
GTMrq2003,Guatemala,GTM,Latin America & Caribbean,Upper middle income,2003,rq,6,-0.28242619999999996,0.22967939999999998,-0.6591003999999999,0.094248,50.4085295,3.6223703,44.4678422,56.3492167,..,..,..,..,..,..,0.5,..,..,0.4285714,..,..,..,..,0.3512258,..,..,0.5,..,..,..,..,..,..,..,..,..,0.9285713999999999,..,..,..,..,..,..,0.4583333
GUFrq2003,French Guiana,GUF,,,2003,rq,1,0.9364598,0.48491779999999995,0.1411946,1.731725,69.6320933,7.6478427,57.0896313,82.1745553,..,..,..,..,..,..,..,..,..,..,..,..,..,..,..,..,..,..,..,..,..,..,..,..,..,..,..,..,..,..,..,..,..,..,0.7916667
GUYrq2003,Guyana,GUY,Latin America & Caribbean,High income,2003,rq,3,-0.3197717,0.35839879999999996,-0.9075457,0.26800229999999997,49.8195379,5.6524579,40.5495069,59.089568899999996,..,..,..,..,..,..,..,..,..,..,..,..,..,..,..,..,..,0.6,..,..,..,..,..,..,..,..,..,0.5267857,..,..,..,..,..,..,0.4583333
HKGrq2003,"Hong Kong SAR, China",HKG,East Asia & Pacific,High income,2003,rq,6,2.1208781,0.24054029999999998,1.726392,2.5153642,88.3120525,3.7936623,82.0904463,94.53365869999999,..,..,..,..,..,..,..,..,..,0.8928571,..,..,..,..,0.7568855999999999,..,..,0.8999999999999999,..,..,..,..,..,..,..,..,..,1,..,..,..,..,0.757452,..,0.9583332999999999
HNDrq2003,Honduras,HND,Latin America & Caribbean,Lower middle income,2003,rq,6,-0.6461279,0.22967939999999998,-1.0228021,-0.26945369999999996,44.672436999999995,3.6223703,38.7317497,50.613124199999994,..,..,..,..,..,..,0.5,..,..,0.39285709999999996,..,..,..,..,0.33108329999999997,..,..,0.39999999999999997,..,..,..,..,..,..,..,..,..,0.5982143,..,..,..,..,..,..,0.4166667
HRVrq2003,Croatia,HRV,Europe & Central Asia,High income,2003,rq,8,0.2966067,0.21410379999999998,-0.054523499999999996,0.6477369,59.5407009,3.3767207999999997,54.0028788,65.078523,..,..,..,..,..,0.749819,0.75,..,0.6383333,0.5,..,..,..,..,0.4371888,..,..,0.6,..,..,..,..,..,..,..,..,..,0.7232143,..,..,..,..,..,..,0.7083332999999999
HTIrq2003,Haiti,HTI,Latin America & Caribbean,Lower middle income,2003,rq,5,-1.4084017,0.26802,-1.8479545,-0.9688488999999999,32.6502962,4.2270562,25.717924099999998,39.5826683,..,..,..,..,..,..,0.25,..,..,..,..,..,..,..,0.34518119999999997,..,..,0.39999999999999997,..,..,..,..,..,..,..,..,..,0.33035709999999996,..,..,..,..,..,..,0.2916667
HUNrq2003,Hungary,HUN,Europe & Central Asia,High income,2003,rq,9,1.2144198,0.2011172,0.8845875999999999,1.544252,74.01591739999999,3.1719038999999998,68.81399499999999,79.2178397,..,..,..,..,..,0.6996677,1,..,0.7216667,0.7857143,..,..,..,..,0.551191,..,..,0.7,..,..,..,..,..,..,..,..,..,1,..,..,..,..,0.5554309,..,0.7916667
IDNrq2003,Indonesia,IDN,East Asia & Pacific,Upper middle income,2003,rq,7,-0.5885779,0.21385969999999999,-0.9393077999999999,-0.23784799999999998,45.5800822,3.3728712,40.048573499999996,51.111591,..,..,..,..,..,..,0.75,..,..,0.39285709999999996,..,..,..,..,0.43859699999999996,..,..,0.3,..,..,..,..,..,..,..,..,..,0.33035709999999996,..,..,..,..,0.37507789999999996,..,0.3333333
INDrq2003,India,IND,South Asia,Lower middle income,2003,rq,7,-0.441382,0.21385969999999999,-0.7921119,-0.0906521,47.9015707,3.3728712,42.370061899999996,53.4330795,..,..,..,..,..,..,0.5,..,..,0.2857143,..,..,..,..,0.5176509,..,..,0.39999999999999997,..,..,..,..,..,..,..,..,..,0.5892857,..,..,..,..,0.43043129999999996,..,0.5416667
IRLrq2003,Ireland,IRL,Europe & Central Asia,High income,2003,rq,6,1.8929643999999999,0.24054029999999998,1.4984783,2.2874505,84.7175297,3.7936623,78.4959235,90.9391359,..,..,..,..,..,..,..,..,..,0.8928571,..,..,..,..,0.6266011,..,..,0.8999999999999999,..,..,..,..,..,..,..,..,..,1,..,..,..,..,0.6832665,..,0.9583332999999999
IRNrq2003,"Iran, Islamic Rep.",IRN,Middle East & North Africa,Upper middle income,2003,rq,5,-1.3519161,0.23971699999999999,-1.7450519999999998,-0.9587802,33.541154399999996,3.7806778,27.3408427,39.741465999999996,..,..,..,..,..,..,0.25,..,..,0.1785714,..,..,..,..,..,..,..,0.19999999999999998,..,..,..,..,..,..,..,..,..,0.46428569999999997,..,..,..,..,..,..,0.375
IRQrq2003,Iraq,IRQ,Middle East & North Africa,Upper middle income,2003,rq,5,-1.5473328,0.23971699999999999,-1.9404686999999998,-1.1541968999999999,30.4591554,3.7806778,24.258843799999998,36.6594671,..,..,..,..,..,..,0.25,..,..,0.1785714,..,..,..,..,..,..,..,0.09999999999999999,..,..,..,..,..,..,..,..,..,0.5892857,..,..,..,..,..,..,0.1666667
ISLrq2003,Iceland,ISL,Europe & Central Asia,High income,2003,rq,5,1.7721921999999999,0.2857417,1.3035758,2.2408086,82.8127805,4.506552699999999,75.42203409999999,90.2035269,..,..,..,..,..,..,..,..,..,..,..,..,..,..,0.7457562,..,..,0.6,..,..,..,..,..,..,..,..,..,0.8571428999999999,..,..,..,..,0.7213014,..,1
ISRrq2003,Israel,ISR,Middle East & North Africa,High income,2003,rq,6,0.9365939999999999,0.24054029999999998,0.5421079,1.3310800999999999,69.6342098,3.7936623,63.4126036,75.85581599999999,..,..,..,..,..,..,..,..,..,0.7142856999999999,..,..,..,..,0.6175012,..,..,0.6,..,..,..,..,..,..,..,..,..,0.7946428999999999,..,..,..,..,0.5686179,..,0.75
ITArq2003,Italy,ITA,Europe & Central Asia,High income,2003,rq,6,1.0274005,0.24054029999999998,0.6329144,1.4218866,71.06635729999999,3.7936623,64.8447511,77.2879635,..,..,..,..,..,..,..,..,..,0.6785713999999999,..,..,..,..,0.5325493,..,..,0.7,..,..,..,..,..,..,..,..,..,1,..,..,..,..,0.48863799999999996,..,0.875
JAMrq2003,Jamaica,JAM,Latin America & Caribbean,Upper middle income,2003,rq,6,0.1302785,0.22967939999999998,-0.2463957,0.5069526999999999,56.917468899999996,3.6223703,50.976781599999995,62.858156099999995,..,..,..,..,..,..,0.5,..,..,0.5,..,..,..,..,0.4731727,..,..,0.7999999999999999,..,..,..,..,..,..,..,..,..,0.7321428999999999,..,..,..,..,..,..,0.625
JORrq2003,Jordan,JOR,Middle East & North Africa,Lower middle income,2003,rq,7,0.2155183,0.21385969999999999,-0.1352116,0.5662482,58.2618216,3.3728712,52.730312899999994,63.793330399999995,..,..,..,..,..,..,0.5,..,..,0.39285709999999996,..,..,..,..,0.6388532,..,..,0.7,..,..,..,..,..,..,..,..,..,0.7946428999999999,..,..,..,..,0.5742910999999999,..,0.5833332999999999
JPNrq2003,Japan,JPN,East Asia & Pacific,High income,2003,rq,6,0.9636418,0.24054029999999998,0.5691556999999999,1.3581279,70.06079199999999,3.7936623,63.839185799999996,76.2823983,..,..,..,..,..,..,..,..,..,0.75,..,..,..,..,0.5180965,..,..,0.39999999999999997,..,..,..,..,..,..,..,..,..,0.9285713999999999,..,..,..,..,0.519776,..,0.9166667
KAZrq2003,Kazakhstan,KAZ,Europe & Central Asia,Upper middle income,2003,rq,8,-0.8605155999999999,0.21410379999999998,-1.2116457999999999,-0.5093854,41.2912384,3.3767207999999997,35.7534163,46.8290605,..,..,..,..,..,0.7236910999999999,0.5,..,0.5275,0.1785714,..,..,..,..,0.325,..,..,0.19999999999999998,..,..,..,..,..,..,..,..,..,0.5982143,..,..,..,..,..,..,0.5416667
KENrq2003,Kenya,KEN,Sub-Saharan Africa,Lower middle income,2003,rq,6,-0.2596713,0.22967939999999998,-0.6363455,0.11700289999999999,50.7674066,3.6223703,44.8267193,56.7080938,..,..,..,..,..,..,0.75,..,..,0.25,..,..,..,..,0.4482,..,..,0.5,..,..,..,..,..,..,..,..,..,0.7321428999999999,..,..,..,..,..,..,0.5
KGZrq2003,Kyrgyz Republic,KGZ,Europe & Central Asia,Lower middle income,2003,rq,5,0.0197313,0.27399429999999997,-0.4296194,0.469082,55.1739825,4.3212798,48.0870836,62.260881399999995,..,..,..,..,..,0.6805173999999999,0.75,..,0.6383333,..,..,..,..,..,..,..,..,0.5,..,..,..,..,..,..,..,..,..,..,..,..,..,..,..,..,0.4166667
KHMrq2003,Cambodia,KHM,East Asia & Pacific,Lower middle income,2003,rq,4,-0.2523591,0.2540203,-0.6689524,0.1642342,50.8827304,4.0062611,44.3124622,57.4529985,..,..,..,..,..,..,0.5,..,..,0.46428569999999997,..,..,..,..,..,..,..,0.6,..,..,..,..,..,..,..,..,..,..,..,..,..,..,..,..,0.4583333
KORrq2003,"Korea, Rep.",KOR,East Asia & Pacific,High income,2003,rq,7,0.5898687,0.21385969999999999,0.23913879999999998,0.9405986,64.1658593,3.3728712,58.6343505,69.697368,..,..,..,..,..,..,0.75,..,..,0.6071428999999999,..,..,..,..,0.5761409,..,..,0.6,..,..,..,..,..,..,..,..,..,0.7321428999999999,..,..,..,..,0.4602785,..,0.7916667
KWTrq2003,Kuwait,KWT,Middle East & North Africa,High income,2003,rq,5,0.2014184,0.2637523,-0.2311354,0.6339722,58.0394462,4.1597487,51.2174583,64.8614341,..,..,..,..,..,..,..,..,..,0.3214286,..,..,..,..,0.5630786999999999,..,..,0.39999999999999997,..,..,..,..,..,..,..,..,..,1,..,..,..,..,..,..,0.75
LAOrq2003,Lao PDR,LAO,East Asia & Pacific,Lower middle income,2003,rq,3,-1.4538744,0.30916679999999996,-1.9609079999999999,-0.9468407999999999,31.933127199999998,4.8760001,23.936487,39.9297673,..,..,..,..,..,..,0.25,..,..,..,..,..,..,..,..,..,..,0.19999999999999998,..,..,..,..,..,..,..,..,..,..,..,..,..,..,..,..,0.2916667
LBNrq2003,Lebanon,LBN,Middle East & North Africa,Lower middle income,2003,rq,6,-0.3457046,0.22967939999999998,-0.7223788,0.0309696,49.410539199999995,3.6223703,43.469851999999996,55.351226499999996,..,..,..,..,..,..,0.5,..,..,0.2857143,..,..,..,..,0.4243172,..,..,0.6,..,..,..,..,..,..,..,..,..,0.7946428999999999,..,..,..,..,..,..,0.5416667
LBRrq2003,Liberia,LBR,Sub-Saharan Africa,Low income,2003,rq,3,-2.1078782,0.3051579,-2.6083372,-1.6074191999999998,21.618558099999998,4.812774,13.725608699999999,29.511507499999997,..,..,..,..,..,..,0,..,..,..,..,..,..,..,..,..,..,..,..,..,..,..,..,..,..,..,..,0.3214286,..,..,..,..,..,..,0.1666667
LBYrq2003,Libya,LBY,Middle East & North Africa,Upper middle income,2003,rq,5,-1.6909816,0.23971699999999999,-2.0841175,-1.2978456999999999,28.193609799999997,3.7806778,21.9932981,34.393921399999996,..,..,..,..,..,..,0,..,..,0.1071429,..,..,..,..,..,..,..,0.09999999999999999,..,..,..,..,..,..,..,..,..,0.7946428999999999,..,..,..,..,..,..,0.25
LIErq2003,Liechtenstein,LIE,Europe & Central Asia,High income,2003,rq,1,1.8244395999999998,0.48491779999999995,1.0291744,2.6197048,83.63679619999999,7.6478427,71.09433419999999,96.17925819999999,..,..,..,..,..,..,..,..,..,..,..,..,..,..,..,..,..,..,..,..,..,..,..,..,..,..,..,..,..,..,..,..,..,..,1
LKArq2003,Sri Lanka,LKA,South Asia,Lower middle income,2003,rq,6,0.0019383999999999998,0.22967939999999998,-0.3747358,0.37861259999999997,54.893363199999996,3.6223703,48.952675899999996,60.834050399999995,..,..,..,..,..,..,0.75,..,..,0.5,..,..,..,..,0.46985509999999997,..,..,0.5,..,..,..,..,..,..,..,..,..,0.5357143,..,..,..,..,..,..,0.5416667
LSOrq2003,Lesotho,LSO,Sub-Saharan Africa,Lower middle income,2003,rq,2,-0.5465192,0.4123728,-1.2228105999999999,0.1297722,46.2434077,6.503705,35.5773315,56.9094838,..,..,..,..,..,..,..,..,..,..,..,..,..,..,..,..,..,0.39999999999999997,..,..,..,..,..,..,..,..,..,..,..,..,..,..,..,..,0.4583333
LTUrq2003,Lithuania,LTU,Europe & Central Asia,High income,2003,rq,8,1.1760281,0.21410379999999998,0.8248979,1.5271583,73.41042569999999,3.3767207999999997,67.87260359999999,78.94824779999999,..,..,..,..,..,0.6575310999999999,1,..,0.7216667,0.75,..,..,..,..,0.4894805,..,..,0.7999999999999999,..,..,..,..,..,..,..,..,..,0.8660713999999999,..,..,..,..,..,..,0.8333332999999999
LUXrq2003,Luxembourg,LUX,Europe & Central Asia,High income,2003,rq,5,2.0999602,0.2857417,1.6313438,2.5685766,87.9821475,4.506552699999999,80.5914011,95.3728939,..,..,..,..,..,..,..,..,..,..,..,..,..,..,0.6768719999999999,..,..,0.8999999999999999,..,..,..,..,..,..,..,..,..,1,..,..,..,..,0.7349751,..,1
LVArq2003,Latvia,LVA,Europe & Central Asia,High income,2003,rq,8,1.0905713,0.21410379999999998,0.7394411,1.4417015,72.0626506,3.3767207999999997,66.5248285,77.6004727,..,..,..,..,..,0.5802075,1,..,0.6941666999999999,0.7142856999999999,..,..,..,..,0.5758392999999999,..,..,0.7,..,..,..,..,..,..,..,..,..,0.8571428999999999,..,..,..,..,..,..,0.7916667
MACrq2003,"Macao SAR, China",MAC,East Asia & Pacific,High income,2003,rq,1,1.2916516,0.48491779999999995,0.49638639999999995,2.0869168,75.2339726,7.6478427,62.691510599999994,87.7764346,..,..,..,..,..,..,..,..,..,..,..,..,..,..,..,..,..,..,..,..,..,..,..,..,..,..,..,..,..,..,..,..,..,..,0.875
MARrq2003,Morocco,MAR,Middle East & North Africa,Lower middle income,2003,rq,6,-0.2386893,0.22967939999999998,-0.6153635,0.1379849,51.098322499999995,3.6223703,45.157635299999995,57.039009799999995,..,..,..,..,..,..,0.5,..,..,0.4285714,..,..,..,..,0.4733748,..,..,0.6,..,..,..,..,..,..,..,..,..,0.6607143,..,..,..,..,..,..,0.5
MDArq2003,Moldova,MDA,Europe & Central Asia,Upper middle income,2003,rq,7,-0.6235143,0.2221645,-0.9878640999999999,-0.25916449999999996,45.029085599999995,3.50385,39.2827716,50.7753995,..,..,..,..,..,0.5396215,0.25,..,0.5833332999999999,0.46428569999999997,..,..,..,..,..,..,..,0.39999999999999997,..,..,..,..,..,..,..,..,..,0.45535709999999996,..,..,..,..,..,..,0.5
MDGrq2003,Madagascar,MDG,Sub-Saharan Africa,Low income,2003,rq,5,-0.382073,0.26802,-0.8216258,0.0574798,48.836957899999994,4.2270562,41.9045858,55.76933,..,..,..,..,..,..,0.5,..,..,..,..,..,..,..,0.3603491,..,..,0.5,..,..,..,..,..,..,..,..,..,0.5892857,..,..,..,..,..,..,0.5833332999999999
MDVrq2003,Maldives,MDV,South Asia,Upper middle income,2003,rq,1,0.7588636,0.48491779999999995,-0.0364016,1.5541288,66.8311489,7.6478427,54.288686899999995,79.3736109,..,..,..,..,..,..,..,..,..,..,..,..,..,..,..,..,..,..,..,..,..,..,..,..,..,..,..,..,..,..,..,..,..,..,0.75
MEXrq2003,Mexico,MEX,Latin America & Caribbean,Upper middle income,2003,rq,7,0.5160342,0.21385969999999999,0.1653043,0.8667640999999999,63.0013843,3.3728712,57.4698755,68.5328931,..,..,..,..,..,..,0.75,..,..,0.6785713999999999,..,..,..,..,0.4599676,..,..,0.6,..,..,..,..,..,..,..,..,..,0.9285713999999999,..,..,..,..,0.4331891,..,0.625
MKDrq2003,North Macedonia,MKD,Europe & Central Asia,Upper middle income,2003,rq,7,-0.2719824,0.22411029999999998,-0.6395233,0.09555849999999999,50.573243,3.5345378999999997,44.7766009,56.3698852,..,..,..,..,..,0.6439996,0.5,..,0.6108333,0.46428569999999997,..,..,..,..,0.3696507,..,..,0.6,..,..,..,..,..,..,..,..,..,..,..,..,..,..,..,..,0.5
MLIrq2003,Mali,MLI,Sub-Saharan Africa,Low income,2003,rq,5,-0.5066862,0.26802,-0.9462389999999999,-0.0671334,46.8716307,4.2270562,39.939258599999995,53.8040028,..,..,..,..,..,..,0.5,..,..,..,..,..,..,..,0.4037342,..,..,0.39999999999999997,..,..,..,..,..,..,..,..,..,0.5982143,..,..,..,..,..,..,0.5
MLTrq2003,Malta,MLT,Middle East & North Africa,High income,2003,rq,4,1.2282799,0.32722,0.6916391,1.7649207,74.2345108,5.1607243,65.770923,82.6980986,..,..,..,..,..,..,..,..,..,..,..,..,..,..,0.6099551,..,..,0.6,..,..,..,..,..,..,..,..,..,0.9285713999999999,..,..,..,..,..,..,0.875
MMRrq2003,Myanmar,MMR,East Asia & Pacific,Lower middle income,2003,rq,5,-2.2218221,0.23971699999999999,-2.6149579999999997,-1.8286862,19.821500999999998,3.7806778,13.6211893,26.0218126,..,..,..,..,..,..,0,..,..,0.0357143,..,..,..,..,..,..,..,0.19999999999999998,..,..,..,..,..,..,..,..,..,0.1875,..,..,..,..,..,..,0.1666667
MNGrq2003,Mongolia,MNG,East Asia & Pacific,Upper middle income,2003,rq,4,-0.09010639999999999,0.28436459999999997,-0.5564643,0.37625149999999996,53.441685899999996,4.4848333,46.0865593,60.796812499999994,..,..,..,..,..,..,0.75,..,..,..,..,..,..,..,..,..,..,0.5,..,..,..,..,..,..,..,..,..,0.5892857,..,..,..,..,..,..,0.4166667
MOZrq2003,Mozambique,MOZ,Sub-Saharan Africa,Low income,2003,rq,6,-0.3557456,0.22967939999999998,-0.7324198,0.0209286,49.2521784,3.6223703,43.3114911,55.1928656,..,..,..,..,..,..,0.5,..,..,0.4285714,..,..,..,..,0.3322849,..,..,0.7,..,..,..,..,..,..,..,..,..,0.6517857,..,..,..,..,..,..,0.4583333
MRTrq2003,Mauritania,MRT,Sub-Saharan Africa,Lower middle income,2003,rq,2,0.1316029,0.4123728,-0.5446885,0.8078943,56.9383566,6.503705,46.2722804,67.6044327,..,..,..,..,..,..,..,..,..,..,..,..,..,..,..,..,..,0.7,..,..,..,..,..,..,..,..,..,..,..,..,..,..,..,..,0.5
MTQrq2003,Martinique,MTQ,,,2003,rq,1,0.9364598,0.48491779999999995,0.1411946,1.731725,69.6320933,7.6478427,57.0896313,82.1745553,..,..,..,..,..,..,..,..,..,..,..,..,..,..,..,..,..,..,..,..,..,..,..,..,..,..,..,..,..,..,..,..,..,..,0.7916667
MUSrq2003,Mauritius,MUS,Sub-Saharan Africa,Upper middle income,2003,rq,4,0.4711627,0.283178,0.0067507999999999995,0.9355745999999999,62.293696999999995,4.4661191,54.969261599999996,69.6181324,..,..,..,..,..,..,..,..,..,0.5714286,..,..,..,..,0.5363183,..,..,0.6,..,..,..,..,..,..,..,..,..,..,..,..,..,..,..,..,0.7083332999999999
MWIrq2003,Malawi,MWI,Sub-Saharan Africa,Low income,2003,rq,6,-0.7011362999999999,0.22967939999999998,-1.0778105,-0.3244621,43.8048764,3.6223703,37.8641891,49.7455636,..,..,..,..,..,..,0.25,..,..,0.3571429,..,..,..,..,0.5090682,..,..,0.39999999999999997,..,..,..,..,..,..,..,..,..,0.5892857,..,..,..,..,..,..,0.5
MYSrq2003,Malaysia,MYS,East Asia & Pacific,Upper middle income,2003,rq,7,0.7165568999999999,0.21385969999999999,0.36582699999999996,1.0672868,66.1639122,3.3728712,60.632403399999994,71.6954209,..,..,..,..,..,..,0.75,..,..,0.6071428999999999,..,..,..,..,0.6650801,..,..,0.3,..,..,..,..,..,..,..,..,..,0.6696428999999999,..,..,..,..,0.6552528,..,0.8333332999999999
NAMrq2003,Namibia,NAM,Sub-Saharan Africa,Lower middle income,2003,rq,6,0.5074505,0.22967939999999998,0.13077629999999998,0.8841247,62.8660072,3.6223703,56.9253199,68.8066944,..,..,..,..,..,..,1,..,..,0.5,..,..,..,..,0.5373741,..,..,0.5,..,..,..,..,..,..,..,..,..,0.7946428999999999,..,..,..,..,..,..,0.5833332999999999
NERrq2003,Niger,NER,Sub-Saharan Africa,Low income,2003,rq,4,-0.8949669,0.28436459999999997,-1.3613248,-0.42860899999999996,40.7478924,4.4848333,33.3927658,48.103018999999996,..,..,..,..,..,..,0.25,..,..,..,..,..,..,..,..,..,..,0.5,..,..,..,..,..,..,..,..,..,0.5982143,..,..,..,..,..,..,0.375
NGArq2003,Nigeria,NGA,Sub-Saharan Africa,Lower middle income,2003,rq,6,-1.1482554,0.22967939999999998,-1.5249295999999999,-0.7715812,36.753173,3.6223703,30.8124857,42.693860199999996,..,..,..,..,..,..,0.5,..,..,0.2142857,..,..,..,..,0.3950186,..,..,0.39999999999999997,..,..,..,..,..,..,..,..,..,0.125,..,..,..,..,..,..,0.375
NICrq2003,Nicaragua,NIC,Latin America & Caribbean,Lower middle income,2003,rq,6,-0.4363396,0.22967939999999998,-0.8130138,-0.0596654,47.9810965,3.6223703,42.0404093,53.9217838,..,..,..,..,..,..,0.5,..,..,0.46428569999999997,..,..,..,..,0.33377429999999997,..,..,0.6,..,..,..,..,..,..,..,..,..,0.5357143,..,..,..,..,..,..,0.4583333
NLDrq2003,Netherlands,NLD,Europe & Central Asia,High income,2003,rq,6,1.9869442,0.24054029999999998,1.5924581,2.3814303,86.1997246,3.7936623,79.9781184,92.4213309,..,..,..,..,..,..,..,..,..,0.9285713999999999,..,..,..,..,0.6651119,..,..,0.8999999999999999,..,..,..,..,..,..,..,..,..,1,..,..,..,..,0.6538438999999999,..,1
NORrq2003,Norway,NOR,Europe & Central Asia,High income,2003,rq,6,1.4191127,0.24054029999999998,1.0246266,1.8135987999999998,77.2442152,3.7936623,71.022609,83.4658214,..,..,..,..,..,..,..,..,..,0.7857143,..,..,..,..,0.5826508,..,..,0.5,..,..,..,..,..,..,..,..,..,1,..,..,..,..,0.6280911,..,1
NPLrq2003,Nepal,NPL,South Asia,Lower middle income,2003,rq,3,-0.6897536,0.30916679999999996,-1.1967872,-0.18272,43.984397699999995,4.8760001,35.9877575,51.9810379,..,..,..,..,..,..,0.5,..,..,..,..,..,..,..,..,..,..,0.3,..,..,..,..,..,..,..,..,..,..,..,..,..,..,..,..,0.4166667
NZLrq2003,New Zealand,NZL,East Asia & Pacific,High income,2003,rq,6,1.8612532,0.24054029999999998,1.4667671,2.2557393,84.217399,3.7936623,77.99579279999999,90.4390052,..,..,..,..,..,..,..,..,..,0.8214286,..,..,..,..,0.6800436999999999,..,..,0.8999999999999999,..,..,..,..,..,..,..,..,..,0.9375,..,..,..,..,0.6941037999999999,..,1
OMNrq2003,Oman,OMN,Middle East & North Africa,High income,2003,rq,5,0.7088289,0.2637523,0.2762751,1.1413826999999999,66.0420306,4.1597487,59.2200427,72.8640185,..,..,..,..,..,..,..,..,..,0.5714286,..,..,..,..,0.6111111,..,..,0.5,..,..,..,..,..,..,..,..,..,0.9375,..,..,..,..,..,..,0.75
PAKrq2003,Pakistan,PAK,South Asia,Lower middle income,2003,rq,6,-0.9357015999999999,0.22967939999999998,-1.3123757999999999,-0.5590274,40.1054483,3.6223703,34.1647611,46.0461356,..,..,..,..,..,..,0.5,..,..,0.3214286,..,..,..,..,0.42686759999999996,..,..,0.39999999999999997,..,..,..,..,..,..,..,..,..,0.13392859999999998,..,..,..,..,..,..,0.4166667
PANrq2003,Panama,PAN,Latin America & Caribbean,High income,2003,rq,5,0.2683754,0.2637523,-0.1641784,0.7009291999999999,59.095453199999994,4.1597487,52.2734653,65.91744109999999,..,..,..,..,..,..,..,..,..,0.46428569999999997,..,..,..,..,0.4550943,..,..,0.7,..,..,..,..,..,..,..,..,..,0.7946428999999999,..,..,..,..,..,..,0.6666667
PERrq2003,Peru,PER,Latin America & Caribbean,Upper middle income,2003,rq,6,-0.07422759999999999,0.22967939999999998,-0.45090179999999996,0.3024466,53.6921172,3.6223703,47.7514299,59.6328044,..,..,..,..,..,..,0.5,..,..,0.5714286,..,..,..,..,0.4356598,..,..,0.7,..,..,..,..,..,..,..,..,..,0.5267857,..,..,..,..,..,..,0.5416667
PHLrq2003,Philippines,PHL,East Asia & Pacific,Lower middle income,2003,rq,7,-0.1020846,0.21385969999999999,-0.45281449999999995,0.24864529999999999,53.252772699999994,3.3728712,47.7212639,58.7842815,..,..,..,..,..,..,0.5,..,..,0.5714286,..,..,..,..,0.4197226,..,..,0.5,..,..,..,..,..,..,..,..,..,0.7321428999999999,..,..,..,..,0.4366173,..,0.5
PNGrq2003,Papua New Guinea,PNG,East Asia & Pacific,Lower middle income,2003,rq,5,-0.8827398,0.23971699999999999,-1.2758756999999998,-0.4896039,40.940731199999995,3.7806778,34.7404195,47.1410428,..,..,..,..,..,..,0.25,..,..,0.2857143,..,..,..,..,..,..,..,0.5,..,..,..,..,..,..,..,..,..,0.5982143,..,..,..,..,..,..,0.4166667
POLrq2003,Poland,POL,Europe & Central Asia,High income,2003,rq,9,0.7142139,0.2011172,0.3843817,1.0440460999999999,66.1269597,3.1719038999999998,60.9250373,71.3288821,..,..,..,..,..,0.44987889999999997,1,..,0.7216667,0.6428571,..,..,..,..,0.4586457,..,..,0.6,..,..,..,..,..,..,..,..,..,0.875,..,..,..,..,0.3543782,..,0.7916667
PRIrq2003,Puerto Rico (U.S.),PRI,Latin America & Caribbean,High income,2003,rq,1,1.1140554999999999,0.48491779999999995,0.31879029999999997,1.9093206999999999,72.4330298,7.6478427,59.8905678,84.9754918,..,..,..,..,..,..,..,..,..,..,..,..,..,..,..,..,..,..,..,..,..,..,..,..,..,..,..,..,..,..,..,..,..,..,0.8333332999999999
PRKrq2003,"Korea, Dem. People's Rep.",PRK,East Asia & Pacific,Low income,2003,rq,4,-2.1874501,0.28436459999999997,-2.6538079999999997,-1.7210922,20.3635962,4.4848333,13.0084696,27.7187228,..,..,..,..,..,..,0,..,..,..,..,..,..,..,..,..,..,0.09999999999999999,..,..,..,..,..,..,..,..,..,0.3839286,..,..,..,..,..,..,0.125
PRTrq2003,Portugal,PRT,Europe & Central Asia,High income,2003,rq,6,1.2183507999999998,0.24054029999999998,0.8238647,1.6128369,74.0779148,3.7936623,67.85630859999999,80.299521,..,..,..,..,..,..,..,..,..,0.7857143,..,..,..,..,0.5352355,..,..,0.6,..,..,..,..,..,..,..,..,..,1,..,..,..,..,0.49746169999999995,..,0.9583332999999999
PRYrq2003,Paraguay,PRY,Latin America & Caribbean,Upper middle income,2003,rq,6,-0.7433537,0.22967939999999998,-1.1200279,-0.3666795,43.139047999999995,3.6223703,37.198360699999995,49.079735199999995,..,..,..,..,..,..,0.5,..,..,0.25,..,..,..,..,0.3719075,..,..,0.5,..,..,..,..,..,..,..,..,..,0.6517857,..,..,..,..,..,..,0.375
PSErq2003,West Bank and Gaza,PSE,Middle East & North Africa,Lower middle income,2003,rq,1,-1.1946922,0.48491779999999995,-1.9899574,-0.399427,36.0207987,7.6478427,23.4783367,48.5632606,..,..,..,..,..,..,..,..,..,..,..,..,..,..,..,..,..,..,..,..,..,..,..,..,..,..,..,..,..,..,..,..,..,..,0.2916667
QATrq2003,Qatar,QAT,Middle East & North Africa,High income,2003,rq,5,0.2244525,0.2637523,-0.2081013,0.6570062999999999,58.402726699999995,4.1597488,51.5807387,65.2247146,..,..,..,..,..,..,..,..,..,0.3571429,..,..,..,..,0.6512285999999999,..,..,0.5,..,..,..,..,..,..,..,..,..,0.7946428999999999,..,..,..,..,..,..,0.7083332999999999
ROUrq2003,Romania,ROU,Europe & Central Asia,High income,2003,rq,9,-0.1683709,0.2011172,-0.49820309999999995,0.1614613,52.207343599999994,3.1719038999999998,47.0054212,57.409265999999995,..,..,..,..,..,0.6141974,0.75,..,0.6383333,0.39285709999999996,..,..,..,..,0.3433129,..,..,0.39999999999999997,..,..,..,..,..,..,..,..,..,0.5982143,..,..,..,..,0.3858822,..,0.625
RUSrq2003,Russian Federation,RUS,Europe & Central Asia,High income,2003,rq,9,-0.3141585,0.2011172,-0.6439906999999999,0.0156737,49.908066,3.1719038999999998,44.7061437,55.1099884,..,..,..,..,..,0.6638731999999999,0.5,..,0.5549999999999999,0.4285714,..,..,..,..,0.3434756,..,..,0.39999999999999997,..,..,..,..,..,..,..,..,..,0.8035713999999999,..,..,..,..,0.35280419999999996,..,0.625
RWArq2003,Rwanda,RWA,Sub-Saharan Africa,Low income,2003,rq,3,-0.8033349,0.30916679999999996,-1.3103685,-0.2963013,42.1930593,4.8760001,34.1964191,50.189699399999995,..,..,..,..,..,..,0.5,..,..,..,..,..,..,..,..,..,..,0.39999999999999997,..,..,..,..,..,..,..,..,..,..,..,..,..,..,..,..,0.2916667
SAUrq2003,Saudi Arabia,SAU,Middle East & North Africa,High income,2003,rq,6,-0.1704605,0.22967939999999998,-0.5471347,0.2062137,52.174387599999996,3.6223703,46.2337004,58.115074899999996,..,..,..,..,..,..,0.5,..,..,0.46428569999999997,..,..,..,..,0.4111111,..,..,0.3,..,..,..,..,..,..,..,..,..,0.9375,..,..,..,..,..,..,0.5833332999999999
SDNrq2003,Sudan,SDN,Sub-Saharan Africa,Low income,2003,rq,4,-1.4704393999999998,0.25178259999999997,-1.8833628999999998,-1.0575158999999998,31.671873599999998,3.9709695999999997,25.1594834,38.1842638,..,..,..,..,..,..,0.25,..,..,0.2142857,..,..,..,..,..,..,..,..,..,..,..,..,..,..,..,..,..,0.39285709999999996,..,..,..,..,..,..,0.2083333
SENrq2003,Senegal,SEN,Sub-Saharan Africa,Lower middle income,2003,rq,6,-0.2573671,0.22967939999999998,-0.6340412999999999,0.1193071,50.803747099999995,3.6223703,44.863059799999995,56.744434299999995,..,..,..,..,..,..,0.5,..,..,0.4285714,..,..,..,..,0.42781389999999997,..,..,0.5,..,..,..,..,..,..,..,..,..,0.6607143,..,..,..,..,..,..,0.5833332999999999
SGPrq2003,Singapore,SGP,East Asia & Pacific,High income,2003,rq,7,2.0697739,0.21385969999999999,1.719044,2.4205038,87.50606669999999,3.3728712,81.9745579,93.0375755,..,..,..,..,..,..,1,..,..,0.9285713999999999,..,..,..,..,0.7775238,..,..,0.7999999999999999,..,..,..,..,..,..,..,..,..,1,..,..,..,..,0.7820282,..,1
SLErq2003,Sierra Leone,SLE,Sub-Saharan Africa,Low income,2003,rq,4,-1.3890566,0.28436459999999997,-1.8554145,-0.9226987,32.9553959,4.4848333,25.600269299999997,40.3105226,..,..,..,..,..,..,0.25,..,..,..,..,..,..,..,..,..,..,0.3,..,..,..,..,..,..,..,..,..,0.5178571,..,..,..,..,..,..,0.2083333
SLVrq2003,El Salvador,SLV,Latin America & Caribbean,Upper middle income,2003,rq,6,0.0454783,0.22967939999999998,-0.3311959,0.4221525,55.5800493,3.6223703,49.639362,61.5207365,..,..,..,..,..,..,0.75,..,..,0.46428569999999997,..,..,..,..,0.530879,..,..,0.7,..,..,..,..,..,..,..,..,..,0.5357143,..,..,..,..,..,..,0.4583333
SOMrq2003,Federal Republic of Somalia,SOM,Sub-Saharan Africa,Low income,2003,rq,3,-2.3135266999999997,0.3051579,-2.8139857,-1.8130677,18.3751891,4.812774,10.4822397,26.2681385,..,..,..,..,..,..,0,..,..,..,..,..,..,..,..,..,..,..,..,..,..,..,..,..,..,..,..,0.19642859999999998,..,..,..,..,..,..,0.125
SRBrq2003,Serbia,SRB,Europe & Central Asia,Upper middle income,2003,rq,8,-0.9178803999999999,0.21410379999999998,-1.2690105999999999,-0.5667502,40.386514,3.3767207999999997,34.8486919,45.9243361,..,..,..,..,..,0.5774292999999999,0.5,..,0.44416669999999997,0.25,..,..,..,..,0.38100249999999997,..,..,0.19999999999999998,..,..,..,..,..,..,..,..,..,0.5892857,..,..,..,..,..,..,0.4166667
STPrq2003,São Tomé and Príncipe,STP,Sub-Saharan Africa,Lower middle income,2003,rq,1,-0.4843085,0.48491779999999995,-1.2795737,0.3109567,47.2245588,7.6478427,34.6820968,59.7670208,..,..,..,..,..,..,..,..,..,..,..,..,..,..,..,..,..,..,..,..,..,..,..,..,..,..,..,..,..,..,..,..,..,..,0.4583333
SURrq2003,Suriname,SUR,Latin America & Caribbean,Upper middle income,2003,rq,3,-0.7832338999999999,0.35839879999999996,-1.3710079,-0.1954599,42.510080599999995,5.6524579,33.2400496,51.7801116,..,..,..,..,..,..,..,..,..,..,..,..,..,..,..,..,..,0.39999999999999997,..,..,..,..,..,..,..,..,..,0.40178569999999997,..,..,..,..,..,..,0.4583333
SVKrq2003,Slovak Republic,SVK,Europe & Central Asia,High income,2003,rq,9,1.0261829,0.2011172,0.6963507,1.3560151,71.04715399999999,3.1719038999999998,65.8452317,76.24907639999999,..,..,..,..,..,0.6360846,1,..,0.7216667,0.6428571,..,..,..,..,0.48594109999999996,..,..,0.7999999999999999,..,..,..,..,..,..,..,..,..,1,..,..,..,..,0.4753214,..,0.8333332999999999
SVNrq2003,Slovenia,SVN,Europe & Central Asia,High income,2003,rq,9,0.8902951,0.2011172,0.5604629,1.2201273,68.90401039999999,3.1719038999999998,63.702087999999996,74.10593279999999,..,..,..,..,..,0.7962152,1,..,0.6666667,0.6785713999999999,..,..,..,..,0.5453882999999999,..,..,0.5,..,..,..,..,..,..,..,..,..,0.8571428999999999,..,..,..,..,0.4647115,..,0.875
SWErq2003,Sweden,SWE,Europe & Central Asia,High income,2003,rq,6,1.8290292,0.24054029999999998,1.4345431,2.2235153,83.70918069999999,3.7936623,77.4875745,89.930787,..,..,..,..,..,..,..,..,..,0.8214286,..,..,..,..,0.6773313,..,..,0.8999999999999999,..,..,..,..,..,..,..,..,..,1,..,..,..,..,0.6397661,..,1
SWZrq2003,Eswatini,SWZ,Sub-Saharan Africa,Lower middle income,2003,rq,2,-0.3632896,0.4123728,-1.0395809999999999,0.3130018,49.133198799999995,6.503705,38.467122599999996,59.7992749,..,..,..,..,..,..,..,..,..,..,..,..,..,..,..,..,..,0.5,..,..,..,..,..,..,..,..,..,..,..,..,..,..,..,..,0.4583333
SYCrq2003,Seychelles,SYC,Sub-Saharan Africa,High income,2003,rq,1,0.5812674999999999,0.48491779999999995,-0.21399769999999999,1.3765326999999998,64.0302061,7.6478427,51.4877441,76.5726681,..,..,..,..,..,..,..,..,..,..,..,..,..,..,..,..,..,..,..,..,..,..,..,..,..,..,..,..,..,..,..,..,..,..,0.7083332999999999
SYRrq2003,Syrian Arab Republic,SYR,Middle East & North Africa,Low income,2003,rq,5,-0.9493155999999999,0.23971699999999999,-1.3424515,-0.5561796999999999,39.8907362,3.7806778,33.6904246,46.0910479,..,..,..,..,..,..,0.5,..,..,0.2142857,..,..,..,..,..,..,..,0.19999999999999998,..,..,..,..,..,..,..,..,..,0.5267857,..,..,..,..,..,..,0.4166667
TCDrq2003,Chad,TCD,Sub-Saharan Africa,Low income,2003,rq,4,-1.1759627,0.2884797,-1.6490694,-0.7028559999999999,36.3161895,4.5497346,28.8546247,43.7777543,..,..,..,..,..,..,0.25,..,..,..,..,..,..,..,0.322395,..,..,0.6,..,..,..,..,..,..,..,..,..,..,..,..,..,..,..,..,0.2916667
TGOrq2003,Togo,TGO,Sub-Saharan Africa,Low income,2003,rq,4,-1.0165468,0.28436459999999997,-1.4829047,-0.5501889,38.830404699999995,4.4848333,31.475278099999997,46.1855313,..,..,..,..,..,..,0.25,..,..,..,..,..,..,..,..,..,..,0.3,..,..,..,..,..,..,..,..,..,0.5892857,..,..,..,..,..,..,0.4166667
THArq2003,Thailand,THA,East Asia & Pacific,Upper middle income,2003,rq,7,0.16800679999999998,0.21385969999999999,-0.1827231,0.5187366999999999,57.5124978,3.3728712,51.980989,63.044006599999996,..,..,..,..,..,..,0.5,..,..,0.46428569999999997,..,..,..,..,0.5764254,..,..,0.5,..,..,..,..,..,..,..,..,..,0.7410713999999999,..,..,..,..,0.5549679,..,0.6666667
TJKrq2003,Tajikistan,TJK,Europe & Central Asia,Lower middle income,2003,rq,5,-1.3181893999999998,0.27399429999999997,-1.7675401,-0.8688387,34.0730724,4.3212798,26.9861735,41.159971299999995,..,..,..,..,..,0.6188389,0.25,..,0.4725,..,..,..,..,..,..,..,..,0.19999999999999998,..,..,..,..,..,..,..,..,..,..,..,..,..,..,..,..,0.2916667
TKMrq2003,Turkmenistan,TKM,Europe & Central Asia,Upper middle income,2003,rq,4,-1.8192796,0.2740757,-2.2687637,-1.3697955,26.170168,4.3225627,19.081165199999997,33.2591709,..,..,..,..,..,..,0.25,..,0.1391667,..,..,..,..,..,..,..,..,0.19999999999999998,..,..,..,..,..,..,..,..,..,..,..,..,..,..,..,..,0.25
TLSrq2003,Timor-Leste,TLS,East Asia & Pacific,Lower middle income,2003,rq,1,-1.3722884,0.48491779999999995,-2.1675535999999997,-0.5770232,33.2198543,7.6478427,20.677392299999998,45.762316299999995,..,..,..,..,..,..,..,..,..,..,..,..,..,..,..,..,..,..,..,..,..,..,..,..,..,..,..,..,..,..,..,..,..,..,0.25
TTOrq2003,Trinidad and Tobago,TTO,Latin America & Caribbean,High income,2003,rq,5,0.7440268,0.2637523,0.311473,1.1765805999999999,66.5971515,4.1597487,59.7751636,73.41913939999999,..,..,..,..,..,..,..,..,..,0.5714286,..,..,..,..,0.517318,..,..,0.7,..,..,..,..,..,..,..,..,..,1,..,..,..,..,..,..,0.7083332999999999
TUNrq2003,Tunisia,TUN,Middle East & North Africa,Lower middle income,2003,rq,6,0.0056435,0.22967939999999998,-0.3710307,0.3823177,54.951797899999995,3.6223703,49.011110599999995,60.892485099999995,..,..,..,..,..,..,0.5,..,..,0.4285714,..,..,..,..,0.6246303999999999,..,..,0.5,..,..,..,..,..,..,..,..,..,0.7321428999999999,..,..,..,..,..,..,0.625
TURrq2003,Türkiye,TUR,Europe & Central Asia,Upper middle income,2003,rq,8,0.0851509,0.21382099999999998,-0.2655155,0.43581729999999996,56.2057425,3.3722605,50.675235199999996,61.736249799999996,..,..,..,..,..,0.6313499,0.75,..,..,0.5,..,..,..,..,0.4267413,..,..,0.5,..,..,..,..,..,..,..,..,..,0.5267857,..,..,..,..,0.4590931,..,0.6666667
TWNrq2003,"Taiwan, China",TWN,East Asia & Pacific,High income,2003,rq,7,1.0748290999999999,0.21385969999999999,0.7240991999999999,1.425559,71.81437369999999,3.3728712,66.28286489999999,77.3458825,..,..,..,..,..,..,0.75,..,..,0.8214286,..,..,..,..,0.695701,..,..,0.5,..,..,..,..,..,..,..,..,..,1,..,..,..,..,0.5820884,..,0.7083332999999999
TZArq2003,Tanzania,TZA,Sub-Saharan Africa,Lower middle income,2003,rq,6,-0.7034851,0.22967939999999998,-1.0801593,-0.32681089999999996,43.767832399999996,3.6223703,37.8271452,49.7085197,..,..,..,..,..,..,0.25,..,..,0.3214286,..,..,..,..,0.4760201,..,..,0.6,..,..,..,..,..,..,..,..,..,0.5892857,..,..,..,..,..,..,0.4583333
UGArq2003,Uganda,UGA,Sub-Saharan Africa,Low income,2003,rq,6,-0.2482603,0.22967939999999998,-0.6249345,0.1284139,50.9473743,3.6223703,45.006687,56.8880615,..,..,..,..,..,..,0.5,..,..,0.5,..,..,..,..,0.4552118,..,..,0.6,..,..,..,..,..,..,..,..,..,0.6517857,..,..,..,..,..,..,0.4166667
UKRrq2003,Ukraine,UKR,Europe & Central Asia,Upper middle income,2003,rq,8,-0.7460564,0.21410379999999998,-1.0971866,-0.3949262,43.0964226,3.3767207999999997,37.5586005,48.634244699999996,..,..,..,..,..,0.5958852,0.5,..,0.5275,0.39285709999999996,..,..,..,..,0.3141404,..,..,0.39999999999999997,..,..,..,..,..,..,..,..,..,0.33035709999999996,..,..,..,..,..,..,0.4583333
URYrq2003,Uruguay,URY,Latin America & Caribbean,High income,2003,rq,6,0.2544708,0.22967939999999998,-0.12220339999999999,0.631145,58.876157899999995,3.6223703,52.935470599999995,64.8168452,..,..,..,..,..,..,0.75,..,..,0.5,..,..,..,..,0.42393709999999996,..,..,0.6,..,..,..,..,..,..,..,..,..,0.5982143,..,..,..,..,..,..,0.75
USArq2003,United States,USA,North America,High income,2003,rq,6,1.6802583999999998,0.24054029999999998,1.2857722999999999,2.0747445,81.36285389999999,3.7936623,75.1412477,87.5844601,..,..,..,..,..,..,..,..,..,0.7857143,..,..,..,..,0.6697687,..,..,0.7999999999999999,..,..,..,..,..,..,..,..,..,0.9375,..,..,..,..,0.6833570999999999,..,0.9583332999999999
UZBrq2003,Uzbekistan,UZB,Europe & Central Asia,Lower middle income,2003,rq,6,-1.6968231,0.2334058,-2.0796086,-1.3140376,28.101481,3.6811409,22.064409899999998,34.1385522,..,..,..,..,..,0.6888141,0.25,..,0.2508333,0.0357143,..,..,..,..,..,..,..,0.19999999999999998,..,..,..,..,..,..,..,..,..,..,..,..,..,..,..,..,0.375
VENrq2003,"Venezuela, RB",VEN,Latin America & Caribbean,,2003,rq,7,-1.1397629,0.21385969999999999,-1.4904928,-0.789033,36.8871118,3.3728712,31.355603,42.418620499999996,..,..,..,..,..,..,0.5,..,..,0.3214286,..,..,..,..,0.31087,..,..,0.19999999999999998,..,..,..,..,..,..,..,..,..,0.19642859999999998,..,..,..,..,0.3061743,..,0.375
VNMrq2003,Viet Nam,VNM,East Asia & Pacific,Lower middle income,2003,rq,6,-0.7384175,0.22967939999999998,-1.1150917,-0.3617433,43.2168989,3.6223703,37.276211599999996,49.157586099999996,..,..,..,..,..,..,0.25,..,..,0.4285714,..,..,..,..,0.5091929,..,..,0.3,..,..,..,..,..,..,..,..,..,0.5357143,..,..,..,..,..,..,0.4583333
WSMrq2003,Samoa,WSM,East Asia & Pacific,Upper middle income,2003,rq,2,0.150443,0.4123728,-0.5258484,0.8267344,57.2354917,6.503705,46.5694156,67.9015679,..,..,..,..,..,..,..,..,..,..,..,..,..,..,..,..,..,0.5,..,..,..,..,..,..,..,..,..,..,..,..,..,..,..,..,0.625
YEMrq2003,"Yemen, Rep.",YEM,Middle East & North Africa,Low income,2003,rq,5,-1.2195338999999998,0.23971699999999999,-1.6126698,-0.826398,35.6290098,3.7806778,29.4286981,41.8293214,..,..,..,..,..,..,0,..,..,0.2857143,..,..,..,..,..,..,..,0.39999999999999997,..,..,..,..,..,..,..,..,..,0.6517857,..,..,..,..,..,..,0.375
ZAFrq2003,South Africa,ZAF,Sub-Saharan Africa,Upper middle income,2003,rq,7,0.8420521999999999,0.21385969999999999,0.4913223,1.1927820999999998,68.1431513,3.3728712,62.611642499999995,73.6746601,..,..,..,..,..,..,0.75,..,..,0.5714286,..,..,..,..,0.5950643,..,..,0.7,..,..,..,..,..,..,..,..,..,0.9375,..,..,..,..,0.5411397,..,0.8333332999999999
ZMBrq2003,Zambia,ZMB,Sub-Saharan Africa,Lower middle income,2003,rq,6,-0.8198232,0.22967939999999998,-1.1964974,-0.44314899999999996,41.9330153,3.6223703,35.9923281,47.873702599999994,..,..,..,..,..,..,0.5,..,..,0.2857143,..,..,..,..,0.4974589,..,..,0.5,..,..,..,..,..,..,..,..,..,0.33035709999999996,..,..,..,..,..,..,0.3333333
ZWErq2003,Zimbabwe,ZWE,Sub-Saharan Africa,Lower middle income,2003,rq,6,-2.2770629,0.22967939999999998,-2.6537371,-1.9003887,18.9502751,3.6223703,13.0095878,24.890962299999998,..,..,..,..,..,..,0,..,..,0.0714286,..,..,..,..,0.3868568,..,..,0.09999999999999999,..,..,..,..,..,..,..,..,..,0,..,..,..,..,..,..,0.1666667
ABWrq2004,Aruba,ABW,Latin America & Caribbean,High income,2004,rq,1,0.7433115,0.48491779999999995,-0.0519537,1.5385767,66.5858702,7.6478427,54.043408199999995,79.1283322,..,..,..,..,..,..,..,..,..,..,..,..,..,..,..,..,..,..,..,..,..,..,..,..,..,..,..,..,..,..,..,..,..,..,0.7474746999999999
ADOrq2004,Andorra,ADO,,,2004,rq,1,1.2599548,0.48491779999999995,0.4646896,2.05522,74.73406899999999,7.6478427,62.191607,87.27653099999999,..,..,..,..,..,..,..,..,..,..,..,..,..,..,..,..,..,..,..,..,..,..,..,..,..,..,..,..,..,..,..,..,..,..,0.8686868999999999
AFGrq2004,Afghanistan,AFG,South Asia,Low income,2004,rq,4,-1.6058112,0.2539422,-2.0222764,-1.189346,29.536868,4.0050292,22.9686201,36.1051158,..,..,..,..,..,..,0.19999999999999998,..,..,0.1071429,..,..,..,..,..,..,..,..,..,..,0.422,..,..,..,..,..,..,..,..,..,..,..,..,..,0.2895623
AGOrq2004,Angola,AGO,Sub-Saharan Africa,Lower middle income,2004,rq,6,-1.4291061999999999,0.22962159999999998,-1.8056856,-1.0525267999999999,32.3237569,3.6214586,26.3845647,38.262949,..,..,..,..,..,..,0.19999999999999998,..,..,0.1428571,..,..,..,..,0.3228486,..,..,..,..,..,0.35333329999999996,..,..,..,..,..,..,0.5982143,..,..,..,..,..,..,0.3771044
AIArq2004,Anguilla,AIA,,,2004,rq,1,0.8150678,0.48491779999999995,0.0198026,1.610333,67.717569,7.6478427,55.175107,80.260031,..,..,..,..,..,..,..,..,..,..,..,..,..,..,..,..,..,..,..,..,..,..,..,..,..,..,..,..,..,..,..,..,..,..,0.7643097999999999
ALBrq2004,Albania,ALB,Europe & Central Asia,Upper middle income,2004,rq,7,-0.287862,0.2435233,-0.6872402,0.1115162,50.3227992,3.8407082999999997,44.0240376,56.6215608,..,..,..,..,..,0.5545247,0.39999999999999997,..,0.6383333,..,..,..,..,..,..,..,..,0.6,..,..,0.6799999999999999,..,..,..,..,..,..,0.5892857,..,..,..,..,..,..,0.44781139999999997
ANTrq2004,Netherlands Antilles (former),ANT,,,2004,rq,1,0.6572045,0.48491779999999995,-0.13806069999999998,1.4524697,65.2278405,7.6478427,52.6853785,77.7703025,..,..,..,..,..,..,..,..,..,..,..,..,..,..,..,..,..,..,..,..,..,..,..,..,..,..,..,..,..,..,..,..,..,..,0.7272727
ARErq2004,United Arab Emirates,ARE,Middle East & North Africa,High income,2004,rq,6,0.6760347999999999,0.22967939999999998,0.2993606,1.052709,65.5248211,3.6223703,59.5841338,71.4655083,..,..,..,..,..,..,0.5,..,..,0.7142856999999999,..,..,..,..,0.7212216,..,..,0.39999999999999997,..,..,..,..,..,..,..,..,..,1,..,..,..,..,..,..,0.7373737
ARGrq2004,Argentina,ARG,Latin America & Caribbean,Upper middle income,2004,rq,8,-0.6710565,0.2062753,-1.009348,-0.332765,44.2792775,3.2532546,38.94394,49.614615099999995,..,..,..,..,..,..,0.6,..,..,0.39285709999999996,..,..,..,..,0.3672783,..,..,0.39999999999999997,..,..,0.5866667,..,..,..,..,..,..,0.33035709999999996,..,..,..,..,0.30951029999999996,..,0.4511785
ARMrq2004,Armenia,ARM,Europe & Central Asia,Upper middle income,2004,rq,7,0.18443389999999998,0.2435233,-0.21494429999999998,0.5838121,57.771576499999995,3.8407082999999997,51.472814899999996,64.0703381,..,..,..,..,..,0.619767,0.5,..,0.6383333,..,..,..,..,..,..,..,..,0.7999999999999999,..,..,0.7566666999999999,..,..,..,..,..,..,0.6607143,..,..,..,..,..,..,0.5656566
ASMrq2004,American Samoa,ASM,East Asia & Pacific,High income,2004,rq,1,0.0975081,0.48491779999999995,-0.6977571,0.8927733,56.4006331,7.6478427,43.8581711,68.9430951,..,..,..,..,..,..,..,..,..,..,..,..,..,..,..,..,..,..,..,..,..,..,..,..,..,..,..,..,..,..,..,..,..,..,0.5959595999999999
ATGrq2004,Antigua and Barbuda,ATG,Latin America & Caribbean,High income,2004,rq,2,0.237861,0.4120389,-0.43788279999999996,0.9136048,58.6141978,6.4984389,47.956758,69.2716375,..,..,..,..,..,..,..,..,..,..,..,..,..,..,..,..,..,..,..,..,0.6,..,..,..,..,..,..,..,..,..,..,..,..,..,0.6734007
AUSrq2004,Australia,AUS,East Asia & Pacific,High income,2004,rq,6,1.8799852,0.24054029999999998,1.4854991,2.2744713,84.51282929999999,3.7936623,78.291223,90.73443549999999,..,..,..,..,..,..,..,..,..,0.8928571,..,..,..,..,0.6870379,..,..,0.7999999999999999,..,..,..,..,..,..,..,..,..,1,..,..,..,..,0.6989025999999999,..,0.9292929
AUTrq2004,Austria,AUT,Europe & Central Asia,High income,2004,rq,6,1.6393033,0.24054029999999998,1.2448172,2.0337894,80.71693379999999,3.7936623,74.4953276,86.93853999999999,..,..,..,..,..,..,..,..,..,0.8214286,..,..,..,..,0.6785053,..,..,0.7,..,..,..,..,..,..,..,..,..,1,..,..,..,..,0.6949639,..,0.8686868999999999
AZErq2004,Azerbaijan,AZE,Europe & Central Asia,Upper middle income,2004,rq,8,-0.6217811999999999,0.2136969,-0.9722440999999999,-0.2713183,45.056419,3.3703035,39.5291212,50.5837168,..,..,..,..,..,0.7442873,0.5,..,0.5558333,0.2857143,..,..,..,..,..,..,..,0.3,..,..,0.5066667,..,..,..,..,..,..,0.6607143,..,..,..,..,..,..,0.46464649999999996
BDIrq2004,Burundi,BDI,Sub-Saharan Africa,Low income,2004,rq,4,-1.2194663,0.2167382,-1.5749168999999998,-0.8640156999999999,35.6300759,3.4182688,30.024115,41.2360368,0.375,..,..,..,..,..,0.3,..,..,..,..,..,..,..,..,..,..,..,..,..,0.42666669999999995,..,..,..,..,..,..,..,..,..,..,..,..,..,0.2929293
BELrq2004,Belgium,BEL,Europe & Central Asia,High income,2004,rq,6,1.384593,0.24054029999999998,0.9901068999999999,1.7790791,76.69979049999999,3.7936623,70.4781843,82.9213967,..,..,..,..,..,..,..,..,..,0.7857143,..,..,..,..,0.5744718,..,..,0.7999999999999999,..,..,..,..,..,..,..,..,..,1,..,..,..,..,0.5608041,..,0.8821549
BENrq2004,Benin,BEN,Sub-Saharan Africa,Lower middle income,2004,rq,5,-0.6079913,0.208898,-0.950584,-0.2653986,45.273905299999996,3.294618,39.8707318,50.6770789,0.5499999999999999,..,..,..,..,..,0.5,..,..,..,..,..,..,..,..,..,..,0.39999999999999997,..,..,0.6,..,..,..,..,..,..,..,..,..,..,..,..,..,0.36026939999999996
BFArq2004,Burkina Faso,BFA,Sub-Saharan Africa,Low income,2004,rq,6,-0.6321985999999999,0.2007232,-0.9613845999999999,-0.30301259999999997,44.8921218,3.1656895,39.700390999999996,50.083852699999994,0.5499999999999999,..,..,..,..,..,0.19999999999999998,..,..,..,..,..,..,..,..,..,..,0.5,..,..,0.6,..,..,..,..,..,..,0.7232143,..,..,..,..,..,..,0.46464649999999996
BGDrq2004,Bangladesh,BGD,South Asia,Lower middle income,2004,rq,7,-1.1173146999999999,0.22035939999999998,-1.4787040999999999,-0.7559252999999999,37.2411518,3.4753806,31.541527499999997,42.940776,..,..,..,..,..,..,0.5,..,..,0.1428571,..,..,..,..,0.43673969999999995,..,..,0.19999999999999998,..,..,0.6133333,..,..,..,..,..,..,0.46428569999999997,..,..,..,..,..,..,0.27946129999999997
BGRrq2004,Bulgaria,BGR,Europe & Central Asia,High income,2004,rq,8,0.5420783,0.21410379999999998,0.19094809999999998,0.8932085,63.4121368,3.3767207999999997,57.8743147,68.94995879999999,..,..,..,..,..,0.7342904,0.7,..,0.6658333,0.6071428999999999,..,..,..,..,0.44112789999999996,..,..,0.6,..,..,..,..,..,..,..,..,..,1,..,..,..,..,..,..,0.7037036999999999
BHRrq2004,Bahrain,BHR,Middle East & North Africa,High income,2004,rq,6,0.8293334,0.22967939999999998,0.4526592,1.2060076,67.9425578,3.6223703,62.001870499999995,73.883245,..,..,..,..,..,..,0.7999999999999999,..,..,0.5714286,..,..,..,..,0.6819162999999999,..,..,0.65,..,..,..,..,..,..,..,..,..,0.9285713999999999,..,..,..,..,..,..,0.7171717
BHSrq2004,"Bahamas, The",BHS,Latin America & Caribbean,High income,2004,rq,3,1.0762152,0.35839879999999996,0.48844119999999996,1.6639891999999998,71.8362345,5.6524579,62.5662035,81.10626549999999,..,..,..,..,..,..,..,..,..,..,..,..,..,..,..,..,..,0.6,..,..,..,..,..,..,..,..,..,0.9285713999999999,..,..,..,..,..,..,0.8013467999999999
BIHrq2004,Bosnia and Herzegovina,BIH,Europe & Central Asia,Upper middle income,2004,rq,8,-0.3930802,0.21542699999999998,-0.7463805,-0.0397799,48.663358699999996,3.3975899999999997,43.0913111,54.2354063,..,..,..,..,..,0.5913265999999999,0.5,..,0.4725,0.4285714,..,..,..,..,0.4104292,..,..,0.5,..,..,0.6366666999999999,..,..,..,..,..,..,..,..,..,..,..,..,..,0.5387204999999999
BLRrq2004,Belarus,BLR,Europe & Central Asia,Upper middle income,2004,rq,6,-1.2155677,0.25628419999999996,-1.6358738,-0.7952616,35.691562399999995,4.0419659999999995,29.062738099999997,42.3203867,..,..,..,..,..,0.5255109,0.39999999999999997,..,0.3333333,..,..,..,..,..,..,..,..,0.3,..,..,..,..,..,..,..,..,..,0.39285709999999996,..,..,..,..,..,..,0.3333333
BLZrq2004,Belize,BLZ,Latin America & Caribbean,Upper middle income,2004,rq,3,-0.0833187,0.364711,-0.6814447,0.5148073,53.548737599999995,5.7520102,44.115440899999996,62.982034299999995,..,..,..,..,..,..,..,..,..,..,..,..,..,..,..,..,..,0.5,..,..,0.5453333,..,..,..,..,..,..,..,..,..,..,..,..,..,0.6026935999999999
BMUrq2004,Bermuda,BMU,North America,High income,2004,rq,1,1.1594961,0.48491779999999995,0.36423089999999997,1.9547613,73.1496926,7.6478427,60.607230599999994,85.6921546,..,..,..,..,..,..,..,..,..,..,..,..,..,..,..,..,..,..,..,..,..,..,..,..,..,..,..,..,..,..,..,..,..,..,0.8451177999999999
BOLrq2004,Bolivia,BOL,Latin America & Caribbean,Lower middle income,2004,rq,7,-0.1589524,0.22035939999999998,-0.5203418,0.20243699999999998,52.3558867,3.4753806,46.6562625,58.055510999999996,..,..,..,..,..,..,0.6,..,..,0.5,..,..,..,..,0.3719432,..,..,0.6,..,..,0.7066667,..,..,..,..,..,..,0.5892857,..,..,..,..,..,..,0.46464649999999996
BRArq2004,Brazil,BRA,Latin America & Caribbean,Upper middle income,2004,rq,8,0.0364364,0.2062753,-0.3018551,0.3747279,55.4374457,3.2532546,50.102108099999995,60.7727832,..,..,..,..,..,..,0.7,..,..,0.5357143,..,..,..,..,0.46459469999999997,..,..,0.5,..,..,0.6673333,..,..,..,..,..,..,0.5357143,..,..,..,..,0.4147125,..,0.6026935999999999
BRBrq2004,Barbados,BRB,Latin America & Caribbean,High income,2004,rq,3,0.8827743,0.364711,0.28464829999999997,1.4809002999999998,68.78539669999999,5.7520102,59.3520999,78.21869339999999,..,..,..,..,..,..,..,..,..,..,..,..,..,..,..,..,..,0.6,..,..,0.7066667,..,..,..,..,..,..,..,..,..,..,..,..,..,0.8350168
BRNrq2004,Brunei Darussalam,BRN,East Asia & Pacific,High income,2004,rq,2,0.7918227,0.403001,0.1309011,1.4527443,67.3509607,6.3558978999999995,56.9272882,77.77463329999999,..,..,..,..,..,..,..,..,..,..,..,..,..,..,..,..,..,..,..,..,..,..,..,..,..,..,..,0.9285713999999999,..,..,..,..,..,..,0.6632996999999999
BTNrq2004,Bhutan,BTN,South Asia,Lower middle income,2004,rq,2,-0.6532395,0.4120389,-1.3289833,0.022504299999999998,44.5602769,6.4984389,33.9028372,55.2177167,..,..,..,..,..,..,..,..,..,..,..,..,..,..,..,..,..,..,..,..,0.6,..,..,..,..,..,..,..,..,..,..,..,..,..,0.38383839999999997
BWArq2004,Botswana,BWA,Sub-Saharan Africa,Upper middle income,2004,rq,7,0.7209508,0.22035939999999998,0.3595614,1.0823402,66.2332102,3.4753806,60.533586,71.93283439999999,..,..,..,..,..,..,0.7999999999999999,..,..,0.6785713999999999,..,..,..,..,0.5527727,..,..,0.7,..,..,0.5033333,..,..,..,..,..,..,0.9375,..,..,..,..,..,..,0.7003366999999999
CAFrq2004,Central African Republic,CAF,Sub-Saharan Africa,Low income,2004,rq,5,-1.1684303,0.208898,-1.511023,-0.8258376,36.434986099999996,3.294618,31.031812499999997,41.8381597,0.39999999999999997,..,..,..,..,..,0.3,..,..,..,..,..,..,..,..,..,..,0.6,..,..,0.2666667,..,..,..,..,..,..,..,..,..,..,..,..,..,0.2525253
CANrq2004,Canada,CAN,North America,High income,2004,rq,6,1.6899655,0.24054029999999998,1.2954793999999998,2.0844516,81.5159486,3.7936623,75.29434239999999,87.73755489999999,..,..,..,..,..,..,..,..,..,0.8928571,..,..,..,..,0.6691958,..,..,0.6,..,..,..,..,..,..,..,..,..,1,..,..,..,..,0.6789214,..,0.9090908999999999
CHErq2004,Switzerland,CHE,Europe & Central Asia,High income,2004,rq,6,1.8725949,0.24054029999999998,1.4781088,2.2670809999999997,84.3962737,3.7936623,78.1746675,90.61787989999999,..,..,..,..,..,..,..,..,..,0.9285713999999999,..,..,..,..,0.7131096,..,..,0.7999999999999999,..,..,..,..,..,..,..,..,..,1,..,..,..,..,0.6565793,..,0.9023568999999999
CHLrq2004,Chile,CHL,Latin America & Caribbean,High income,2004,rq,8,1.4889358,0.2062753,1.1506443,1.8272272999999999,78.3454247,3.2532546,73.01008709999999,83.68076219999999,..,..,..,..,..,..,1,..,..,0.8571428999999999,..,..,..,..,0.6416196,..,..,0.7,..,..,0.74,..,..,..,..,..,..,0.9285713999999999,..,..,..,..,0.6916743,..,0.8080807999999999
CHNrq2004,China,CHN,East Asia & Pacific,Upper middle income,2004,rq,8,-0.3199809,0.2062753,-0.6582724,0.0183106,49.8162385,3.2532546,44.480900999999996,55.151576,..,..,..,..,..,..,0.39999999999999997,..,..,0.4285714,..,..,..,..,0.5821412,..,..,0.3,..,..,0.6733333,..,..,..,..,..,..,0.5357143,..,..,..,..,0.4977366,..,0.4915825
CIVrq2004,Côte d’Ivoire,CIV,Sub-Saharan Africa,Lower middle income,2004,rq,7,-1.1803905,0.1830147,-1.4805346,-0.8802464,36.2463568,2.8864017,31.512657899999997,40.9800556,0.22499999999999998,..,..,..,..,..,0.39999999999999997,..,..,0.2857143,..,..,..,..,..,..,..,0.6,..,..,0.39999999999999997,..,..,..,..,..,..,0.39285709999999996,..,..,..,..,..,..,0.3737374
CMRrq2004,Cameroon,CMR,Sub-Saharan Africa,Lower middle income,2004,rq,8,-0.8070934999999999,0.17842919999999998,-1.0997173999999998,-0.5144696,42.1337808,2.8140821,37.5186862,46.748875399999996,0.565,..,..,..,..,..,0.39999999999999997,..,..,0.25,..,..,..,..,0.4056839,..,..,0.39999999999999997,..,..,0.5333333,..,..,..,..,..,..,0.5267857,..,..,..,..,..,..,0.3535354
CODrq2004,"Congo, Dem. Rep.",COD,Sub-Saharan Africa,Low income,2004,rq,6,-1.584863,0.1882179,-1.8935404,-1.2761856,29.867250799999997,2.9684641,24.9989697,34.735532,0.375,..,..,..,..,..,0.09999999999999999,..,..,0.1071429,..,..,..,..,..,..,..,..,..,..,0.2666667,..,..,..,..,..,..,0.46428569999999997,..,..,..,..,..,..,0.2087542
COGrq2004,"Congo, Rep.",COG,Sub-Saharan Africa,Lower middle income,2004,rq,5,-0.967939,0.22228389999999998,-1.3324846,-0.6033934,39.5970188,3.5057329,33.8476168,45.3464208,0.475,..,..,..,..,..,..,..,..,..,..,..,..,..,..,..,..,0.3,..,..,0.36666669999999996,..,..,..,..,..,..,0.5982143,..,..,..,..,..,..,0.3232323
COLrq2004,Colombia,COL,Latin America & Caribbean,Upper middle income,2004,rq,8,-0.0323592,0.2062753,-0.3706507,0.3059323,54.352441299999995,3.2532546,49.0171038,59.6877789,..,..,..,..,..,..,0.5,..,..,0.46428569999999997,..,..,..,..,0.48040239999999995,..,..,0.6,..,..,0.6466666999999999,..,..,..,..,..,..,0.6607143,..,..,..,..,0.5361855999999999,..,0.5218855
COMrq2004,Comoros,COM,Sub-Saharan Africa,Lower middle income,2004,rq,3,-1.5151211999999998,0.2446582,-1.9163606,-1.1138818,30.967178099999998,3.8586069,24.639062799999998,37.2952935,0.19999999999999998,..,..,..,..,..,..,..,..,..,..,..,..,..,..,..,..,..,..,..,0.4633333,..,..,..,..,..,..,..,..,..,..,..,..,..,0.3164983
CPVrq2004,Cabo Verde,CPV,Sub-Saharan Africa,Upper middle income,2004,rq,4,-0.45412759999999996,0.23354419999999998,-0.8371400999999999,-0.0711151,47.700554499999996,3.6833239,41.659903199999995,53.741205699999995,0.5499999999999999,..,..,..,..,..,..,..,..,..,..,..,..,..,..,..,..,0.5,..,..,0.5833332999999999,..,..,..,..,..,..,..,..,..,..,..,..,..,0.5016835
CRIrq2004,Costa Rica,CRI,Latin America & Caribbean,High income,2004,rq,7,0.5795471999999999,0.22035939999999998,0.21815779999999999,0.9409366,64.0030745,3.4753806,58.303450299999994,69.7026988,..,..,..,..,..,..,0.7999999999999999,..,..,0.6785713999999999,..,..,..,..,0.5130273,..,..,0.6,..,..,0.7153333,..,..,..,..,..,..,0.6785713999999999,..,..,..,..,..,..,0.6599326999999999
CUBrq2004,Cuba,CUB,Latin America & Caribbean,Upper middle income,2004,rq,6,-1.6534351999999999,0.2291773,-2.029286,-1.2775843999999998,28.785769799999997,3.6144518999999997,22.858068799999998,34.7134709,..,..,..,..,..,..,0.19999999999999998,..,..,0.1428571,..,..,..,..,..,..,..,0.19999999999999998,..,..,0.5266666999999999,..,..,..,..,..,..,0.0625,..,..,..,..,..,..,0.3670034
CYMrq2004,Cayman Islands,CYM,Latin America & Caribbean,High income,2004,rq,1,1.1451449,0.48491779999999995,0.34987969999999996,1.9404100999999998,72.9233538,7.6478427,60.3808918,85.4658158,..,..,..,..,..,..,..,..,..,..,..,..,..,..,..,..,..,..,..,..,..,..,..,..,..,..,..,..,..,..,..,..,..,..,0.8417507999999999
CYPrq2004,Cyprus,CYP,Europe & Central Asia,High income,2004,rq,5,1.1809581,0.2637523,0.7484042999999999,1.6135119,73.4881788,4.1597487,66.6661909,80.31016679999999,..,..,..,..,..,..,..,..,..,0.7142856999999999,..,..,..,..,0.6411004,..,..,0.6,..,..,..,..,..,..,..,..,..,1,..,..,..,..,..,..,0.8047137999999999
CZErq2004,Czechia,CZE,Europe & Central Asia,High income,2004,rq,9,1.0252511,0.2011172,0.6954189,1.3550833,71.0324582,3.1719038999999998,65.8305359,76.2343806,..,..,..,..,..,0.6476145,1,..,0.7216667,0.6785713999999999,..,..,..,..,0.5105082,..,..,0.7999999999999999,..,..,..,..,..,..,..,..,..,1,..,..,..,..,0.48354179999999997,..,0.7508418
DEUrq2004,Germany,DEU,Europe & Central Asia,High income,2004,rq,6,1.4377554,0.24054029999999998,1.0432693,1.8322414999999999,77.5382371,3.7936623,71.3166308,83.7598433,..,..,..,..,..,..,..,..,..,0.8214286,..,..,..,..,0.6568832,..,..,0.7,..,..,..,..,..,..,..,..,..,1,..,..,..,..,0.5368638,..,0.8956229
DJIrq2004,Djibouti,DJI,Middle East & North Africa,Lower middle income,2004,rq,4,-0.719135,0.23354419999999998,-1.1021475,-0.3361225,43.5210113,3.6833239,37.48036,49.5616625,0.44999999999999996,..,..,..,..,..,..,..,..,..,..,..,..,..,..,..,..,0.5,..,..,0.6066667,..,..,..,..,..,..,..,..,..,..,..,..,..,0.4107744
DMArq2004,Dominica,DMA,Latin America & Caribbean,Upper middle income,2004,rq,2,0.403647,0.4120389,-0.27209679999999997,1.0793907999999999,61.2288785,6.4984388,50.571438799999996,71.88631819999999,..,..,..,..,..,..,..,..,..,..,..,..,..,..,..,..,..,..,..,..,0.6,..,..,..,..,..,..,..,..,..,..,..,..,..,0.7272727
DNKrq2004,Denmark,DNK,Europe & Central Asia,High income,2004,rq,6,1.966761,0.24054029999999998,1.5722749,2.3612471,85.8814069,3.7936623,79.65980069999999,92.1030131,..,..,..,..,..,..,..,..,..,0.9285713999999999,..,..,..,..,0.6685798,..,..,0.7999999999999999,..,..,..,..,..,..,..,..,..,1,..,..,..,..,0.7297125,..,0.9427609
DOMrq2004,Dominican Republic,DOM,Latin America & Caribbean,Upper middle income,2004,rq,7,-0.4212814,0.22035939999999998,-0.7826708,-0.059891999999999994,48.2185857,3.4753806,42.518961499999996,53.9182099,..,..,..,..,..,..,0.6,..,..,0.39285709999999996,..,..,..,..,0.4438915,..,..,0.39999999999999997,..,..,0.5553333,..,..,..,..,..,..,0.5982143,..,..,..,..,..,..,0.4579125
DZArq2004,Algeria,DZA,Middle East & North Africa,Upper middle income,2004,rq,7,-0.609134,0.22035939999999998,-0.9705233999999999,-0.24774459999999998,45.2558833,3.4753806,39.5562591,50.9555076,..,..,..,..,..,..,0.3,..,..,0.3214286,..,..,..,..,0.4502752,..,..,0.39999999999999997,..,..,0.62,..,..,..,..,..,..,0.6607143,..,..,..,..,..,..,0.5589225999999999
ECUrq2004,Ecuador,ECU,Latin America & Caribbean,Upper middle income,2004,rq,7,-0.7975237,0.22035939999999998,-1.1589131,-0.4361343,42.2847101,3.4753806,36.585085899999996,47.984334399999995,..,..,..,..,..,..,0.39999999999999997,..,..,0.3571429,..,..,..,..,0.3709239,..,..,0.39999999999999997,..,..,0.6699999999999999,..,..,..,..,..,..,0.33035709999999996,..,..,..,..,..,..,0.44781139999999997
EGYrq2004,"Egypt, Arab Rep.",EGY,Middle East & North Africa,Lower middle income,2004,rq,7,-0.5956608999999999,0.22035939999999998,-0.9570502999999999,-0.2342715,45.468373299999996,3.4753806,39.768749,51.1679975,..,..,..,..,..,..,0.39999999999999997,..,..,0.39285709999999996,..,..,..,..,0.4970636,..,..,0.39999999999999997,..,..,0.5233333,..,..,..,..,..,..,0.46428569999999997,..,..,..,..,..,..,0.5218855
ERIrq2004,Eritrea,ERI,Sub-Saharan Africa,Low income,2004,rq,4,-1.4023085,0.2167382,-1.7577591,-1.0468579,32.746394699999996,3.4182688999999997,27.1404337,38.352355599999996,0.3,..,..,..,..,..,0.19999999999999998,..,..,..,..,..,..,..,..,..,..,..,..,..,0.44,..,..,..,..,..,..,..,..,..,..,..,..,..,0.3164983
ESPrq2004,Spain,ESP,Europe & Central Asia,High income,2004,rq,6,1.3770323,0.24054029999999998,0.9825461999999999,1.7715184,76.5805475,3.7936623,70.3589413,82.80215369999999,..,..,..,..,..,..,..,..,..,0.7857143,..,..,..,..,0.5879793,..,..,0.7,..,..,..,..,..,..,..,..,..,1,..,..,..,..,0.6055624,..,0.8653198999999999
ESTrq2004,Estonia,EST,Europe & Central Asia,High income,2004,rq,9,1.4031382,0.2011172,1.0733059999999999,1.7329704,76.9922746,3.1719038999999998,71.7903523,82.194197,..,..,..,..,..,0.7551279,1,..,0.6941666999999999,0.7857143,..,..,..,..,0.690939,..,..,0.8999999999999999,..,..,..,..,..,..,..,..,..,0.8571428999999999,..,..,..,..,0.6700337,..,0.7710438
ETHrq2004,Ethiopia,ETH,Sub-Saharan Africa,,2004,rq,8,-0.9269603999999999,0.17842919999999998,-1.2195843,-0.6343365,40.243309499999995,2.8140821,35.628214899999996,44.8584041,0.475,..,..,..,..,..,0.39999999999999997,..,..,0.1428571,..,..,..,..,0.4201855,..,..,0.39999999999999997,..,..,0.65,..,..,..,..,..,..,0.5178571,..,..,..,..,..,..,0.3771044
FINrq2004,Finland,FIN,Europe & Central Asia,High income,2004,rq,6,1.891508,0.24054029999999998,1.4970219,2.2859941,84.6945602,3.7936623,78.472954,90.9161664,..,..,..,..,..,..,..,..,..,0.8928571,..,..,..,..,0.7186426,..,..,0.7,..,..,..,..,..,..,..,..,..,1,..,..,..,..,0.7122356,..,0.952862
FJIrq2004,Fiji,FJI,East Asia & Pacific,Upper middle income,2004,rq,2,-0.7796048,0.4123728,-1.4558962,-0.1033134,42.5673166,6.503705,31.9012405,53.2333928,..,..,..,..,..,..,..,..,..,..,..,..,..,..,..,..,..,0.39999999999999997,..,..,..,..,..,..,..,..,..,..,..,..,..,..,..,..,0.38383839999999997
FRArq2004,France,FRA,Europe & Central Asia,High income,2004,rq,6,1.3099942,0.24054029999999998,0.9155080999999999,1.7044803,75.5232614,3.7936623,69.3016552,81.7448677,..,..,..,..,..,..,..,..,..,0.8214286,..,..,..,..,0.5975578,..,..,0.6,..,..,..,..,..,..,..,..,..,1,..,..,..,..,0.5590341,..,0.8619528999999999
FSMrq2004,"Micronesia, Fed. Sts.",FSM,East Asia & Pacific,Lower middle income,2004,rq,1,0.1549128,0.48491779999999995,-0.6403523999999999,0.950178,57.3059868,7.6478427,44.7635248,69.8484488,..,..,..,..,..,..,..,..,..,..,..,..,..,..,..,..,..,..,..,..,..,..,..,..,..,..,..,..,..,..,..,..,..,..,0.6094276
GABrq2004,Gabon,GAB,Sub-Saharan Africa,Upper middle income,2004,rq,5,-0.625024,0.26299279999999997,-1.0563322,-0.1937158,45.005275499999996,4.1477702,38.2029324,51.8076185,..,..,..,..,..,..,..,..,..,0.39285709999999996,..,..,..,..,..,..,..,0.39999999999999997,..,..,0.3333333,..,..,..,..,..,..,0.5982143,..,..,..,..,..,..,0.5084175
GBRrq2004,United Kingdom,GBR,Europe & Central Asia,High income,2004,rq,6,1.9029927,0.24054029999999998,1.5085066,2.2974788,84.8756902,3.7936623,78.654084,91.09729639999999,..,..,..,..,..,..,..,..,..,0.9285713999999999,..,..,..,..,0.7471031,..,..,0.8999999999999999,..,..,..,..,..,..,..,..,..,1,..,..,..,..,0.5957884,..,0.9158248999999999
GEOrq2004,Georgia,GEO,Europe & Central Asia,Upper middle income,2004,rq,7,-0.5058687,0.24609289999999998,-0.9094610999999999,-0.1022763,46.8845238,3.8812350999999996,40.519298299999996,53.2497493,..,..,..,..,..,0.5612343,0.39999999999999997,..,0.6383333,..,..,..,..,..,0.40140929999999997,..,..,0.39999999999999997,..,..,0.5499999999999999,..,..,..,..,..,..,..,..,..,..,..,..,..,0.5252525
GHArq2004,Ghana,GHA,Sub-Saharan Africa,Lower middle income,2004,rq,8,-0.4937082,0.17842919999999998,-0.7863321,-0.2010843,47.0763122,2.8140821,42.4612176,51.691406799999996,0.5499999999999999,..,..,..,..,..,0.5,..,..,0.3571429,..,..,..,..,0.5355959,..,..,0.39999999999999997,..,..,0.5866667,..,..,..,..,..,..,0.5267857,..,..,..,..,..,..,0.5185185
GINrq2004,Guinea,GIN,Sub-Saharan Africa,Lower middle income,2004,rq,6,-1.108769,0.2007232,-1.4379549999999999,-0.7795829999999999,37.3759296,3.1656896,32.184198699999996,42.567660499999995,0.35,..,..,..,..,..,0.39999999999999997,..,..,..,..,..,..,..,..,..,..,0.5,..,..,0.5333333,..,..,..,..,..,..,0.33035709999999996,..,..,..,..,..,..,0.2895623
GMBrq2004,"Gambia, The",GMB,Sub-Saharan Africa,Low income,2004,rq,6,-0.6314569,0.2142106,-0.9827623,-0.2801515,44.9038195,3.3784056,39.363234299999995,50.4444047,0.425,..,..,..,..,..,..,..,..,..,..,..,..,..,0.5723538,..,..,0.5,..,..,0.5666667,..,..,..,..,..,..,0.6607143,..,..,..,..,..,..,0.3872054
GNBrq2004,Guinea-Bissau,GNB,Sub-Saharan Africa,Low income,2004,rq,5,-1.4595403999999998,0.22228389999999998,-1.8240859999999999,-1.0949948,31.8437663,3.5057329,26.0943643,37.593168299999995,0.25,..,..,..,..,..,..,..,..,..,..,..,..,..,..,..,..,0.3,..,..,0.19999999999999998,..,..,..,..,..,..,0.5892857,..,..,..,..,..,..,0.3265993
