ID variable (economy code/ gov. dimension/ year),Economy (name),Economy (code),Region,Income classification,Year,Governance dimension,Number of sources,Governance estimate (approx. -2.5 to +2.5),Standard error (estimate),Lower threshold (90% conf. int. estimate),Upper threshold (90% conf. int. estimate),Governance score (0-100),Standard error (gov. score),Lower threshold (90% conf. int. score),Upper threshold (90% conf. int. score),ADB mean,AFR mean,ARB mean,ASB mean,ASD mean,BPS mean,BTI mean,CCR mean,EBR mean,EIU mean,EQI mean,EUB mean,FRH mean,GCB mean,GCS mean,GII mean,GWP mean,HER mean,HRM mean,HUM mean,IFD mean,IJT mean,IRP mean,LBO mean,MSI mean,OBI mean,PIA mean,PRS mean,RSF mean,VAB mean,VDM mean,WBS mean,WCY mean,WJP mean,WMO mean
ADOva1996,Andorra,ADO,,,1996,va,3,1.5419543999999998,0.3010208,1.0482803,2.0356285,83.83727929999999,5.2686131,75.1967538,92.4778048,..,..,..,..,..,..,..,..,..,..,..,..,1,..,..,..,..,..,..,1,..,..,..,..,..,..,..,..,..,..,..,..,..,..,1
AFGva1996,Afghanistan,AFG,South Asia,Low income,1996,va,4,-2.2354439999999998,0.24508,-2.6373751999999997,-1.8335127999999998,17.7234054,4.28951,10.688609,24.7582018,..,..,..,..,..,..,..,..,..,..,..,..,0,..,..,..,..,..,..,0.3,..,..,..,..,..,..,..,..,..,..,0.2465667,..,..,..,0.0625
AGOva1996,Angola,AGO,Sub-Saharan Africa,Lower middle income,1996,va,6,-1.7462075,0.1939854,-2.0643436,-1.4280713999999999,26.2862619,3.3952278,20.718088299999998,31.8544354,..,..,..,..,..,..,..,..,..,0.125,..,..,0.1977778,..,..,..,..,..,..,0.09999999999999999,..,..,..,..,..,..,..,0.25,..,..,0.32026669999999996,..,..,..,0.125
ALBva1996,Albania,ALB,Europe & Central Asia,Upper middle income,1996,va,5,-0.8260765999999999,0.2213967,-1.1891672,-0.46298599999999995,42.3908428,3.8749933999999997,36.035853599999996,48.745832,..,..,..,..,..,..,..,..,..,..,..,..,0.4166667,..,..,..,..,..,..,0.7,..,..,..,..,..,..,..,0.5,..,..,0.44835559999999997,..,..,..,0.25
AREva1996,United Arab Emirates,ARE,Middle East & North Africa,High income,1996,va,6,-0.8480306,0.1939854,-1.1661667,-0.5298944999999999,42.0065932,3.3952278,36.438419599999996,47.5747667,..,..,..,..,..,..,..,..,..,0.375,..,..,0.2466667,..,..,..,..,..,..,0.19999999999999998,..,..,..,..,..,..,..,0.5833332999999999,..,..,0.3325667,..,..,..,0.6875
ARGva1996,Argentina,ARG,Latin America & Caribbean,Upper middle income,1996,va,8,0.43291949999999996,0.1930084,0.1163857,0.7494533,64.4264082,3.3781277,58.8862788,69.9665375,..,..,..,..,..,..,..,..,..,0.5,..,..,0.73,..,..,..,..,..,..,0.7999999999999999,..,..,..,0.25,..,..,..,0.8333332999999999,..,..,0.6720444,..,0.3575,..,0.5625
ARMva1996,Armenia,ARM,Europe & Central Asia,Upper middle income,1996,va,4,-0.8306424,0.24508,-1.2325736,-0.42871119999999996,42.3109299,4.28951,35.2761335,49.345726299999995,..,..,..,..,..,..,..,..,..,..,..,..,0.363,..,..,..,..,..,..,0.39999999999999997,..,..,..,..,..,..,..,..,..,..,0.47264439999999996,..,..,..,0.375
ATGva1996,Antigua and Barbuda,ATG,Latin America & Caribbean,High income,1996,va,3,0.18820009999999998,0.3010208,-0.30547399999999997,0.6818742,60.1432096,5.2686131,51.502684099999996,68.7837351,..,..,..,..,..,..,..,..,..,..,..,..,0.5688888999999999,..,..,..,..,..,..,1,..,..,..,..,..,..,..,..,..,..,..,..,..,..,0.625
AUSva1996,Australia,AUS,East Asia & Pacific,High income,1996,va,7,1.4197298,0.19316619999999998,1.1029372,1.7365224,81.6980446,3.3808895999999997,76.1533856,87.2427036,..,..,..,..,..,..,..,..,..,0.75,..,..,0.9666667,..,..,..,..,..,..,1,..,..,..,..,..,..,..,1,..,..,0.7442667,..,0.51,..,1
AUTva1996,Austria,AUT,Europe & Central Asia,High income,1996,va,7,1.4350143,0.19316619999999998,1.1182216999999999,1.7518068999999998,81.9655614,3.3808895999999997,76.4209024,87.5102204,..,..,..,..,..,..,..,..,..,0.875,..,..,0.96,..,..,..,..,..,..,0.7999999999999999,..,..,..,..,..,..,..,1,..,..,0.7122778,..,0.5499999999999999,..,1
AZEva1996,Azerbaijan,AZE,Europe & Central Asia,Upper middle income,1996,va,5,-1.3465846,0.2093266,-1.6898802,-1.0032889999999999,33.2806573,3.6637362999999996,27.2721298,39.2891847,..,..,..,..,..,..,..,..,..,0.125,..,..,0.24366669999999999,..,..,..,..,..,..,0.39999999999999997,..,..,..,..,..,..,..,..,..,..,0.3969889,..,..,..,0.25
BDIva1996,Burundi,BDI,Sub-Saharan Africa,Low income,1996,va,4,-1.1879285,0.24508,-1.5898596999999999,-0.7859973,36.057533899999996,4.28951,29.022737499999998,43.0923303,..,..,..,..,..,..,..,..,..,..,..,..,0.049999999999999996,..,..,..,..,..,..,0.19999999999999998,..,..,..,..,..,..,..,..,..,..,0.6020667,..,..,..,0.125
BELva1996,Belgium,BEL,Europe & Central Asia,High income,1996,va,7,1.458958,0.19316619999999998,1.1421653999999999,1.7757505999999998,82.38463569999999,3.3808895999999997,76.8399767,87.9292947,..,..,..,..,..,..,..,..,..,0.875,..,..,0.9111111,..,..,..,..,..,..,1,..,..,..,..,..,..,..,1,..,..,0.7270111,..,0.423,..,1
BENva1996,Benin,BEN,Sub-Saharan Africa,Lower middle income,1996,va,4,0.1522383,0.24508,-0.2496929,0.5541695,59.5137886,4.28951,52.4789922,66.548585,..,..,..,..,..,..,..,..,..,..,..,..,0.7888889,..,..,..,..,..,..,0.7999999999999999,..,..,..,..,..,..,..,..,..,..,0.5651333,..,..,..,0.4375
BFAva1996,Burkina Faso,BFA,Sub-Saharan Africa,Low income,1996,va,5,-0.6519248999999999,0.2213967,-1.0150154999999998,-0.2888343,45.438931,3.8749933999999997,39.0839418,51.793920199999995,..,..,..,..,..,..,..,..,..,..,..,..,0.4877778,..,..,..,..,..,..,0.8999999999999999,..,..,..,..,..,..,..,0.4166667,..,..,0.4984556,..,..,..,0.25
BGDva1996,Bangladesh,BGD,South Asia,Lower middle income,1996,va,6,-0.3178901,0.1939854,-0.6360262,0.00024599999999999996,51.285371399999995,3.3952278,45.7171978,56.853545,..,..,..,..,..,..,..,..,..,0.25,..,..,0.5877778,..,..,..,..,..,..,0.7,..,..,..,..,..,..,..,0.6666667,..,..,0.5297999999999999,..,..,..,0.5
BGRva1996,Bulgaria,BGR,Europe & Central Asia,High income,1996,va,6,0.2553917,0.1939854,-0.06274439999999999,0.5735277999999999,61.319229799999995,3.3952278,55.7510562,66.8874034,..,..,..,..,..,..,..,..,..,0.375,..,..,0.6453333,..,..,..,..,..,..,0.7,..,..,..,..,..,..,..,0.9166667,..,..,0.6282667,..,..,..,0.625
BHRva1996,Bahrain,BHR,Middle East & North Africa,High income,1996,va,6,-1.0912054,0.1939854,-1.4093415,-0.7730693,37.750428899999996,3.3952278,32.1822553,43.3186025,..,..,..,..,..,..,..,..,..,0.375,..,..,0.16888889999999998,..,..,..,..,..,..,0.39999999999999997,..,..,..,..,..,..,..,0.5,..,..,0.2734,..,..,..,0.5625
BHSva1996,"Bahamas, The",BHS,Latin America & Caribbean,High income,1996,va,4,1.0988862,0.2600403,0.6724201,1.5253523,76.082483,4.5513525999999995,68.61826479999999,83.5467012,..,..,..,..,..,..,..,..,..,..,..,..,0.9211111,..,..,..,..,..,..,1,..,..,..,..,..,..,..,0.8333332999999999,..,..,..,..,..,..,0.875
BIHva1996,Bosnia and Herzegovina,BIH,Europe & Central Asia,Upper middle income,1996,va,4,-0.1938932,0.2168861,-0.5495864,0.1618,53.4556258,3.7960464999999997,47.2301095,59.681142099999995,..,..,..,..,..,..,..,..,..,0.625,..,..,0.3188889,..,..,..,..,..,..,..,..,..,..,..,..,..,..,..,..,..,0.5622332999999999,..,..,..,0.4375
BLRva1996,Belarus,BLR,Europe & Central Asia,Upper middle income,1996,va,4,-0.9090817,0.24508,-1.3110129,-0.5071505,40.938046899999996,4.28951,33.9032505,47.9728433,..,..,..,..,..,..,..,..,..,..,..,..,0.155,..,..,..,..,..,..,0.09999999999999999,..,..,..,..,..,..,..,..,..,..,0.5560444,..,..,..,0.4375
BLZva1996,Belize,BLZ,Latin America & Caribbean,Upper middle income,1996,va,3,0.8526353999999999,0.3010208,0.3589613,1.3463095,71.7724811,5.2686131,63.1319556,80.4130066,..,..,..,..,..,..,..,..,..,..,..,..,0.9166667,..,..,..,..,..,..,0.8999999999999999,..,..,..,..,..,..,..,..,..,..,..,..,..,..,0.6875
BMUva1996,Bermuda,BMU,North America,High income,1996,va,1,1.0262091,0.45889549999999996,0.2736205,1.7787977,74.8104529,8.0318132,61.6382792,87.9826265,..,..,..,..,..,..,..,..,..,..,..,..,..,..,..,..,..,..,..,..,..,..,..,..,..,..,..,..,..,..,..,..,..,..,0.875
BOLva1996,Bolivia,BOL,Latin America & Caribbean,Lower middle income,1996,va,7,0.06397409999999999,0.1938256,-0.2538999,0.38184809999999997,57.968945399999996,3.3924306,52.4053592,63.5325316,..,..,..,..,..,..,..,..,..,0.25,..,..,0.7666666999999999,..,..,..,..,..,..,0.8999999999999999,..,..,..,0.21,..,..,..,0.5833332999999999,..,..,0.6571,..,..,..,0.5625
BRAva1996,Brazil,BRA,Latin America & Caribbean,Upper middle income,1996,va,8,0.2728291,0.1930084,-0.0437047,0.5893629,61.6244277,3.3781277,56.084298399999994,67.1645571,..,..,..,..,..,..,..,..,..,0.375,..,..,0.6777778,..,..,..,..,..,..,1,..,..,..,0.19999999999999998,..,..,..,0.5833332999999999,..,..,0.6841111,..,0.49269999999999997,..,0.6875
BRBva1996,Barbados,BRB,Latin America & Caribbean,High income,1996,va,4,1.2326789,0.24508,0.8307477,1.6346101,78.4241883,4.28951,71.38939189999999,85.4589847,..,..,..,..,..,..,..,..,..,..,..,..,0.9466667,..,..,..,..,..,..,1,..,..,..,..,..,..,..,..,..,..,0.6539332999999999,..,..,..,1
BRNva1996,Brunei Darussalam,BRN,East Asia & Pacific,High income,1996,va,4,-0.9373843,0.2600403,-1.3638504,-0.5109182,40.442681,4.5513525999999995,32.978462799999996,47.9068992,..,..,..,..,..,..,..,..,..,..,..,..,0.1977778,..,..,..,..,..,..,0.3,..,..,..,..,..,..,..,0.5,..,..,..,..,..,..,0.5625
BTNva1996,Bhutan,BTN,South Asia,Lower middle income,1996,va,4,-0.9023479999999999,0.24508,-1.3042791999999999,-0.5004168,41.0559035,4.28951,34.0211071,48.0906999,..,..,..,..,..,..,..,..,..,..,..,..,0.1166667,..,..,..,..,..,..,0.39999999999999997,..,..,..,..,..,..,..,..,..,..,0.4847667,..,..,..,0.5625
BWAva1996,Botswana,BWA,Sub-Saharan Africa,Upper middle income,1996,va,6,0.6145082,0.1939854,0.29637209999999997,0.9326443,67.6046624,3.3952278,62.036488799999994,73.172836,..,..,..,..,..,..,..,..,..,0.5,..,..,0.7888889,..,..,..,..,..,..,1,..,..,..,..,..,..,..,0.9166667,..,..,0.6383222,..,..,..,0.6875
CAFva1996,Central African Republic,CAF,Sub-Saharan Africa,Low income,1996,va,4,-1.0138840999999998,0.24508,-1.4158153,-0.6119529,39.1037441,4.28951,32.068947699999995,46.1385405,..,..,..,..,..,..,..,..,..,..,..,..,0.44999999999999996,..,..,..,..,..,..,0.39999999999999997,..,..,..,..,..,..,..,..,..,..,0.4368778,..,..,..,0.1875
CANva1996,Canada,CAN,North America,High income,1996,va,7,1.6107296999999998,0.19316619999999998,1.2939371,1.9275223,85.0410182,3.3808895999999997,79.4963592,90.58567719999999,..,..,..,..,..,..,..,..,..,1,..,..,0.9633333,..,..,..,..,..,..,1,..,..,..,..,..,..,..,1,..,..,0.7135556,..,0.576,..,1
CHEva1996,Switzerland,CHE,Europe & Central Asia,High income,1996,va,7,1.5685327,0.19316619999999998,1.2517401,1.8853252999999999,84.3024657,3.3808895999999997,78.7578067,89.8471247,..,..,..,..,..,..,..,..,..,1,..,..,0.97,..,..,..,..,..,..,1,..,..,..,..,..,..,..,1,..,..,0.7168333,..,0.4536,..,0.9375
CHLva1996,Chile,CHL,Latin America & Caribbean,High income,1996,va,8,0.9606429999999999,0.1930084,0.6441091999999999,1.2771768,73.6628829,3.3781277,68.1227536,79.2030123,..,..,..,..,..,..,..,..,..,0.875,..,..,0.7888889,..,..,..,..,..,..,0.8999999999999999,..,..,..,0.42,..,..,..,0.6666667,..,..,0.7273333,..,0.6028,..,0.6875
CHNva1996,China,CHN,East Asia & Pacific,Upper middle income,1996,va,7,-1.5975164,0.19316619999999998,-1.9143089999999998,-1.2807237999999999,28.888726199999997,3.3808895999999997,23.344067199999998,34.4333852,..,..,..,..,..,..,..,..,..,0.125,..,..,0.0566667,..,..,..,..,..,..,0.09999999999999999,..,..,..,..,..,..,..,0.3333333,..,..,0.3235667,..,0.6139,..,0.375
CIVva1996,Côte d’Ivoire,CIV,Sub-Saharan Africa,Lower middle income,1996,va,6,-0.9406709999999999,0.1939854,-1.2588070999999998,-0.6225349,40.3851556,3.3952278,34.816981999999996,45.9533292,..,..,..,..,..,..,..,..,..,0.25,..,..,0.2533333,..,..,..,..,..,..,0.3,..,..,..,..,..,..,..,0.5833332999999999,..,..,0.4482444,..,..,..,0.375
CMRva1996,Cameroon,CMR,Sub-Saharan Africa,Lower middle income,1996,va,6,-1.444529,0.1939854,-1.7626651,-1.1263929,31.5663865,3.3952278,25.9982129,37.1345601,..,..,..,..,..,..,..,..,..,0,..,..,0.2044444,..,..,..,..,..,..,0.3,..,..,..,..,..,..,..,0.5833332999999999,..,..,0.3379667,..,..,..,0.3125
CODva1996,"Congo, Dem. Rep.",COD,Sub-Saharan Africa,Low income,1996,va,4,-1.9463393999999998,0.23039939999999998,-2.3241944,-1.5684844,22.7834555,4.0325628,16.1700525,29.396858499999997,..,..,..,..,..,..,..,..,..,..,..,..,0.1088889,..,..,..,..,..,..,..,..,..,..,..,..,..,..,0.25,..,..,0.2941,..,..,..,0.125
COGva1996,"Congo, Rep.",COG,Sub-Saharan Africa,Lower middle income,1996,va,5,-0.9092907,0.2213967,-1.2723813,-0.5462001,40.934388899999995,3.8749933999999997,34.579399699999996,47.289378199999994,..,..,..,..,..,..,..,..,..,..,..,..,0.5166666999999999,..,..,..,..,..,..,0.5,..,..,..,..,..,..,..,0.4166667,..,..,0.4746778,..,..,..,0.125
COLva1996,Colombia,COL,Latin America & Caribbean,Upper middle income,1996,va,8,-0.6150076999999999,0.1930084,-0.9315414999999999,-0.2984739,46.0850739,3.3781277,40.5449445,51.625203199999994,..,..,..,..,..,..,..,..,..,0.25,..,..,0.48333329999999997,..,..,..,..,..,..,0.6,..,..,..,0.15,..,..,..,0.4166667,..,..,0.5421556,..,0.32,..,0.4375
COMva1996,Comoros,COM,Sub-Saharan Africa,Lower middle income,1996,va,4,-0.5818247999999999,0.24508,-0.983756,-0.1798936,46.6658572,4.28951,39.6310608,53.700653599999995,..,..,..,..,..,..,..,..,..,..,..,..,0.5399999999999999,..,..,..,..,..,..,0.75,..,..,..,..,..,..,..,..,..,..,0.4819,..,..,..,0.25
CPVva1996,Cabo Verde,CPV,Sub-Saharan Africa,Upper middle income,1996,va,3,0.8488498999999999,0.2788181,0.3915882,1.3061116,71.7062254,4.880010899999999,63.7030075,79.70944329999999,..,..,..,..,..,..,..,..,..,..,..,..,0.8377778,..,..,..,..,..,..,1,..,..,..,..,..,..,..,..,..,..,0.6476999999999999,..,..,..,..
CRIva1996,Costa Rica,CRI,Latin America & Caribbean,High income,1996,va,7,1.0999987,0.1938256,0.7821247,1.4178727,76.10195449999999,3.3924306,70.5383683,81.6655407,..,..,..,..,..,..,..,..,..,0.75,..,..,0.8911110999999999,..,..,..,..,..,..,1,..,..,..,0.19999999999999998,..,..,..,0.9166667,..,..,0.7177889,..,..,..,0.75
CUBva1996,Cuba,CUB,Latin America & Caribbean,Upper middle income,1996,va,6,-1.4011373999999999,0.1939854,-1.7192735,-1.0830013,32.3258475,3.3952278,26.7576739,37.894021099999996,..,..,..,..,..,..,..,..,..,0.25,..,..,0.0166667,..,..,..,..,..,..,0.09999999999999999,..,..,..,..,..,..,..,0.4166667,..,..,0.4218556,..,..,..,0.25
CYMva1996,Cayman Islands,CYM,Latin America & Caribbean,High income,1996,va,1,1.4714379,0.45889549999999996,0.7188492999999999,2.2240265,82.603065,8.0318132,69.4308913,95.7752387,..,..,..,..,..,..,..,..,..,..,..,..,..,..,..,..,..,..,..,..,..,..,..,..,..,..,..,..,..,..,..,..,..,..,1
CYPva1996,Cyprus,CYP,Europe & Central Asia,High income,1996,va,6,1.0321297,0.1939854,0.7139936,1.3502657999999998,74.9140781,3.3952278,69.3459045,80.48225169999999,..,..,..,..,..,..,..,..,..,0.875,..,..,0.82,..,..,..,..,..,..,0.7999999999999999,..,..,..,..,..,..,..,0.8333332999999999,..,..,0.6728556,..,..,..,0.8125
CZEva1996,Czechia,CZE,Europe & Central Asia,High income,1996,va,7,0.9847754,0.19316619999999998,0.6679828,1.3015679999999998,74.08525999999999,3.3808895999999997,68.540601,79.629919,..,..,..,..,..,..,..,..,..,0.5,..,..,0.9119999999999999,..,..,..,..,..,..,0.8999999999999999,..,..,..,..,..,..,..,1,..,..,0.7377556,..,0.48879999999999996,..,0.8125
DEUva1996,Germany,DEU,Europe & Central Asia,High income,1996,va,7,1.6014823999999999,0.19316619999999998,1.2846898,1.918275,84.8791675,3.3808895999999997,79.3345085,90.4238264,..,..,..,..,..,..,..,..,..,1,..,..,0.9077778,..,..,..,..,..,..,0.8999999999999999,..,..,..,..,..,..,..,0.9166667,..,..,0.7868999999999999,..,0.4571,..,1
DJIva1996,Djibouti,DJI,Middle East & North Africa,Lower middle income,1996,va,4,-1.0403167,0.24508,-1.4422479,-0.6383854999999999,38.6411078,4.28951,31.6063114,45.6759042,..,..,..,..,..,..,..,..,..,..,..,..,0.3266667,..,..,..,..,..,..,0.75,..,..,..,..,..,..,..,..,..,..,0.4070333,..,..,..,0.25
DMAva1996,Dominica,DMA,Latin America & Caribbean,Upper middle income,1996,va,3,1.0624225,0.3010208,0.5687483999999999,1.5560965999999998,75.4442775,5.2686131,66.803752,84.084803,..,..,..,..,..,..,..,..,..,..,..,..,0.9466667,..,..,..,..,..,..,1,..,..,..,..,..,..,..,..,..,..,..,..,..,..,0.75
DNKva1996,Denmark,DNK,Europe & Central Asia,High income,1996,va,7,1.6513007,0.19316619999999998,1.3345080999999999,1.9680932999999998,85.7511117,3.3808895999999997,80.2064527,91.29577069999999,..,..,..,..,..,..,..,..,..,1,..,..,0.97,..,..,..,..,..,..,1,..,..,..,..,..,..,..,1,..,..,0.7336667,..,0.5921,..,1
DOMva1996,Dominican Republic,DOM,Latin America & Caribbean,Upper middle income,1996,va,6,-0.2211242,0.1939854,-0.5392603,0.0970119,52.979015499999996,3.3952278,47.4108419,58.5471891,..,..,..,..,..,..,..,..,..,0.25,..,..,0.6711111,..,..,..,..,..,..,0.8999999999999999,..,..,..,..,..,..,..,0.5833332999999999,..,..,0.5527556,..,..,..,0.5
DZAva1996,Algeria,DZA,Middle East & North Africa,Upper middle income,1996,va,6,-1.1494731999999999,0.1939854,-1.4676093,-0.8313370999999999,36.7305974,3.3952278,31.1624238,42.298770999999995,..,..,..,..,..,..,..,..,..,0.375,..,..,0.1144444,..,..,..,..,..,..,0.5,..,..,..,..,..,..,..,0.3333333,..,..,0.47655559999999997,..,..,..,0.125
ECUva1996,Ecuador,ECU,Latin America & Caribbean,Upper middle income,1996,va,7,-0.1631172,0.1938256,-0.48099119999999995,0.1547568,53.994282399999996,3.3924306,48.4306962,59.5578686,..,..,..,..,..,..,..,..,..,0.25,..,..,0.6444443999999999,..,..,..,..,..,..,0.8999999999999999,..,..,..,0.26999999999999996,..,..,..,0.5833332999999999,..,..,0.6214111,..,..,..,0.4375
EGYva1996,"Egypt, Arab Rep.",EGY,Middle East & North Africa,Lower middle income,1996,va,6,-1.1471164,0.1939854,-1.4652524999999998,-0.8289803,36.771847199999996,3.3952278,31.2036736,42.3400208,..,..,..,..,..,..,..,..,..,0.25,..,..,0.2111111,..,..,..,..,..,..,0.3,..,..,..,..,..,..,..,0.5,..,..,0.35396669999999997,..,..,..,0.4375
ERIva1996,Eritrea,ERI,Sub-Saharan Africa,Low income,1996,va,4,-1.5147614,0.24508,-1.9166926,-1.1128301999999999,30.3371447,4.28951,23.3023483,37.3719411,..,..,..,..,..,..,..,..,..,..,..,..,0.3288889,..,..,..,..,..,..,0.5,..,..,..,..,..,..,..,..,..,..,0.31443329999999997,..,..,..,0.125
ESPva1996,Spain,ESP,Europe & Central Asia,High income,1996,va,7,1.2347382,0.19316619999999998,0.9179455999999999,1.5515307999999999,78.4602311,3.3808895999999997,72.91557209999999,84.0048901,..,..,..,..,..,..,..,..,..,0.75,..,..,0.8811110999999999,..,..,..,..,..,..,1,..,..,..,..,..,..,..,0.9166667,..,..,0.7344556,..,0.40449999999999997,..,0.9375
ESTva1996,Estonia,EST,Europe & Central Asia,High income,1996,va,5,0.9347185,0.2093266,0.5914229,1.2780141,73.2091396,3.6637362999999996,67.2006122,79.2176671,..,..,..,..,..,..,..,..,..,0.625,..,..,0.8643333,..,..,..,..,..,..,0.8999999999999999,..,..,..,..,..,..,..,..,..,..,0.7330888999999999,..,..,..,0.75
ETHva1996,Ethiopia,ETH,Sub-Saharan Africa,,1996,va,6,-1.230693,0.1939854,-1.5488290999999998,-0.9125569,35.3090487,3.3952278,29.7408751,40.8772223,..,..,..,..,..,..,..,..,..,0.125,..,..,0.4044444,..,..,..,..,..,..,0.5,..,..,..,..,..,..,..,0.3333333,..,..,0.3951222,..,..,..,0.25
FINva1996,Finland,FIN,Europe & Central Asia,High income,1996,va,7,1.6377762999999999,0.19316619999999998,1.3209837,1.9545689,85.51440099999999,3.3808895999999997,79.969742,91.05906,..,..,..,..,..,..,..,..,..,1,..,..,0.95,..,..,..,..,..,..,1,..,..,..,..,..,..,..,1,..,..,0.7356667,..,0.5735,..,1
FJIva1996,Fiji,FJI,East Asia & Pacific,Upper middle income,1996,va,4,0.057435,0.24508,-0.3444962,0.4593662,57.8544948,4.28951,50.8196984,64.8892912,..,..,..,..,..,..,..,..,..,..,..,..,0.5222222,..,..,..,..,..,..,0.8999999999999999,..,..,..,..,..,..,..,..,..,..,0.5865222,..,..,..,0.5625
FRAva1996,France,FRA,Europe & Central Asia,High income,1996,va,7,1.3012914,0.19316619999999998,0.9844988,1.6180839999999999,79.6250778,3.3808895999999997,74.08041879999999,85.1697368,..,..,..,..,..,..,..,..,..,0.75,..,..,0.8577777999999999,..,..,..,..,..,..,1,..,..,..,..,..,..,..,1,..,..,0.7332333,..,0.3358,..,1
FSMva1996,"Micronesia, Fed. Sts.",FSM,East Asia & Pacific,Lower middle income,1996,va,2,1.1498795,0.371378,0.5408196,1.7589393999999998,76.9749927,6.5000390999999995,66.3149285,87.6350569,..,..,..,..,..,..,..,..,..,..,..,..,0.9233332999999999,..,..,..,..,..,..,1,..,..,..,..,..,..,..,..,..,..,..,..,..,..,..
GABva1996,Gabon,GAB,Sub-Saharan Africa,Upper middle income,1996,va,6,-0.9370309,0.1939854,-1.255167,-0.6188948,40.4488664,3.3952278,34.8806928,46.017039999999994,..,..,..,..,..,..,..,..,..,0,..,..,0.44444439999999996,..,..,..,..,..,..,0.6,..,..,..,..,..,..,..,0.5833332999999999,..,..,0.3931889,..,..,..,0.5625
GBRva1996,United Kingdom,GBR,Europe & Central Asia,High income,1996,va,7,1.3341585,0.19316619999999998,1.0173659,1.6509511,80.2003338,3.3808895999999997,74.6556748,85.74499279999999,..,..,..,..,..,..,..,..,..,0.875,..,..,0.8711110999999999,..,..,..,..,..,..,0.8999999999999999,..,..,..,..,..,..,..,1,..,..,0.6878444,..,0.3818,..,1
GEOva1996,Georgia,GEO,Europe & Central Asia,Upper middle income,1996,va,4,-0.6573561,0.24508,-1.0592873,-0.2554249,45.3438715,4.28951,38.3090751,52.378667899999996,..,..,..,..,..,..,..,..,..,..,..,..,0.44,..,..,..,..,..,..,0.7,..,..,..,..,..,..,..,..,..,..,0.4352667,..,..,..,0.4375
GHAva1996,Ghana,GHA,Sub-Saharan Africa,Lower middle income,1996,va,6,-0.36917869999999997,0.1939854,-0.6873148,-0.0510426,50.387693299999995,3.3952278,44.8195197,55.955866799999995,..,..,..,..,..,..,..,..,..,0.25,..,..,0.5255556,..,..,..,..,..,..,0.8999999999999999,..,..,..,..,..,..,..,0.5,..,..,0.5619333,..,..,..,0.5
GINva1996,Guinea,GIN,Sub-Saharan Africa,Lower middle income,1996,va,5,-1.5085856,0.2213967,-1.8716762,-1.145495,30.4452365,3.8749933999999997,24.090247299999998,36.8002258,..,..,..,..,..,..,..,..,..,..,..,..,0.29,..,..,..,..,..,..,0.3,..,..,..,..,..,..,..,0.25,..,..,0.3504111,..,..,..,0.25
GMBva1996,"Gambia, The",GMB,Sub-Saharan Africa,Low income,1996,va,5,-1.446891,0.2213967,-1.8099816,-1.0838003999999999,31.5250456,3.8749933999999997,25.1700564,37.8800348,..,..,..,..,..,..,..,..,..,..,..,..,0.1722222,..,..,..,..,..,..,0.39999999999999997,..,..,..,..,..,..,..,0.3333333,..,..,0.38367779999999996,..,..,..,0.25
GNBva1996,Guinea-Bissau,GNB,Sub-Saharan Africa,Low income,1996,va,5,-0.9867724999999999,0.2213967,-1.3498630999999999,-0.6236819,39.5782646,3.8749933999999997,33.2232753,45.933253799999996,..,..,..,..,..,..,..,..,..,..,..,..,0.5322222,..,..,..,..,..,..,0.7,..,..,..,..,..,..,..,0.25,..,..,0.4676222,..,..,..,0.125
GNQva1996,Equatorial Guinea,GNQ,Sub-Saharan Africa,Upper middle income,1996,va,5,-1.8585661,0.2093266,-2.2018617,-1.5152705,24.319706699999998,3.6637362999999996,18.311179199999998,30.328234199999997,..,..,..,..,..,..,..,..,..,0,..,..,0.07333329999999999,..,..,..,..,..,..,0.25,..,..,..,..,..,..,..,..,..,..,0.30597779999999997,..,..,..,0.25
GRCva1996,Greece,GRC,Europe & Central Asia,High income,1996,va,7,1.0256789,0.19316619999999998,0.7088863,1.3424715,74.80117299999999,3.3808895999999997,69.256514,80.345832,..,..,..,..,..,..,..,..,..,0.75,..,..,0.7988889,..,..,..,..,..,..,0.7,..,..,..,..,..,..,..,0.9166667,..,..,0.7246332999999999,..,0.2377,..,0.875
GRDva1996,Grenada,GRD,Latin America & Caribbean,Upper middle income,1996,va,3,0.6505714,0.3010208,0.1568973,1.1442455,68.2358582,5.2686131,59.5953327,76.8763836,..,..,..,..,..,..,..,..,..,..,..,..,0.8777777999999999,..,..,..,..,..,..,1,..,..,..,..,..,..,..,..,..,..,..,..,..,..,0.5625
GTMva1996,Guatemala,GTM,Latin America & Caribbean,Upper middle income,1996,va,7,-0.5356202,0.1938256,-0.8534942,-0.2177462,47.4745527,3.3924306,41.910966599999995,53.0381389,..,..,..,..,..,..,..,..,..,0.125,..,..,0.5355556,..,..,..,..,..,..,1,..,..,..,0.32,..,..,..,0.6666667,..,..,0.49511109999999997,..,..,..,0.375
GUFva1996,French Guiana,GUF,,,1996,va,1,0.3583657,0.45889549999999996,-0.3942229,1.1109543,63.1215311,8.0318132,49.9493574,76.2937048,..,..,..,..,..,..,..,..,..,..,..,..,..,..,..,..,..,..,..,..,..,..,..,..,..,..,..,..,..,..,..,..,..,..,0.6875
GUYva1996,Guyana,GUY,Latin America & Caribbean,High income,1996,va,5,0.1440198,0.2213967,-0.21907079999999998,0.5071104,59.369944399999994,3.8749933999999997,53.014955099999995,65.7249336,..,..,..,..,..,..,..,..,..,..,..,..,0.8022222,..,..,..,..,..,..,1,..,..,..,..,..,..,..,0.8333332999999999,..,..,0.5210667,..,..,..,0.3125
HKGva1996,"Hong Kong SAR, China",HKG,East Asia & Pacific,High income,1996,va,6,0.5924072,0.19905869999999998,0.2659509,0.9188634999999999,67.2178399,3.4840229999999996,61.5040421,72.9316377,..,..,..,..,..,..,..,..,..,0.75,..,..,0.6411110999999999,..,..,..,..,..,..,..,..,..,..,..,..,..,..,0.75,..,..,0.6542555999999999,..,0.64,..,0.625
HNDva1996,Honduras,HND,Latin America & Caribbean,Lower middle income,1996,va,7,-0.5245932,0.1938256,-0.8424672,-0.2067192,47.667552699999995,3.3924306,42.1039665,53.2311389,..,..,..,..,..,..,..,..,..,0,..,..,0.6211111,..,..,..,..,..,..,1,..,..,..,0.26,..,..,..,0.5,..,..,0.5543333,..,..,..,0.5
HRVva1996,Croatia,HRV,Europe & Central Asia,High income,1996,va,5,-0.4850348,0.2093266,-0.8283303999999999,-0.14173919999999998,48.359923099999996,3.6637362999999996,42.3513957,54.368450599999996,..,..,..,..,..,..,..,..,..,0.25,..,..,0.44899999999999995,..,..,..,..,..,..,0.7,..,..,..,..,..,..,..,..,..,..,0.5102556,..,..,..,0.5625
HTIva1996,Haiti,HTI,Latin America & Caribbean,Lower middle income,1996,va,5,-0.771484,0.2213967,-1.1345745999999999,-0.40839339999999996,43.3463492,3.8749933999999997,36.9913599,49.7013384,..,..,..,..,..,..,..,..,..,..,..,..,0.4144444,..,..,..,..,..,..,0.7999999999999999,..,..,..,..,..,..,..,0.4166667,..,..,0.49143329999999996,..,..,..,0.25
HUNva1996,Hungary,HUN,Europe & Central Asia,High income,1996,va,7,1.0241514999999999,0.19316619999999998,0.7073589,1.3409441,74.7744397,3.3808895999999997,69.22978069999999,80.3190987,..,..,..,..,..,..,..,..,..,0.75,..,..,0.8796666999999999,..,..,..,..,..,..,0.8999999999999999,..,..,..,..,..,..,..,0.9166667,..,..,0.7052444,..,0.24389999999999998,..,0.75
IDNva1996,Indonesia,IDN,East Asia & Pacific,Upper middle income,1996,va,7,-1.3055431,0.19316619999999998,-1.6223356999999998,-0.9887505,33.9989857,3.3808895999999997,28.4543267,39.5436447,..,..,..,..,..,..,..,..,..,0.125,..,..,0.1877778,..,..,..,..,..,..,0.19999999999999998,..,..,..,..,..,..,..,0.5,..,..,0.3768667,..,0.356,..,0.375
INDva1996,India,IND,South Asia,Lower middle income,1996,va,7,0.3134723,0.19316619999999998,-0.0033203,0.6302649,62.3357849,3.3808895999999997,56.7911259,67.8804439,..,..,..,..,..,..,..,..,..,0.375,..,..,0.6444443999999999,..,..,..,..,..,..,0.6,..,..,..,..,..,..,..,0.8333332999999999,..,..,0.6447889,..,0.3515,..,0.8125
IRLva1996,Ireland,IRL,Europe & Central Asia,High income,1996,va,7,1.3237086,0.19316619999999998,1.006916,1.6405011999999999,80.0174346,3.3808895999999997,74.47277559999999,85.5620936,..,..,..,..,..,..,..,..,..,0.75,..,..,0.9366667,..,..,..,..,..,..,0.8999999999999999,..,..,..,..,..,..,..,1,..,..,0.7157667,..,0.5,..,1
IRNva1996,"Iran, Islamic Rep.",IRN,Middle East & North Africa,Upper middle income,1996,va,6,-1.1592592,0.1939854,-1.4773953,-0.8411231,36.559318,3.3952278,30.9911444,42.1274916,..,..,..,..,..,..,..,..,..,0.125,..,..,0.12222219999999999,..,..,..,..,..,..,0.19999999999999998,..,..,..,..,..,..,..,0.6666667,..,..,0.4307333,..,..,..,0.375
IRQva1996,Iraq,IRQ,Middle East & North Africa,Upper middle income,1996,va,6,-2.0788759,0.1939854,-2.3970119999999997,-1.7607397999999999,20.4637368,3.3952278,14.8955633,26.031910399999997,..,..,..,..,..,..,..,..,..,0.125,..,..,0,..,..,..,..,..,..,0,..,..,..,..,..,..,..,0.0833333,..,..,0.3139,..,..,..,0.0625
ISLva1996,Iceland,ISL,Europe & Central Asia,High income,1996,va,6,1.4591349999999998,0.2201812,1.0980378,1.8202322,82.3877337,3.8537193999999997,76.06763389999999,88.7078334,..,..,..,..,..,..,..,..,..,..,..,..,0.96,..,..,..,..,..,..,1,..,..,..,..,..,..,..,1,..,..,0.7220443999999999,..,0.5589,..,1
ISRva1996,Israel,ISR,Middle East & North Africa,High income,1996,va,7,0.5566295,0.19316619999999998,0.2398369,0.8734221,66.5916411,3.3808895999999997,61.046982099999994,72.1363001,..,..,..,..,..,..,..,..,..,0.5,..,..,0.7955555999999999,..,..,..,..,..,..,0.6,..,..,..,..,..,..,..,0.75,..,..,0.6912332999999999,..,0.6,..,0.75
ITAva1996,Italy,ITA,Europe & Central Asia,High income,1996,va,7,0.9987109999999999,0.19316619999999998,0.6819183999999999,1.3155036,74.3291677,3.3808895999999997,68.7845087,79.8738267,..,..,..,..,..,..,..,..,..,0.625,..,..,0.8544444,..,..,..,..,..,..,0.8999999999999999,..,..,..,..,..,..,..,1,..,..,0.6961556,..,0.19599999999999998,..,0.875
JAMva1996,Jamaica,JAM,Latin America & Caribbean,Upper middle income,1996,va,6,0.2613025,0.1939854,-0.0568336,0.5794386,61.4226835,3.3952278,55.8545099,66.9908571,..,..,..,..,..,..,..,..,..,0.375,..,..,0.7966667,..,..,..,..,..,..,1,..,..,..,..,..,..,..,0.8333332999999999,..,..,0.5530667,..,..,..,0.625
JORva1996,Jordan,JOR,Middle East & North Africa,Lower middle income,1996,va,6,-0.5467806,0.1939854,-0.8649167,-0.2286445,47.279218,3.3952278,41.7110444,52.8473915,..,..,..,..,..,..,..,..,..,0.25,..,..,0.5066667,..,..,..,..,..,..,0.39999999999999997,..,..,..,..,..,..,..,0.75,..,..,0.4661111,..,..,..,0.4375
JPNva1996,Japan,JPN,East Asia & Pacific,High income,1996,va,7,1.0933606999999999,0.19316619999999998,0.7765681,1.4101533,75.985773,3.3808895999999997,70.441114,81.53043199999999,..,..,..,..,..,..,..,..,..,0.625,..,..,0.8777777999999999,..,..,..,..,..,..,1,..,..,..,..,..,..,..,1,..,..,0.7013111,..,0.238,..,0.9375
KAZva1996,Kazakhstan,KAZ,Europe & Central Asia,Upper middle income,1996,va,5,-1.2933295999999999,0.2093266,-1.6366252,-0.9500339999999999,34.2127523,3.6637362999999996,28.2042249,40.2212798,..,..,..,..,..,..,..,..,..,0,..,..,0.2803333,..,..,..,..,..,..,0.5,..,..,..,..,..,..,..,..,..,..,0.44035559999999996,..,..,..,0.3125
KENva1996,Kenya,KEN,Sub-Saharan Africa,Lower middle income,1996,va,6,-1.1996546,0.1939854,-1.5177907,-0.8815185,35.852298,3.3952278,30.2841244,41.4204716,..,..,..,..,..,..,..,..,..,0,..,..,0.19222219999999998,..,..,..,..,..,..,0.3,..,..,..,..,..,..,..,0.75,..,..,0.40004439999999997,..,..,..,0.375
KGZva1996,Kyrgyz Republic,KGZ,Europe & Central Asia,Lower middle income,1996,va,4,-0.9104532999999999,0.24508,-1.3123844999999998,-0.5085221,40.9140405,4.28951,33.8792441,47.948836899999996,..,..,..,..,..,..,..,..,..,..,..,..,0.41133329999999996,..,..,..,..,..,..,0.6,..,..,..,..,..,..,..,..,..,..,0.4394556,..,..,..,0.25
KHMva1996,Cambodia,KHM,East Asia & Pacific,Lower middle income,1996,va,5,-1.1596214999999999,0.2093266,-1.5029171,-0.8163258999999999,36.5529769,3.6637362999999996,30.544449399999998,42.561504299999996,..,..,..,..,..,..,..,..,..,0,..,..,0.2277778,..,..,..,..,..,..,0.6,..,..,..,..,..,..,..,..,..,..,0.4697222,..,..,..,0.4375
KIRva1996,Kiribati,KIR,East Asia & Pacific,Lower middle income,1996,va,2,1.1957197,0.371378,0.5866598,1.8047795999999998,77.7773103,6.5000390999999995,67.1172461,88.43737449999999,..,..,..,..,..,..,..,..,..,..,..,..,0.94,..,..,..,..,..,..,1,..,..,..,..,..,..,..,..,..,..,..,..,..,..,..
KNAva1996,St. Kitts and Nevis,KNA,Latin America & Caribbean,High income,1996,va,2,1.0429192999999999,0.371378,0.4338594,1.6519792,75.1029229,6.5000390999999995,64.4428588,85.76298709999999,..,..,..,..,..,..,..,..,..,..,..,..,0.8844443999999999,..,..,..,..,..,..,1,..,..,..,..,..,..,..,..,..,..,..,..,..,..,..
KORva1996,"Korea, Rep.",KOR,East Asia & Pacific,High income,1996,va,7,0.6001082,0.19316619999999998,0.2833156,0.9169008,67.3526265,3.3808895999999997,61.8079676,72.8972855,..,..,..,..,..,..,..,..,..,0.5,..,..,0.8055555999999999,..,..,..,..,..,..,0.5,..,..,..,..,..,..,..,0.9166667,..,..,0.6569889,..,0.33149999999999996,..,0.8125
KWTva1996,Kuwait,KWT,Middle East & North Africa,High income,1996,va,6,-0.2761863,0.1939854,-0.5943224,0.041949799999999995,52.0152917,3.3952278,46.4471181,57.5834653,..,..,..,..,..,..,..,..,..,0.375,..,..,0.4088889,..,..,..,..,..,..,0.19999999999999998,..,..,..,..,..,..,..,0.75,..,..,0.6037667,..,..,..,0.5
LAOva1996,Lao PDR,LAO,East Asia & Pacific,Lower middle income,1996,va,4,-1.2843183999999999,0.24508,-1.6862496,-0.8823871999999999,34.3704707,4.28951,27.335674299999997,41.405267099999996,..,..,..,..,..,..,..,..,..,..,..,..,0.1822222,..,..,..,..,..,..,0.6,..,..,..,..,..,..,..,..,..,..,0.3559333,..,..,..,0.375
LBNva1996,Lebanon,LBN,Middle East & North Africa,Lower middle income,1996,va,5,-0.7302242999999999,0.19995549999999998,-1.0581513,-0.40229729999999997,44.068496599999996,3.4997187,38.3289579,49.8080353,..,..,..,..,..,..,..,..,..,0.375,..,..,0.3466667,..,..,..,..,..,..,..,..,..,..,..,..,..,..,0.5833332999999999,..,..,0.3859667,..,..,..,0.5
LBRva1996,Liberia,LBR,Sub-Saharan Africa,Low income,1996,va,5,-1.516734,0.2213967,-1.8798245999999998,-1.1536434,30.3026193,3.8749933999999997,23.94763,36.657608499999995,..,..,..,..,..,..,..,..,..,..,..,..,0.1555556,..,..,..,..,..,..,0.3,..,..,..,..,..,..,..,0.3333333,..,..,0.42093329999999995,..,..,..,0.125
LBYva1996,Libya,LBY,Middle East & North Africa,Upper middle income,1996,va,6,-1.7734550999999998,0.1939854,-2.0915912,-1.455319,25.809361,3.3952278,20.241187399999998,31.377534599999997,..,..,..,..,..,..,..,..,..,0,..,..,0.033333299999999996,..,..,..,..,..,..,0.19999999999999998,..,..,..,..,..,..,..,0.4166667,..,..,0.2986,..,..,..,0.3125
LCAva1996,St. Lucia,LCA,Latin America & Caribbean,Upper middle income,1996,va,2,1.0887594999999999,0.371378,0.4796996,1.6978194,75.90524049999999,6.5000390999999995,65.24517639999999,86.5653047,..,..,..,..,..,..,..,..,..,..,..,..,0.9011110999999999,..,..,..,..,..,..,1,..,..,..,..,..,..,..,..,..,..,..,..,..,..,..
LIEva1996,Liechtenstein,LIE,Europe & Central Asia,High income,1996,va,3,1.5419543999999998,0.3010208,1.0482803,2.0356285,83.83727929999999,5.2686131,75.1967538,92.4778048,..,..,..,..,..,..,..,..,..,..,..,..,1,..,..,..,..,..,..,1,..,..,..,..,..,..,..,..,..,..,..,..,..,..,1
LKAva1996,Sri Lanka,LKA,South Asia,Lower middle income,1996,va,6,-0.3413997,0.1939854,-0.6595358,-0.0232636,50.873894899999996,3.3952278,45.305721299999995,56.4420685,..,..,..,..,..,..,..,..,..,0.375,..,..,0.48666669999999995,..,..,..,..,..,..,0.5,..,..,..,..,..,..,..,0.5,..,..,0.5598444,..,..,..,0.5625
LSOva1996,Lesotho,LSO,Sub-Saharan Africa,Lower middle income,1996,va,4,-0.1550462,0.24508,-0.5569774,0.246885,54.135545,4.28951,47.100748599999996,61.1703414,..,..,..,..,..,..,..,..,..,..,..,..,0.47333329999999996,..,..,..,..,..,..,1,..,..,..,..,..,..,..,..,..,..,0.6322333,..,..,..,0.25
LTUva1996,Lithuania,LTU,Europe & Central Asia,High income,1996,va,5,0.8345037,0.2093266,0.4912081,1.1777993,71.4551312,3.6637362999999996,65.4466037,77.4636587,..,..,..,..,..,..,..,..,..,0.5,..,..,0.8683333,..,..,..,..,..,..,1,..,..,..,..,..,..,..,..,..,..,0.7132889,..,..,..,0.8125
LUXva1996,Luxembourg,LUX,Europe & Central Asia,High income,1996,va,6,1.499901,0.2201812,1.1388038,1.8609981999999998,83.1012401,3.8537193999999997,76.7811404,89.42133989999999,..,..,..,..,..,..,..,..,..,..,..,..,0.9666667,..,..,..,..,..,..,1,..,..,..,..,..,..,..,1,..,..,0.7292556,..,0.6909,..,1
LVAva1996,Latvia,LVA,Europe & Central Asia,High income,1996,va,5,0.4688969,0.2093266,0.1256013,0.8121925,65.0561022,3.6637362999999996,59.0475748,71.0646297,..,..,..,..,..,..,..,..,..,0.375,..,..,0.833,..,..,..,..,..,..,0.8999999999999999,..,..,..,..,..,..,..,..,..,..,0.6527556,..,..,..,0.75
MACva1996,"Macao SAR, China",MAC,East Asia & Pacific,High income,1996,va,1,0.1357513,0.45889549999999996,-0.6168372999999999,0.8883399,59.225224999999995,8.0318132,46.0530513,72.3973987,..,..,..,..,..,..,..,..,..,..,..,..,..,..,..,..,..,..,..,..,..,..,..,..,..,..,..,..,..,..,..,..,..,..,0.625
MARva1996,Morocco,MAR,Middle East & North Africa,Lower middle income,1996,va,6,-0.6577039,0.1939854,-0.9758399999999999,-0.3395678,45.3377841,3.3952278,39.7696105,50.905957699999995,..,..,..,..,..,..,..,..,..,0.5,..,..,0.3855556,..,..,..,..,..,..,0.3,..,..,..,..,..,..,..,0.5,..,..,0.37684439999999997,..,..,..,0.5625
MCOva1996,Monaco,MCO,Europe & Central Asia,High income,1996,va,2,1.1315437,0.371378,0.5224837999999999,1.7406036,76.6540705,6.5000390999999995,65.9940063,87.3141347,..,..,..,..,..,..,..,..,..,..,..,..,0.9166667,..,..,..,..,..,..,1,..,..,..,..,..,..,..,..,..,..,..,..,..,..,..
MDAva1996,Moldova,MDA,Europe & Central Asia,Upper middle income,1996,va,5,-0.14214949999999998,0.2093266,-0.48544509999999996,0.2011461,54.3612693,3.6637362999999996,48.3527419,60.369796799999996,..,..,..,..,..,..,..,..,..,0.375,..,..,0.5443333,..,..,..,..,..,..,0.7999999999999999,..,..,..,..,..,..,..,..,..,..,0.5796333,..,..,..,0.5
MDGva1996,Madagascar,MDG,Sub-Saharan Africa,Low income,1996,va,5,-0.1957343,0.2213967,-0.5588249,0.16735629999999999,53.423401999999996,3.8749933999999997,47.068412699999996,59.778391199999994,..,..,..,..,..,..,..,..,..,..,..,..,0.6711111,..,..,..,..,..,..,1,..,..,..,..,..,..,..,0.5,..,..,0.5301556,..,..,..,0.375
MDVva1996,Maldives,MDV,South Asia,Upper middle income,1996,va,4,-0.900983,0.24508,-1.3029142,-0.4990518,41.0797944,4.28951,34.044998,48.114590799999995,..,..,..,..,..,..,..,..,..,..,..,..,0.2277778,..,..,..,..,..,..,1,..,..,..,..,..,..,..,..,..,..,0.37188889999999997,..,..,..,0.5
MEXva1996,Mexico,MEX,Latin America & Caribbean,Upper middle income,1996,va,8,-0.0326496,0.1930084,-0.3491834,0.2838842,56.2777901,3.3781277,50.7376608,61.817919499999995,..,..,..,..,..,..,..,..,..,0.375,..,..,0.5488889,..,..,..,..,..,..,0.8999999999999999,..,..,..,0.22,..,..,..,0.8333332999999999,..,..,0.5641889,..,0.2292,..,0.5
MHLva1996,Marshall Islands,MHL,East Asia & Pacific,Upper middle income,1996,va,2,1.2873997,0.371378,0.6783397999999999,1.8964596,79.38193849999999,6.5000390999999995,68.7218743,90.04200259999999,..,..,..,..,..,..,..,..,..,..,..,..,0.9733333,..,..,..,..,..,..,1,..,..,..,..,..,..,..,..,..,..,..,..,..,..,..
MKDva1996,North Macedonia,MKD,Europe & Central Asia,Upper middle income,1996,va,5,-0.6190645,0.2093266,-0.9623600999999999,-0.2757689,46.0140698,3.6637362999999996,40.005542299999995,52.0225973,..,..,..,..,..,..,..,..,..,0.125,..,..,0.584,..,..,..,..,..,..,0.8999999999999999,..,..,..,..,..,..,..,..,..,..,0.5179667,..,..,..,0.3125
MLIva1996,Mali,MLI,Sub-Saharan Africa,Low income,1996,va,5,-0.0079914,0.2213967,-0.37108199999999997,0.3550992,56.70937,3.8749933999999997,50.3543808,63.0643592,..,..,..,..,..,..,..,..,..,..,..,..,0.8088888999999999,..,..,..,..,..,..,0.8999999999999999,..,..,..,..,..,..,..,0.5833332999999999,..,..,0.5601444,..,..,..,0.3125
MLTva1996,Malta,MLT,Middle East & North Africa,High income,1996,va,5,1.0600673999999999,0.2213967,0.6969768,1.423158,75.4030574,3.8749933999999997,69.0480682,81.7580466,..,..,..,..,..,..,..,..,..,..,..,..,0.9433332999999999,..,..,..,..,..,..,0.75,..,..,..,..,..,..,..,1,..,..,0.6578778,..,..,..,0.8125
MMRva1996,Myanmar,MMR,East Asia & Pacific,Lower middle income,1996,va,6,-2.1460367,0.1939854,-2.4641728,-1.8279006,19.2882557,3.3952278,13.720082099999999,24.8564293,..,..,..,..,..,..,..,..,..,0,..,..,0.0033333,..,..,..,..,..,..,0,..,..,..,..,..,..,..,0.0833333,..,..,0.2733,..,..,..,0.25
MNGva1996,Mongolia,MNG,East Asia & Pacific,Upper middle income,1996,va,5,0.35938939999999997,0.2213967,-0.0037012,0.72248,63.1394484,3.8749933999999997,56.7844592,69.4944376,..,..,..,..,..,..,..,..,..,..,..,..,0.72,..,..,..,..,..,..,1,..,..,..,..,..,..,..,0.8333332999999999,..,..,0.6079,..,..,..,0.4375
MOZva1996,Mozambique,MOZ,Sub-Saharan Africa,Low income,1996,va,6,-0.317432,0.1939854,-0.6355681,0.0007040999999999999,51.2933893,3.3952278,45.7252157,56.861562899999996,..,..,..,..,..,..,..,..,..,0.625,..,..,0.5555555999999999,..,..,..,..,..,..,0.6,..,..,..,..,..,..,..,0.4166667,..,..,0.48984439999999996,..,..,..,0.375
MRTva1996,Mauritania,MRT,Sub-Saharan Africa,Lower middle income,1996,va,4,-0.9409436999999999,0.24508,-1.3428749,-0.5390125,40.3803826,4.28951,33.3455862,47.415178999999995,..,..,..,..,..,..,..,..,..,..,..,..,0.20777779999999998,..,..,..,..,..,..,0.7999999999999999,..,..,..,..,..,..,..,..,..,..,0.39522219999999997,..,..,..,0.5
MTQva1996,Martinique,MTQ,,,1996,va,1,0.5809802,0.45889549999999996,-0.1716084,1.3335687999999999,67.0178389,8.0318132,53.8456653,80.1900126,..,..,..,..,..,..,..,..,..,..,..,..,..,..,..,..,..,..,..,..,..,..,..,..,..,..,..,..,..,..,..,..,..,..,0.75
MUSva1996,Mauritius,MUS,Sub-Saharan Africa,Upper middle income,1996,va,4,0.7643381,0.22919579999999998,0.388457,1.1402192,70.22705859999999,4.0114968,63.6482038,76.8059134,..,..,..,..,..,..,..,..,..,0.625,..,..,0.8611110999999999,..,..,..,..,..,..,0.7999999999999999,..,..,..,..,..,..,..,..,..,..,0.6636221999999999,..,..,..,..
MWIva1996,Malawi,MWI,Sub-Saharan Africa,Low income,1996,va,6,-0.1898317,0.1939854,-0.5079678,0.12830439999999999,53.5267121,3.3952278,47.9585386,59.0948857,..,..,..,..,..,..,..,..,..,0.25,..,..,0.7066667,..,..,..,..,..,..,0.7999999999999999,..,..,..,..,..,..,..,0.5833332999999999,..,..,0.5700889,..,..,..,0.5
MYSva1996,Malaysia,MYS,East Asia & Pacific,Upper middle income,1996,va,7,-0.6063501,0.19316619999999998,-0.9231427,-0.28955749999999997,46.2366034,3.3808895999999997,40.6919444,51.781262399999996,..,..,..,..,..,..,..,..,..,0.25,..,..,0.40777779999999997,..,..,..,..,..,..,0.5,..,..,..,..,..,..,..,0.6666667,..,..,0.3807333,..,0.6423,..,0.6875
NAMva1996,Namibia,NAM,Sub-Saharan Africa,Lower middle income,1996,va,6,0.3099676,0.1939854,-0.0081685,0.6281036999999999,62.274443899999994,3.3952278,56.7062703,67.8426175,..,..,..,..,..,..,..,..,..,0.5,..,..,0.7333333,..,..,..,..,..,..,0.8999999999999999,..,..,..,..,..,..,..,0.9166667,..,..,0.5918667,..,..,..,0.4375
NERva1996,Niger,NER,Sub-Saharan Africa,Low income,1996,va,5,-1.5588676,0.2213967,-1.9219582,-1.1957769999999999,29.5651764,3.8749933999999997,23.2101872,35.9201656,..,..,..,..,..,..,..,..,..,..,..,..,0.2344444,..,..,..,..,..,..,0.19999999999999998,..,..,..,..,..,..,..,0.0833333,..,..,0.4777667,..,..,..,0.125
NGAva1996,Nigeria,NGA,Sub-Saharan Africa,Lower middle income,1996,va,6,-1.5687343999999999,0.1939854,-1.8868705,-1.2505983,29.3924828,3.3952278,23.8243092,34.9606564,..,..,..,..,..,..,..,..,..,0.125,..,..,0.0788889,..,..,..,..,..,..,0,..,..,..,..,..,..,..,0.1666667,..,..,0.47709999999999997,..,..,..,0.25
NICva1996,Nicaragua,NIC,Latin America & Caribbean,Lower middle income,1996,va,7,-0.1502212,0.1938256,-0.4680952,0.1676528,54.2199945,3.3924306,48.656408299999995,59.783580699999995,..,..,..,..,..,..,..,..,..,0.375,..,..,0.6311110999999999,..,..,..,..,..,..,0.7999999999999999,..,..,..,0.38999999999999996,..,..,..,0.5833332999999999,..,..,0.5736333,..,..,..,0.4375
NLDva1996,Netherlands,NLD,Europe & Central Asia,High income,1996,va,7,1.6400795,0.19316619999999998,1.3232869,1.9568721,85.55471279999999,3.3808895999999997,80.0100538,91.0993718,..,..,..,..,..,..,..,..,..,1,..,..,0.9533332999999999,..,..,..,..,..,..,1,..,..,..,..,..,..,..,1,..,..,0.7379110999999999,..,0.5368999999999999,..,1
NORva1996,Norway,NOR,Europe & Central Asia,High income,1996,va,7,1.6676879,0.19316619999999998,1.3508953,1.9844804999999999,86.03792849999999,3.3808895999999997,80.4932695,91.5825875,..,..,..,..,..,..,..,..,..,1,..,..,0.9833333,..,..,..,..,..,..,1,..,..,..,..,..,..,..,1,..,..,0.7288333,..,0.7272,..,1
NPLva1996,Nepal,NPL,South Asia,Lower middle income,1996,va,4,-0.3941095,0.24508,-0.7960406999999999,0.0078217,49.9513422,4.28951,42.9165458,56.9861386,..,..,..,..,..,..,..,..,..,..,..,..,0.5355556,..,..,..,..,..,..,0.7999999999999999,..,..,..,..,..,..,..,..,..,..,0.4521111,..,..,..,0.5
NRUva1996,Nauru,NRU,East Asia & Pacific,High income,1996,va,2,1.0001354,0.371378,0.39107549999999996,1.6091952999999999,74.3540982,6.5000390999999995,63.694033999999995,85.01416239999999,..,..,..,..,..,..,..,..,..,..,..,..,0.8688889,..,..,..,..,..,..,1,..,..,..,..,..,..,..,..,..,..,..,..,..,..,..
NZLva1996,New Zealand,NZL,East Asia & Pacific,High income,1996,va,7,1.5426849999999999,0.19316619999999998,1.2258924,1.8594776,83.85006659999999,3.3808895999999997,78.3054076,89.3947256,..,..,..,..,..,..,..,..,..,0.875,..,..,0.98,..,..,..,..,..,..,1,..,..,..,..,..,..,..,1,..,..,0.7304333,..,0.6699999999999999,..,1
OMNva1996,Oman,OMN,Middle East & North Africa,High income,1996,va,6,-1.0905548,0.1939854,-1.4086908999999999,-0.7724187,37.761815999999996,3.3952278,32.1936424,43.3299896,..,..,..,..,..,..,..,..,..,0.25,..,..,0.22111109999999998,..,..,..,..,..,..,0.19999999999999998,..,..,..,..,..,..,..,0.5833332999999999,..,..,0.2951667,..,..,..,0.625
PAKva1996,Pakistan,PAK,South Asia,Lower middle income,1996,va,6,-0.974779,0.1939854,-1.2929150999999999,-0.6566428999999999,39.7881807,3.3952278,34.2200071,45.3563543,..,..,..,..,..,..,..,..,..,0.125,..,..,0.43111109999999997,..,..,..,..,..,..,0.3,..,..,..,..,..,..,..,0.5,..,..,0.4523333,..,..,..,0.375
PANva1996,Panama,PAN,Latin America & Caribbean,High income,1996,va,7,0.10145979999999999,0.1938256,-0.2164142,0.4193338,58.625038399999994,3.3924306,53.0614522,64.1886246,..,..,..,..,..,..,..,..,..,0.375,..,..,0.7333333,..,..,..,..,..,..,0.8999999999999999,..,..,..,0.16,..,..,..,0.5,..,..,0.6340444,..,..,..,0.625
PERva1996,Peru,PER,Latin America & Caribbean,Upper middle income,1996,va,7,-0.610698,0.1938256,-0.928572,-0.292824,46.1605044,3.3924306,40.5969182,51.7240906,..,..,..,..,..,..,..,..,..,0.375,..,..,0.5355556,..,..,..,..,..,..,0.7,..,..,..,0.32999999999999996,..,..,..,0.25,..,..,0.48966669999999995,..,..,..,0.4375
PHLva1996,Philippines,PHL,East Asia & Pacific,Lower middle income,1996,va,7,0.0031887,0.19316619999999998,-0.3136039,0.31998129999999997,56.9050496,3.3808895999999997,51.360390599999995,62.449708599999994,..,..,..,..,..,..,..,..,..,0.375,..,..,0.6799999999999999,..,..,..,..,..,..,0.7999999999999999,..,..,..,..,..,..,..,0.6666667,..,..,0.5469778,..,0.3977,..,0.625
PLWva1996,Palau,PLW,East Asia & Pacific,High income,1996,va,2,1.1315437,0.371378,0.5224837999999999,1.7406036,76.6540705,6.5000390999999995,65.9940063,87.3141347,..,..,..,..,..,..,..,..,..,..,..,..,0.9166667,..,..,..,..,..,..,1,..,..,..,..,..,..,..,..,..,..,..,..,..,..,..
PNGva1996,Papua New Guinea,PNG,East Asia & Pacific,Lower middle income,1996,va,6,-0.15722,0.1939854,-0.4753561,0.1609161,54.097498099999996,3.3952278,48.5293245,59.6656717,..,..,..,..,..,..,..,..,..,0.375,..,..,0.6777778,..,..,..,..,..,..,0.8999999999999999,..,..,..,..,..,..,..,0.75,..,..,0.49952219999999997,..,..,..,0.375
POLva1996,Poland,POL,Europe & Central Asia,High income,1996,va,7,1.1094023,0.19316619999999998,0.7926097,1.4261949,76.2665409,3.3808895999999997,70.7218819,81.81119989999999,..,..,..,..,..,..,..,..,..,0.75,..,..,0.8793333,..,..,..,..,..,..,0.8999999999999999,..,..,..,..,..,..,..,0.9166667,..,..,0.7259333,..,0.34759999999999996,..,0.8125
PRIva1996,Puerto Rico (U.S.),PRI,Latin America & Caribbean,High income,1996,va,2,1.0497779,0.3249099,0.5169256999999999,1.5826300999999998,75.2229655,5.6867316,65.8967258,84.5492053,..,..,..,..,..,..,..,..,..,..,..,..,0.9166667,..,..,..,..,..,..,..,..,..,..,..,..,..,..,..,..,..,..,..,..,..,0.8125
PRKva1996,"Korea, Dem. People's Rep.",PRK,East Asia & Pacific,Low income,1996,va,5,-2.0292379,0.2213967,-2.3923285,-1.6661473,21.332525399999998,3.8749933999999997,14.9775362,27.6875146,..,..,..,..,..,..,..,..,..,..,..,..,0,..,..,..,..,..,..,0,..,..,..,..,..,..,..,0.25,..,..,0.3573222,..,..,..,0.0625
PRTva1996,Portugal,PRT,Europe & Central Asia,High income,1996,va,7,1.4886917,0.19316619999999998,1.1718990999999999,1.8054842999999998,82.90504949999999,3.3808895999999997,77.3603905,88.4497085,..,..,..,..,..,..,..,..,..,0.875,..,..,0.9433332999999999,..,..,..,..,..,..,1,..,..,..,..,..,..,..,1,..,..,0.7272778,..,0.47209999999999996,..,1
PRYva1996,Paraguay,PRY,Latin America & Caribbean,Upper middle income,1996,va,7,-0.2822357,0.1938256,-0.6001097,0.0356383,51.9094122,3.3924306,46.345825999999995,57.4729983,..,..,..,..,..,..,..,..,..,0.375,..,..,0.5488889,..,..,..,..,..,..,0.8999999999999999,..,..,..,0.42,..,..,..,0.6666667,..,..,0.5309889,..,..,..,0.3125
PSEva1996,West Bank and Gaza,PSE,Middle East & North Africa,Lower middle income,1996,va,3,-0.8088055,0.2574646,-1.2310474,-0.3865636,42.69313,4.5062709,35.3028458,50.0834142,..,..,..,..,..,..,..,..,..,..,..,..,0.29,..,..,..,..,..,..,..,..,..,..,..,..,..,..,..,..,..,0.5497111,..,..,..,0.25
QATva1996,Qatar,QAT,Middle East & North Africa,High income,1996,va,6,-1.3507951999999999,0.1939854,-1.6689313,-1.0326591,33.206961299999996,3.3952278,27.638787699999998,38.7751349,..,..,..,..,..,..,..,..,..,0.25,..,..,0.2122222,..,..,..,..,..,..,1,..,..,..,..,..,..,..,0.4166667,..,..,0.093,..,..,..,0.625
ROUva1996,Romania,ROU,Europe & Central Asia,High income,1996,va,6,0.09277719999999999,0.1939854,-0.2253589,0.4109133,58.4730713,3.3952278,52.9048977,64.0412449,..,..,..,..,..,..,..,..,..,0.375,..,..,0.6226667,..,..,..,..,..,..,0.8999999999999999,..,..,..,..,..,..,..,0.75,..,..,0.5773777999999999,..,..,..,0.625
RUSva1996,Russian Federation,RUS,Europe & Central Asia,High income,1996,va,7,-0.4057691,0.19316619999999998,-0.7225617,-0.0889765,49.747270199999996,3.3808895999999997,44.2026112,55.2919292,..,..,..,..,..,..,..,..,..,0.25,..,..,0.5523333,..,..,..,..,..,..,0.5,..,..,..,..,..,..,..,0.6666667,..,..,0.5370111,..,0.1628,..,0.5
RWAva1996,Rwanda,RWA,Sub-Saharan Africa,Low income,1996,va,4,-1.7299039999999999,0.24508,-2.1318352,-1.3279728,26.5716137,4.28951,19.5368173,33.6064101,..,..,..,..,..,..,..,..,..,..,..,..,0.1422222,..,..,..,..,..,..,0.39999999999999997,..,..,..,..,..,..,..,..,..,..,0.3321667,..,..,..,0.125
SAUva1996,Saudi Arabia,SAU,Middle East & North Africa,High income,1996,va,6,-1.9615460999999998,0.1939854,-2.2796822,-1.6434099999999998,22.5173004,3.3952278,16.9491268,28.085473999999998,..,..,..,..,..,..,..,..,..,0,..,..,0.0666667,..,..,..,..,..,..,0,..,..,..,..,..,..,..,0.4166667,..,..,0.20236669999999998,..,..,..,0.3125
SDNva1996,Sudan,SDN,Sub-Saharan Africa,Low income,1996,va,6,-2.0723115,0.1939854,-2.3904476,-1.7541753999999998,20.5786302,3.3952278,15.0104566,26.146803799999997,..,..,..,..,..,..,..,..,..,0,..,..,0.049999999999999996,..,..,..,..,..,..,0,..,..,..,..,..,..,..,0.0833333,..,..,0.2960889,..,..,..,0.25
SENva1996,Senegal,SEN,Sub-Saharan Africa,Lower middle income,1996,va,6,-0.10699929999999999,0.1939854,-0.4251354,0.21113679999999999,54.9764853,3.3952278,49.4083117,60.544658899999995,..,..,..,..,..,..,..,..,..,0.375,..,..,0.5433333,..,..,..,..,..,..,0.6,..,..,..,..,..,..,..,0.6666667,..,..,0.5707,..,..,..,0.625
SGPva1996,Singapore,SGP,East Asia & Pacific,High income,1996,va,7,0.2958286,0.19316619999999998,-0.020964,0.6126212,62.0269762,3.3808895999999997,56.4823172,67.5716352,..,..,..,..,..,..,..,..,..,0.875,..,..,0.3911111,..,..,..,..,..,..,0.39999999999999997,..,..,..,..,..,..,..,0.75,..,..,0.5463110999999999,..,0.7461,..,0.6875
SLBva1996,Solomon Islands,SLB,East Asia & Pacific,Lower middle income,1996,va,3,0.5555879,0.2788181,0.0983262,1.0128496,66.5734105,4.880010899999999,58.5701926,74.57662839999999,..,..,..,..,..,..,..,..,..,..,..,..,0.8977778,..,..,..,..,..,..,1,..,..,..,..,..,..,..,..,..,..,0.5376111,..,..,..,..
SLEva1996,Sierra Leone,SLE,Sub-Saharan Africa,Low income,1996,va,5,-0.7449655,0.2213967,-1.1080561,-0.38187489999999996,43.810488899999996,3.8749933999999997,37.4554997,50.165478199999995,..,..,..,..,..,..,..,..,..,..,..,..,0.36111109999999996,..,..,..,..,..,..,0.6,..,..,..,..,..,..,..,0.5833332999999999,..,..,0.4921444,..,..,..,0.25
SLVva1996,El Salvador,SLV,Latin America & Caribbean,Upper middle income,1996,va,7,-0.44606969999999996,0.1938256,-0.7639437,-0.1281957,49.041909399999994,3.3924306,43.4783232,54.6054956,..,..,..,..,..,..,..,..,..,0.125,..,..,0.6011111,..,..,..,..,..,..,1,..,..,..,0.31,..,..,..,0.5833332999999999,..,..,0.5045889,..,..,..,0.5
SMRva1996,San Marino,SMR,Europe & Central Asia,High income,1996,va,2,1.3607439,0.371378,0.751684,1.9698038,80.6656445,6.5000390999999995,70.00558029999999,91.32570869999999,..,..,..,..,..,..,..,..,..,..,..,..,1,..,..,..,..,..,..,1,..,..,..,..,..,..,..,..,..,..,..,..,..,..,..
SOMva1996,Federal Republic of Somalia,SOM,Sub-Saharan Africa,Low income,1996,va,4,-2.1587535,0.23039939999999998,-2.5366085,-1.7808985,19.06568,4.0325628,12.4522771,25.679083,..,..,..,..,..,..,..,..,..,..,..,..,0.0466667,..,..,..,..,..,..,..,..,..,..,..,..,..,..,0.0833333,..,..,0.3204333,..,..,..,0.0625
SRBva1996,Serbia,SRB,Europe & Central Asia,Upper middle income,1996,va,6,-1.380423,0.1939854,-1.6985591,-1.0622869,32.688401,3.3952278,27.120227399999997,38.2565746,..,..,..,..,..,..,..,..,..,0.125,..,..,0.25,..,..,..,..,..,..,0.3,..,..,..,..,..,..,..,0.25,..,..,0.43647779999999997,..,..,..,0.25
STPva1996,São Tomé and Príncipe,STP,Sub-Saharan Africa,Lower middle income,1996,va,4,0.3614554,0.24508,-0.0404758,0.7633865999999999,63.175608499999996,4.28951,56.1408121,70.2104049,..,..,..,..,..,..,..,..,..,..,..,..,0.7844443999999999,..,..,..,..,..,..,1,..,..,..,..,..,..,..,..,..,..,0.6150333,..,..,..,0.4375
SURva1996,Suriname,SUR,Latin America & Caribbean,Upper middle income,1996,va,5,0.0216089,0.2213967,-0.3414817,0.38469949999999997,57.2274489,3.8749933999999997,50.8724597,63.5824381,..,..,..,..,..,..,..,..,..,..,..,..,0.6744443999999999,..,..,..,..,..,..,1,..,..,..,..,..,..,..,0.5,..,..,0.6503443999999999,..,..,..,0.3125
SVKva1996,Slovak Republic,SVK,Europe & Central Asia,High income,1996,va,6,0.6272182,0.1939854,0.30908209999999997,0.9453543,67.827119,3.3952278,62.258945399999995,73.39529259999999,..,..,..,..,..,..,..,..,..,0.625,..,..,0.5686667,..,..,..,..,..,..,0.8999999999999999,..,..,..,..,..,..,..,0.9166667,..,..,0.6870444,..,..,..,0.6875
SVNva1996,Slovenia,SVN,Europe & Central Asia,High income,1996,va,5,1.2643575999999999,0.2093266,0.9210619999999999,1.6076532,78.9786444,3.6637362999999996,72.9701169,84.9871718,..,..,..,..,..,..,..,..,..,0.875,..,..,0.8523333,..,..,..,..,..,..,0.8999999999999999,..,..,..,..,..,..,..,..,..,..,0.7168667,..,..,..,0.875
SWEva1996,Sweden,SWE,Europe & Central Asia,High income,1996,va,7,1.6578642,0.19316619999999998,1.3410716,1.9746568,85.8659893,3.3808895999999997,80.3213303,91.41064829999999,..,..,..,..,..,..,..,..,..,1,..,..,0.9666667,..,..,..,..,..,..,1,..,..,..,..,..,..,..,1,..,..,0.7500333,..,0.4208,..,1
SWZva1996,Eswatini,SWZ,Sub-Saharan Africa,Lower middle income,1996,va,4,-1.3355162,0.24508,-1.7374474,-0.933585,33.474381799999996,4.28951,26.4395854,40.5091782,..,..,..,..,..,..,..,..,..,..,..,..,0.26999999999999996,..,..,..,..,..,..,0.39999999999999997,..,..,..,..,..,..,..,..,..,..,0.3977667,..,..,..,0.1875
SYCva1996,Seychelles,SYC,Sub-Saharan Africa,High income,1996,va,4,-0.035996299999999995,0.24508,-0.43792749999999997,0.3659349,56.2192145,4.28951,49.184418099999995,63.2540109,..,..,..,..,..,..,..,..,..,..,..,..,0.6111111,..,..,..,..,..,..,1,..,..,..,..,..,..,..,..,..,..,0.49816669999999996,..,..,..,0.5625
SYRva1996,Syrian Arab Republic,SYR,Middle East & North Africa,Low income,1996,va,6,-1.6105582999999999,0.1939854,-1.9286944,-1.2924221999999999,28.6604605,3.3952278,23.092286899999998,34.2286341,..,..,..,..,..,..,..,..,..,0.125,..,..,0.0833333,..,..,..,..,..,..,0.19999999999999998,..,..,..,..,..,..,..,0.3333333,..,..,0.3103556,..,..,..,0.375
TCDva1996,Chad,TCD,Sub-Saharan Africa,Low income,1996,va,4,-1.2688876999999998,0.24508,-1.6708189,-0.8669564999999999,34.6405464,4.28951,27.60575,41.675342799999996,..,..,..,..,..,..,..,..,..,..,..,..,0.26,..,..,..,..,..,..,0.5,..,..,..,..,..,..,..,..,..,..,0.38872219999999996,..,..,..,0.25
TGOva1996,Togo,TGO,Sub-Saharan Africa,Low income,1996,va,5,-1.2119457999999999,0.2213967,-1.5750364,-0.8488551999999999,35.6371714,3.8749933999999997,29.2821821,41.9921606,..,..,..,..,..,..,..,..,..,..,..,..,0.2666667,..,..,..,..,..,..,0.3,..,..,..,..,..,..,..,0.3333333,..,..,0.41592219999999996,..,..,..,0.375
THAva1996,Thailand,THA,East Asia & Pacific,Upper middle income,1996,va,7,0.0582383,0.19316619999999998,-0.2585543,0.3750309,57.868554599999996,3.3808895999999997,52.3238956,63.4132136,..,..,..,..,..,..,..,..,..,0.625,..,..,0.6644443999999999,..,..,..,..,..,..,0.6,..,..,..,..,..,..,..,0.6666667,..,..,0.479,..,0.3263,..,0.625
TJKva1996,Tajikistan,TJK,Europe & Central Asia,Lower middle income,1996,va,4,-1.8991851,0.24508,-2.3011163,-1.4972539,23.6087731,4.28951,16.5739767,30.643569499999998,..,..,..,..,..,..,..,..,..,..,..,..,0.0683333,..,..,..,..,..,..,0.3,..,..,..,..,..,..,..,..,..,..,0.31698889999999996,..,..,..,0.125
TKMva1996,Turkmenistan,TKM,Europe & Central Asia,Upper middle income,1996,va,4,-1.7827906,0.24508,-2.1847217999999997,-1.3808593999999998,25.6459665,4.28951,18.6111701,32.6807629,..,..,..,..,..,..,..,..,..,..,..,..,0.032,..,..,..,..,..,..,0.3,..,..,..,..,..,..,..,..,..,..,0.32913329999999996,..,..,..,0.25
TLSva1996,Timor-Leste,TLS,East Asia & Pacific,Lower middle income,1996,va,1,-1.8076701,0.3899513,-2.4471902,-1.16815,25.2105134,6.825118,14.017319899999999,36.403706899999996,..,..,..,..,..,..,..,..,..,..,..,..,..,..,..,..,..,..,..,..,..,..,..,..,..,..,..,..,..,..,0.2929333,..,..,..,..
TONva1996,Tonga,TON,East Asia & Pacific,Upper middle income,1996,va,2,0.068054,0.371378,-0.5410058999999999,0.6771138999999999,58.0403538,6.5000390999999995,47.3802896,68.700418,..,..,..,..,..,..,..,..,..,..,..,..,0.53,..,..,..,..,..,..,1,..,..,..,..,..,..,..,..,..,..,..,..,..,..,..
TTOva1996,Trinidad and Tobago,TTO,Latin America & Caribbean,High income,1996,va,6,0.7103385,0.1939854,0.3922024,1.0284746,69.2819312,3.3952278,63.713757599999994,74.8501047,..,..,..,..,..,..,..,..,..,0.75,..,..,0.8444444,..,..,..,..,..,..,0.8999999999999999,..,..,..,..,..,..,..,0.75,..,..,0.6543778,..,..,..,0.5625
TUNva1996,Tunisia,TUN,Middle East & North Africa,Lower middle income,1996,va,6,-0.9874442,0.1939854,-1.3055803,-0.6693081,39.5665082,3.3952278,33.9983346,45.134681699999994,..,..,..,..,..,..,..,..,..,0.25,..,..,0.2666667,..,..,..,..,..,..,0.6,..,..,..,..,..,..,..,0.5,..,..,0.3327333,..,..,..,0.5625
TURva1996,Türkiye,TUR,Europe & Central Asia,Upper middle income,1996,va,7,-0.3062373,0.19316619999999998,-0.6230299,0.0105553,51.4893244,3.3808895999999997,45.9446654,57.0339834,..,..,..,..,..,..,..,..,..,0.25,..,..,0.3944444,..,..,..,..,..,..,0.6,..,..,..,..,..,..,..,0.6666667,..,..,0.6407556,..,0.3263,..,0.5
TUVva1996,Tuvalu,TUV,East Asia & Pacific,Upper middle income,1996,va,2,1.3607439,0.371378,0.751684,1.9698038,80.6656445,6.5000390999999995,70.00558029999999,91.32570869999999,..,..,..,..,..,..,..,..,..,..,..,..,1,..,..,..,..,..,..,1,..,..,..,..,..,..,..,..,..,..,..,..,..,..,..
TWNva1996,"Taiwan, China",TWN,East Asia & Pacific,High income,1996,va,7,0.7465204,0.19316619999999998,0.4297278,1.063313,69.9152045,3.3808895999999997,64.37054549999999,75.4598635,..,..,..,..,..,..,..,..,..,0.75,..,..,0.7955555999999999,..,..,..,..,..,..,0.7,..,..,..,..,..,..,..,0.8333332999999999,..,..,0.6238222,..,0.47769999999999996,..,0.75
TZAva1996,Tanzania,TZA,Sub-Saharan Africa,Lower middle income,1996,va,6,-0.9717564999999999,0.1939854,-1.2898926,-0.6536204,39.841082,3.3952278,34.2729084,45.4092555,..,..,..,..,..,..,..,..,..,0,..,..,0.39222219999999997,..,..,..,..,..,..,0.39999999999999997,..,..,..,..,..,..,..,0.5,..,..,0.5273555999999999,..,..,..,0.375
UGAva1996,Uganda,UGA,Sub-Saharan Africa,Low income,1996,va,6,-1.0283586999999998,0.1939854,-1.3464947999999999,-0.7102225999999999,38.850402599999995,3.3952278,33.282229,44.4185762,..,..,..,..,..,..,..,..,..,0.125,..,..,0.5399999999999999,..,..,..,..,..,..,0.39999999999999997,..,..,..,..,..,..,..,0.3333333,..,..,0.4689778,..,..,..,0.25
UKRva1996,Ukraine,UKR,Europe & Central Asia,Upper middle income,1996,va,5,-0.5180412999999999,0.2093266,-0.8613369,-0.1747457,47.7822272,3.6637362999999996,41.773699799999996,53.7907547,..,..,..,..,..,..,..,..,..,0.125,..,..,0.5436667,..,..,..,..,..,..,0.5,..,..,..,..,..,..,..,..,..,..,0.5750778,..,..,..,0.5
URYva1996,Uruguay,URY,Latin America & Caribbean,High income,1996,va,7,0.8076281,0.1938256,0.48975409999999997,1.1255020999999998,70.9847413,3.3924306,65.4211551,76.5483275,..,..,..,..,..,..,..,..,..,0.625,..,..,0.8477777999999999,..,..,..,..,..,..,1,..,..,..,0.38,..,..,..,0.75,..,..,0.7382888999999999,..,..,..,0.625
USAva1996,United States,USA,North America,High income,1996,va,7,1.3668945,0.19316619999999998,1.0501019,1.6836871,80.7732953,3.3808895999999997,75.22863629999999,86.3179543,..,..,..,..,..,..,..,..,..,0.875,..,..,0.9533332999999999,..,..,..,..,..,..,0.8999999999999999,..,..,..,..,..,..,..,1,..,..,0.6886110999999999,..,0.47159999999999996,..,0.9375
UZBva1996,Uzbekistan,UZB,Europe & Central Asia,Lower middle income,1996,va,4,-1.6654422999999998,0.22919579999999998,-2.0413234,-1.2895611999999999,27.699853899999997,4.0114968,21.1209991,34.278708699999996,..,..,..,..,..,..,..,..,..,0,..,..,0.123,..,..,..,..,..,..,0.5,..,..,..,..,..,..,..,..,..,..,0.3621889,..,..,..,..
VCTva1996,St. Vincent and the Grenadines,VCT,Latin America & Caribbean,Upper middle income,1996,va,2,1.0612553999999998,0.371378,0.4521955,1.6703153,75.4238503,6.5000390999999995,64.76378609999999,86.08391449999999,..,..,..,..,..,..,..,..,..,..,..,..,0.8911110999999999,..,..,..,..,..,..,1,..,..,..,..,..,..,..,..,..,..,..,..,..,..,..
VENva1996,"Venezuela, RB",VEN,Latin America & Caribbean,,1996,va,8,-0.1611068,0.1930084,-0.47764059999999997,0.15542699999999998,54.029469399999996,3.3781277,48.48934,59.5695987,..,..,..,..,..,..,..,..,..,0.25,..,..,0.7266667,..,..,..,..,..,..,0.7,..,..,..,0.19,..,..,..,0.6666667,..,..,0.6303556,..,0.0894,..,0.375
VNMva1996,Viet Nam,VNM,East Asia & Pacific,Lower middle income,1996,va,6,-1.1744364,0.1939854,-1.4925724999999999,-0.8563003,36.2936792,3.3952278,30.725505599999998,41.8618528,..,..,..,..,..,..,..,..,..,0.125,..,..,0.10333329999999999,..,..,..,..,..,..,0.09999999999999999,..,..,..,..,..,..,..,0.4166667,..,..,0.49403329999999995,..,..,..,0.5
VUTva1996,Vanuatu,VUT,East Asia & Pacific,Lower middle income,1996,va,3,0.3962329,0.2788181,-0.061028799999999994,0.8534946,63.7843014,4.880010899999999,55.781083499999994,71.78751919999999,..,..,..,..,..,..,..,..,..,..,..,..,0.7488889,..,..,..,..,..,..,1,..,..,..,..,..,..,..,..,..,..,0.5579778,..,..,..,..
WSMva1996,Samoa,WSM,East Asia & Pacific,Upper middle income,1996,va,3,0.6935756,0.3010208,0.19990149999999998,1.1872497,68.98853869999999,5.2686131,60.3480132,77.6290642,..,..,..,..,..,..,..,..,..,..,..,..,0.7955555999999999,..,..,..,..,..,..,1,..,..,..,..,..,..,..,..,..,..,..,..,..,..,0.6875
XKXva1996,Kosovo,XKX,Europe & Central Asia,Upper middle income,1996,va,1,-2.1653634999999998,0.4193205,-2.8530491,-1.4776779,18.949988599999998,7.3391522,6.9137789,30.986198199999997,..,..,..,..,..,..,..,..,..,..,..,..,0,..,..,..,..,..,..,..,..,..,..,..,..,..,..,..,..,..,..,..,..,..,..
YEMva1996,"Yemen, Rep.",YEM,Middle East & North Africa,Low income,1996,va,6,-0.9228208,0.1939854,-1.2409569,-0.6046847,40.6975785,3.3952278,35.1294049,46.2657521,..,..,..,..,..,..,..,..,..,0.25,..,..,0.2733333,..,..,..,..,..,..,0.39999999999999997,..,..,..,..,..,..,..,0.5833332999999999,..,..,0.41187779999999996,..,..,..,0.4375
ZAFva1996,South Africa,ZAF,Sub-Saharan Africa,Upper middle income,1996,va,7,0.5174968999999999,0.19316619999999998,0.2007043,0.8342895,65.9067232,3.3808895999999997,60.3620642,71.4513822,..,..,..,..,..,..,..,..,..,0.5,..,..,0.8544444,..,..,..,..,..,..,0.8999999999999999,..,..,..,..,..,..,..,0.8333332999999999,..,..,0.5693332999999999,..,0.5494,..,0.75
ZMBva1996,Zambia,ZMB,Sub-Saharan Africa,Lower middle income,1996,va,6,-0.6581791,0.1939854,-0.9763151999999999,-0.340043,45.3294669,3.3952278,39.7612934,50.897640499999994,..,..,..,..,..,..,..,..,..,0.125,..,..,0.40777779999999997,..,..,..,..,..,..,0.6,..,..,..,..,..,..,..,0.75,..,..,0.5090778,..,..,..,0.375
ZWEva1996,Zimbabwe,ZWE,Sub-Saharan Africa,Lower middle income,1996,va,6,-0.9056709,0.1939854,-1.2238069999999999,-0.5875348,40.997744399999995,3.3952278,35.4295709,46.565917999999996,..,..,..,..,..,..,..,..,..,0.125,..,..,0.3655556,..,..,..,..,..,..,0.7999999999999999,..,..,..,..,..,..,..,0.5833332999999999,..,..,0.4168556,..,..,..,0.375
ADOva1998,Andorra,ADO,,,1998,va,3,1.5405978999999999,0.3010208,1.0469237999999998,2.034272,83.8135372,5.2686131,75.1730117,92.4540627,..,..,..,..,..,..,..,..,..,..,..,..,1,..,..,..,..,..,..,1,..,..,..,..,..,..,..,..,..,..,..,..,..,..,1
AFGva1998,Afghanistan,AFG,South Asia,Low income,1998,va,4,-2.3579466,0.24508,-2.7598778,-1.9560153999999998,15.579305,4.28951,8.5445086,22.6141014,..,..,..,..,..,..,..,..,..,..,..,..,0,..,..,..,..,..,..,0,..,..,..,..,..,..,..,..,..,..,0.2455667,..,..,..,0.0625
AGOva1998,Angola,AGO,Sub-Saharan Africa,Lower middle income,1998,va,6,-1.6379403,0.1939854,-1.9560764,-1.3198041999999999,28.181207299999997,3.3952278,22.6130337,33.7493809,..,..,..,..,..,..,..,..,..,0.125,..,..,0.1977778,..,..,..,..,..,..,0.09999999999999999,..,..,..,..,..,..,..,0.4166667,..,..,0.32026669999999996,..,..,..,0.125
ALBva1998,Albania,ALB,Europe & Central Asia,Upper middle income,1998,va,5,-0.6636183999999999,0.2213967,-1.0267089999999999,-0.3005278,45.234265699999995,3.8749933999999997,38.879276399999995,51.5892549,..,..,..,..,..,..,..,..,..,..,..,..,0.413,..,..,..,..,..,..,0.7999999999999999,..,..,..,..,..,..,..,0.6666667,..,..,0.4450444,..,..,..,0.25
AREva1998,United Arab Emirates,ARE,Middle East & North Africa,High income,1998,va,6,-0.8440648,0.1939854,-1.1622009,-0.5259287,42.076004499999996,3.3952278,36.5078309,47.6441781,..,..,..,..,..,..,..,..,..,0.375,..,..,0.2466667,..,..,..,..,..,..,0.19999999999999998,..,..,..,..,..,..,..,0.5833332999999999,..,..,0.3352333,..,..,..,0.6875
ARGva1998,Argentina,ARG,Latin America & Caribbean,Upper middle income,1998,va,8,0.3265416,0.1930084,0.010007799999999999,0.6430754,62.5645301,3.3781277,57.024400799999995,68.1046595,..,..,..,..,..,..,..,..,..,0.5,..,..,0.6411110999999999,..,..,..,..,..,..,0.7999999999999999,..,..,..,0.18,..,..,..,0.75,..,..,0.6737221999999999,..,0.5092,..,0.5625
ARMva1998,Armenia,ARM,Europe & Central Asia,Upper middle income,1998,va,5,-0.5641256,0.2213967,-0.9272161999999999,-0.201035,46.975637299999995,3.8749933999999997,40.6206481,53.3306265,..,..,..,..,..,..,..,..,..,..,..,..,0.38799999999999996,..,..,..,..,..,..,0.6,..,..,..,..,..,..,..,0.6666667,..,..,0.4834556,..,..,..,0.375
ATGva1998,Antigua and Barbuda,ATG,Latin America & Caribbean,High income,1998,va,3,0.1868436,0.3010208,-0.3068305,0.6805177,60.1194674,5.2686131,51.478941899999995,68.7599929,..,..,..,..,..,..,..,..,..,..,..,..,0.5688888999999999,..,..,..,..,..,..,1,..,..,..,..,..,..,..,..,..,..,..,..,..,..,0.625
AUSva1998,Australia,AUS,East Asia & Pacific,High income,1998,va,7,1.4214335999999999,0.19316619999999998,1.104641,1.7382262,81.72786529999999,3.3808895999999997,76.1832063,87.2725243,..,..,..,..,..,..,..,..,..,0.75,..,..,0.9666667,..,..,..,..,..,..,1,..,..,..,..,..,..,..,1,..,..,0.7445444,..,0.5266,..,1
AUTva1998,Austria,AUT,Europe & Central Asia,High income,1998,va,7,1.3776719,0.19316619999999998,1.0608792999999999,1.6944644999999998,80.9619266,3.3808895999999997,75.4172677,86.5065856,..,..,..,..,..,..,..,..,..,0.875,..,..,0.96,..,..,..,..,..,..,0.7999999999999999,..,..,..,..,..,..,..,0.9166667,..,..,0.7124222,..,0.5216,..,1
AZEva1998,Azerbaijan,AZE,Europe & Central Asia,Upper middle income,1998,va,6,-1.2524355999999999,0.1939854,-1.5705717,-0.9342995,34.928499099999996,3.3952278,29.3603255,40.4966727,..,..,..,..,..,..,..,..,..,0.125,..,..,0.2873333,..,..,..,..,..,..,0.3,..,..,..,..,..,..,..,0.5,..,..,0.39955559999999996,..,..,..,0.25
BDIva1998,Burundi,BDI,Sub-Saharan Africa,Low income,1998,va,4,-1.1144292999999998,0.24508,-1.5163605,-0.7124981,37.3439528,4.28951,30.3091564,44.3787492,..,..,..,..,..,..,..,..,..,..,..,..,0.1122222,..,..,..,..,..,..,0.3,..,..,..,..,..,..,..,..,..,..,0.5873999999999999,..,..,..,0.125
BELva1998,Belgium,BEL,Europe & Central Asia,High income,1998,va,7,1.4063934,0.19316619999999998,1.0896008,1.7231859999999999,81.46462439999999,3.3808895999999997,75.9199654,87.0092834,..,..,..,..,..,..,..,..,..,0.875,..,..,0.9144443999999999,..,..,..,..,..,..,1,..,..,..,..,..,..,..,0.9166667,..,..,0.7270111,..,0.41809999999999997,..,1
BENva1998,Benin,BEN,Sub-Saharan Africa,Lower middle income,1998,va,4,0.1924762,0.24508,-0.209455,0.5944073999999999,60.218052,4.28951,53.183255599999995,67.25284839999999,..,..,..,..,..,..,..,..,..,..,..,..,0.7888889,..,..,..,..,..,..,0.8999999999999999,..,..,..,..,..,..,..,..,..,..,0.5656888999999999,..,..,..,0.4375
BFAva1998,Burkina Faso,BFA,Sub-Saharan Africa,Low income,1998,va,5,-0.6455299,0.2213967,-1.0086205,-0.2824393,45.5508594,3.8749933999999997,39.1958702,51.9058487,..,..,..,..,..,..,..,..,..,..,..,..,0.48111109999999996,..,..,..,..,..,..,0.7,..,..,..,..,..,..,..,0.5,..,..,0.5018222,..,..,..,0.25
BGDva1998,Bangladesh,BGD,South Asia,Lower middle income,1998,va,6,-0.3487191,0.1939854,-0.6668552,-0.030583,50.745787199999995,3.3952278,45.1776136,56.3139608,..,..,..,..,..,..,..,..,..,0.25,..,..,0.5811111,..,..,..,..,..,..,0.6,..,..,..,..,..,..,..,0.6666667,..,..,0.5295444,..,..,..,0.5
BGRva1998,Bulgaria,BGR,Europe & Central Asia,High income,1998,va,6,0.3358715,0.1939854,0.0177354,0.6540076,62.7278266,3.3952278,57.159653,68.2960002,..,..,..,..,..,..,..,..,..,0.5,..,..,0.6803332999999999,..,..,..,..,..,..,0.7,..,..,..,..,..,..,..,0.8333332999999999,..,..,0.6218777999999999,..,..,..,0.625
BHRva1998,Bahrain,BHR,Middle East & North Africa,High income,1998,va,6,-1.3121760999999998,0.1939854,-1.6303121999999999,-0.9940399999999999,33.8828917,3.3952278,28.3147181,39.451065199999995,..,..,..,..,..,..,..,..,..,0.375,..,..,0.1588889,..,..,..,..,..,..,0.19999999999999998,..,..,..,..,..,..,..,0.25,..,..,0.2734,..,..,..,0.5625
BHSva1998,"Bahamas, The",BHS,Latin America & Caribbean,High income,1998,va,4,1.097874,0.2600403,0.6714079,1.5243400999999999,76.064767,4.5513525999999995,68.6005488,83.5289852,..,..,..,..,..,..,..,..,..,..,..,..,0.9211111,..,..,..,..,..,..,1,..,..,..,..,..,..,..,0.8333332999999999,..,..,..,..,..,..,0.875
BIHva1998,Bosnia and Herzegovina,BIH,Europe & Central Asia,Upper middle income,1998,va,4,-0.1014378,0.2168861,-0.45713099999999995,0.25425539999999996,55.0738254,3.7960464999999997,48.848309099999994,61.2993417,..,..,..,..,..,..,..,..,..,0.625,..,..,0.363,..,..,..,..,..,..,..,..,..,..,..,..,..,..,..,..,..,0.5866222,..,..,..,0.4375
BLRva1998,Belarus,BLR,Europe & Central Asia,Upper middle income,1998,va,5,-0.8266325999999999,0.2213967,-1.1897232,-0.46354199999999995,42.381111399999995,3.8749933999999997,36.026122199999996,48.7361006,..,..,..,..,..,..,..,..,..,..,..,..,0.1483333,..,..,..,..,..,..,0.19999999999999998,..,..,..,..,..,..,..,0.6666667,..,..,0.5057444,..,..,..,0.4375
BLZva1998,Belize,BLZ,Latin America & Caribbean,Upper middle income,1998,va,3,0.8512789,0.3010208,0.3576048,1.3449529999999998,71.748739,5.2686131,63.1082135,80.3892645,..,..,..,..,..,..,..,..,..,..,..,..,0.9166667,..,..,..,..,..,..,0.8999999999999999,..,..,..,..,..,..,..,..,..,..,..,..,..,..,0.6875
BMUva1998,Bermuda,BMU,North America,High income,1998,va,1,1.0230565999999999,0.45889549999999996,0.270468,1.7756451999999998,74.75527629999999,8.0318132,61.5831026,87.9274499,..,..,..,..,..,..,..,..,..,..,..,..,..,..,..,..,..,..,..,..,..,..,..,..,..,..,..,..,..,..,..,..,..,..,0.875
BOLva1998,Bolivia,BOL,Latin America & Caribbean,Lower middle income,1998,va,7,0.22540829999999998,0.1938256,-0.0924657,0.5432823,60.7944457,3.3924306,55.230859499999994,66.3580319,..,..,..,..,..,..,..,..,..,0.375,..,..,0.8288888999999999,..,..,..,..,..,..,0.7999999999999999,..,..,..,0.26999999999999996,..,..,..,0.5833332999999999,..,..,0.6664778,..,..,..,0.5625
BRAva1998,Brazil,BRA,Latin America & Caribbean,Upper middle income,1998,va,8,0.2710228,0.1930084,-0.045510999999999996,0.5875566,61.592813,3.3781277,56.052683599999995,67.1329423,..,..,..,..,..,..,..,..,..,0.375,..,..,0.6055556,..,..,..,..,..,..,0.8999999999999999,..,..,..,0.22999999999999998,..,..,..,0.6666667,..,..,0.6869,..,0.6431,..,0.6875
BRBva1998,Barbados,BRB,Latin America & Caribbean,High income,1998,va,4,1.2317797,0.24508,0.8298485,1.6337108999999999,78.40845,4.28951,71.3736536,85.44324639999999,..,..,..,..,..,..,..,..,..,..,..,..,0.9466667,..,..,..,..,..,..,1,..,..,..,..,..,..,..,..,..,..,0.6539332999999999,..,..,..,1
BRNva1998,Brunei Darussalam,BRN,East Asia & Pacific,High income,1998,va,4,-0.946946,0.2600403,-1.3734121,-0.5204799,40.275327499999996,4.5513525999999995,32.8111092,47.7395457,..,..,..,..,..,..,..,..,..,..,..,..,0.1977778,..,..,..,..,..,..,0.5,..,..,..,..,..,..,..,0.4166667,..,..,..,..,..,..,0.5625
BTNva1998,Bhutan,BTN,South Asia,Lower middle income,1998,va,4,-0.8920747,0.24508,-1.2940059,-0.49014349999999995,41.2357118,4.28951,34.2009154,48.270508199999995,..,..,..,..,..,..,..,..,..,..,..,..,0.12222219999999999,..,..,..,..,..,..,0.39999999999999997,..,..,..,..,..,..,..,..,..,..,0.48643329999999996,..,..,..,0.5625
BWAva1998,Botswana,BWA,Sub-Saharan Africa,Upper middle income,1998,va,6,0.5045923,0.1939854,0.1864562,0.8227283999999999,65.6808606,3.3952278,60.112686999999994,71.2490341,..,..,..,..,..,..,..,..,..,0.5,..,..,0.7888889,..,..,..,..,..,..,0.8999999999999999,..,..,..,..,..,..,..,0.75,..,..,0.6526333,..,..,..,0.6875
CAFva1998,Central African Republic,CAF,Sub-Saharan Africa,Low income,1998,va,4,-0.9622845999999999,0.24508,-1.3642158,-0.5603534,40.0068638,4.28951,32.9720674,47.041660199999995,..,..,..,..,..,..,..,..,..,..,..,..,0.5222222,..,..,..,..,..,..,0.39999999999999997,..,..,..,..,..,..,..,..,..,..,0.42433329999999997,..,..,..,0.1875
CANva1998,Canada,CAN,North America,High income,1998,va,7,1.6030653,0.19316619999999998,1.2862727,1.9198579,84.9068721,3.3808895999999997,79.3622132,90.4515311,..,..,..,..,..,..,..,..,..,1,..,..,0.9466667,..,..,..,..,..,..,1,..,..,..,..,..,..,..,1,..,..,0.7113333,..,0.6596,..,1
CHEva1998,Switzerland,CHE,Europe & Central Asia,High income,1998,va,7,1.5724977999999998,0.19316619999999998,1.2557052,1.8892904,84.3718648,3.3808895999999997,78.8272058,89.9165238,..,..,..,..,..,..,..,..,..,1,..,..,0.9733333,..,..,..,..,..,..,1,..,..,..,..,..,..,..,1,..,..,0.7168333,..,0.4725,..,0.9375
CHLva1998,Chile,CHL,Latin America & Caribbean,High income,1998,va,8,0.7839996,0.1930084,0.4674658,1.1005334,70.5711838,3.3781277,65.0310544,76.11131309999999,..,..,..,..,..,..,..,..,..,0.875,..,..,0.7433333,..,..,..,..,..,..,0.7999999999999999,..,..,..,0.39999999999999997,..,..,..,0.5,..,..,0.7284222,..,0.5074,..,0.6875
CHNva1998,China,CHN,East Asia & Pacific,Upper middle income,1998,va,7,-1.6117797,0.19316619999999998,-1.9285723,-1.2949871,28.6390829,3.3808895999999997,23.094424,34.1837419,..,..,..,..,..,..,..,..,..,0.125,..,..,0.11888889999999999,..,..,..,..,..,..,0.09999999999999999,..,..,..,..,..,..,..,0.25,..,..,0.3250667,..,0.5346,..,0.375
CIVva1998,Côte d’Ivoire,CIV,Sub-Saharan Africa,Lower middle income,1998,va,6,-0.9934396,0.1939854,-1.3115757,-0.6753035,39.461573699999995,3.3952278,33.8934001,45.0297473,..,..,..,..,..,..,..,..,..,0.125,..,..,0.30888889999999997,..,..,..,..,..,..,0.39999999999999997,..,..,..,..,..,..,..,0.5833332999999999,..,..,0.4490222,..,..,..,0.375
CMRva1998,Cameroon,CMR,Sub-Saharan Africa,Lower middle income,1998,va,6,-1.5300117,0.1939854,-1.8481478,-1.2118756,30.0702265,3.3952278,24.5020529,35.6384,..,..,..,..,..,..,..,..,..,0,..,..,0.1877778,..,..,..,..,..,..,0.19999999999999998,..,..,..,..,..,..,..,0.5,..,..,0.3419889,..,..,..,0.3125
CODva1998,"Congo, Dem. Rep.",COD,Sub-Saharan Africa,Low income,1998,va,4,-1.8484519,0.23039939999999998,-2.2263069,-1.4705968999999999,24.4967304,4.0325628,17.8833274,31.110133299999998,..,..,..,..,..,..,..,..,..,..,..,..,0.08888889999999999,..,..,..,..,..,..,..,..,..,..,..,..,..,..,0.0833333,..,..,0.4082,..,..,..,0.125
COGva1998,"Congo, Rep.",COG,Sub-Saharan Africa,Lower middle income,1998,va,5,-1.6686769,0.2213967,-2.0317675,-1.3055862999999999,27.6432403,3.8749933999999997,21.2882511,33.9982296,..,..,..,..,..,..,..,..,..,..,..,..,0.1944444,..,..,..,..,..,..,0.39999999999999997,..,..,..,..,..,..,..,0.0833333,..,..,0.4169,..,..,..,0.125
COLva1998,Colombia,COL,Latin America & Caribbean,Upper middle income,1998,va,8,-0.5647694,0.1930084,-0.8813032,-0.2482356,46.9643692,3.3781277,41.424239799999995,52.5044985,..,..,..,..,..,..,..,..,..,0.25,..,..,0.5222222,..,..,..,..,..,..,0.7,..,..,..,0.22999999999999998,..,..,..,0.4166667,..,..,0.5388556,..,0.2925,..,0.4375
COMva1998,Comoros,COM,Sub-Saharan Africa,Lower middle income,1998,va,4,-0.6450203999999999,0.24508,-1.0469515999999999,-0.24308919999999998,45.559776899999996,4.28951,38.5249805,52.5945733,..,..,..,..,..,..,..,..,..,..,..,..,0.4844444,..,..,..,..,..,..,0.75,..,..,..,..,..,..,..,..,..,..,0.48346669999999997,..,..,..,0.25
CPVva1998,Cabo Verde,CPV,Sub-Saharan Africa,Upper middle income,1998,va,3,0.8425185,0.2788181,0.38525679999999995,1.2997802,71.5954102,4.880010899999999,63.5921923,79.59862799999999,..,..,..,..,..,..,..,..,..,..,..,..,0.8344444,..,..,..,..,..,..,1,..,..,..,..,..,..,..,..,..,..,0.6476999999999999,..,..,..,..
CRIva1998,Costa Rica,CRI,Latin America & Caribbean,High income,1998,va,7,1.1072572,0.1938256,0.7893832,1.4251312,76.22899629999999,3.3924306,70.6654102,81.7925825,..,..,..,..,..,..,..,..,..,0.75,..,..,0.8911110999999999,..,..,..,..,..,..,1,..,..,..,0.31,..,..,..,0.9166667,..,..,0.7176222,..,..,..,0.75
CUBva1998,Cuba,CUB,Latin America & Caribbean,Upper middle income,1998,va,6,-1.4805905,0.1939854,-1.7987266,-1.1624543999999999,30.9352205,3.3952278,25.3670469,36.5033941,..,..,..,..,..,..,..,..,..,0.25,..,..,0.02,..,..,..,..,..,..,0.09999999999999999,..,..,..,..,..,..,..,0.25,..,..,0.4380111,..,..,..,0.25
CYMva1998,Cayman Islands,CYM,Latin America & Caribbean,High income,1998,va,1,1.4682855,0.45889549999999996,0.7156969,2.2208741,82.5478902,8.0318132,69.3757165,95.7200639,..,..,..,..,..,..,..,..,..,..,..,..,..,..,..,..,..,..,..,..,..,..,..,..,..,..,..,..,..,..,..,..,..,..,1
CYPva1998,Cyprus,CYP,Europe & Central Asia,High income,1998,va,6,0.8487325,0.1939854,0.5305964,1.1668686,71.7041706,3.3952278,66.135997,77.27234419999999,..,..,..,..,..,..,..,..,..,0.75,..,..,0.84,..,..,..,..,..,..,0.7999999999999999,..,..,..,..,..,..,..,0.75,..,..,0.6590889,..,..,..,0.8125
CZEva1998,Czechia,CZE,Europe & Central Asia,High income,1998,va,7,0.8849334,0.19316619999999998,0.5681408,1.2017259999999998,72.33777649999999,3.3808895999999997,66.7931175,77.8824355,..,..,..,..,..,..,..,..,..,0.5,..,..,0.9099999999999999,..,..,..,..,..,..,0.8999999999999999,..,..,..,..,..,..,..,0.9166667,..,..,0.7182666999999999,..,0.38689999999999997,..,0.8125
DEUva1998,Germany,DEU,Europe & Central Asia,High income,1998,va,7,1.5884867,0.19316619999999998,1.2716941,1.9052793,84.6517104,3.3808895999999997,79.1070514,90.1963694,..,..,..,..,..,..,..,..,..,1,..,..,0.9011110999999999,..,..,..,..,..,..,0.8999999999999999,..,..,..,..,..,..,..,0.9166667,..,..,0.7869222,..,0.3876,..,1
DJIva1998,Djibouti,DJI,Middle East & North Africa,Lower middle income,1998,va,4,-1.1458797,0.24508,-1.5478109,-0.7439485,36.7934926,4.28951,29.7586962,43.828289,..,..,..,..,..,..,..,..,..,..,..,..,0.29333329999999996,..,..,..,..,..,..,0.5,..,..,..,..,..,..,..,..,..,..,0.41969999999999996,..,..,..,0.25
DMAva1998,Dominica,DMA,Latin America & Caribbean,Upper middle income,1998,va,3,1.0610659999999998,0.3010208,0.5673919,1.5547400999999998,75.42053539999999,5.2686131,66.7800099,84.0610609,..,..,..,..,..,..,..,..,..,..,..,..,0.9466667,..,..,..,..,..,..,1,..,..,..,..,..,..,..,..,..,..,..,..,..,..,0.75
DNKva1998,Denmark,DNK,Europe & Central Asia,High income,1998,va,7,1.6441903999999998,0.19316619999999998,1.3273978,1.960983,85.6266638,3.3808895999999997,80.08200479999999,91.17132269999999,..,..,..,..,..,..,..,..,..,1,..,..,0.97,..,..,..,..,..,..,1,..,..,..,..,..,..,..,1,..,..,0.7330888999999999,..,0.5405,..,1
DOMva1998,Dominican Republic,DOM,Latin America & Caribbean,Upper middle income,1998,va,6,-0.275426,0.1939854,-0.5935621,0.0427101,52.0285989,3.3952278,46.4604253,57.5967724,..,..,..,..,..,..,..,..,..,0.125,..,..,0.7333333,..,..,..,..,..,..,0.7999999999999999,..,..,..,..,..,..,..,0.5833332999999999,..,..,0.5789221999999999,..,..,..,0.5
DZAva1998,Algeria,DZA,Middle East & North Africa,Upper middle income,1998,va,6,-1.3934704999999998,0.1939854,-1.7116065999999999,-1.0753344,32.460037299999996,3.3952278,26.8918637,38.0282109,..,..,..,..,..,..,..,..,..,0.25,..,..,0.22333329999999998,..,..,..,..,..,..,0.3,..,..,..,..,..,..,..,0.1666667,..,..,0.4491111,..,..,..,0.125
ECUva1998,Ecuador,ECU,Latin America & Caribbean,Upper middle income,1998,va,7,-0.1103441,0.1938256,-0.4282181,0.2075299,54.917943,3.3924306,49.3543568,60.4815292,..,..,..,..,..,..,..,..,..,0.25,..,..,0.7,..,..,..,..,..,..,1,..,..,..,0.18,..,..,..,0.5833332999999999,..,..,0.6176111,..,..,..,0.4375
EGYva1998,"Egypt, Arab Rep.",EGY,Middle East & North Africa,Lower middle income,1998,va,6,-1.1757084,0.1939854,-1.4938445,-0.8575723,36.271416099999996,3.3952278,30.703242499999998,41.8395897,..,..,..,..,..,..,..,..,..,0.25,..,..,0.21444439999999998,..,..,..,..,..,..,0.39999999999999997,..,..,..,..,..,..,..,0.4166667,..,..,0.3534111,..,..,..,0.4375
ERIva1998,Eritrea,ERI,Sub-Saharan Africa,Low income,1998,va,4,-1.4019287999999999,0.24508,-1.80386,-0.9999975999999999,32.311996,4.28951,25.2771996,39.3467924,..,..,..,..,..,..,..,..,..,..,..,..,0.3288889,..,..,..,..,..,..,0.6,..,..,..,..,..,..,..,..,..,..,0.3417667,..,..,..,0.125
ESPva1998,Spain,ESP,Europe & Central Asia,High income,1998,va,7,1.2520308999999998,0.19316619999999998,0.9352383,1.5688235,78.7628964,3.3808895999999997,73.21823739999999,84.3075554,..,..,..,..,..,..,..,..,..,0.75,..,..,0.8744444,..,..,..,..,..,..,1,..,..,..,..,..,..,..,0.9166667,..,..,0.7344556,..,0.6154999999999999,..,0.9375
ESTva1998,Estonia,EST,Europe & Central Asia,High income,1998,va,6,1.0662258,0.1939854,0.7480897,1.3843619,75.51084469999999,3.3952278,69.9426711,81.0790183,..,..,..,..,..,..,..,..,..,0.75,..,..,0.8766666999999999,..,..,..,..,..,..,1,..,..,..,..,..,..,..,0.8333332999999999,..,..,0.7330888999999999,..,..,..,0.75
ETHva1998,Ethiopia,ETH,Sub-Saharan Africa,,1998,va,6,-1.2146404,0.1939854,-1.5327765,-0.8965042999999999,35.5900092,3.3952278,30.0218356,41.1581828,..,..,..,..,..,..,..,..,..,0.125,..,..,0.4533333,..,..,..,..,..,..,0.19999999999999998,..,..,..,..,..,..,..,0.4166667,..,..,0.3951222,..,..,..,0.25
FINva1998,Finland,FIN,Europe & Central Asia,High income,1998,va,7,1.6490669,0.19316619999999998,1.3322743,1.9658594999999999,85.71201459999999,3.3808895999999997,80.1673556,91.2566736,..,..,..,..,..,..,..,..,..,1,..,..,0.95,..,..,..,..,..,..,1,..,..,..,..,..,..,..,1,..,..,0.7356667,..,0.6830999999999999,..,1
FJIva1998,Fiji,FJI,East Asia & Pacific,Upper middle income,1998,va,4,0.1191363,0.24508,-0.28279489999999996,0.5210675,58.934421199999996,4.28951,51.8996248,65.9692176,..,..,..,..,..,..,..,..,..,..,..,..,0.5255556,..,..,..,..,..,..,1,..,..,..,..,..,..,..,..,..,..,0.5935222,..,..,..,0.5625
FRAva1998,France,FRA,Europe & Central Asia,High income,1998,va,7,1.1969767999999998,0.19316619999999998,0.8801842,1.5137694,77.7993126,3.3808895999999997,72.25465369999999,83.3439716,..,..,..,..,..,..,..,..,..,0.75,..,..,0.8544444,..,..,..,..,..,..,1,..,..,..,..,..,..,..,0.8333332999999999,..,..,0.7264667,..,0.5025999999999999,..,1
FSMva1998,"Micronesia, Fed. Sts.",FSM,East Asia & Pacific,Lower middle income,1998,va,2,0.9675107,0.371378,0.35845079999999996,1.5765706,73.7830848,6.5000390999999995,63.1230206,84.4431489,..,..,..,..,..,..,..,..,..,..,..,..,0.8577777999999999,..,..,..,..,..,..,1,..,..,..,..,..,..,..,..,..,..,..,..,..,..,..
GABva1998,Gabon,GAB,Sub-Saharan Africa,Upper middle income,1998,va,6,-1.0448222,0.1939854,-1.3629582999999998,-0.7266861,38.562250299999995,3.3952278,32.9940768,44.1304239,..,..,..,..,..,..,..,..,..,0,..,..,0.4377778,..,..,..,..,..,..,0.6,..,..,..,..,..,..,..,0.4166667,..,..,0.3970778,..,..,..,0.5625
GBRva1998,United Kingdom,GBR,Europe & Central Asia,High income,1998,va,7,1.308068,0.19316619999999998,0.9912753999999999,1.6248605999999999,79.7436852,3.3808895999999997,74.19902619999999,85.28834409999999,..,..,..,..,..,..,..,..,..,0.875,..,..,0.8777777999999999,..,..,..,..,..,..,0.8999999999999999,..,..,..,..,..,..,..,0.9166667,..,..,0.6868,..,0.6151,..,1
GEOva1998,Georgia,GEO,Europe & Central Asia,Upper middle income,1998,va,4,-0.6754492999999999,0.24508,-1.0773804999999999,-0.2735181,45.0271955,4.28951,37.9923991,52.061991899999995,..,..,..,..,..,..,..,..,..,..,..,..,0.4943333,..,..,..,..,..,..,0.5,..,..,..,..,..,..,..,..,..,..,0.4341556,..,..,..,0.4375
GHAva1998,Ghana,GHA,Sub-Saharan Africa,Lower middle income,1998,va,6,-0.38967179999999996,0.1939854,-0.7078078999999999,-0.0715357,50.029013,3.3952278,44.4608394,55.5971866,..,..,..,..,..,..,..,..,..,0.25,..,..,0.5744444,..,..,..,..,..,..,0.7999999999999999,..,..,..,..,..,..,..,0.4166667,..,..,0.5752556,..,..,..,0.5
GINva1998,Guinea,GIN,Sub-Saharan Africa,Lower middle income,1998,va,5,-1.4637432,0.2213967,-1.8268338,-1.1006525999999999,31.2300902,3.8749933999999997,24.8751009,37.5850794,..,..,..,..,..,..,..,..,..,..,..,..,0.2633333,..,..,..,..,..,..,0.3,..,..,..,..,..,..,..,0.3333333,..,..,0.3507556,..,..,..,0.25
GMBva1998,"Gambia, The",GMB,Sub-Saharan Africa,Low income,1998,va,5,-1.17042,0.2213967,-1.5335105999999998,-0.8073294,36.363976199999996,3.8749933999999997,30.008986999999998,42.718965499999996,..,..,..,..,..,..,..,..,..,..,..,..,0.2111111,..,..,..,..,..,..,0.7,..,..,..,..,..,..,..,0.4166667,..,..,0.4159,..,..,..,0.25
GNBva1998,Guinea-Bissau,GNB,Sub-Saharan Africa,Low income,1998,va,5,-1.0496273999999999,0.2213967,-1.412718,-0.6865368,38.4781474,3.8749933999999997,32.1231582,44.833136599999996,..,..,..,..,..,..,..,..,..,..,..,..,0.4766667,..,..,..,..,..,..,0.7,..,..,..,..,..,..,..,0.25,..,..,0.46408889999999997,..,..,..,0.125
GNQva1998,Equatorial Guinea,GNQ,Sub-Saharan Africa,Upper middle income,1998,va,5,-1.8622984999999999,0.2093266,-2.2055941,-1.5190028999999998,24.2543804,3.6637362999999996,18.2458529,30.2629079,..,..,..,..,..,..,..,..,..,0,..,..,0.07333329999999999,..,..,..,..,..,..,0.25,..,..,..,..,..,..,..,..,..,..,0.3044222,..,..,..,0.25
GRCva1998,Greece,GRC,Europe & Central Asia,High income,1998,va,7,1.1803492,0.19316619999999998,0.8635566,1.4971417999999999,77.50828829999999,3.3808895999999997,71.9636293,83.0529473,..,..,..,..,..,..,..,..,..,0.875,..,..,0.7888889,..,..,..,..,..,..,0.7999999999999999,..,..,..,..,..,..,..,0.9166667,..,..,0.7246332999999999,..,0.41359999999999997,..,0.875
GRDva1998,Grenada,GRD,Latin America & Caribbean,Upper middle income,1998,va,3,0.6492148999999999,0.3010208,0.1555408,1.142889,68.212116,5.2686131,59.5715905,76.85264149999999,..,..,..,..,..,..,..,..,..,..,..,..,0.8777777999999999,..,..,..,..,..,..,1,..,..,..,..,..,..,..,..,..,..,..,..,..,..,0.5625
GTMva1998,Guatemala,GTM,Latin America & Caribbean,Upper middle income,1998,va,7,-0.6428613,0.1938256,-0.9607353,-0.3249873,45.5975666,3.3924306,40.0339804,51.161152699999995,..,..,..,..,..,..,..,..,..,0.125,..,..,0.5222222,..,..,..,..,..,..,1,..,..,..,0.21,..,..,..,0.5,..,..,0.5069444,..,..,..,0.375
GUFva1998,French Guiana,GUF,,,1998,va,1,0.3552133,0.45889549999999996,-0.3973753,1.1078019,63.066356299999995,8.0318132,49.8941826,76.2385299,..,..,..,..,..,..,..,..,..,..,..,..,..,..,..,..,..,..,..,..,..,..,..,..,..,..,..,..,..,..,..,..,..,..,0.6875
GUYva1998,Guyana,GUY,Latin America & Caribbean,High income,1998,va,5,0.28379489999999996,0.2213967,-0.0792957,0.6468855,61.8163565,3.8749933999999997,55.4613673,68.1713457,..,..,..,..,..,..,..,..,..,..,..,..,0.8155555999999999,..,..,..,..,..,..,0.8999999999999999,..,..,..,..,..,..,..,0.9166667,..,..,0.5612667,..,..,..,0.3125
HKGva1998,"Hong Kong SAR, China",HKG,East Asia & Pacific,High income,1998,va,6,0.1871803,0.19905869999999998,-0.13927599999999998,0.5136366,60.1253605,3.4840229999999996,54.4115627,65.8391583,..,..,..,..,..,..,..,..,..,0.75,..,..,0.5,..,..,..,..,..,..,..,..,..,..,..,..,..,..,0.3333333,..,..,0.6544667,..,0.5789,..,0.625
HNDva1998,Honduras,HND,Latin America & Caribbean,Lower middle income,1998,va,7,-0.5062975,0.1938256,-0.8241715,-0.1884235,47.987773,3.3924306,42.4241868,53.5513592,..,..,..,..,..,..,..,..,..,0,..,..,0.6733333,..,..,..,..,..,..,0.8999999999999999,..,..,..,0.45999999999999996,..,..,..,0.5,..,..,0.5483110999999999,..,..,..,0.5
HRVva1998,Croatia,HRV,Europe & Central Asia,High income,1998,va,6,-0.5315006999999999,0.1939854,-0.8496368,-0.2133646,47.5466542,3.3952278,41.9784807,53.1148278,..,..,..,..,..,..,..,..,..,0.25,..,..,0.44066669999999997,..,..,..,..,..,..,0.39999999999999997,..,..,..,..,..,..,..,0.5833332999999999,..,..,0.5218332999999999,..,..,..,0.5625
HTIva1998,Haiti,HTI,Latin America & Caribbean,Lower middle income,1998,va,5,-0.8084899999999999,0.2213967,-1.1715806,-0.4453994,42.6986521,3.8749933999999997,36.3436628,49.053641299999995,..,..,..,..,..,..,..,..,..,..,..,..,0.3622222,..,..,..,..,..,..,0.7999999999999999,..,..,..,..,..,..,..,0.4166667,..,..,0.4981111,..,..,..,0.25
HUNva1998,Hungary,HUN,Europe & Central Asia,High income,1998,va,7,1.1102851999999999,0.19316619999999998,0.7934926,1.4270778,76.2819939,3.3808895999999997,70.7373349,81.8266529,..,..,..,..,..,..,..,..,..,0.75,..,..,0.8856666999999999,..,..,..,..,..,..,0.8999999999999999,..,..,..,..,..,..,..,1,..,..,0.7036778,..,0.5297999999999999,..,0.75
IDNva1998,Indonesia,IDN,East Asia & Pacific,Upper middle income,1998,va,7,-1.3771271,0.19316619999999998,-1.6939197,-1.0603345,32.7460875,3.3808895999999997,27.2014285,38.2907465,..,..,..,..,..,..,..,..,..,0,..,..,0.3788889,..,..,..,..,..,..,0.19999999999999998,..,..,..,..,..,..,..,0.1666667,..,..,0.4445556,..,0.4266,..,0.375
INDva1998,India,IND,South Asia,Lower middle income,1998,va,7,0.3142366,0.19316619999999998,-0.0025559999999999997,0.6310292,62.349162,3.3808895999999997,56.804503,67.893821,..,..,..,..,..,..,..,..,..,0.375,..,..,0.71,..,..,..,..,..,..,0.39999999999999997,..,..,..,..,..,..,..,0.8333332999999999,..,..,0.6444222,..,0.3737,..,0.8125
IRLva1998,Ireland,IRL,Europe & Central Asia,High income,1998,va,7,1.3723223,0.19316619999999998,1.0555297,1.6891148999999999,80.8682953,3.3808895999999997,75.32363629999999,86.4129543,..,..,..,..,..,..,..,..,..,0.75,..,..,0.9333332999999999,..,..,..,..,..,..,1,..,..,..,..,..,..,..,1,..,..,0.7217333,..,0.6571,..,1
IRNva1998,"Iran, Islamic Rep.",IRN,Middle East & North Africa,Upper middle income,1998,va,6,-0.9815655,0.1939854,-1.2997016,-0.6634294,39.669399999999996,3.3952278,34.101226499999996,45.2375736,..,..,..,..,..,..,..,..,..,0.125,..,..,0.19111109999999998,..,..,..,..,..,..,0.19999999999999998,..,..,..,..,..,..,..,0.75,..,..,0.4732111,..,..,..,0.375
IRQva1998,Iraq,IRQ,Middle East & North Africa,Upper middle income,1998,va,6,-2.1288516,0.1939854,-2.4469876999999998,-1.8107155,19.5890377,3.3952278,14.020864099999999,25.1572113,..,..,..,..,..,..,..,..,..,0.125,..,..,0.006666699999999999,..,..,..,..,..,..,0,..,..,..,..,..,..,..,0,..,..,0.3139,..,..,..,0.0625
ISLva1998,Iceland,ISL,Europe & Central Asia,High income,1998,va,6,1.4673007999999998,0.2201812,1.1062036,1.828398,82.5306555,3.8537193999999997,76.2105557,88.8507552,..,..,..,..,..,..,..,..,..,..,..,..,0.96,..,..,..,..,..,..,1,..,..,..,..,..,..,..,1,..,..,0.7220443999999999,..,0.6222,..,1
ISRva1998,Israel,ISR,Middle East & North Africa,High income,1998,va,7,0.5391659,0.19316619999999998,0.2223733,0.8559585,66.28598459999999,3.3808895999999997,60.741325599999996,71.8306436,..,..,..,..,..,..,..,..,..,0.5,..,..,0.7955555999999999,..,..,..,..,..,..,0.39999999999999997,..,..,..,..,..,..,..,0.8333332999999999,..,..,0.6912332999999999,..,0.39999999999999997,..,0.75
ITAva1998,Italy,ITA,Europe & Central Asia,High income,1998,va,7,0.9757256,0.19316619999999998,0.658933,1.2925182,73.92686599999999,3.3808895999999997,68.382207,79.47152489999999,..,..,..,..,..,..,..,..,..,0.625,..,..,0.8511111,..,..,..,..,..,..,0.8999999999999999,..,..,..,..,..,..,..,0.9166667,..,..,0.6971556,..,0.495,..,0.875
JAMva1998,Jamaica,JAM,Latin America & Caribbean,Upper middle income,1998,va,6,0.3989278,0.1939854,0.0807917,0.7170639,63.831468799999996,3.3952278,58.263295199999995,69.39964239999999,..,..,..,..,..,..,..,..,..,0.375,..,..,0.8522221999999999,..,..,..,..,..,..,1,..,..,..,..,..,..,..,0.9166667,..,..,0.5778443999999999,..,..,..,0.625
JORva1998,Jordan,JOR,Middle East & North Africa,Lower middle income,1998,va,6,-0.6713701999999999,0.1939854,-0.9895063,-0.3532341,45.0985899,3.3952278,39.5304163,50.6667634,..,..,..,..,..,..,..,..,..,0.25,..,..,0.3944444,..,..,..,..,..,..,0.3,..,..,..,..,..,..,..,0.75,..,..,0.4572889,..,..,..,0.4375
JPNva1998,Japan,JPN,East Asia & Pacific,High income,1998,va,7,1.0442232999999999,0.19316619999999998,0.7274307,1.3610159,75.1257462,3.3808895999999997,69.5810872,80.67040519999999,..,..,..,..,..,..,..,..,..,0.625,..,..,0.8811110999999999,..,..,..,..,..,..,1,..,..,..,..,..,..,..,0.9166667,..,..,0.7013111,..,0.2648,..,0.9375
KAZva1998,Kazakhstan,KAZ,Europe & Central Asia,Upper middle income,1998,va,6,-1.0700865,0.1939854,-1.3882226,-0.7519504,38.1200622,3.3952278,32.5518886,43.6882358,..,..,..,..,..,..,..,..,..,0,..,..,0.264,..,..,..,..,..,..,0.5,..,..,..,..,..,..,..,0.75,..,..,0.4391333,..,..,..,0.3125
KENva1998,Kenya,KEN,Sub-Saharan Africa,Lower middle income,1998,va,6,-1.2624392,0.1939854,-1.5805753,-0.9443031,34.753411199999995,3.3952278,29.185237599999997,40.3215848,..,..,..,..,..,..,..,..,..,0,..,..,0.2666667,..,..,..,..,..,..,0.3,..,..,..,..,..,..,..,0.5,..,..,0.4266333,..,..,..,0.375
KGZva1998,Kyrgyz Republic,KGZ,Europe & Central Asia,Lower middle income,1998,va,4,-1.0059221999999999,0.24508,-1.4078534,-0.603991,39.2430972,4.28951,32.208300799999996,46.2778936,..,..,..,..,..,..,..,..,..,..,..,..,0.3386667,..,..,..,..,..,..,0.6,..,..,..,..,..,..,..,..,..,..,0.4366778,..,..,..,0.25
KHMva1998,Cambodia,KHM,East Asia & Pacific,Lower middle income,1998,va,5,-1.2288459999999999,0.2093266,-1.5721416,-0.8855504,35.3413758,3.6637362999999996,29.3328484,41.3499033,..,..,..,..,..,..,..,..,..,0,..,..,0.23777779999999998,..,..,..,..,..,..,0.6,..,..,..,..,..,..,..,..,..,..,0.4306333,..,..,..,0.4375
KIRva1998,Kiribati,KIR,East Asia & Pacific,Lower middle income,1998,va,2,1.2028229,0.371378,0.5937629999999999,1.8118828,77.9016339,6.5000390999999995,67.2415698,88.5616981,..,..,..,..,..,..,..,..,..,..,..,..,0.9433332999999999,..,..,..,..,..,..,1,..,..,..,..,..,..,..,..,..,..,..,..,..,..,..
KNAva1998,St. Kitts and Nevis,KNA,Latin America & Caribbean,High income,1998,va,2,1.0408547,0.371378,0.4317948,1.6499146,75.0667873,6.5000390999999995,64.4067231,85.7268515,..,..,..,..,..,..,..,..,..,..,..,..,0.8844443999999999,..,..,..,..,..,..,1,..,..,..,..,..,..,..,..,..,..,..,..,..,..,..
KORva1998,"Korea, Rep.",KOR,East Asia & Pacific,High income,1998,va,7,0.6861989,0.19316619999999998,0.36940629999999997,1.0029915,68.8594281,3.3808895999999997,63.3147691,74.4040871,..,..,..,..,..,..,..,..,..,0.5,..,..,0.7955555999999999,..,..,..,..,..,..,0.6,..,..,..,..,..,..,..,0.9166667,..,..,0.6987333,..,0.3238,..,0.8125
KWTva1998,Kuwait,KWT,Middle East & North Africa,High income,1998,va,6,-0.2840086,0.1939854,-0.6021447,0.0341275,51.878381999999995,3.3952278,46.3102084,57.446555599999996,..,..,..,..,..,..,..,..,..,0.375,..,..,0.40555559999999996,..,..,..,..,..,..,0.39999999999999997,..,..,..,..,..,..,..,0.6666667,..,..,0.6037667,..,..,..,0.5
LAOva1998,Lao PDR,LAO,East Asia & Pacific,Lower middle income,1998,va,4,-1.3674368,0.24508,-1.7693679999999998,-0.9655056,32.9156919,4.28951,25.880895499999998,39.950488299999996,..,..,..,..,..,..,..,..,..,..,..,..,0.16888889999999998,..,..,..,..,..,..,0.39999999999999997,..,..,..,..,..,..,..,..,..,..,0.3607333,..,..,..,0.375
LBNva1998,Lebanon,LBN,Middle East & North Africa,Lower middle income,1998,va,5,-0.7155303,0.19995549999999998,-1.0434573,-0.3876033,44.3256782,3.4997187,38.5861395,50.065216899999996,..,..,..,..,..,..,..,..,..,0.375,..,..,0.29333329999999996,..,..,..,..,..,..,..,..,..,..,..,..,..,..,0.6666667,..,..,0.3859667,..,..,..,0.5
LBRva1998,Liberia,LBR,Sub-Saharan Africa,Low income,1998,va,5,-1.0041901,0.2213967,-1.3672807,-0.6410994999999999,39.2734132,3.8749933999999997,32.918424,45.6284025,..,..,..,..,..,..,..,..,..,..,..,..,0.3777778,..,..,..,..,..,..,0.3,..,..,..,..,..,..,..,0.5,..,..,0.4906778,..,..,..,0.125
LBYva1998,Libya,LBY,Middle East & North Africa,Upper middle income,1998,va,6,-1.8582652,0.1939854,-2.1764012999999998,-1.5401291,24.3249732,3.3952278,18.7567996,29.8931468,..,..,..,..,..,..,..,..,..,0,..,..,0.026666699999999998,..,..,..,..,..,..,0.09999999999999999,..,..,..,..,..,..,..,0.3333333,..,..,0.2986,..,..,..,0.3125
LCAva1998,St. Lucia,LCA,Latin America & Caribbean,Upper middle income,1998,va,2,1.0866947999999998,0.371378,0.4776349,1.6957547,75.8691032,6.5000390999999995,65.20903899999999,86.5291673,..,..,..,..,..,..,..,..,..,..,..,..,0.9011110999999999,..,..,..,..,..,..,1,..,..,..,..,..,..,..,..,..,..,..,..,..,..,..
LIEva1998,Liechtenstein,LIE,Europe & Central Asia,High income,1998,va,3,1.5405978999999999,0.3010208,1.0469237999999998,2.034272,83.8135372,5.2686131,75.1730117,92.4540627,..,..,..,..,..,..,..,..,..,..,..,..,1,..,..,..,..,..,..,1,..,..,..,..,..,..,..,..,..,..,..,..,..,..,1
LKAva1998,Sri Lanka,LKA,South Asia,Lower middle income,1998,va,6,-0.3147682,0.1939854,-0.6329043,0.0033679,51.3400124,3.3952278,45.7718388,56.908186,..,..,..,..,..,..,..,..,..,0.375,..,..,0.5288889,..,..,..,..,..,..,0.3,..,..,..,..,..,..,..,0.5833332999999999,..,..,0.5544,..,..,..,0.5625
LSOva1998,Lesotho,LSO,Sub-Saharan Africa,Lower middle income,1998,va,4,-0.426098,0.24508,-0.8280291999999999,-0.0241668,49.3914638,4.28951,42.3566674,56.426260199999994,..,..,..,..,..,..,..,..,..,..,..,..,0.47,..,..,..,..,..,..,1,..,..,..,..,..,..,..,..,..,..,0.5340556,..,..,..,0.25
LTUva1998,Lithuania,LTU,Europe & Central Asia,High income,1998,va,6,0.8276332,0.1939854,0.5094970999999999,1.1457693,71.3348804,3.3952278,65.7667068,76.9030539,..,..,..,..,..,..,..,..,..,0.5,..,..,0.889,..,..,..,..,..,..,1,..,..,..,..,..,..,..,0.8333332999999999,..,..,0.7051,..,..,..,0.8125
LUXva1998,Luxembourg,LUX,Europe & Central Asia,High income,1998,va,6,1.491604,0.2201812,1.1305068,1.8527011999999998,82.95602199999999,3.8537193999999997,76.6359222,89.27612169999999,..,..,..,..,..,..,..,..,..,..,..,..,0.9666667,..,..,..,..,..,..,1,..,..,..,..,..,..,..,1,..,..,0.7292556,..,0.637,..,1
LVAva1998,Latvia,LVA,Europe & Central Asia,High income,1998,va,6,0.7050824,0.1939854,0.38694629999999997,1.0232185,69.1899363,3.3952278,63.6217627,74.7581099,..,..,..,..,..,..,..,..,..,0.5,..,..,0.8663333,..,..,..,..,..,..,0.8999999999999999,..,..,..,..,..,..,..,0.8333332999999999,..,..,0.6809999999999999,..,..,..,0.75
MACva1998,"Macao SAR, China",MAC,East Asia & Pacific,High income,1998,va,1,0.1325989,0.45889549999999996,-0.6199897,0.8851874999999999,59.1700502,8.0318132,45.9978765,72.3422239,..,..,..,..,..,..,..,..,..,..,..,..,..,..,..,..,..,..,..,..,..,..,..,..,..,..,..,..,..,..,..,..,..,..,0.625
MARva1998,Morocco,MAR,Middle East & North Africa,Lower middle income,1998,va,6,-0.4565816,0.1939854,-0.7747177,-0.1384455,48.857924999999994,3.3952278,43.2897514,54.426098499999995,..,..,..,..,..,..,..,..,..,0.5,..,..,0.4411111,..,..,..,..,..,..,0.39999999999999997,..,..,..,..,..,..,..,0.5833332999999999,..,..,0.42438889999999996,..,..,..,0.5625
MCOva1998,Monaco,MCO,Europe & Central Asia,High income,1998,va,2,1.129479,0.371378,0.5204191,1.7385389,76.6179331,6.5000390999999995,65.957869,87.2779973,..,..,..,..,..,..,..,..,..,..,..,..,0.9166667,..,..,..,..,..,..,1,..,..,..,..,..,..,..,..,..,..,..,..,..,..,..
MDAva1998,Moldova,MDA,Europe & Central Asia,Upper middle income,1998,va,6,-0.0925163,0.1939854,-0.4106524,0.22561979999999998,55.2299739,3.3952278,49.661800299999996,60.7981475,..,..,..,..,..,..,..,..,..,0.375,..,..,0.563,..,..,..,..,..,..,0.7,..,..,..,..,..,..,..,0.75,..,..,0.5710556,..,..,..,0.5
MDGva1998,Madagascar,MDG,Sub-Saharan Africa,Low income,1998,va,5,-0.08341939999999999,0.2213967,-0.44650999999999996,0.2796712,55.3891923,3.8749933999999997,49.034203,61.744181499999996,..,..,..,..,..,..,..,..,..,..,..,..,0.6711111,..,..,..,..,..,..,1,..,..,..,..,..,..,..,0.6666667,..,..,0.5171778,..,..,..,0.375
MDVva1998,Maldives,MDV,South Asia,Upper middle income,1998,va,4,-0.8451749,0.24508,-1.2471060999999999,-0.44324369999999996,42.056574999999995,4.28951,35.0217786,49.0913714,..,..,..,..,..,..,..,..,..,..,..,..,0.27999999999999997,..,..,..,..,..,..,1,..,..,..,..,..,..,..,..,..,..,0.3697333,..,..,..,0.5
MEXva1998,Mexico,MEX,Latin America & Caribbean,Upper middle income,1998,va,8,0.0274516,0.1930084,-0.2890822,0.3439854,57.3297107,3.3781277,51.789581399999996,62.8698401,..,..,..,..,..,..,..,..,..,0.375,..,..,0.5422222,..,..,..,..,..,..,0.8999999999999999,..,..,..,0.35,..,..,..,0.75,..,..,0.6141111,..,0.4705,..,0.5
MHLva1998,Marshall Islands,MHL,East Asia & Pacific,Upper middle income,1998,va,2,1.2853351,0.371378,0.6762752,1.8943949999999998,79.3458028,6.5000390999999995,68.6857386,90.005867,..,..,..,..,..,..,..,..,..,..,..,..,0.9733333,..,..,..,..,..,..,1,..,..,..,..,..,..,..,..,..,..,..,..,..,..,..
MKDva1998,North Macedonia,MKD,Europe & Central Asia,Upper middle income,1998,va,5,-0.46072589999999997,0.2093266,-0.8040215,-0.1174303,48.7853894,3.6637362999999996,42.7768619,54.7939169,..,..,..,..,..,..,..,..,..,0.125,..,..,0.5993333,..,..,..,..,..,..,1,..,..,..,..,..,..,..,..,..,..,0.5769666999999999,..,..,..,0.3125
MLIva1998,Mali,MLI,Sub-Saharan Africa,Low income,1998,va,5,-0.2810233,0.2213967,-0.6441139,0.0820673,51.9306322,3.8749933999999997,45.5756429,58.2856214,..,..,..,..,..,..,..,..,..,..,..,..,0.6877778,..,..,..,..,..,..,0.7,..,..,..,..,..,..,..,0.5833332999999999,..,..,0.5198111,..,..,..,0.3125
MLTva1998,Malta,MLT,Middle East & North Africa,High income,1998,va,5,1.0591861,0.2213967,0.6960955,1.4222766999999998,75.3876324,3.8749933999999997,69.0326432,81.7426217,..,..,..,..,..,..,..,..,..,..,..,..,0.9433332999999999,..,..,..,..,..,..,0.75,..,..,..,..,..,..,..,1,..,..,0.6578111,..,..,..,0.8125
MMRva1998,Myanmar,MMR,East Asia & Pacific,Lower middle income,1998,va,6,-2.1960124,0.1939854,-2.5141484999999997,-1.8778762999999998,18.4135565,3.3952278,12.845383,23.9817301,..,..,..,..,..,..,..,..,..,0,..,..,0.01,..,..,..,..,..,..,0,..,..,..,..,..,..,..,0,..,..,0.2733,..,..,..,0.25
MNEva1998,Montenegro,MNE,Europe & Central Asia,Upper middle income,1998,va,1,-0.49836339999999996,0.3899513,-1.1378835,0.1411567,48.126639499999996,6.825118,36.933445999999996,59.319832999999996,..,..,..,..,..,..,..,..,..,..,..,..,..,..,..,..,..,..,..,..,..,..,..,..,..,..,..,..,..,..,0.4840333,..,..,..,..
MNGva1998,Mongolia,MNG,East Asia & Pacific,Upper middle income,1998,va,5,0.4457644,0.2213967,0.08267379999999999,0.808855,64.6512259,3.8749933999999997,58.296236699999994,71.00621509999999,..,..,..,..,..,..,..,..,..,..,..,..,0.7333333,..,..,..,..,..,..,1,..,..,..,..,..,..,..,0.9166667,..,..,0.6093444,..,..,..,0.4375
MOZva1998,Mozambique,MOZ,Sub-Saharan Africa,Low income,1998,va,6,-0.31506839999999997,0.1939854,-0.6332045,0.0030677,51.334758199999996,3.3952278,45.766584599999995,56.9029318,..,..,..,..,..,..,..,..,..,0.625,..,..,0.5622222,..,..,..,..,..,..,0.6,..,..,..,..,..,..,..,0.4166667,..,..,0.48862219999999995,..,..,..,0.375
MRTva1998,Mauritania,MRT,Sub-Saharan Africa,Lower middle income,1998,va,4,-0.9692503,0.24508,-1.3711814999999998,-0.5673191,39.8849467,4.28951,32.850150299999996,46.9197431,..,..,..,..,..,..,..,..,..,..,..,..,0.2633333,..,..,..,..,..,..,0.5,..,..,..,..,..,..,..,..,..,..,0.40442219999999995,..,..,..,0.5
MTQva1998,Martinique,MTQ,,,1998,va,1,0.5778278,0.45889549999999996,-0.1747608,1.3304163999999998,66.9626641,8.0318132,53.790490399999996,80.1348378,..,..,..,..,..,..,..,..,..,..,..,..,..,..,..,..,..,..,..,..,..,..,..,..,..,..,..,..,..,..,..,..,..,..,0.75
MUSva1998,Mauritius,MUS,Sub-Saharan Africa,Upper middle income,1998,va,4,0.8503314,0.22919579999999998,0.4744503,1.2262125,71.7321554,4.0114969,65.1533005,78.3110102,..,..,..,..,..,..,..,..,..,0.625,..,..,0.8777777999999999,..,..,..,..,..,..,1,..,..,..,..,..,..,..,..,..,..,0.6636221999999999,..,..,..,..
MWIva1998,Malawi,MWI,Sub-Saharan Africa,Low income,1998,va,6,-0.12115659999999999,0.1939854,-0.4392927,0.1969795,54.7286973,3.3952278,49.1605237,60.296870899999995,..,..,..,..,..,..,..,..,..,0.25,..,..,0.6933332999999999,..,..,..,..,..,..,0.8999999999999999,..,..,..,..,..,..,..,0.6666667,..,..,0.5700889,..,..,..,0.5
MYSva1998,Malaysia,MYS,East Asia & Pacific,Upper middle income,1998,va,7,-0.6828681,0.19316619999999998,-0.9996607,-0.3660755,44.897348,3.3808895999999997,39.352689,50.442007,..,..,..,..,..,..,..,..,..,0.25,..,..,0.3355556,..,..,..,..,..,..,0.39999999999999997,..,..,..,..,..,..,..,0.6666667,..,..,0.3807333,..,0.6645,..,0.6875
NAMva1998,Namibia,NAM,Sub-Saharan Africa,Lower middle income,1998,va,6,0.1853204,0.1939854,-0.13281569999999998,0.5034565,60.0928076,3.3952278,54.5246341,65.6609812,..,..,..,..,..,..,..,..,..,0.5,..,..,0.7066667,..,..,..,..,..,..,0.7,..,..,..,..,..,..,..,0.8333332999999999,..,..,0.5918667,..,..,..,0.4375
NERva1998,Niger,NER,Sub-Saharan Africa,Low income,1998,va,5,-1.4970234,0.2213967,-1.8601139999999998,-1.1339328,30.6476038,3.8749933999999997,24.2926146,37.002593,..,..,..,..,..,..,..,..,..,..,..,..,0.2177778,..,..,..,..,..,..,0.19999999999999998,..,..,..,..,..,..,..,0.1666667,..,..,0.48137779999999997,..,..,..,0.125
NGAva1998,Nigeria,NGA,Sub-Saharan Africa,Lower middle income,1998,va,6,-1.3465171,0.1939854,-1.6646531999999998,-1.028381,33.2818387,3.3952278,27.7136651,38.850012299999996,..,..,..,..,..,..,..,..,..,0.125,..,..,0.3722222,..,..,..,..,..,..,0,..,..,..,..,..,..,..,0.3333333,..,..,0.4145889,..,..,..,0.25
NICva1998,Nicaragua,NIC,Latin America & Caribbean,Lower middle income,1998,va,7,-0.1826316,0.1938256,-0.5005056,0.13524239999999998,53.6527318,3.3924306,48.089145599999995,59.216317999999994,..,..,..,..,..,..,..,..,..,0.25,..,..,0.7,..,..,..,..,..,..,0.7999999999999999,..,..,..,0.19,..,..,..,0.6666667,..,..,0.5717443999999999,..,..,..,0.4375
NLDva1998,Netherlands,NLD,Europe & Central Asia,High income,1998,va,7,1.6552422,0.19316619999999998,1.3384496,1.9720347999999999,85.8200978,3.3808895999999997,80.2754388,91.3647568,..,..,..,..,..,..,..,..,..,1,..,..,0.9533332999999999,..,..,..,..,..,..,1,..,..,..,..,..,..,..,1,..,..,0.7375333,..,0.6881999999999999,..,1
NORva1998,Norway,NOR,Europe & Central Asia,High income,1998,va,7,1.6552672,0.19316619999999998,1.3384745999999998,1.9720597999999998,85.8205353,3.3808895999999997,80.2758763,91.3651943,..,..,..,..,..,..,..,..,..,1,..,..,0.9833333,..,..,..,..,..,..,1,..,..,..,..,..,..,..,1,..,..,0.7276444,..,0.636,..,1
NPLva1998,Nepal,NPL,South Asia,Lower middle income,1998,va,4,-0.48654929999999996,0.24508,-0.8884805,-0.0846181,48.333415599999995,4.28951,41.2986192,55.368212,..,..,..,..,..,..,..,..,..,..,..,..,0.5255556,..,..,..,..,..,..,0.6,..,..,..,..,..,..,..,..,..,..,0.45199999999999996,..,..,..,0.5
NRUva1998,Nauru,NRU,East Asia & Pacific,High income,1998,va,2,0.9980707999999999,0.371378,0.3890109,1.6071307,74.3179626,6.5000390999999995,63.6578984,84.9780268,..,..,..,..,..,..,..,..,..,..,..,..,0.8688889,..,..,..,..,..,..,1,..,..,..,..,..,..,..,..,..,..,..,..,..,..,..
NZLva1998,New Zealand,NZL,East Asia & Pacific,High income,1998,va,7,1.474789,0.19316619999999998,1.1579964,1.7915816,82.6617176,3.3808895999999997,77.1170586,88.2063766,..,..,..,..,..,..,..,..,..,0.875,..,..,0.9733333,..,..,..,..,..,..,1,..,..,..,..,..,..,..,0.9166667,..,..,0.7312111,..,0.58,..,1
OMNva1998,Oman,OMN,Middle East & North Africa,High income,1998,va,6,-1.0454995,0.1939854,-1.3636355999999998,-0.7273634,38.5503959,3.3952278,32.9822223,44.1185695,..,..,..,..,..,..,..,..,..,0.375,..,..,0.1944444,..,..,..,..,..,..,0.19999999999999998,..,..,..,..,..,..,..,0.5,..,..,0.2951667,..,..,..,0.625
PAKva1998,Pakistan,PAK,South Asia,Lower middle income,1998,va,6,-1.0279154,0.1939854,-1.3460515,-0.7097793,38.8581614,3.3952278,33.2899878,44.426334999999995,..,..,..,..,..,..,..,..,..,0.125,..,..,0.4111111,..,..,..,..,..,..,0.5,..,..,..,..,..,..,..,0.3333333,..,..,0.46505559999999996,..,..,..,0.375
PANva1998,Panama,PAN,Latin America & Caribbean,High income,1998,va,7,0.37768219999999997,0.1938256,0.0598082,0.6955562,63.4596179,3.3924306,57.896031699999995,69.0232041,..,..,..,..,..,..,..,..,..,0.375,..,..,0.7333333,..,..,..,..,..,..,0.8999999999999999,..,..,..,0.22999999999999998,..,..,..,0.9166667,..,..,0.6340444,..,..,..,0.625
PERva1998,Peru,PER,Latin America & Caribbean,Upper middle income,1998,va,7,-0.7018031,0.1938256,-1.0196771,-0.38392909999999997,44.5659384,3.3924306,39.0023522,50.129524499999995,..,..,..,..,..,..,..,..,..,0.375,..,..,0.4011111,..,..,..,..,..,..,0.6,..,..,..,0.19,..,..,..,0.3333333,..,..,0.48433329999999997,..,..,..,0.4375
PHLva1998,Philippines,PHL,East Asia & Pacific,Lower middle income,1998,va,7,0.1901129,0.19316619999999998,-0.1266797,0.5069055,60.176688299999995,3.3808895999999997,54.6320293,65.72134729999999,..,..,..,..,..,..,..,..,..,0.375,..,..,0.7333333,..,..,..,..,..,..,0.7999999999999999,..,..,..,..,..,..,..,0.8333332999999999,..,..,0.5619556,..,0.5333,..,0.625
PLWva1998,Palau,PLW,East Asia & Pacific,High income,1998,va,2,1.129479,0.371378,0.5204191,1.7385389,76.6179331,6.5000390999999995,65.957869,87.2779973,..,..,..,..,..,..,..,..,..,..,..,..,0.9166667,..,..,..,..,..,..,1,..,..,..,..,..,..,..,..,..,..,..,..,..,..,..
PNGva1998,Papua New Guinea,PNG,East Asia & Pacific,Lower middle income,1998,va,6,-0.30789059999999996,0.1939854,-0.6260266999999999,0.0102455,51.4603876,3.3952278,45.892213999999996,57.0285611,..,..,..,..,..,..,..,..,..,0.25,..,..,0.74,..,..,..,..,..,..,1,..,..,..,..,..,..,..,0.5833332999999999,..,..,0.5037889,..,..,..,0.375
POLva1998,Poland,POL,Europe & Central Asia,High income,1998,va,7,1.2118042,0.19316619999999998,0.8950115999999999,1.5285967999999999,78.0588291,3.3808895999999997,72.5141701,83.603488,..,..,..,..,..,..,..,..,..,0.75,..,..,0.8916666999999999,..,..,..,..,..,..,1,..,..,..,..,..,..,..,1,..,..,0.7348667,..,0.34909999999999997,..,0.8125
PRIva1998,Puerto Rico (U.S.),PRI,Latin America & Caribbean,High income,1998,va,2,1.0481976,0.3249099,0.5153454,1.5810498,75.1953063,5.6867316,65.8690666,84.5215461,..,..,..,..,..,..,..,..,..,..,..,..,0.9166667,..,..,..,..,..,..,..,..,..,..,..,..,..,..,..,..,..,..,..,..,..,0.8125
PRKva1998,"Korea, Dem. People's Rep.",PRK,East Asia & Pacific,Low income,1998,va,5,-2.1748537999999997,0.2213967,-2.5379443999999998,-1.8117632,18.783884699999998,3.8749933999999997,12.4288955,25.1388739,..,..,..,..,..,..,..,..,..,..,..,..,0,..,..,..,..,..,..,0,..,..,..,..,..,..,..,0.0833333,..,..,0.3559111,..,..,..,0.0625
PRTva1998,Portugal,PRT,Europe & Central Asia,High income,1998,va,7,1.3776842,0.19316619999999998,1.0608916,1.6944768,80.96214189999999,3.3808895999999997,75.4174829,86.5068009,..,..,..,..,..,..,..,..,..,0.75,..,..,0.9433332999999999,..,..,..,..,..,..,1,..,..,..,..,..,..,..,1,..,..,0.7272778,..,0.5515,..,1
PRYva1998,Paraguay,PRY,Latin America & Caribbean,Upper middle income,1998,va,7,-0.4814149,0.1938256,-0.7992889,-0.1635409,48.423280399999996,3.3924306,42.8596942,53.9868666,..,..,..,..,..,..,..,..,..,0.25,..,..,0.5655555999999999,..,..,..,..,..,..,0.8999999999999999,..,..,..,0.35,..,..,..,0.5,..,..,0.5442889,..,..,..,0.3125
PSEva1998,West Bank and Gaza,PSE,Middle East & North Africa,Lower middle income,1998,va,3,-0.8066428999999999,0.2574646,-1.2288847999999999,-0.384401,42.7309809,4.5062709,35.340696699999995,50.121265099999995,..,..,..,..,..,..,..,..,..,..,..,..,0.2833333,..,..,..,..,..,..,..,..,..,..,..,..,..,..,..,..,..,0.5537111,..,..,..,0.25
QATva1998,Qatar,QAT,Middle East & North Africa,High income,1998,va,6,-1.2538259999999999,0.1939854,-1.5719621,-0.9356899,34.9041636,3.3952278,29.33599,40.4723372,..,..,..,..,..,..,..,..,..,0.375,..,..,0.1822222,..,..,..,..,..,..,1,..,..,..,..,..,..,..,0.4166667,..,..,0.093,..,..,..,0.625
ROUva1998,Romania,ROU,Europe & Central Asia,High income,1998,va,6,0.12375169999999999,0.1939854,-0.19438439999999998,0.4418878,59.0152022,3.3952278,53.447028599999996,64.58337569999999,..,..,..,..,..,..,..,..,..,0.25,..,..,0.6703333,..,..,..,..,..,..,0.8999999999999999,..,..,..,..,..,..,..,0.9166667,..,..,0.5814889,..,..,..,0.625
RUSva1998,Russian Federation,RUS,Europe & Central Asia,High income,1998,va,7,-0.5349587,0.19316619999999998,-0.8517513,-0.2181661,47.486130599999996,3.3808895999999997,41.9414716,53.0307896,..,..,..,..,..,..,..,..,..,0.25,..,..,0.49033329999999997,..,..,..,..,..,..,0.5,..,..,..,..,..,..,..,0.5,..,..,0.5376778,..,0.38749999999999996,..,0.5
RWAva1998,Rwanda,RWA,Sub-Saharan Africa,Low income,1998,va,4,-1.6093473999999999,0.24508,-2.0112786,-1.2074162,28.681654199999997,4.28951,21.6468578,35.7164506,..,..,..,..,..,..,..,..,..,..,..,..,0.1488889,..,..,..,..,..,..,0.7,..,..,..,..,..,..,..,..,..,..,0.3301667,..,..,..,0.125
SAUva1998,Saudi Arabia,SAU,Middle East & North Africa,High income,1998,va,6,-1.9746164,0.1939854,-2.2927524999999997,-1.6564803,22.288537599999998,3.3952278,16.720364,27.8567112,..,..,..,..,..,..,..,..,..,0,..,..,0.049999999999999996,..,..,..,..,..,..,0,..,..,..,..,..,..,..,0.4166667,..,..,0.20236669999999998,..,..,..,0.3125
SDNva1998,Sudan,SDN,Sub-Saharan Africa,Low income,1998,va,6,-2.048046,0.1939854,-2.3661821,-1.7299099,21.0033368,3.3952278,15.4351632,26.571510399999998,..,..,..,..,..,..,..,..,..,0,..,..,0.049999999999999996,..,..,..,..,..,..,0.09999999999999999,..,..,..,..,..,..,..,0.0833333,..,..,0.2960889,..,..,..,0.25
SENva1998,Senegal,SEN,Sub-Saharan Africa,Lower middle income,1998,va,6,-0.2139298,0.1939854,-0.5320659,0.1042063,53.104935399999995,3.3952278,47.5367618,58.673109,..,..,..,..,..,..,..,..,..,0.375,..,..,0.5566667,..,..,..,..,..,..,0.5,..,..,..,..,..,..,..,0.5,..,..,0.5808778,..,..,..,0.625
SGPva1998,Singapore,SGP,East Asia & Pacific,High income,1998,va,7,0.28877189999999997,0.19316619999999998,-0.0280207,0.6055645,61.9034664,3.3808895999999997,56.358807399999996,67.4481254,..,..,..,..,..,..,..,..,..,0.875,..,..,0.3355556,..,..,..,..,..,..,0.5,..,..,..,..,..,..,..,0.75,..,..,0.5517444,..,0.756,..,0.6875
SLBva1998,Solomon Islands,SLB,East Asia & Pacific,Lower middle income,1998,va,3,0.48935209999999996,0.2788181,0.0320904,0.9466138,65.4141191,4.880010899999999,57.4109013,73.417337,..,..,..,..,..,..,..,..,..,..,..,..,0.8911110999999999,..,..,..,..,..,..,1,..,..,..,..,..,..,..,..,..,..,0.5220111,..,..,..,..
SLEva1998,Sierra Leone,SLE,Sub-Saharan Africa,Low income,1998,va,5,-1.0597729,0.2213967,-1.4228634999999998,-0.6966823,38.3005759,3.8749933999999997,31.9455867,44.6555651,..,..,..,..,..,..,..,..,..,..,..,..,0.39999999999999997,..,..,..,..,..,..,0.6,..,..,..,..,..,..,..,0,..,..,0.5572667,..,..,..,0.25
SLVva1998,El Salvador,SLV,Latin America & Caribbean,Upper middle income,1998,va,7,-0.400395,0.1938256,-0.7182689999999999,-0.082521,49.841330299999996,3.3924306,44.2777441,55.4049165,..,..,..,..,..,..,..,..,..,0.125,..,..,0.6566666999999999,..,..,..,..,..,..,1,..,..,..,0.31,..,..,..,0.5833332999999999,..,..,0.5073111,..,..,..,0.5
SMRva1998,San Marino,SMR,Europe & Central Asia,High income,1998,va,2,1.3586791999999999,0.371378,0.7496193,1.9677391,80.6295071,6.5000390999999995,69.96944289999999,91.28957129999999,..,..,..,..,..,..,..,..,..,..,..,..,1,..,..,..,..,..,..,1,..,..,..,..,..,..,..,..,..,..,..,..,..,..,..
SOMva1998,Federal Republic of Somalia,SOM,Sub-Saharan Africa,Low income,1998,va,4,-2.1666054999999997,0.23039939999999998,-2.5444605,-1.7887505,18.9282505,4.0325628,12.314847499999999,25.5416535,..,..,..,..,..,..,..,..,..,..,..,..,0.04,..,..,..,..,..,..,..,..,..,..,..,..,..,..,0.0833333,..,..,0.3204333,..,..,..,0.0625
SRBva1998,Serbia,SRB,Europe & Central Asia,Upper middle income,1998,va,6,-1.1931559999999999,0.1939854,-1.5112921,-0.8750199,35.966039599999995,3.3952278,30.397866099999998,41.534213199999996,..,..,..,..,..,..,..,..,..,0.125,..,..,0.3133333,..,..,..,..,..,..,0.19999999999999998,..,..,..,..,..,..,..,0.5,..,..,0.4375889,..,..,..,0.25
STPva1998,São Tomé and Príncipe,STP,Sub-Saharan Africa,Lower middle income,1998,va,4,0.45097899999999996,0.24508,0.049047799999999996,0.8529102,64.7424944,4.28951,57.707698,71.7772908,..,..,..,..,..,..,..,..,..,..,..,..,0.8444444,..,..,..,..,..,..,1,..,..,..,..,..,..,..,..,..,..,0.6218777999999999,..,..,..,0.4375
SURva1998,Suriname,SUR,Latin America & Caribbean,Upper middle income,1998,va,5,0.0932302,0.2213967,-0.2698604,0.45632079999999997,58.4809999,3.8749933999999997,52.126010699999995,64.8359892,..,..,..,..,..,..,..,..,..,..,..,..,0.6744443999999999,..,..,..,..,..,..,1,..,..,..,..,..,..,..,0.5833332999999999,..,..,0.6510111,..,..,..,0.3125
SVKva1998,Slovak Republic,SVK,Europe & Central Asia,High income,1998,va,6,0.7687615999999999,0.1939854,0.45062549999999996,1.0868977,70.3044808,3.3952278,64.7363072,75.8726544,..,..,..,..,..,..,..,..,..,0.625,..,..,0.69,..,..,..,..,..,..,0.8999999999999999,..,..,..,..,..,..,..,1,..,..,0.6850666999999999,..,..,..,0.6875
SVNva1998,Slovenia,SVN,Europe & Central Asia,High income,1998,va,6,1.1887638,0.1939854,0.8706277,1.5068998999999998,77.6555647,3.3952278,72.08739109999999,83.2237383,..,..,..,..,..,..,..,..,..,0.875,..,..,0.8543333,..,..,..,..,..,..,0.8999999999999999,..,..,..,..,..,..,..,0.8333332999999999,..,..,0.7121999999999999,..,..,..,0.875
SWEva1998,Sweden,SWE,Europe & Central Asia,High income,1998,va,7,1.6565086,0.19316619999999998,1.339716,1.9733011999999999,85.8422629,3.3808895999999997,80.2976039,91.38692189999999,..,..,..,..,..,..,..,..,..,1,..,..,0.9666667,..,..,..,..,..,..,1,..,..,..,..,..,..,..,1,..,..,0.7505999999999999,..,0.40459999999999996,..,1
SWZva1998,Eswatini,SWZ,Sub-Saharan Africa,Lower middle income,1998,va,4,-1.2362336999999999,0.24508,-1.6381649,-0.8343025,35.2120727,4.28951,28.1772763,42.2468691,..,..,..,..,..,..,..,..,..,..,..,..,0.3055556,..,..,..,..,..,..,0.39999999999999997,..,..,..,..,..,..,..,..,..,..,0.41901109999999997,..,..,..,0.1875
SYCva1998,Seychelles,SYC,Sub-Saharan Africa,High income,1998,va,4,-0.029123999999999997,0.24508,-0.43105519999999997,0.3728072,56.3394969,4.28951,49.304700499999996,63.3742933,..,..,..,..,..,..,..,..,..,..,..,..,0.6111111,..,..,..,..,..,..,1,..,..,..,..,..,..,..,..,..,..,0.5010333,..,..,..,0.5625
SYRva1998,Syrian Arab Republic,SYR,Middle East & North Africa,Low income,1998,va,6,-1.6989231,0.1939854,-2.0170592,-1.380787,27.113856499999997,3.3952278,21.545683,32.6820301,..,..,..,..,..,..,..,..,..,0.125,..,..,0.0866667,..,..,..,..,..,..,0.09999999999999999,..,..,..,..,..,..,..,0.25,..,..,0.30384439999999996,..,..,..,0.375
TCDva1998,Chad,TCD,Sub-Saharan Africa,Low income,1998,va,4,-1.2527431,0.24508,-1.6546743,-0.8508119,34.9231171,4.28951,27.888320699999998,41.9579135,..,..,..,..,..,..,..,..,..,..,..,..,0.3055556,..,..,..,..,..,..,0.39999999999999997,..,..,..,..,..,..,..,..,..,..,0.38949999999999996,..,..,..,0.25
TGOva1998,Togo,TGO,Sub-Saharan Africa,Low income,1998,va,5,-1.4781978999999998,0.2213967,-1.8412884999999999,-1.1151073,30.9770969,3.8749933999999997,24.622107699999997,37.3320862,..,..,..,..,..,..,..,..,..,..,..,..,0.25666669999999997,..,..,..,..,..,..,0.09999999999999999,..,..,..,..,..,..,..,0.25,..,..,0.3616,..,..,..,0.375
THAva1998,Thailand,THA,East Asia & Pacific,Upper middle income,1998,va,7,0.1853317,0.19316619999999998,-0.1314609,0.5021243,60.093005399999996,3.3808895999999997,54.5483464,65.63766439999999,..,..,..,..,..,..,..,..,..,0.625,..,..,0.7333333,..,..,..,..,..,..,0.7999999999999999,..,..,..,..,..,..,..,0.5833332999999999,..,..,0.5199777999999999,..,0.4382,..,0.625
TJKva1998,Tajikistan,TJK,Europe & Central Asia,Lower middle income,1998,va,4,-1.7665459,0.24508,-2.1684771,-1.3646147,25.930289199999997,4.28951,18.8954928,32.9650856,..,..,..,..,..,..,..,..,..,..,..,..,0.1536667,..,..,..,..,..,..,0.3,..,..,..,..,..,..,..,..,..,..,0.32854439999999996,..,..,..,0.125
TKMva1998,Turkmenistan,TKM,Europe & Central Asia,Upper middle income,1998,va,4,-1.7938566999999999,0.24508,-2.1957879,-1.3919255,25.4522823,4.28951,18.4174859,32.4870787,..,..,..,..,..,..,..,..,..,..,..,..,0.03,..,..,..,..,..,..,0.3,..,..,..,..,..,..,..,..,..,..,0.32626669999999997,..,..,..,0.25
TLSva1998,Timor-Leste,TLS,East Asia & Pacific,Lower middle income,1998,va,1,-1.668104,0.3899513,-2.3076241,-1.0285838999999999,27.6532675,6.825118,16.460074,38.846461,..,..,..,..,..,..,..,..,..,..,..,..,..,..,..,..,..,..,..,..,..,..,..,..,..,..,..,..,..,..,0.3136,..,..,..,..
TONva1998,Tonga,TON,East Asia & Pacific,Upper middle income,1998,va,2,0.0843255,0.371378,-0.5247343999999999,0.6933853999999999,58.3251455,6.5000390999999995,47.6650813,68.9852097,..,..,..,..,..,..,..,..,..,..,..,..,0.5366666999999999,..,..,..,..,..,..,1,..,..,..,..,..,..,..,..,..,..,..,..,..,..,..
TTOva1998,Trinidad and Tobago,TTO,Latin America & Caribbean,High income,1998,va,6,0.6739769,0.1939854,0.35584079999999996,0.9921129999999999,68.6455127,3.3952278,63.077339099999996,74.2136862,..,..,..,..,..,..,..,..,..,0.625,..,..,0.8511111,..,..,..,..,..,..,1,..,..,..,..,..,..,..,0.8333332999999999,..,..,0.6543778,..,..,..,0.5625
TUNva1998,Tunisia,TUN,Middle East & North Africa,Lower middle income,1998,va,6,-1.1269145999999999,0.1939854,-1.4450507,-0.8087785,37.125429,3.3952278,31.5572554,42.6936026,..,..,..,..,..,..,..,..,..,0.25,..,..,0.2533333,..,..,..,..,..,..,0.3,..,..,..,..,..,..,..,0.4166667,..,..,0.3327333,..,..,..,0.5625
TURva1998,Türkiye,TUR,Europe & Central Asia,Upper middle income,1998,va,7,-0.7565145,0.19316619999999998,-1.0733070999999998,-0.4397219,43.6083527,3.3808895999999997,38.0636937,49.1530117,..,..,..,..,..,..,..,..,..,0.125,..,..,0.3811111,..,..,..,..,..,..,0.39999999999999997,..,..,..,..,..,..,..,0.25,..,..,0.6399777999999999,..,0.3223,..,0.5
TUVva1998,Tuvalu,TUV,East Asia & Pacific,Upper middle income,1998,va,2,1.3586791999999999,0.371378,0.7496193,1.9677391,80.6295071,6.5000390999999995,69.96944289999999,91.28957129999999,..,..,..,..,..,..,..,..,..,..,..,..,1,..,..,..,..,..,..,1,..,..,..,..,..,..,..,..,..,..,..,..,..,..,..
TWNva1998,"Taiwan, China",TWN,East Asia & Pacific,High income,1998,va,7,0.815477,0.19316619999999998,0.49868439999999997,1.1322695999999999,71.1221166,3.3808895999999997,65.5774576,76.6667756,..,..,..,..,..,..,..,..,..,0.75,..,..,0.8055555999999999,..,..,..,..,..,..,0.8999999999999999,..,..,..,..,..,..,..,0.8333332999999999,..,..,0.6300889,..,0.49879999999999997,..,0.75
TZAva1998,Tanzania,TZA,Sub-Saharan Africa,Lower middle income,1998,va,6,-0.8516311,0.1939854,-1.1697672,-0.5334949999999999,41.9435754,3.3952278,36.3754019,47.511748999999995,..,..,..,..,..,..,..,..,..,0,..,..,0.4411111,..,..,..,..,..,..,0.3,..,..,..,..,..,..,..,0.6666667,..,..,0.5273555999999999,..,..,..,0.375
UGAva1998,Uganda,UGA,Sub-Saharan Africa,Low income,1998,va,6,-1.1486857,0.1939854,-1.4668218,-0.8305496,36.7443806,3.3952278,31.176206999999998,42.3125542,..,..,..,..,..,..,..,..,..,0,..,..,0.5333333,..,..,..,..,..,..,0.39999999999999997,..,..,..,..,..,..,..,0.3333333,..,..,0.4720889,..,..,..,0.25
UKRva1998,Ukraine,UKR,Europe & Central Asia,Upper middle income,1998,va,6,-0.47289709999999996,0.1939854,-0.7910332,-0.15476099999999998,48.5723631,3.3952278,43.004189499999995,54.1405367,..,..,..,..,..,..,..,..,..,0.125,..,..,0.525,..,..,..,..,..,..,0.5,..,..,..,..,..,..,..,0.8333332999999999,..,..,0.5024444,..,..,..,0.5
URYva1998,Uruguay,URY,Latin America & Caribbean,High income,1998,va,7,0.8631764,0.1938256,0.5453024,1.1810504,71.9569748,3.3924306,66.3933886,77.520561,..,..,..,..,..,..,..,..,..,0.625,..,..,0.8444444,..,..,..,..,..,..,1,..,..,..,0.41,..,..,..,0.8333332999999999,..,..,0.7395111,..,..,..,0.625
USAva1998,United States,USA,North America,High income,1998,va,7,1.3792841999999998,0.19316619999999998,1.0624916,1.6960768,80.9901459,3.3808895999999997,75.44548689999999,86.5348049,..,..,..,..,..,..,..,..,..,0.875,..,..,0.9566667,..,..,..,..,..,..,0.8999999999999999,..,..,..,..,..,..,..,1,..,..,0.6881889,..,0.575,..,0.9375
UZBva1998,Uzbekistan,UZB,Europe & Central Asia,Lower middle income,1998,va,4,-1.8167757,0.22919579999999998,-2.1926568,-1.4408946,25.0511427,4.0114968,18.472287899999998,31.629997499999998,..,..,..,..,..,..,..,..,..,0,..,..,0.10866669999999999,..,..,..,..,..,..,0.09999999999999999,..,..,..,..,..,..,..,..,..,..,0.3635,..,..,..,..
VCTva1998,St. Vincent and the Grenadines,VCT,Latin America & Caribbean,Upper middle income,1998,va,2,1.0591907999999999,0.371378,0.4501309,1.6682507,75.3877147,6.5000390999999995,64.7276505,86.0477789,..,..,..,..,..,..,..,..,..,..,..,..,0.8911110999999999,..,..,..,..,..,..,1,..,..,..,..,..,..,..,..,..,..,..,..,..,..,..
VENva1998,"Venezuela, RB",VEN,Latin America & Caribbean,,1998,va,8,-0.1254727,0.1930084,-0.44200649999999997,0.19106109999999998,54.653154799999996,3.3781277,49.1130255,60.1932842,..,..,..,..,..,..,..,..,..,0.25,..,..,0.7233333,..,..,..,..,..,..,0.7,..,..,..,0.19999999999999998,..,..,..,0.6666667,..,..,0.6362667,..,0.3488,..,0.375
VNMva1998,Viet Nam,VNM,East Asia & Pacific,Lower middle income,1998,va,6,-1.3747009,0.1939854,-1.692837,-1.0565647999999999,32.788551999999996,3.3952278,27.220378399999998,38.3567256,..,..,..,..,..,..,..,..,..,0.125,..,..,0.0966667,..,..,..,..,..,..,0,..,..,..,..,..,..,..,0.1666667,..,..,0.4901333,..,..,..,0.5
VUTva1998,Vanuatu,VUT,East Asia & Pacific,Lower middle income,1998,va,3,0.39608289999999996,0.2788181,-0.0611788,0.8533446,63.781676,4.880010899999999,55.778458099999995,71.7848939,..,..,..,..,..,..,..,..,..,..,..,..,0.7488889,..,..,..,..,..,..,1,..,..,..,..,..,..,..,..,..,..,0.5582667,..,..,..,..
WSMva1998,Samoa,WSM,East Asia & Pacific,Upper middle income,1998,va,3,0.5737604,0.3010208,0.0800863,1.0674344999999998,66.8914745,5.2686131,58.250949,75.532,..,..,..,..,..,..,..,..,..,..,..,..,0.73,..,..,..,..,..,..,1,..,..,..,..,..,..,..,..,..,..,..,..,..,..,0.6875
XKXva1998,Kosovo,XKX,Europe & Central Asia,Upper middle income,1998,va,1,-1.5836025,0.4193205,-2.2712881,-0.8959168999999999,29.132254099999997,7.3391522,17.0960444,41.1684637,..,..,..,..,..,..,..,..,..,..,..,..,0.1666667,..,..,..,..,..,..,..,..,..,..,..,..,..,..,..,..,..,..,..,..,..,..
YEMva1998,"Yemen, Rep.",YEM,Middle East & North Africa,Low income,1998,va,6,-1.0644375,0.1939854,-1.3825736,-0.7463014,38.218933799999995,3.3952278,32.6507602,43.7871074,..,..,..,..,..,..,..,..,..,0.125,..,..,0.2733333,..,..,..,..,..,..,0.3,..,..,..,..,..,..,..,0.6666667,..,..,0.3820889,..,..,..,0.4375
ZAFva1998,South Africa,ZAF,Sub-Saharan Africa,Upper middle income,1998,va,7,0.4613521,0.19316619999999998,0.14455949999999998,0.7781446999999999,64.9240494,3.3808895999999997,59.3793904,70.4687084,..,..,..,..,..,..,..,..,..,0.5,..,..,0.8511111,..,..,..,..,..,..,0.8999999999999999,..,..,..,..,..,..,..,0.75,..,..,0.5719889,..,0.5159,..,0.75
ZMBva1998,Zambia,ZMB,Sub-Saharan Africa,Lower middle income,1998,va,6,-0.7308047,0.1939854,-1.0489408,-0.4126686,44.0583382,3.3952278,38.4901646,49.626511799999996,..,..,..,..,..,..,..,..,..,0.125,..,..,0.4044444,..,..,..,..,..,..,0.3,..,..,..,..,..,..,..,0.75,..,..,0.5119777999999999,..,..,..,0.375
ZWEva1998,Zimbabwe,ZWE,Sub-Saharan Africa,Lower middle income,1998,va,6,-1.1211457999999999,0.1939854,-1.4392819,-0.8030096999999999,37.226397399999996,3.3952278,31.6582238,42.794571,..,..,..,..,..,..,..,..,..,0,..,..,0.3422222,..,..,..,..,..,..,0.7,..,..,..,..,..,..,..,0.5,..,..,0.41796669999999997,..,..,..,0.375
ADOva2000,Andorra,ADO,,,2000,va,3,1.5413614999999998,0.3010208,1.0476874,2.0350356,83.8269021,5.2686131,75.1863766,92.4674276,..,..,..,..,..,..,..,..,..,..,..,..,1,..,..,..,..,..,..,1,..,..,..,..,..,..,..,..,..,..,..,..,..,..,1
AFGva2000,Afghanistan,AFG,South Asia,Low income,2000,va,4,-2.2978464,0.24508,-2.6997776,-1.8959152,16.6312081,4.28951,9.596411699999999,23.6660045,..,..,..,..,..,..,..,..,..,..,..,..,0.0166667,..,..,..,..,..,..,0.09999999999999999,..,..,..,..,..,..,..,..,..,..,0.2455667,..,..,..,0.0625
AGOva2000,Angola,AGO,Sub-Saharan Africa,Lower middle income,2000,va,7,-1.6785031,0.1859104,-1.9833961999999998,-1.37361,27.4712574,3.2538951999999997,22.1348692,32.8076455,..,..,..,..,..,..,..,..,..,0.125,..,..,0.17777779999999999,..,..,..,..,..,..,0.39999999999999997,..,..,0,..,..,..,..,0.3333333,..,..,0.32026669999999996,..,..,..,0.125
ALBva2000,Albania,ALB,Europe & Central Asia,Upper middle income,2000,va,6,-0.5249370999999999,0.2042428,-0.8598952999999999,-0.18997889999999998,47.6615336,3.5747573999999998,41.7989314,53.524135799999996,..,..,..,..,..,..,..,..,..,..,..,..,0.4463333,..,..,..,..,..,..,0.6,..,..,..,..,0.44,..,..,0.75,..,..,0.46022219999999997,..,..,..,0.375
AREva2000,United Arab Emirates,ARE,Middle East & North Africa,High income,2000,va,6,-0.8437477,0.1939854,-1.1618838,-0.5256116,42.0815546,3.3952278,36.513380999999995,47.6497281,..,..,..,..,..,..,..,..,..,0.375,..,..,0.2466667,..,..,..,..,..,..,0.19999999999999998,..,..,..,..,..,..,..,0.5833332999999999,..,..,0.3352333,..,..,..,0.6875
ARGva2000,Argentina,ARG,Latin America & Caribbean,Upper middle income,2000,va,8,0.44227839999999996,0.1930084,0.12574459999999998,0.7588121999999999,64.5902122,3.3781277,59.0500829,70.1303416,..,..,..,..,..,..,..,..,..,0.5,..,..,0.8344444,..,..,..,..,..,..,0.7999999999999999,..,..,..,0.27999999999999997,..,..,..,0.75,..,..,0.6751444,..,0.5229507999999999,..,0.5
ARMva2000,Armenia,ARM,Europe & Central Asia,Upper middle income,2000,va,6,-0.5752267,0.2042428,-0.9101849,-0.2402685,46.7813404,3.5747573999999998,40.9187382,52.643942599999995,..,..,..,..,..,..,..,..,..,..,..,..,0.407,..,..,..,..,..,..,0.5,..,..,..,..,0.413,..,..,0.6666667,..,..,0.4865889,..,..,..,0.4375
ATGva2000,Antigua and Barbuda,ATG,Latin America & Caribbean,High income,2000,va,3,0.28799579999999997,0.3010208,-0.20567829999999998,0.7816698999999999,61.889882699999994,5.2686131,53.2493572,70.5304082,..,..,..,..,..,..,..,..,..,..,..,..,0.6244444,..,..,..,..,..,..,1,..,..,..,..,..,..,..,..,..,..,..,..,..,..,0.625
AUSva2000,Australia,AUS,East Asia & Pacific,High income,2000,va,7,1.4399376,0.19316619999999998,1.123145,1.7567302,82.0517314,3.3808895999999997,76.5070724,87.59639039999999,..,..,..,..,..,..,..,..,..,0.75,..,..,0.9666667,..,..,..,..,..,..,1,..,..,..,..,..,..,..,1,..,..,0.7445444,..,0.6948454,..,1
AUTva2000,Austria,AUT,Europe & Central Asia,High income,2000,va,8,1.3898762999999998,0.19099719999999998,1.0766409,1.7031117,81.175534,3.3429263,75.69313489999999,86.6579332,..,..,..,..,..,..,..,..,..,0.875,..,0.529,0.9533332999999999,..,..,..,..,..,..,0.7999999999999999,..,..,..,..,..,..,..,0.9166667,..,..,0.7122666999999999,..,0.5333333,..,1
AZEva2000,Azerbaijan,AZE,Europe & Central Asia,Upper middle income,2000,va,7,-1.2121625999999999,0.1821342,-1.5108627,-0.9134625,35.6333768,3.187802,30.4053816,40.861371999999996,..,..,..,..,..,..,..,..,..,0.125,..,..,0.2313333,..,..,..,..,..,..,0.39999999999999997,..,..,..,..,0.434,..,..,0.5,..,..,0.3986556,..,..,..,0.25
BDIva2000,Burundi,BDI,Sub-Saharan Africa,Low income,2000,va,5,-1.2022764,0.22937049999999998,-1.578444,-0.8261088,35.8064099,4.0145544,29.2225407,42.390279199999995,..,..,..,..,..,..,..,..,..,..,..,..,0.17777779999999999,..,..,..,..,..,..,0.19999999999999998,..,..,0,..,..,..,..,..,..,..,0.5923999999999999,..,..,..,0.125
BELva2000,Belgium,BEL,Europe & Central Asia,High income,2000,va,8,1.4437586,0.19099719999999998,1.1305231999999998,1.756994,82.1186084,3.3429263,76.6362092,87.6010075,..,..,..,..,..,..,..,..,..,0.875,..,0.45999999999999996,0.9144443999999999,..,..,..,..,..,..,1,..,..,..,..,..,..,..,0.9166667,..,..,0.7365667,..,0.5873418,..,1
BENva2000,Benin,BEN,Sub-Saharan Africa,Lower middle income,2000,va,5,0.1876677,0.22937049999999998,-0.1884999,0.5638352999999999,60.1338912,4.0145544,53.550022,66.7177605,..,..,..,..,..,..,..,..,..,..,..,..,0.7888889,..,..,..,..,..,..,0.8999999999999999,..,..,0.7777778,..,..,..,..,..,..,..,0.5595555999999999,..,..,..,0.4375
BFAva2000,Burkina Faso,BFA,Sub-Saharan Africa,Low income,2000,va,6,-0.4310342,0.2096112,-0.7747966,-0.0872718,49.3050681,3.6687181,43.2883704,55.3217657,..,..,..,..,..,..,..,..,..,..,..,..,0.5366666999999999,..,..,..,..,..,..,0.7,..,..,0.44444439999999996,..,..,..,..,0.5833332999999999,..,..,0.5138332999999999,..,..,..,0.375
BGDva2000,Bangladesh,BGD,South Asia,Lower middle income,2000,va,6,-0.4422507,0.1939854,-0.7603867999999999,-0.12411459999999999,49.108751399999996,3.3952278,43.5405778,54.676925,..,..,..,..,..,..,..,..,..,0.25,..,..,0.5222222,..,..,..,..,..,..,0.39999999999999997,..,..,..,..,..,..,..,0.6666667,..,..,0.5295444,..,..,..,0.5
BGRva2000,Bulgaria,BGR,Europe & Central Asia,High income,2000,va,7,0.3310167,0.1821342,0.0323166,0.6297168,62.642855499999996,3.187802,57.4148603,67.87085069999999,..,..,..,..,..,..,..,..,..,0.5,..,..,0.7396667,..,..,..,..,..,..,0.7,..,..,..,..,0.5539999999999999,..,..,0.8333332999999999,..,..,0.6247667,..,..,..,0.625
BHRva2000,Bahrain,BHR,Middle East & North Africa,High income,2000,va,6,-1.203379,0.1939854,-1.5215151,-0.8852428999999999,35.7871117,3.3952278,30.2189381,41.3552853,..,..,..,..,..,..,..,..,..,0.375,..,..,0.13888889999999998,..,..,..,..,..,..,0.3,..,..,..,..,..,..,..,0.25,..,..,0.30806669999999997,..,..,..,0.625
BHSva2000,"Bahamas, The",BHS,Latin America & Caribbean,High income,2000,va,4,1.1733596,0.2600403,0.7468935,1.5998257,77.38595289999999,4.5513525999999995,69.9217346,84.8501711,..,..,..,..,..,..,..,..,..,..,..,..,0.9766667,..,..,..,..,..,..,1,..,..,..,..,..,..,..,0.8333332999999999,..,..,..,..,..,..,0.875
BIHva2000,Bosnia and Herzegovina,BIH,Europe & Central Asia,Upper middle income,2000,va,5,-0.14294379999999998,0.2006855,-0.472068,0.1861804,54.3473671,3.5124955,48.5868744,60.1078598,..,..,..,..,..,..,..,..,..,0.625,..,..,0.417,..,..,..,..,..,..,..,..,..,..,..,0.416,..,..,..,..,..,0.6013778,..,..,..,0.4375
BLRva2000,Belarus,BLR,Europe & Central Asia,Upper middle income,2000,va,6,-1.4120228,0.2042428,-1.746981,-1.0770646,32.1353259,3.5747573999999998,26.2727237,37.997928099999996,..,..,..,..,..,..,..,..,..,..,..,..,0.12333329999999999,..,..,..,..,..,..,0.09999999999999999,..,..,..,..,0.29275,..,..,0.5,..,..,0.4392222,..,..,..,0.1875
BLZva2000,Belize,BLZ,Latin America & Caribbean,Upper middle income,2000,va,3,0.9478321999999999,0.3010208,0.45415809999999995,1.4415063,73.438662,5.2686131,64.7981365,82.0791875,..,..,..,..,..,..,..,..,..,..,..,..,0.9166667,..,..,..,..,..,..,0.8999999999999999,..,..,..,..,..,..,..,..,..,..,..,..,..,..,0.75
BMUva2000,Bermuda,BMU,North America,High income,2000,va,1,0.8022168,0.45889549999999996,0.0496282,1.5548054,70.89003009999999,8.0318132,57.717856399999995,84.06220379999999,..,..,..,..,..,..,..,..,..,..,..,..,..,..,..,..,..,..,..,..,..,..,..,..,..,..,..,..,..,..,..,..,..,..,0.8125
BOLva2000,Bolivia,BOL,Latin America & Caribbean,Lower middle income,2000,va,7,0.20984239999999998,0.1938256,-0.10803159999999999,0.5277164,60.5220037,3.3924306,54.958417499999996,66.0855899,..,..,..,..,..,..,..,..,..,0.375,..,..,0.8155555999999999,..,..,..,..,..,..,0.7999999999999999,..,..,..,0.19,..,..,..,0.5833332999999999,..,..,0.6664778,..,..,..,0.5625
BRAva2000,Brazil,BRA,Latin America & Caribbean,Upper middle income,2000,va,8,0.2885598,0.1930084,-0.027974,0.6050936,61.899754099999996,3.3781277,56.3596248,67.4398835,..,..,..,..,..,..,..,..,..,0.375,..,..,0.6744443999999999,..,..,..,..,..,..,0.7999999999999999,..,..,..,0.19,..,..,..,0.6666667,..,..,0.6906443999999999,..,0.525,..,0.6875
BRBva2000,Barbados,BRB,Latin America & Caribbean,High income,2000,va,4,1.2337018,0.24508,0.8317705999999999,1.635633,78.4420916,4.28951,71.4072952,85.476888,..,..,..,..,..,..,..,..,..,..,..,..,0.9466667,..,..,..,..,..,..,1,..,..,..,..,..,..,..,..,..,..,0.6544555999999999,..,..,..,1
BRNva2000,Brunei Darussalam,BRN,East Asia & Pacific,High income,2000,va,4,-0.9017592999999999,0.2600403,-1.3282254,-0.47529319999999997,41.0662072,4.5513525999999995,33.601988999999996,48.5304254,..,..,..,..,..,..,..,..,..,..,..,..,0.1977778,..,..,..,..,..,..,0.6,..,..,..,..,..,..,..,0.4166667,..,..,..,..,..,..,0.5625
BTNva2000,Bhutan,BTN,South Asia,Lower middle income,2000,va,4,-0.8502949999999999,0.24508,-1.2522262,-0.4483638,41.9669605,4.28951,34.9321641,49.0017569,..,..,..,..,..,..,..,..,..,..,..,..,0.1355556,..,..,..,..,..,..,0.39999999999999997,..,..,..,..,..,..,..,..,..,..,0.4957667,..,..,..,0.5625
BWAva2000,Botswana,BWA,Sub-Saharan Africa,Upper middle income,2000,va,7,0.47576389999999996,0.1859104,0.1708708,0.7806569999999999,65.1762918,3.2538951999999997,59.8399037,70.5126799,..,..,..,..,..,..,..,..,..,0.5,..,..,0.7988889,..,..,..,..,..,..,0.8999999999999999,..,..,0.7222221999999999,..,..,..,..,0.75,..,..,0.6511333,..,..,..,0.6875
CAFva2000,Central African Republic,CAF,Sub-Saharan Africa,Low income,2000,va,5,-0.9317667,0.22937049999999998,-1.3079342999999999,-0.5555991,40.541002999999996,4.0145545,33.9571337,47.1248723,..,..,..,..,..,..,..,..,..,..,..,..,0.5188889,..,..,..,..,..,..,0.3,..,..,0.6111111,..,..,..,..,..,..,..,0.4164111,..,..,..,0.1875
CANva2000,Canada,CAN,North America,High income,2000,va,7,1.6195960999999999,0.19316619999999998,1.3028035,1.9363887,85.1962023,3.3808895999999997,79.6515433,90.74086129999999,..,..,..,..,..,..,..,..,..,1,..,..,0.95,..,..,..,..,..,..,1,..,..,..,..,..,..,..,1,..,..,0.7174222,..,0.6918033,..,1
CHEva2000,Switzerland,CHE,Europe & Central Asia,High income,2000,va,7,1.5602083999999998,0.19316619999999998,1.2434158,1.877001,84.1567697,3.3808895999999997,78.6121107,89.7014287,..,..,..,..,..,..,..,..,..,1,..,..,0.9733333,..,..,..,..,..,..,0.8999999999999999,..,..,..,..,..,..,..,1,..,..,0.7149888999999999,..,0.6123711,..,0.9375
CHLva2000,Chile,CHL,Latin America & Caribbean,High income,2000,va,8,1.0475315,0.1930084,0.7309977,1.3640653,75.1836479,3.3781277,69.6435186,80.7237773,..,..,..,..,..,..,..,..,..,0.875,..,..,0.7988889,..,..,..,..,..,..,0.8999999999999999,..,..,..,0.37,..,..,..,0.6666667,..,..,0.7325999999999999,..,0.5633332999999999,..,0.8125
CHNva2000,China,CHN,East Asia & Pacific,Upper middle income,2000,va,7,-1.5932922999999999,0.19316619999999998,-1.9100849,-1.2764997,28.9626585,3.3808895999999997,23.4179995,34.5073174,..,..,..,..,..,..,..,..,..,0.125,..,..,0.12222219999999999,..,..,..,..,..,..,0.09999999999999999,..,..,..,..,..,..,..,0.25,..,..,0.3281667,..,0.6314607,..,0.375
CIVva2000,Côte d’Ivoire,CIV,Sub-Saharan Africa,Lower middle income,2000,va,7,-1.3448981,0.1859104,-1.6497912,-1.0400049999999998,33.310175199999996,3.2538951999999997,27.9737871,38.6465633,..,..,..,..,..,..,..,..,..,0,..,..,0.2433333,..,..,..,..,..,..,0.3,..,..,0.1666667,..,..,..,..,0.3333333,..,..,0.4691778,..,..,..,0.375
CMRva2000,Cameroon,CMR,Sub-Saharan Africa,Lower middle income,2000,va,7,-1.5185251,0.1859104,-1.8234181999999999,-1.213632,30.271270599999998,3.2538951999999997,24.9348824,35.6076587,..,..,..,..,..,..,..,..,..,0,..,..,0.1522222,..,..,..,..,..,..,0.3,..,..,0.1666667,..,..,..,..,0.5,..,..,0.35747779999999996,..,..,..,0.3125
CODva2000,"Congo, Dem. Rep.",COD,Sub-Saharan Africa,Low income,2000,va,5,-1.7841048,0.2172027,-2.1403171999999997,-1.4278924,25.6229648,3.8015876,19.3883612,31.857568399999998,..,..,..,..,..,..,..,..,..,..,..,..,0.1122222,..,..,..,..,..,..,..,..,..,0.11111109999999999,..,..,..,..,0.0833333,..,..,0.42769999999999997,..,..,..,0.125
COGva2000,"Congo, Rep.",COG,Sub-Saharan Africa,Lower middle income,2000,va,6,-1.5559516999999998,0.2096112,-1.8997141,-1.2121893,29.6162119,3.6687179999999997,23.5995143,35.6329095,..,..,..,..,..,..,..,..,..,..,..,..,0.3188889,..,..,..,..,..,..,0.6,..,..,0,..,..,..,..,0.0833333,..,..,0.4169,..,..,..,0.125
COLva2000,Colombia,COL,Latin America & Caribbean,Upper middle income,2000,va,8,-0.5922271,0.1930084,-0.9087609,-0.2756933,46.4837911,3.3781277,40.9436617,52.023920399999994,..,..,..,..,..,..,..,..,..,0.25,..,..,0.4666667,..,..,..,..,..,..,0.7999999999999999,..,..,..,0.24,..,..,..,0.4166667,..,..,0.5421889,..,0.496,..,0.375
COMva2000,Comoros,COM,Sub-Saharan Africa,Lower middle income,2000,va,5,-1.0625451,0.22937049999999998,-1.4387127,-0.6863775,38.2520555,4.0145545,31.668186199999997,44.8359248,..,..,..,..,..,..,..,..,..,..,..,..,0.42888889999999996,..,..,..,..,..,..,0.25,..,..,0,..,..,..,..,..,..,..,0.5095666999999999,..,..,..,0.1875
CPVva2000,Cabo Verde,CPV,Sub-Saharan Africa,Upper middle income,2000,va,4,0.7524135,0.2563082,0.3320681,1.1727589,70.0183484,4.486030899999999,62.6612577,77.3754391,..,..,..,..,..,..,..,..,..,..,..,..,0.8377778,..,..,..,..,..,..,1,..,..,0.7777778,..,..,..,..,..,..,..,0.6456999999999999,..,..,..,..
CRIva2000,Costa Rica,CRI,Latin America & Caribbean,High income,2000,va,7,1.085921,0.1938256,0.7680469999999999,1.403795,75.8555597,3.3924306,70.2919735,81.41914589999999,..,..,..,..,..,..,..,..,..,0.75,..,..,0.8911110999999999,..,..,..,..,..,..,0.8999999999999999,..,..,..,0.35,..,..,..,0.9166667,..,..,0.7177333,..,..,..,0.75
CUBva2000,Cuba,CUB,Latin America & Caribbean,Upper middle income,2000,va,6,-1.5049134,0.1939854,-1.8230495,-1.1867773,30.5095092,3.3952278,24.9413356,36.0776828,..,..,..,..,..,..,..,..,..,0.25,..,..,0.02,..,..,..,..,..,..,0,..,..,..,..,..,..,..,0.25,..,..,0.43812219999999996,..,..,..,0.25
CYMva2000,Cayman Islands,CYM,Latin America & Caribbean,High income,2000,va,1,1.4700601,0.45889549999999996,0.7174714999999999,2.2226486999999997,82.5789501,8.0318132,69.4067764,95.7511238,..,..,..,..,..,..,..,..,..,..,..,..,..,..,..,..,..,..,..,..,..,..,..,..,..,..,..,..,..,..,..,..,..,..,1
CYPva2000,Cyprus,CYP,Europe & Central Asia,High income,2000,va,6,0.9356312,0.1939854,0.6174951,1.2537673,73.2251142,3.3952278,67.6569406,78.7932877,..,..,..,..,..,..,..,..,..,0.75,..,..,0.82,..,..,..,..,..,..,0.7,..,..,..,..,..,..,..,0.9166667,..,..,0.6694443999999999,..,..,..,0.8125
CZEva2000,Czechia,CZE,Europe & Central Asia,High income,2000,va,7,0.7215866,0.19316619999999998,0.404794,1.0383792,69.4788009,3.3808895999999997,63.9341419,75.02345989999999,..,..,..,..,..,..,..,..,..,0.375,..,..,0.8603333,..,..,..,..,..,..,0.8999999999999999,..,..,..,..,..,..,..,0.9166667,..,..,0.7182666999999999,..,0.315942,..,0.8125
DEUva2000,Germany,DEU,Europe & Central Asia,High income,2000,va,8,1.5940086,0.19099719999999998,1.2807731999999998,1.907244,84.74835739999999,3.3429263,79.2659582,90.2307565,..,..,..,..,..,..,..,..,..,1,..,0.45299999999999996,0.9011110999999999,..,..,..,..,..,..,0.8999999999999999,..,..,..,..,..,..,..,0.9166667,..,..,0.7869222,..,0.45411759999999995,..,1
DJIva2000,Djibouti,DJI,Middle East & North Africa,Lower middle income,2000,va,5,-1.020599,0.22937049999999998,-1.3967665999999999,-0.6444314,38.9862166,4.0145544,32.4023474,45.570085899999995,..,..,..,..,..,..,..,..,..,..,..,..,0.4011111,..,..,..,..,..,..,0,..,..,0.6666667,..,..,..,..,..,..,..,0.4188556,..,..,..,0.3125
DMAva2000,Dominica,DMA,Latin America & Caribbean,Upper middle income,2000,va,3,1.0618296,0.3010208,0.5681554999999999,1.5555036999999998,75.43390029999999,5.2686131,66.7933748,84.0744258,..,..,..,..,..,..,..,..,..,..,..,..,0.9466667,..,..,..,..,..,..,1,..,..,..,..,..,..,..,..,..,..,..,..,..,..,0.75
DNKva2000,Denmark,DNK,Europe & Central Asia,High income,2000,va,8,1.6699640999999998,0.19099719999999998,1.3567287,1.9831995,86.0777677,3.3429263,80.59536849999999,91.56016679999999,..,..,..,..,..,..,..,..,..,1,..,0.613,0.97,..,..,..,..,..,..,1,..,..,..,..,..,..,..,1,..,..,0.7330888999999999,..,0.5540229999999999,..,1
DOMva2000,Dominican Republic,DOM,Latin America & Caribbean,Upper middle income,2000,va,6,-0.1448147,0.1939854,-0.4629508,0.1733214,54.3146217,3.3952278,48.746448099999995,59.8827953,..,..,..,..,..,..,..,..,..,0.125,..,..,0.7888889,..,..,..,..,..,..,0.8999999999999999,..,..,..,..,..,..,..,0.6666667,..,..,0.5844332999999999,..,..,..,0.5
DZAva2000,Algeria,DZA,Middle East & North Africa,Upper middle income,2000,va,7,-1.2201218999999999,0.1859104,-1.525015,-0.9152288,35.4940693,3.2538951999999997,30.157681099999998,40.8304574,..,..,..,..,..,..,..,..,..,0.25,..,..,0.2533333,..,..,..,..,..,..,0.5,..,..,0.22222219999999998,..,..,..,..,0.25,..,..,0.4672556,..,..,..,0.1875
ECUva2000,Ecuador,ECU,Latin America & Caribbean,Upper middle income,2000,va,7,-0.34982559999999996,0.1938256,-0.6676996,-0.0319516,50.7264207,3.3924306,45.162834499999995,56.290006899999995,..,..,..,..,..,..,..,..,..,0.25,..,..,0.6444443999999999,..,..,..,..,..,..,0.6,..,..,..,0.12,..,..,..,0.5,..,..,0.6172778,..,..,..,0.375
EGYva2000,"Egypt, Arab Rep.",EGY,Middle East & North Africa,Lower middle income,2000,va,7,-1.2298814,0.1859104,-1.5347745,-0.9249883,35.323253699999995,3.2538951999999997,29.986865599999998,40.6596419,..,..,..,..,..,..,..,..,..,0.25,..,..,0.26999999999999996,..,..,..,..,..,..,0.3,..,..,0.22222219999999998,..,..,..,..,0.4166667,..,..,0.3251111,..,..,..,0.4375
ERIva2000,Eritrea,ERI,Sub-Saharan Africa,Low income,2000,va,5,-1.8072903999999999,0.22937049999999998,-2.183458,-1.4311228,25.2171591,4.0145544,18.6332898,31.8010283,..,..,..,..,..,..,..,..,..,..,..,..,0.2177778,..,..,..,..,..,..,0.6,..,..,0,..,..,..,..,..,..,..,0.2614667,..,..,..,0.125
ESPva2000,Spain,ESP,Europe & Central Asia,High income,2000,va,8,1.2723383,0.19099719999999998,0.9591029,1.5855736999999999,79.1183265,3.3429263,73.63592729999999,84.60072559999999,..,..,..,..,..,..,..,..,..,0.75,..,0.625,0.8777777999999999,..,..,..,..,..,..,0.8999999999999999,..,..,..,..,..,..,..,0.9166667,..,..,0.7337222,..,0.6914286,..,0.9375
ESTva2000,Estonia,EST,Europe & Central Asia,High income,2000,va,6,1.0662033,0.1939854,0.7480671999999999,1.3843394,75.5104509,3.3952278,69.9422773,81.07862449999999,..,..,..,..,..,..,..,..,..,0.75,..,..,0.8766666999999999,..,..,..,..,..,..,1,..,..,..,..,..,..,..,0.8333332999999999,..,..,0.7328889,..,..,..,0.75
ETHva2000,Ethiopia,ETH,Sub-Saharan Africa,,2000,va,7,-1.2349044999999998,0.1859104,-1.5397976,-0.9300113999999999,35.235337,3.2538951999999997,29.898948899999997,40.571725099999995,..,..,..,..,..,..,..,..,..,0.125,..,..,0.3422222,..,..,..,..,..,..,0.39999999999999997,..,..,0.44444439999999996,..,..,..,..,0.4166667,..,..,0.3795222,..,..,..,0.25
FINva2000,Finland,FIN,Europe & Central Asia,High income,2000,va,8,1.6831713,0.19099719999999998,1.3699359,1.9964066999999999,86.3089265,3.3429263,80.8265274,91.7913257,..,..,..,..,..,..,..,..,..,1,..,0.611,0.9533332999999999,..,..,..,..,..,..,1,..,..,..,..,..,..,..,1,..,..,0.7352666999999999,..,0.762963,..,1
FJIva2000,Fiji,FJI,East Asia & Pacific,Upper middle income,2000,va,4,-0.3798437,0.24508,-0.7817748999999999,0.0220875,50.2010292,4.28951,43.166232799999996,57.2358256,..,..,..,..,..,..,..,..,..,..,..,..,0.4644444,..,..,..,..,..,..,0.7999999999999999,..,..,..,..,..,..,..,..,..,..,0.5826222,..,..,..,0.25
FRAva2000,France,FRA,Europe & Central Asia,High income,2000,va,8,1.2257163,0.19099719999999998,0.9124808999999999,1.5389517,78.3023254,3.3429263,72.81992629999999,83.78472459999999,..,..,..,..,..,..,..,..,..,0.75,..,0.44699999999999995,0.8744444,..,..,..,..,..,..,1,..,..,..,..,..,..,..,0.8333332999999999,..,..,0.7264667,..,0.5780219999999999,..,1
FSMva2000,"Micronesia, Fed. Sts.",FSM,East Asia & Pacific,Lower middle income,2000,va,2,1.005345,0.371378,0.3962851,1.6144049,74.4452792,6.5000390999999995,63.785214999999994,85.1053434,..,..,..,..,..,..,..,..,..,..,..,..,0.8711110999999999,..,..,..,..,..,..,1,..,..,..,..,..,..,..,..,..,..,..,..,..,..,..
GABva2000,Gabon,GAB,Sub-Saharan Africa,Upper middle income,2000,va,7,-0.9430596,0.1859104,-1.2479527,-0.6381665,40.3433491,3.2538951999999997,35.006961,45.6797373,..,..,..,..,..,..,..,..,..,0.125,..,..,0.4277778,..,..,..,..,..,..,0.5,..,..,0.44444439999999996,..,..,..,..,0.4166667,..,..,0.3970778,..,..,..,0.5625
GBRva2000,United Kingdom,GBR,Europe & Central Asia,High income,2000,va,8,1.3877258,0.19099719999999998,1.0744904,1.7009611999999998,81.13789489999999,3.3429263,75.6554958,86.6202941,..,..,..,..,..,..,..,..,..,0.875,..,0.381,0.8877778,..,..,..,..,..,..,0.8999999999999999,..,..,..,..,..,..,..,1,..,..,0.7053667,..,0.582,..,1
GEOva2000,Georgia,GEO,Europe & Central Asia,Upper middle income,2000,va,5,-0.5822719,0.2223888,-0.9469894999999999,-0.21755429999999998,46.6580319,3.8923571999999997,40.2745661,53.0414976,..,..,..,..,..,..,..,..,..,..,..,..,0.494,..,..,..,..,..,..,0.7999999999999999,..,..,..,..,0.45499999999999996,..,..,..,..,..,0.4302222,..,..,..,0.4375
GHAva2000,Ghana,GHA,Sub-Saharan Africa,Lower middle income,2000,va,7,-0.1709219,0.1859104,-0.475815,0.13397119999999998,53.857680699999996,3.2538951999999997,48.521292599999995,59.1940688,..,..,..,..,..,..,..,..,..,0.25,..,..,0.65,..,..,..,..,..,..,0.7,..,..,0.7777778,..,..,..,..,0.4166667,..,..,0.6153444,..,..,..,0.625
GINva2000,Guinea,GIN,Sub-Saharan Africa,Lower middle income,2000,va,6,-1.4175125,0.2096112,-1.7612748999999999,-1.0737501,32.0392425,3.6687179999999997,26.0225449,38.0559401,..,..,..,..,..,..,..,..,..,..,..,..,0.2633333,..,..,..,..,..,..,0.3,..,..,0.3333333,..,..,..,..,0.3333333,..,..,0.35697779999999996,..,..,..,0.25
GMBva2000,"Gambia, The",GMB,Sub-Saharan Africa,Low income,2000,va,6,-1.2752170999999999,0.2096112,-1.6189795,-0.9314547,34.529766099999996,3.6687181,28.5130685,40.5464638,..,..,..,..,..,..,..,..,..,..,..,..,0.2111111,..,..,..,..,..,..,0.39999999999999997,..,..,0.27777779999999996,..,..,..,..,0.4166667,..,..,0.4143444,..,..,..,0.25
GNBva2000,Guinea-Bissau,GNB,Sub-Saharan Africa,Low income,2000,va,6,-0.8349487,0.2096112,-1.1787111,-0.49118629999999996,42.235558999999995,3.6687181,36.2188613,48.252256599999996,..,..,..,..,..,..,..,..,..,..,..,..,0.4244444,..,..,..,..,..,..,0.6,..,..,0.6666667,..,..,..,..,0.25,..,..,0.5125666999999999,..,..,..,0.25
GNQva2000,Equatorial Guinea,GNQ,Sub-Saharan Africa,Upper middle income,2000,va,6,-1.847225,0.19928189999999998,-2.1740473,-1.5204027,24.5182042,3.4879290999999997,18.7980005,30.2384079,..,..,..,..,..,..,..,..,..,0,..,..,0.06999999999999999,..,..,..,..,..,..,0.25,..,..,0.0555556,..,..,..,..,..,..,..,0.3223667,..,..,..,0.25
GRCva2000,Greece,GRC,Europe & Central Asia,High income,2000,va,8,1.2279505,0.19099719999999998,0.9147151,1.5411858999999999,78.34142949999999,3.3429263,72.8590304,83.8238286,..,..,..,..,..,..,..,..,..,0.875,..,0.46299999999999997,0.7888889,..,..,..,..,..,..,0.8999999999999999,..,..,..,..,..,..,..,0.9166667,..,..,0.7244556,..,0.5510204,..,0.875
GRDva2000,Grenada,GRD,Latin America & Caribbean,Upper middle income,2000,va,3,0.6499785,0.3010208,0.15630439999999998,1.1436526,68.2254809,5.2686131,59.5849554,76.8660064,..,..,..,..,..,..,..,..,..,..,..,..,0.8777777999999999,..,..,..,..,..,..,1,..,..,..,..,..,..,..,..,..,..,..,..,..,..,0.5625
GTMva2000,Guatemala,GTM,Latin America & Caribbean,Upper middle income,2000,va,7,-0.5959563999999999,0.1938256,-0.9138303999999999,-0.2780824,46.4185191,3.3924306,40.8549329,51.9821052,..,..,..,..,..,..,..,..,..,0.125,..,..,0.5588889,..,..,..,..,..,..,0.8999999999999999,..,..,..,0.25,..,..,..,0.5,..,..,0.5311,..,..,..,0.375
GUFva2000,French Guiana,GUF,,,2000,va,1,0.35698789999999997,0.45889549999999996,-0.39560069999999997,1.1095765,63.0974162,8.0318132,49.925242499999996,76.2695899,..,..,..,..,..,..,..,..,..,..,..,..,..,..,..,..,..,..,..,..,..,..,..,..,..,..,..,..,..,..,..,..,..,..,0.6875
GUYva2000,Guyana,GUY,Latin America & Caribbean,High income,2000,va,5,0.31187889999999996,0.2213967,-0.0512117,0.6749695,62.3078964,3.8749933999999997,55.9529072,68.6628856,..,..,..,..,..,..,..,..,..,..,..,..,0.8155555999999999,..,..,..,..,..,..,1,..,..,..,..,..,..,..,0.9166667,..,..,0.5591556,..,..,..,0.3125
HKGva2000,"Hong Kong SAR, China",HKG,East Asia & Pacific,High income,2000,va,6,0.2817503,0.19905869999999998,-0.044705999999999996,0.6082065999999999,61.7805709,3.4840229999999996,56.0667731,67.4943687,..,..,..,..,..,..,..,..,..,0.75,..,..,0.5,..,..,..,..,..,..,..,..,..,..,..,..,..,..,0.4166667,..,..,0.6540889,..,0.5416667,..,0.6875
HNDva2000,Honduras,HND,Latin America & Caribbean,Lower middle income,2000,va,7,-0.47184159999999997,0.1938256,-0.7897156,-0.15396759999999998,48.590837,3.3924306,43.0272508,54.1544232,..,..,..,..,..,..,..,..,..,0,..,..,0.6277777999999999,..,..,..,..,..,..,1,..,..,..,0.3,..,..,..,0.5833332999999999,..,..,0.5488666999999999,..,..,..,0.5
HRVva2000,Croatia,HRV,Europe & Central Asia,High income,2000,va,7,0.2517176,0.1821342,-0.046982499999999996,0.5504177,61.254923899999994,3.187802,56.0269287,66.4829191,..,..,..,..,..,..,..,..,..,0.375,..,..,0.6416666999999999,..,..,..,..,..,..,0.7,..,..,..,..,0.61,..,..,0.8333332999999999,..,..,0.6599333,..,..,..,0.625
HTIva2000,Haiti,HTI,Latin America & Caribbean,Lower middle income,2000,va,5,-0.9124186,0.2213967,-1.2755092,-0.5493279999999999,40.8796429,3.8749933999999997,34.5246537,47.2346321,..,..,..,..,..,..,..,..,..,..,..,..,0.3033333,..,..,..,..,..,..,0.7999999999999999,..,..,..,..,..,..,..,0.4166667,..,..,0.47696669999999997,..,..,..,0.25
HUNva2000,Hungary,HUN,Europe & Central Asia,High income,2000,va,7,1.1446671,0.19316619999999998,0.8278745,1.4614597,76.88376269999999,3.3808895999999997,71.3391037,82.4284217,..,..,..,..,..,..,..,..,..,0.75,..,..,0.8606667,..,..,..,..,..,..,0.7999999999999999,..,..,..,..,..,..,..,1,..,..,0.7036778,..,0.515,..,0.875
IDNva2000,Indonesia,IDN,East Asia & Pacific,Upper middle income,2000,va,7,-0.7009548,0.19316619999999998,-1.0177474,-0.3841622,44.5807857,3.3808895999999997,39.0361267,50.125444699999996,..,..,..,..,..,..,..,..,..,0,..,..,0.5655555999999999,..,..,..,..,..,..,0.39999999999999997,..,..,..,..,..,..,..,0.5,..,..,0.6012889,..,0.5,..,0.375
INDva2000,India,IND,South Asia,Lower middle income,2000,va,7,0.2627985,0.19316619999999998,-0.053994099999999996,0.5795911,61.448867199999995,3.3808895999999997,55.9042082,66.99352619999999,..,..,..,..,..,..,..,..,..,0.375,..,..,0.6933332999999999,..,..,..,..,..,..,0.39999999999999997,..,..,..,..,..,..,..,0.75,..,..,0.6448222,..,0.5025641,..,0.8125
IRLva2000,Ireland,IRL,Europe & Central Asia,High income,2000,va,8,1.3876954,0.19099719999999998,1.07446,1.7009307999999999,81.13736279999999,3.3429263,75.6549637,86.619762,..,..,..,..,..,..,..,..,..,0.75,..,0.43,0.94,..,..,..,..,..,..,1,..,..,..,..,..,..,..,1,..,..,0.7225111,..,0.75,..,1
IRNva2000,"Iran, Islamic Rep.",IRN,Middle East & North Africa,Upper middle income,2000,va,6,-1.0520342999999999,0.1939854,-1.3701704,-0.7338982,38.4360206,3.3952278,32.8678471,44.0041942,..,..,..,..,..,..,..,..,..,0.125,..,..,0.2044444,..,..,..,..,..,..,0.09999999999999999,..,..,..,..,..,..,..,0.6666667,..,..,0.4723,..,..,..,0.375
IRQva2000,Iraq,IRQ,Middle East & North Africa,Upper middle income,2000,va,6,-2.1440110999999997,0.1939854,-2.4621472,-1.825875,19.323708699999997,3.3952278,13.7555351,24.8918823,..,..,..,..,..,..,..,..,..,0.125,..,..,0,..,..,..,..,..,..,0,..,..,..,..,..,..,..,0,..,..,0.3077333,..,..,..,0.0625
ISLva2000,Iceland,ISL,Europe & Central Asia,High income,2000,va,6,1.4727407,0.2201812,1.1116435,1.8338379,82.6258673,3.8537193999999997,76.3057675,88.945967,..,..,..,..,..,..,..,..,..,..,..,..,0.96,..,..,..,..,..,..,1,..,..,..,..,..,..,..,1,..,..,0.7206332999999999,..,0.6799999999999999,..,1
ISRva2000,Israel,ISR,Middle East & North Africa,High income,2000,va,7,0.4809093,0.19316619999999998,0.1641167,0.7977019,65.2663491,3.3808895999999997,59.7216901,70.8110081,..,..,..,..,..,..,..,..,..,0.375,..,..,0.7888889,..,..,..,..,..,..,0.6,..,..,..,..,..,..,..,0.8333332999999999,..,..,0.6909666999999999,..,0.5538462,..,0.75
ITAva2000,Italy,ITA,Europe & Central Asia,High income,2000,va,8,0.9369107999999999,0.19099719999999998,0.6236754,1.2501461999999999,73.2475103,3.3429263,67.76511119999999,78.72990949999999,..,..,..,..,..,..,..,..,..,0.625,..,0.378,0.8544444,..,..,..,..,..,..,1,..,..,..,..,..,..,..,0.8333332999999999,..,..,0.6971556,..,0.3811765,..,0.875
JAMva2000,Jamaica,JAM,Latin America & Caribbean,Upper middle income,2000,va,6,0.40169839999999996,0.1939854,0.08356229999999999,0.7198344999999999,63.8799612,3.3952278,58.311787599999995,69.44813479999999,..,..,..,..,..,..,..,..,..,0.375,..,..,0.8522221999999999,..,..,..,..,..,..,1,..,..,..,..,..,..,..,0.9166667,..,..,0.5792889,..,..,..,0.625
JORva2000,Jordan,JOR,Middle East & North Africa,Lower middle income,2000,va,6,-0.4989651,0.1939854,-0.8171012,-0.180829,48.1161082,3.3952278,42.5479346,53.6842818,..,..,..,..,..,..,..,..,..,0.25,..,..,0.4666667,..,..,..,..,..,..,0.3,..,..,..,..,..,..,..,0.75,..,..,0.5267,..,..,..,0.4375
JPNva2000,Japan,JPN,East Asia & Pacific,High income,2000,va,7,1.0466469999999999,0.19316619999999998,0.7298544,1.3634396,75.168167,3.3808895999999997,69.623508,80.71282599999999,..,..,..,..,..,..,..,..,..,0.625,..,..,0.8677777999999999,..,..,..,..,..,..,1,..,..,..,..,..,..,..,0.9166667,..,..,0.7014444,..,0.374,..,0.9375
KAZva2000,Kazakhstan,KAZ,Europe & Central Asia,Upper middle income,2000,va,7,-1.2706492,0.1821342,-1.5693492999999998,-0.9719491,34.6097158,3.187802,29.381720599999998,39.837711,..,..,..,..,..,..,..,..,..,0,..,..,0.21833329999999998,..,..,..,..,..,..,0.39999999999999997,..,..,..,..,0.354,..,..,0.5,..,..,0.4261,..,..,..,0.375
KENva2000,Kenya,KEN,Sub-Saharan Africa,Lower middle income,2000,va,7,-1.2440149999999999,0.1859104,-1.5489081,-0.9391219,35.0758806,3.2538951999999997,29.7394924,40.4122687,..,..,..,..,..,..,..,..,..,0,..,..,0.2666667,..,..,..,..,..,..,0.09999999999999999,..,..,0.5,..,..,..,..,0.5,..,..,0.43352219999999997,..,..,..,0.375
KGZva2000,Kyrgyz Republic,KGZ,Europe & Central Asia,Lower middle income,2000,va,5,-1.2910599999999999,0.2223888,-1.6557776,-0.9263424,34.252476,3.8923571999999997,27.869010199999998,40.6359417,..,..,..,..,..,..,..,..,..,..,..,..,0.2863333,..,..,..,..,..,..,0.3,..,..,..,..,0.3225,..,..,..,..,..,0.40896669999999996,..,..,..,0.25
KHMva2000,Cambodia,KHM,East Asia & Pacific,Lower middle income,2000,va,5,-1.1783773,0.2093266,-1.5216729,-0.8350816999999999,36.2247037,3.6637362999999996,30.2161762,42.2332311,..,..,..,..,..,..,..,..,..,0,..,..,0.2411111,..,..,..,..,..,..,0.7999999999999999,..,..,..,..,..,..,..,..,..,..,0.42525559999999996,..,..,..,0.4375
KIRva2000,Kiribati,KIR,East Asia & Pacific,Lower middle income,2000,va,2,1.1581453,0.371378,0.5490854,1.7672051999999998,77.1196647,6.5000390999999995,66.4596006,87.7797289,..,..,..,..,..,..,..,..,..,..,..,..,0.9266667,..,..,..,..,..,..,1,..,..,..,..,..,..,..,..,..,..,..,..,..,..,..
KNAva2000,St. Kitts and Nevis,KNA,Latin America & Caribbean,High income,2000,va,2,1.0420169,0.371378,0.432957,1.6510768,75.0871287,6.5000390999999995,64.4270645,85.7471929,..,..,..,..,..,..,..,..,..,..,..,..,0.8844443999999999,..,..,..,..,..,..,1,..,..,..,..,..,..,..,..,..,..,..,..,..,..,..
KORva2000,"Korea, Rep.",KOR,East Asia & Pacific,High income,2000,va,7,0.6968249,0.19316619999999998,0.3800323,1.0136175,69.04540949999999,3.3808895999999997,63.500750499999995,74.5900685,..,..,..,..,..,..,..,..,..,0.5,..,..,0.7988889,..,..,..,..,..,..,0.5,..,..,..,..,..,..,..,0.9166667,..,..,0.7153111,..,0.3657143,..,0.8125
KWTva2000,Kuwait,KWT,Middle East & North Africa,High income,2000,va,6,-0.283846,0.1939854,-0.6019821,0.0342901,51.8812279,3.3952278,46.3130543,57.4494015,..,..,..,..,..,..,..,..,..,0.375,..,..,0.4511111,..,..,..,..,..,..,0.3,..,..,..,..,..,..,..,0.6666667,..,..,0.5981666999999999,..,..,..,0.5
LAOva2000,Lao PDR,LAO,East Asia & Pacific,Lower middle income,2000,va,4,-1.3783059,0.24508,-1.7802371,-0.9763746999999999,32.7254556,4.28951,25.6906592,39.760252,..,..,..,..,..,..,..,..,..,..,..,..,0.1588889,..,..,..,..,..,..,0.39999999999999997,..,..,..,..,..,..,..,..,..,..,0.3609556,..,..,..,0.375
LBNva2000,Lebanon,LBN,Middle East & North Africa,Lower middle income,2000,va,5,-0.6328125,0.19995549999999998,-0.9607395,-0.3048855,45.773445599999995,3.4997187,40.0339069,51.5129843,..,..,..,..,..,..,..,..,..,0.375,..,..,0.2966667,..,..,..,..,..,..,..,..,..,..,..,..,..,..,0.6666667,..,..,0.4301444,..,..,..,0.5
LBRva2000,Liberia,LBR,Sub-Saharan Africa,Low income,2000,va,6,-1.1321531,0.2096112,-1.4759155,-0.7883907,37.0337422,3.6687179999999997,31.0170446,43.0504398,..,..,..,..,..,..,..,..,..,..,..,..,0.2733333,..,..,..,..,..,..,0.3,..,..,0.6666667,..,..,..,..,0.3333333,..,..,0.48812219999999995,..,..,..,0.125
LBYva2000,Libya,LBY,Middle East & North Africa,Upper middle income,2000,va,7,-1.8581172,0.1859104,-2.1630103,-1.5532241,24.327563599999998,3.2538951999999997,18.9911754,29.6639517,..,..,..,..,..,..,..,..,..,0,..,..,0.033333299999999996,..,..,..,..,..,..,0.19999999999999998,..,..,0,..,..,..,..,0.3333333,..,..,0.2986,..,..,..,0.3125
LCAva2000,St. Lucia,LCA,Latin America & Caribbean,Upper middle income,2000,va,2,1.0878571,0.371378,0.4787972,1.696917,75.8894463,6.5000390999999995,65.2293821,86.5495105,..,..,..,..,..,..,..,..,..,..,..,..,0.9011110999999999,..,..,..,..,..,..,1,..,..,..,..,..,..,..,..,..,..,..,..,..,..,..
LIEva2000,Liechtenstein,LIE,Europe & Central Asia,High income,2000,va,3,1.5413614999999998,0.3010208,1.0476874,2.0350356,83.8269021,5.2686131,75.1863766,92.4674276,..,..,..,..,..,..,..,..,..,..,..,..,1,..,..,..,..,..,..,1,..,..,..,..,..,..,..,..,..,..,..,..,..,..,1
LKAva2000,Sri Lanka,LKA,South Asia,Lower middle income,2000,va,6,-0.42133109999999996,0.1939854,-0.7394672,-0.103195,49.4748965,3.3952278,43.9067229,55.04307,..,..,..,..,..,..,..,..,..,0.375,..,..,0.47555559999999997,..,..,..,..,..,..,0.39999999999999997,..,..,..,..,..,..,..,0.5,..,..,0.5324556,..,..,..,0.5625
LSOva2000,Lesotho,LSO,Sub-Saharan Africa,Lower middle income,2000,va,5,-0.097219,0.22937049999999998,-0.4733866,0.2789486,55.147664899999995,4.0145545,48.5637956,61.7315342,..,..,..,..,..,..,..,..,..,..,..,..,0.4933333,..,..,..,..,..,..,1,..,..,0.6111111,..,..,..,..,..,..,..,0.6534,..,..,..,0.25
LTUva2000,Lithuania,LTU,Europe & Central Asia,High income,2000,va,6,0.7832795,0.1939854,0.4651434,1.1014156,70.5585802,3.3952278,64.9904066,76.1267538,..,..,..,..,..,..,..,..,..,0.5,..,..,0.8766666999999999,..,..,..,..,..,..,0.8999999999999999,..,..,..,..,..,..,..,0.8333332999999999,..,..,0.6988667,..,..,..,0.8125
LUXva2000,Luxembourg,LUX,Europe & Central Asia,High income,2000,va,7,1.4899761999999999,0.21698489999999998,1.134121,1.8458314,82.92753139999999,3.7977754,76.6991797,89.1558831,..,..,..,..,..,..,..,..,..,..,..,0.722,0.9666667,..,..,..,..,..,..,1,..,..,..,..,..,..,..,0.9166667,..,..,0.7289110999999999,..,0.6923077,..,1
LVAva2000,Latvia,LVA,Europe & Central Asia,High income,2000,va,6,0.5878603,0.1939854,0.26972419999999997,0.9059963999999999,67.13825779999999,3.3952278,61.5700842,72.7064314,..,..,..,..,..,..,..,..,..,0.375,..,..,0.8686667,..,..,..,..,..,..,0.8999999999999999,..,..,..,..,..,..,..,0.8333332999999999,..,..,0.6814444,..,..,..,0.75
MACva2000,"Macao SAR, China",MAC,East Asia & Pacific,High income,2000,va,1,0.1343735,0.45889549999999996,-0.6182151,0.8869621,59.201110099999994,8.0318132,46.0289364,72.3732838,..,..,..,..,..,..,..,..,..,..,..,..,..,..,..,..,..,..,..,..,..,..,..,..,..,..,..,..,..,..,..,..,..,..,0.625
MARva2000,Morocco,MAR,Middle East & North Africa,Lower middle income,2000,va,7,-0.7033455,0.1859104,-1.0082385999999999,-0.3984524,44.5389425,3.2538951999999997,39.2025544,49.8753306,..,..,..,..,..,..,..,..,..,0.375,..,..,0.43444439999999995,..,..,..,..,..,..,0.3,..,..,0,..,..,..,..,0.5833332999999999,..,..,0.44516669999999997,..,..,..,0.5625
MCOva2000,Monaco,MCO,Europe & Central Asia,High income,2000,va,2,1.1306413,0.371378,0.5215814,1.7397011999999998,76.6382763,6.5000390999999995,65.9782121,87.2983405,..,..,..,..,..,..,..,..,..,..,..,..,0.9166667,..,..,..,..,..,..,1,..,..,..,..,..,..,..,..,..,..,..,..,..,..,..
MDAva2000,Moldova,MDA,Europe & Central Asia,Upper middle income,2000,va,7,-0.2382137,0.1821342,-0.5369138,0.060486399999999996,52.6799067,3.187802,47.4519115,57.9079019,..,..,..,..,..,..,..,..,..,0.375,..,..,0.5653332999999999,..,..,..,..,..,..,0.7999999999999999,..,..,..,..,0.4305,..,..,0.5833332999999999,..,..,0.5776333,..,..,..,0.5
MDGva2000,Madagascar,MDG,Sub-Saharan Africa,Low income,2000,va,6,-0.1328344,0.2096112,-0.4765968,0.21092799999999998,54.5243068,3.6687181,48.507609099999996,60.5410044,..,..,..,..,..,..,..,..,..,..,..,..,0.6711111,..,..,..,..,..,..,0.7999999999999999,..,..,0.7222221999999999,..,..,..,..,0.6666667,..,..,0.5121667,..,..,..,0.375
MDVva2000,Maldives,MDV,South Asia,Upper middle income,2000,va,4,-0.8349226,0.24508,-1.2368538,-0.43299139999999997,42.2360158,4.28951,35.2012194,49.270812199999995,..,..,..,..,..,..,..,..,..,..,..,..,0.2833333,..,..,..,..,..,..,1,..,..,..,..,..,..,..,..,..,..,0.3718556,..,..,..,0.5
MEXva2000,Mexico,MEX,Latin America & Caribbean,Upper middle income,2000,va,8,0.16435049999999998,0.1930084,-0.1521833,0.4808843,59.7257822,3.3781277,54.1856529,65.2659116,..,..,..,..,..,..,..,..,..,0.375,..,..,0.6799999999999999,..,..,..,..,..,..,0.7999999999999999,..,..,..,0.35,..,..,..,0.75,..,..,0.6438889,..,0.5515152,..,0.5
MHLva2000,Marshall Islands,MHL,East Asia & Pacific,Upper middle income,2000,va,2,1.2864973,0.371378,0.6774374,1.8955571999999998,79.3661442,6.5000390999999995,68.70608,90.0262084,..,..,..,..,..,..,..,..,..,..,..,..,0.9733333,..,..,..,..,..,..,1,..,..,..,..,..,..,..,..,..,..,..,..,..,..,..
MKDva2000,North Macedonia,MKD,Europe & Central Asia,Upper middle income,2000,va,6,-0.6195596999999999,0.19465169999999998,-0.9387884999999999,-0.3003309,46.0054026,3.4068894,40.418104,51.5927011,..,..,..,..,..,..,..,..,..,0.125,..,..,0.5619999999999999,..,..,..,..,..,..,1,..,..,..,..,0.4332986,..,..,..,..,..,0.5022,..,..,..,0.375
MLIva2000,Mali,MLI,Sub-Saharan Africa,Low income,2000,va,6,-0.2760877,0.2096112,-0.6198501,0.06767469999999999,52.017017499999994,3.6687181,46.0003198,58.033715099999995,..,..,..,..,..,..,..,..,..,..,..,..,0.76,..,..,..,..,..,..,0.8999999999999999,..,..,0.0555556,..,..,..,..,0.6666667,..,..,0.5198111,..,..,..,0.3125
MLTva2000,Malta,MLT,Middle East & North Africa,High income,2000,va,5,1.0693739,0.2213967,0.7062833,1.4324645,75.5659443,3.8749933999999997,69.21095509999999,81.92093349999999,..,..,..,..,..,..,..,..,..,..,..,..,0.9533332999999999,..,..,..,..,..,..,0.75,..,..,..,..,..,..,..,1,..,..,0.6578111,..,..,..,0.8125
MMRva2000,Myanmar,MMR,East Asia & Pacific,Lower middle income,2000,va,6,-2.2429794,0.1939854,-2.5611155,-1.9248432999999998,17.5915171,3.3952278,12.023343599999999,23.1596907,..,..,..,..,..,..,..,..,..,0,..,..,0,..,..,..,..,..,..,0,..,..,..,..,..,..,..,0,..,..,0.2733,..,..,..,0.1875
MNEva2000,Montenegro,MNE,Europe & Central Asia,Upper middle income,2000,va,2,-0.6439083,0.31392749999999997,-1.1587494,-0.1290672,45.579241499999995,5.4945126,36.5682408,54.5902421,..,..,..,..,..,..,..,..,..,..,..,..,..,..,..,..,..,..,..,..,..,..,..,..,0.39599999999999996,..,..,..,..,..,0.4905889,..,..,..,..
MNGva2000,Mongolia,MNG,East Asia & Pacific,Upper middle income,2000,va,5,0.2227915,0.2213967,-0.14029909999999998,0.5858821,60.7486452,3.8749933999999997,54.3936559,67.10363439999999,..,..,..,..,..,..,..,..,..,..,..,..,0.74,..,..,..,..,..,..,0.8999999999999999,..,..,..,..,..,..,..,0.75,..,..,0.5841221999999999,..,..,..,0.4375
MOZva2000,Mozambique,MOZ,Sub-Saharan Africa,Low income,2000,va,7,-0.3406841,0.1859104,-0.6455772,-0.035790999999999996,50.8864197,3.2538951999999997,45.5500316,56.2228078,..,..,..,..,..,..,..,..,..,0.625,..,..,0.5622222,..,..,..,..,..,..,0.5,..,..,0.7777778,..,..,..,..,0.4166667,..,..,0.45618889999999995,..,..,..,0.375
MRTva2000,Mauritania,MRT,Sub-Saharan Africa,Lower middle income,2000,va,5,-1.0389131,0.22937049999999998,-1.4150806999999999,-0.6627455,38.6656743,4.0145545,32.081804999999996,45.249543599999996,..,..,..,..,..,..,..,..,..,..,..,..,0.2766667,..,..,..,..,..,..,0.5,..,..,0.1666667,..,..,..,..,..,..,..,0.4055333,..,..,..,0.5
MTQva2000,Martinique,MTQ,,,2000,va,1,0.5796024,0.45889549999999996,-0.17298619999999998,1.332191,66.993724,8.0318132,53.8215503,80.1658977,..,..,..,..,..,..,..,..,..,..,..,..,..,..,..,..,..,..,..,..,..,..,..,..,..,..,..,..,..,..,..,..,..,..,0.75
MUSva2000,Mauritius,MUS,Sub-Saharan Africa,Upper middle income,2000,va,5,0.8493541,0.21619349999999998,0.4947968,1.2039114,71.7150502,3.7839239,65.5094149,77.9206854,..,..,..,..,..,..,..,..,..,0.625,..,..,0.8877778,..,..,..,..,..,..,1,..,..,0.9444444,..,..,..,..,..,..,..,0.6614222,..,..,..,..
MWIva2000,Malawi,MWI,Sub-Saharan Africa,Low income,2000,va,7,-0.3332113,0.1859104,-0.6381044,-0.028318199999999998,51.0172123,3.2538951999999997,45.680824199999996,56.3536004,..,..,..,..,..,..,..,..,..,0.25,..,..,0.6044444,..,..,..,..,..,..,0.7999999999999999,..,..,0.5555555999999999,..,..,..,..,0.6666667,..,..,0.5043333,..,..,..,0.5
MYSva2000,Malaysia,MYS,East Asia & Pacific,Upper middle income,2000,va,7,-0.8673493999999999,0.19316619999999998,-1.184142,-0.5505568,41.668466099999996,3.3808895999999997,36.1238071,47.2131251,..,..,..,..,..,..,..,..,..,0.125,..,..,0.32222219999999996,..,..,..,..,..,..,0.3,..,..,..,..,..,..,..,0.5833332999999999,..,..,0.3959889,..,0.6371429,..,0.6875
NAMva2000,Namibia,NAM,Sub-Saharan Africa,Lower middle income,2000,va,7,0.1680103,0.1859104,-0.1368828,0.4729034,59.7898378,3.2538951999999997,54.4534497,65.1262259,..,..,..,..,..,..,..,..,..,0.5,..,..,0.72,..,..,..,..,..,..,0.7999999999999999,..,..,0.6111111,..,..,..,..,0.8333332999999999,..,..,0.5833667,..,..,..,0.4375
NERva2000,Niger,NER,Sub-Saharan Africa,Low income,2000,va,6,-0.3340471,0.2096112,-0.6778095,0.0097153,51.002583699999995,3.6687179999999997,44.985886099999995,57.019281299999996,..,..,..,..,..,..,..,..,..,..,..,..,0.45999999999999996,..,..,..,..,..,..,0.6,..,..,0.7777778,..,..,..,..,0.75,..,..,0.5388222,..,..,..,0.25
NGAva2000,Nigeria,NGA,Sub-Saharan Africa,Lower middle income,2000,va,7,-0.8697906999999999,0.1859104,-1.1746838,-0.5648976,41.625737199999996,3.2538951999999997,36.289349099999995,46.9621254,..,..,..,..,..,..,..,..,..,0.125,..,..,0.48333329999999997,..,..,..,..,..,..,0.19999999999999998,..,..,0.5555555999999999,..,..,..,..,0.5,..,..,0.4831889,..,..,..,0.375
NICva2000,Nicaragua,NIC,Latin America & Caribbean,Lower middle income,2000,va,7,-0.2666318,0.1938256,-0.5845058,0.051242199999999995,52.182519199999994,3.3924306,46.6189331,57.7461054,..,..,..,..,..,..,..,..,..,0.25,..,..,0.6444443999999999,..,..,..,..,..,..,0.8999999999999999,..,..,..,0.09999999999999999,..,..,..,0.6666667,..,..,0.5592777999999999,..,..,..,0.375
NLDva2000,Netherlands,NLD,Europe & Central Asia,High income,2000,va,8,1.687868,0.19099719999999998,1.3746326,2.0011034,86.3911305,3.3429263,80.9087313,91.8735296,..,..,..,..,..,..,..,..,..,1,..,0.649,0.95,..,..,..,..,..,..,1,..,..,..,..,..,..,..,1,..,..,0.7375333,..,0.7341462999999999,..,1
NORva2000,Norway,NOR,Europe & Central Asia,High income,2000,va,7,1.6462466999999998,0.19316619999999998,1.3294541,1.9630393,85.6626541,3.3808895999999997,80.1179951,91.2073131,..,..,..,..,..,..,..,..,..,1,..,..,0.9833333,..,..,..,..,..,..,1,..,..,..,..,..,..,..,1,..,..,0.7292,..,0.5254236999999999,..,1
NPLva2000,Nepal,NPL,South Asia,Lower middle income,2000,va,4,-0.5741679,0.24508,-0.9760991,-0.1722367,46.799872,4.28951,39.765075599999996,53.8346684,..,..,..,..,..,..,..,..,..,..,..,..,0.5322222,..,..,..,..,..,..,0.5,..,..,..,..,..,..,..,..,..,..,0.43116669999999996,..,..,..,0.5
NRUva2000,Nauru,NRU,East Asia & Pacific,High income,2000,va,2,0.9350569999999999,0.371378,0.3259971,1.5441169,73.2150642,6.5000390999999995,62.555,83.8751284,..,..,..,..,..,..,..,..,..,..,..,..,0.8455556,..,..,..,..,..,..,1,..,..,..,..,..,..,..,..,..,..,..,..,..,..,..
NZLva2000,New Zealand,NZL,East Asia & Pacific,High income,2000,va,7,1.5367304,0.19316619999999998,1.2199377999999999,1.8535229999999998,83.7458463,3.3808895999999997,78.2011873,89.29050529999999,..,..,..,..,..,..,..,..,..,0.875,..,..,0.9733333,..,..,..,..,..,..,1,..,..,..,..,..,..,..,1,..,..,0.7308778,..,0.6561404,..,1
OMNva2000,Oman,OMN,Middle East & North Africa,High income,2000,va,6,-0.7094435,0.1939854,-1.0275796,-0.39130739999999997,44.432212299999996,3.3952278,38.864038799999996,50.0003859,..,..,..,..,..,..,..,..,..,0.375,..,..,0.2633333,..,..,..,..,..,..,0.09999999999999999,..,..,..,..,..,..,..,0.5,..,..,0.47702219999999995,..,..,..,0.625
PAKva2000,Pakistan,PAK,South Asia,Lower middle income,2000,va,6,-1.355986,0.1939854,-1.6741221,-1.0378498999999999,33.1161094,3.3952278,27.547935799999998,38.6842829,..,..,..,..,..,..,..,..,..,0.125,..,..,0.31,..,..,..,..,..,..,0.5,..,..,..,..,..,..,..,0,..,..,0.5147999999999999,..,..,..,0.1875
PANva2000,Panama,PAN,Latin America & Caribbean,High income,2000,va,7,0.4698515,0.1938256,0.1519775,0.7877255,65.0728101,3.3924306,59.509223899999995,70.6363963,..,..,..,..,..,..,..,..,..,0.375,..,..,0.8444444,..,..,..,..,..,..,0.8999999999999999,..,..,..,0.32999999999999996,..,..,..,0.9166667,..,..,0.6347778,..,..,..,0.625
PERva2000,Peru,PER,Latin America & Caribbean,Upper middle income,2000,va,7,-0.6604451,0.1938256,-0.9783191,-0.34257109999999996,45.289806299999995,3.3924306,39.7262201,50.8533925,..,..,..,..,..,..,..,..,..,0.25,..,..,0.5422222,..,..,..,..,..,..,0.7,..,..,..,0.25,..,..,..,0.5,..,..,0.4824111,..,..,..,0.3125
PHLva2000,Philippines,PHL,East Asia & Pacific,Lower middle income,2000,va,7,0.0590343,0.19316619999999998,-0.2577583,0.37582689999999996,57.8824866,3.3808895999999997,52.3378276,63.427145599999996,..,..,..,..,..,..,..,..,..,0.375,..,..,0.7333333,..,..,..,..,..,..,0.6,..,..,..,..,..,..,..,0.75,..,..,0.5585,..,0.3263158,..,0.625
PLWva2000,Palau,PLW,East Asia & Pacific,High income,2000,va,2,1.1306413,0.371378,0.5215814,1.7397011999999998,76.6382763,6.5000390999999995,65.9782121,87.2983405,..,..,..,..,..,..,..,..,..,..,..,..,0.9166667,..,..,..,..,..,..,1,..,..,..,..,..,..,..,..,..,..,..,..,..,..,..
PNGva2000,Papua New Guinea,PNG,East Asia & Pacific,Lower middle income,2000,va,6,-0.38931889999999997,0.1939854,-0.707455,-0.07118279999999999,50.035189599999995,3.3952278,44.467016,55.6033632,..,..,..,..,..,..,..,..,..,0.25,..,..,0.7366667,..,..,..,..,..,..,0.8999999999999999,..,..,..,..,..,..,..,0.5,..,..,0.5037889,..,..,..,0.375
POLva2000,Poland,POL,Europe & Central Asia,High income,2000,va,7,1.2131671,0.19316619999999998,0.8963745,1.5299597,78.08268319999999,3.3808895999999997,72.5380242,83.6273422,..,..,..,..,..,..,..,..,..,0.75,..,..,0.9036666999999999,..,..,..,..,..,..,0.8999999999999999,..,..,..,..,..,..,..,1,..,..,0.7451333,..,0.344,..,0.8125
PRIva2000,Puerto Rico (U.S.),PRI,Latin America & Caribbean,High income,2000,va,2,1.0490872,0.3249099,0.516235,1.5819394,75.21087659999999,5.6867316,65.8846368,84.5371163,..,..,..,..,..,..,..,..,..,..,..,..,0.9166667,..,..,..,..,..,..,..,..,..,..,..,..,..,..,..,..,..,..,..,..,..,0.8125
PRKva2000,"Korea, Dem. People's Rep.",PRK,East Asia & Pacific,Low income,2000,va,5,-2.1744407999999997,0.2213967,-2.5375313999999998,-1.8113502,18.791113199999998,3.8749933999999997,12.436124,25.146102499999998,..,..,..,..,..,..,..,..,..,..,..,..,0,..,..,..,..,..,..,0,..,..,..,..,..,..,..,0.0833333,..,..,0.3559111,..,..,..,0.0625
PRTva2000,Portugal,PRT,Europe & Central Asia,High income,2000,va,8,1.3772308,0.19099719999999998,1.0639954,1.6904662,80.9542063,3.3429263,75.4718072,86.43660539999999,..,..,..,..,..,..,..,..,..,0.75,..,0.445,0.9433332999999999,..,..,..,..,..,..,1,..,..,..,..,..,..,..,1,..,..,0.7268110999999999,..,0.537037,..,1
PRYva2000,Paraguay,PRY,Latin America & Caribbean,Upper middle income,2000,va,7,-0.6314658,0.1938256,-0.9493398,-0.3135918,45.797016199999995,3.3924306,40.23343,51.3606024,..,..,..,..,..,..,..,..,..,0.25,..,..,0.5522222,..,..,..,..,..,..,0.7999999999999999,..,..,..,0.22,..,..,..,0.3333333,..,..,0.5458444,..,..,..,0.3125
PSEva2000,West Bank and Gaza,PSE,Middle East & North Africa,Lower middle income,2000,va,3,-0.8224644999999999,0.2574646,-1.2447063999999999,-0.4002226,42.4540635,4.5062709,35.0637793,49.8443477,..,..,..,..,..,..,..,..,..,..,..,..,0.2666667,..,..,..,..,..,..,..,..,..,..,..,..,..,..,..,..,..,0.5556,..,..,..,0.25
QATva2000,Qatar,QAT,Middle East & North Africa,High income,2000,va,6,-1.1370225,0.1939854,-1.4551585999999999,-0.8188864,36.9485156,3.3952278,31.380342,42.516689199999995,..,..,..,..,..,..,..,..,..,0.375,..,..,0.23777779999999998,..,..,..,..,..,..,1,..,..,..,..,..,..,..,0.5,..,..,0.105,..,..,..,0.625
ROUva2000,Romania,ROU,Europe & Central Asia,High income,2000,va,7,0.15076779999999998,0.1821342,-0.1479323,0.4494679,59.4880511,3.187802,54.2600559,64.7160464,..,..,..,..,..,..,..,..,..,0.25,..,..,0.6953332999999999,..,..,..,..,..,..,0.8999999999999999,..,..,..,..,0.5940228,..,..,0.9166667,..,..,0.5855777999999999,..,..,..,0.625
RUSva2000,Russian Federation,RUS,Europe & Central Asia,High income,2000,va,8,-0.5487162999999999,0.1814556,-0.8463035,-0.2511291,47.2453384,3.1759247999999998,42.0368217,52.4538551,..,..,..,..,..,..,..,..,..,0.25,..,..,0.36333329999999997,..,..,..,..,..,..,0.5,..,..,..,..,0.499,..,..,0.5833332999999999,..,..,0.5265444,..,0.253012,..,0.5625
RWAva2000,Rwanda,RWA,Sub-Saharan Africa,Low income,2000,va,5,-1.7174684999999998,0.22937049999999998,-2.0936361,-1.3413009,26.7892659,4.0145545,20.2053966,33.3731352,..,..,..,..,..,..,..,..,..,..,..,..,0.1488889,..,..,..,..,..,..,0.39999999999999997,..,..,0,..,..,..,..,..,..,..,0.35896669999999997,..,..,..,0.125
SAUva2000,Saudi Arabia,SAU,Middle East & North Africa,High income,2000,va,6,-1.9607526,0.1939854,-2.2788887,-1.6426165,22.5311886,3.3952278,16.963015,28.099362199999998,..,..,..,..,..,..,..,..,..,0,..,..,0.026666699999999998,..,..,..,..,..,..,0.09999999999999999,..,..,..,..,..,..,..,0.4166667,..,..,0.2060333,..,..,..,0.3125
SDNva2000,Sudan,SDN,Sub-Saharan Africa,Low income,2000,va,7,-1.9748184999999998,0.1859104,-2.2797115999999997,-1.6699254,22.2850003,3.2538951999999997,16.9486122,27.6213885,..,..,..,..,..,..,..,..,..,0,..,..,0.049999999999999996,..,..,..,..,..,..,0,..,..,0.22222219999999998,..,..,..,..,0.1666667,..,..,0.29637779999999997,..,..,..,0.25
SENva2000,Senegal,SEN,Sub-Saharan Africa,Lower middle income,2000,va,7,-0.0419962,0.1859104,-0.3468893,0.2628969,56.1142014,3.2538951999999997,50.7778132,61.4505895,..,..,..,..,..,..,..,..,..,0.375,..,..,0.6088889,..,..,..,..,..,..,0.6,..,..,0.9444444,..,..,..,..,0.5,..,..,0.6004667,..,..,..,0.625
SGPva2000,Singapore,SGP,East Asia & Pacific,High income,2000,va,7,0.2235622,0.19316619999999998,-0.09323039999999999,0.5403548,60.7621343,3.3808895999999997,55.2174753,66.3067933,..,..,..,..,..,..,..,..,..,0.875,..,..,0.3288889,..,..,..,..,..,..,0.39999999999999997,..,..,..,..,..,..,..,0.6666667,..,..,0.5573,..,0.8360656,..,0.6875
SLBva2000,Solomon Islands,SLB,East Asia & Pacific,Lower middle income,2000,va,3,0.0190157,0.2788181,-0.43824599999999997,0.47627739999999996,57.182061499999996,4.880010899999999,49.1788436,65.18527929999999,..,..,..,..,..,..,..,..,..,..,..,..,0.5933333,..,..,..,..,..,..,1,..,..,..,..,..,..,..,..,..,..,0.5193443999999999,..,..,..,..
SLEva2000,Sierra Leone,SLE,Sub-Saharan Africa,Low income,2000,va,6,-1.1841363999999999,0.2096112,-1.5278988,-0.840374,36.1239051,3.6687179999999997,30.107207499999998,42.140602699999995,..,..,..,..,..,..,..,..,..,..,..,..,0.36111109999999996,..,..,..,..,..,..,0.6,..,..,0,..,..,..,..,0,..,..,0.5709333,..,..,..,0.25
SLVva2000,El Salvador,SLV,Latin America & Caribbean,Upper middle income,2000,va,7,-0.3754531,0.1938256,-0.6933271,-0.057579099999999994,50.277875599999994,3.3924306,44.7142895,55.8414618,..,..,..,..,..,..,..,..,..,0.125,..,..,0.71,..,..,..,..,..,..,1,..,..,..,0.32999999999999996,..,..,..,0.5833332999999999,..,..,0.5208222,..,..,..,0.4375
SMRva2000,San Marino,SMR,Europe & Central Asia,High income,2000,va,2,1.3598415,0.371378,0.7507815999999999,1.9689013999999998,80.6498503,6.5000390999999995,69.9897861,91.30991449999999,..,..,..,..,..,..,..,..,..,..,..,..,1,..,..,..,..,..,..,1,..,..,..,..,..,..,..,..,..,..,..,..,..,..,..
SOMva2000,Federal Republic of Somalia,SOM,Sub-Saharan Africa,Low income,2000,va,5,-1.931441,0.2172027,-2.2876534,-1.5752286,23.0442146,3.8015876,16.809611,29.2788182,..,..,..,..,..,..,..,..,..,..,..,..,0.1022222,..,..,..,..,..,..,..,..,..,0,..,..,..,..,0.1666667,..,..,0.3727,..,..,..,0.0625
SRBva2000,Serbia,SRB,Europe & Central Asia,Upper middle income,2000,va,7,-0.9206527999999999,0.1821342,-1.2193528999999999,-0.6219527,40.7355239,3.187802,35.5075287,45.9635191,..,..,..,..,..,..,..,..,..,0.125,..,..,0.41055559999999997,..,..,..,..,..,..,0.19999999999999998,..,..,..,..,0.46499999999999997,..,..,0.4166667,..,..,0.5377111,..,..,..,0.3125
STPva2000,São Tomé and Príncipe,STP,Sub-Saharan Africa,Lower middle income,2000,va,5,0.4461428,0.22937049999999998,0.0699752,0.8223104,64.6578488,4.0145544,58.073979599999994,71.2417181,..,..,..,..,..,..,..,..,..,..,..,..,0.8611110999999999,..,..,..,..,..,..,1,..,..,0.7777778,..,..,..,..,..,..,..,0.6218777999999999,..,..,..,0.4375
SURva2000,Suriname,SUR,Latin America & Caribbean,Upper middle income,2000,va,5,0.4010973,0.2213967,0.0380067,0.7641878999999999,63.869440499999996,3.8749933999999997,57.514451199999996,70.2244297,..,..,..,..,..,..,..,..,..,..,..,..,0.8511111,..,..,..,..,..,..,1,..,..,..,..,..,..,..,0.6666667,..,..,0.6564667,..,..,..,0.375
SVKva2000,Slovak Republic,SVK,Europe & Central Asia,High income,2000,va,6,0.8297605,0.1939854,0.5116244,1.1478966,71.3721134,3.3952278,65.8039398,76.940287,..,..,..,..,..,..,..,..,..,0.5,..,..,0.8396667,..,..,..,..,..,..,0.7999999999999999,..,..,..,..,..,..,..,1,..,..,0.7165444,..,..,..,0.75
SVNva2000,Slovenia,SVN,Europe & Central Asia,High income,2000,va,7,1.0713770999999999,0.19316619999999998,0.7545845,1.3881697,75.6010053,3.3808895999999997,70.0563463,81.14566429999999,..,..,..,..,..,..,..,..,..,0.75,..,..,0.8746666999999999,..,..,..,..,..,..,0.8999999999999999,..,..,..,..,..,..,..,0.8333332999999999,..,..,0.7163667,..,0.3135135,..,0.875
SWEva2000,Sweden,SWE,Europe & Central Asia,High income,2000,va,8,1.669505,0.19099719999999998,1.3562695999999999,1.9827404,86.0697323,3.3429263,80.5873331,91.5521314,..,..,..,..,..,..,..,..,..,1,..,0.5409999999999999,0.9666667,..,..,..,..,..,..,1,..,..,..,..,..,..,..,1,..,..,0.7503778,..,0.4186667,..,1
SWZva2000,Eswatini,SWZ,Sub-Saharan Africa,Lower middle income,2000,va,5,-1.4538422,0.22937049999999998,-1.8300098,-1.0776746,31.403382299999997,4.0145545,24.819513,37.9872516,..,..,..,..,..,..,..,..,..,..,..,..,0.2433333,..,..,..,..,..,..,0.3,..,..,0,..,..,..,..,..,..,..,0.4194556,..,..,..,0.1875
SYCva2000,Seychelles,SYC,Sub-Saharan Africa,High income,2000,va,5,-0.060877499999999994,0.22937049999999998,-0.43704509999999996,0.31529009999999996,55.783731599999996,4.0145545,49.1998623,62.3676009,..,..,..,..,..,..,..,..,..,..,..,..,0.6077777999999999,..,..,..,..,..,..,1,..,..,0.6111111,..,..,..,..,..,..,..,0.5010333,..,..,..,0.5625
SYRva2000,Syrian Arab Republic,SYR,Middle East & North Africa,Low income,2000,va,6,-1.7267111,0.1939854,-2.0448472,-1.408575,26.6274974,3.3952278,21.059323799999998,32.195671,..,..,..,..,..,..,..,..,..,0.125,..,..,0.0966667,..,..,..,..,..,..,0.09999999999999999,..,..,..,..,..,..,..,0.25,..,..,0.30629999999999996,..,..,..,0.3125
TCDva2000,Chad,TCD,Sub-Saharan Africa,Low income,2000,va,5,-1.2392991,0.22937049999999998,-1.6154667,-0.8631314999999999,35.1584205,4.0145544,28.5745513,41.742289799999995,..,..,..,..,..,..,..,..,..,..,..,..,0.26,..,..,..,..,..,..,0.39999999999999997,..,..,0.44444439999999996,..,..,..,..,..,..,..,0.3908333,..,..,..,0.25
TGOva2000,Togo,TGO,Sub-Saharan Africa,Low income,2000,va,6,-1.4013225999999999,0.2096112,-1.745085,-1.0575602,32.322606,3.6687179999999997,26.3059084,38.3393036,..,..,..,..,..,..,..,..,..,..,..,..,0.3155556,..,..,..,..,..,..,0.19999999999999998,..,..,0.27777779999999996,..,..,..,..,0.25,..,..,0.3745,..,..,..,0.3125
THAva2000,Thailand,THA,East Asia & Pacific,Upper middle income,2000,va,7,0.2890332,0.19316619999999998,-0.0277594,0.6058258,61.9080398,3.3808895999999997,56.363380799999995,67.4526988,..,..,..,..,..,..,..,..,..,0.625,..,..,0.7366667,..,..,..,..,..,..,0.7,..,..,..,..,..,..,..,0.6666667,..,..,0.5158444,..,0.4348837,..,0.75
TJKva2000,Tajikistan,TJK,Europe & Central Asia,Lower middle income,2000,va,5,-1.5604102,0.2223888,-1.9251277999999998,-1.1956925999999999,29.5381771,3.8923571999999997,23.1547113,35.9216428,..,..,..,..,..,..,..,..,..,..,..,..,0.217,..,..,..,..,..,..,0.19999999999999998,..,..,..,..,0.27699999999999997,..,..,..,..,..,0.3779778,..,..,..,0.1875
TKMva2000,Turkmenistan,TKM,Europe & Central Asia,Upper middle income,2000,va,4,-2.017554,0.24508,-2.4194852,-1.6156228,21.537022699999998,4.28951,14.502226299999998,28.5718191,..,..,..,..,..,..,..,..,..,..,..,..,0.022,..,..,..,..,..,..,0.3,..,..,..,..,..,..,..,..,..,..,0.2471,..,..,..,0.25
TLSva2000,Timor-Leste,TLS,East Asia & Pacific,Lower middle income,2000,va,3,0.0839837,0.2788181,-0.373278,0.5412454,58.3191632,4.880010899999999,50.315945299999996,66.322381,..,..,..,..,..,..,..,..,..,..,..,..,0.5411111,..,..,..,..,..,..,1,..,..,..,..,..,..,..,..,..,..,0.5609333,..,..,..,..
TONva2000,Tonga,TON,East Asia & Pacific,Upper middle income,2000,va,2,0.11299179999999999,0.371378,-0.49606809999999996,0.7220517,58.8268771,6.5000390999999995,48.1668129,69.4869413,..,..,..,..,..,..,..,..,..,..,..,..,0.5466667,..,..,..,..,..,..,1,..,..,..,..,..,..,..,..,..,..,..,..,..,..,..
TTOva2000,Trinidad and Tobago,TTO,Latin America & Caribbean,High income,2000,va,6,0.3749781,0.1939854,0.056842,0.6931142,63.4122895,3.3952278,57.8441159,68.980463,..,..,..,..,..,..,..,..,..,0.5,..,..,0.7955555999999999,..,..,..,..,..,..,1,..,..,..,..,..,..,..,0.75,..,..,0.6288332999999999,..,..,..,0.5
TUNva2000,Tunisia,TUN,Middle East & North Africa,Lower middle income,2000,va,7,-1.0718469,0.1859104,-1.3767399999999999,-0.7669538,38.089250799999995,3.2538951999999997,32.7528627,43.425639,..,..,..,..,..,..,..,..,..,0.25,..,..,0.2533333,..,..,..,..,..,..,0.19999999999999998,..,..,0.44444439999999996,..,..,..,..,0.5,..,..,0.3327333,..,..,..,0.5625
TURva2000,Türkiye,TUR,Europe & Central Asia,Upper middle income,2000,va,7,-0.5259877,0.19316619999999998,-0.8427802999999999,-0.2091951,47.643145499999996,3.3808895999999997,42.0984865,53.1878045,..,..,..,..,..,..,..,..,..,0.125,..,..,0.4177778,..,..,..,..,..,..,0.09999999999999999,..,..,..,..,..,..,..,0.5833332999999999,..,..,0.6581444,..,0.6031746,..,0.5
TUVva2000,Tuvalu,TUV,East Asia & Pacific,Upper middle income,2000,va,2,1.3598415,0.371378,0.7507815999999999,1.9689013999999998,80.6498503,6.5000390999999995,69.9897861,91.30991449999999,..,..,..,..,..,..,..,..,..,..,..,..,1,..,..,..,..,..,..,1,..,..,..,..,..,..,..,..,..,..,..,..,..,..,..
TWNva2000,"Taiwan, China",TWN,East Asia & Pacific,High income,2000,va,7,0.8813525,0.19316619999999998,0.5645599,1.1981450999999999,72.2751018,3.3808895999999997,66.73044279999999,77.8197608,..,..,..,..,..,..,..,..,..,0.75,..,..,0.8711110999999999,..,..,..,..,..,..,0.8999999999999999,..,..,..,..,..,..,..,0.75,..,..,0.6679889,..,0.5627118999999999,..,0.75
TZAva2000,Tanzania,TZA,Sub-Saharan Africa,Lower middle income,2000,va,7,-0.8546929999999999,0.1859104,-1.1595860999999998,-0.5497999,41.8899846,3.2538951999999997,36.553596399999996,47.2263727,..,..,..,..,..,..,..,..,..,0,..,..,0.5033333,..,..,..,..,..,..,0.19999999999999998,..,..,0.5555555999999999,..,..,..,..,0.6666667,..,..,0.4906333,..,..,..,0.375
UGAva2000,Uganda,UGA,Sub-Saharan Africa,Low income,2000,va,7,-1.2357637,0.1859104,-1.5406567999999998,-0.9308706,35.2202988,3.2538951999999997,29.883910699999998,40.556687,..,..,..,..,..,..,..,..,..,0,..,..,0.36666669999999996,..,..,..,..,..,..,0.3,..,..,0.5,..,..,..,..,0.3333333,..,..,0.4763111,..,..,..,0.25
UKRva2000,Ukraine,UKR,Europe & Central Asia,Upper middle income,2000,va,7,-0.7593483,0.1821342,-1.0580483999999999,-0.46064819999999995,43.558754099999994,3.187802,38.3307589,48.7867493,..,..,..,..,..,..,..,..,..,0.125,..,..,0.4383333,..,..,..,..,..,..,0.5,..,..,..,..,0.3429405,..,..,0.6666667,..,..,0.4792778,..,..,..,0.5
URYva2000,Uruguay,URY,Latin America & Caribbean,High income,2000,va,7,0.9213237,0.1938256,0.6034497,1.2391976999999998,72.9746973,3.3924306,67.4111111,78.53828349999999,..,..,..,..,..,..,..,..,..,0.625,..,..,0.8999999999999999,..,..,..,..,..,..,0.8999999999999999,..,..,..,0.42,..,..,..,0.8333332999999999,..,..,0.7398332999999999,..,..,..,0.6875
USAva2000,United States,USA,North America,High income,2000,va,7,1.2795216,0.19316619999999998,0.962729,1.5963142,79.24405209999999,3.3808895999999997,73.6993931,84.7887111,..,..,..,..,..,..,..,..,..,0.875,..,..,0.95,..,..,..,..,..,..,0.8999999999999999,..,..,..,..,..,..,..,0.9166667,..,..,0.6611332999999999,..,0.615748,..,0.9375
UZBva2000,Uzbekistan,UZB,Europe & Central Asia,Lower middle income,2000,va,5,-1.8848805,0.2103176,-2.2298014,-1.5399596,23.859139199999998,3.6810818999999997,17.8221649,29.8961135,..,..,..,..,..,..,..,..,..,0,..,..,0.08199999999999999,..,..,..,..,..,..,0.09999999999999999,..,..,..,..,0.2175,..,..,..,..,..,0.3585333,..,..,..,..
VCTva2000,St. Vincent and the Grenadines,VCT,Latin America & Caribbean,Upper middle income,2000,va,2,1.0603529999999999,0.371378,0.4512931,1.6694129,75.4080561,6.5000390999999995,64.7479919,86.06812029999999,..,..,..,..,..,..,..,..,..,..,..,..,0.8911110999999999,..,..,..,..,..,..,1,..,..,..,..,..,..,..,..,..,..,..,..,..,..,..
VENva2000,"Venezuela, RB",VEN,Latin America & Caribbean,,2000,va,8,-0.3009656,0.1930084,-0.6174993999999999,0.015568199999999999,51.5815923,3.3781277,46.0414629,57.1217216,..,..,..,..,..,..,..,..,..,0.375,..,..,0.5533333,..,..,..,..,..,..,0.7999999999999999,..,..,..,0.32,..,..,..,0.5,..,..,0.5640666999999999,..,0.23809519999999998,..,0.4375
VNMva2000,Viet Nam,VNM,East Asia & Pacific,Lower middle income,2000,va,6,-1.2763399,0.1939854,-1.594476,-0.9582037999999999,34.5101143,3.3952278,28.941940799999998,40.0782879,..,..,..,..,..,..,..,..,..,0.125,..,..,0.12222219999999999,..,..,..,..,..,..,0.09999999999999999,..,..,..,..,..,..,..,0.25,..,..,0.4899111,..,..,..,0.5
VUTva2000,Vanuatu,VUT,East Asia & Pacific,Lower middle income,2000,va,3,0.4225758,0.2788181,-0.0346859,0.8798374999999999,64.2453677,4.880010899999999,56.2421498,72.24858549999999,..,..,..,..,..,..,..,..,..,..,..,..,0.7655556,..,..,..,..,..,..,1,..,..,..,..,..,..,..,..,..,..,0.5582667,..,..,..,..
WSMva2000,Samoa,WSM,East Asia & Pacific,Upper middle income,2000,va,3,0.7351459,0.3010208,0.2414718,1.22882,69.7161224,5.2686131,61.0755969,78.3566479,..,..,..,..,..,..,..,..,..,..,..,..,0.8188888999999999,..,..,..,..,..,..,1,..,..,..,..,..,..,..,..,..,..,..,..,..,..,0.6875
XKXva2000,Kosovo,XKX,Europe & Central Asia,Upper middle income,2000,va,3,-0.6479258,0.25931529999999997,-1.0732028999999998,-0.22264869999999998,45.5089252,4.5386633,38.0655175,52.952332999999996,..,..,..,..,..,..,..,..,..,..,..,..,0.1666667,..,..,..,..,..,..,..,..,..,..,..,0.47405949999999997,..,..,..,..,..,0.5814332999999999,..,..,..,..
YEMva2000,"Yemen, Rep.",YEM,Middle East & North Africa,Low income,2000,va,6,-1.0896010999999999,0.1939854,-1.4077372,-0.771465,37.778508099999996,3.3952278,32.210334599999996,43.3466817,..,..,..,..,..,..,..,..,..,0.125,..,..,0.26999999999999996,..,..,..,..,..,..,0.19999999999999998,..,..,..,..,..,..,..,0.6666667,..,..,0.38317779999999996,..,..,..,0.4375
ZAFva2000,South Africa,ZAF,Sub-Saharan Africa,Upper middle income,2000,va,8,0.5127109,0.1851889,0.2090011,0.8164207,65.8229563,3.2412666999999997,60.507278799999995,71.1386337,..,..,..,..,..,..,..,..,..,0.5,..,..,0.8677777999999999,..,..,..,..,..,..,0.8999999999999999,..,..,0.7222221999999999,..,..,..,..,0.75,..,..,0.6115444,..,0.6,..,0.75
ZMBva2000,Zambia,ZMB,Sub-Saharan Africa,Lower middle income,2000,va,7,-0.7084391,0.1859104,-1.0133322,-0.40354599999999996,44.4497918,3.2538951999999997,39.1134037,49.786179999999995,..,..,..,..,..,..,..,..,..,0.125,..,..,0.4044444,..,..,..,..,..,..,0.6,..,..,0.27777779999999996,..,..,..,..,0.75,..,..,0.5128667,..,..,..,0.375
ZWEva2000,Zimbabwe,ZWE,Sub-Saharan Africa,Lower middle income,2000,va,7,-1.4677657,0.1859104,-1.7726587999999999,-1.1628726,31.1596864,3.2538951999999997,25.823298299999998,36.4960745,..,..,..,..,..,..,..,..,..,0,..,..,0.26999999999999996,..,..,..,..,..,..,0.39999999999999997,..,..,0.11111109999999999,..,..,..,..,0.5,..,..,0.3559778,..,..,..,0.25
ADOva2002,Andorra,ADO,,,2002,va,3,1.4549379,0.3010208,0.9612638,1.948612,82.314274,5.2686131,73.6737485,90.9547995,..,..,..,..,..,..,..,..,..,..,..,..,0.9483332999999999,..,..,..,..,..,..,1,..,..,..,..,..,..,..,..,..,..,..,..,..,..,1
AFGva2002,Afghanistan,AFG,South Asia,Low income,2002,va,6,-1.3640645999999998,0.2040821,-1.6987592,-1.02937,32.974713799999996,3.5719442,27.116725199999998,38.8327023,..,..,..,..,..,..,0,..,..,..,..,..,0.23666669999999998,..,..,..,..,..,..,0.09999999999999999,..,..,..,..,..,..,..,..,0.645,..,0.5011667,..,..,..,0.1875
AGOva2002,Angola,AGO,Sub-Saharan Africa,Lower middle income,2002,va,9,-1.3846520999999998,0.16599029999999998,-1.6568762,-1.112428,32.6143813,2.9052435,27.8497819,37.3789806,..,..,..,..,..,..,0.25,..,..,0.125,..,..,0.2822222,..,..,..,..,..,..,0.5,..,..,0,..,..,..,..,0.3333333,0.6982999999999999,..,0.3366,..,..,..,0.25
ALBva2002,Albania,ALB,Europe & Central Asia,Upper middle income,2002,va,7,-0.2153127,0.1829728,-0.5153881,0.0847627,53.080731199999995,3.2024795,47.8286648,58.3327976,..,..,..,..,..,..,0.5,..,..,..,..,..,0.5616667,..,..,..,..,..,..,0.8999999999999999,..,..,..,..,0.5012537,..,..,0.7083332999999999,..,..,0.5029222,..,..,..,0.5
AREva2002,United Arab Emirates,ARE,Middle East & North Africa,High income,2002,va,6,-0.8678207,0.1939854,-1.1859568,-0.5496846,41.6602171,3.3952278,36.0920436,47.2283907,..,..,..,..,..,..,..,..,..,0.375,..,..,0.26722219999999997,..,..,..,..,..,..,0.09999999999999999,..,..,..,..,..,..,..,0.5833332999999999,..,..,0.32489999999999997,..,..,..,0.6875
ARGva2002,Argentina,ARG,Latin America & Caribbean,Upper middle income,2002,va,11,0.3330067,0.1692553,0.055428,0.6105854,62.677685499999995,2.9623890999999998,57.819367299999996,67.5360036,..,..,..,..,..,..,0.875,..,..,0.5,..,..,0.6311110999999999,..,0.3350123,..,..,..,..,0.8999999999999999,..,..,..,0.09,..,..,..,0.7083332999999999,0.88,..,0.6720222,..,0.0724409,..,0.5625
ARMva2002,Armenia,ARM,Europe & Central Asia,Upper middle income,2002,va,7,-0.43438289999999996,0.1829728,-0.7344583,-0.1343075,49.2464575,3.2024795,43.9943911,54.4985238,..,..,..,..,..,..,0.375,..,..,..,..,..,0.5666667,..,..,..,..,..,..,0.7,..,..,..,..,0.4725,..,..,0.625,..,..,0.48292219999999997,..,..,..,0.5
ATGva2002,Antigua and Barbuda,ATG,Latin America & Caribbean,High income,2002,va,3,0.2407239,0.3010208,-0.2529502,0.734398,61.062506799999994,5.2686131,52.4219813,69.7030323,..,..,..,..,..,..,..,..,..,..,..,..,0.5944444,..,..,..,..,..,..,1,..,..,..,..,..,..,..,..,..,..,..,..,..,..,0.625
AUSva2002,Australia,AUS,East Asia & Pacific,High income,2002,va,9,1.4514589,0.185804,1.1467403,1.7561775,82.2533828,3.2520328999999997,76.9200489,87.5867167,..,..,..,..,..,..,..,..,..,0.75,..,..,0.9283332999999999,..,0.7599206,..,..,..,..,1,..,..,..,..,..,..,..,1,0.965,..,0.7377556,..,0.7032967,..,1
AUTva2002,Austria,AUT,Europe & Central Asia,High income,2002,va,10,1.4136838,0.18387119999999998,1.1121349999999999,1.7152326,81.5922245,3.218204,76.31437,86.8700791,..,..,..,..,..,..,..,..,..,0.875,..,0.582,0.9122222,..,0.7378194,..,..,..,..,0.7999999999999999,..,..,..,..,..,..,..,0.9166667,0.9249999999999999,..,0.7122889,..,0.65,..,1
AZEva2002,Azerbaijan,AZE,Europe & Central Asia,Upper middle income,2002,va,9,-0.9840977999999999,0.16328589999999998,-1.2518867,-0.7163088999999999,39.6250785,2.8579098999999997,34.9381062,44.3120508,..,..,..,..,..,..,0.25,..,..,0.125,..,..,0.4973333,..,..,..,..,..,..,0.39999999999999997,..,..,..,..,0.485,..,..,0.5,0.6549999999999999,..,0.39632219999999996,..,..,..,0.3125
BDIva2002,Burundi,BDI,Sub-Saharan Africa,Low income,2002,va,7,-0.9073603,0.1947408,-1.2267352,-0.5879854,40.968175699999996,3.4084486,35.378320099999996,46.5580314,..,..,..,..,..,..,0.25,..,..,..,..,..,0.255,..,..,..,..,..,..,0.3,..,..,0,..,..,..,..,..,0.755,..,0.6227332999999999,..,..,..,0.25
BELva2002,Belgium,BEL,Europe & Central Asia,High income,2002,va,10,1.5102156,0.18387119999999998,1.2086668,1.8117644,83.2817713,3.218204,78.00391669999999,88.55962579999999,..,..,..,..,..,..,..,..,..,0.875,..,0.485,0.9394444,..,0.625,..,..,..,..,1,..,..,..,..,..,..,..,1,0.965,..,0.7365667,..,0.45428569999999996,..,1
BENva2002,Benin,BEN,Sub-Saharan Africa,Lower middle income,2002,va,7,-0.047625,0.1947408,-0.3669999,0.2717499,56.0156834,3.4084486,50.4258277,61.605539,..,..,..,..,..,..,0.625,..,..,..,..,..,0.7316667,..,..,..,..,..,..,0.7,..,..,0.6111111,..,..,..,..,..,0.94,..,0.5586888999999999,..,..,..,0.25
BFAva2002,Burkina Faso,BFA,Sub-Saharan Africa,Low income,2002,va,8,-0.45499229999999996,0.18220719999999999,-0.7538121,-0.1561725,48.8857417,3.1890794,43.655651399999996,54.115831899999996,..,..,..,..,..,..,0.375,..,..,..,..,..,0.5588889,..,..,..,..,..,..,0.7999999999999999,..,..,0.44444439999999996,..,..,..,..,0.625,0.7224999999999999,..,0.5142778,..,..,..,0.3125
BGDva2002,Bangladesh,BGD,South Asia,Lower middle income,2002,va,9,-0.6603344,0.16991299999999998,-0.9389917,-0.3816771,45.2917438,2.9739001999999997,40.4145475,50.1689401,..,..,..,..,..,..,0.625,..,..,0.125,..,..,0.475,..,0.4134064,..,..,..,..,0.3,..,..,..,..,..,..,..,0.4583333,0.5625,..,0.5002556,..,..,..,0.5625
BGRva2002,Bulgaria,BGR,Europe & Central Asia,High income,2002,va,10,0.4131843,0.1617785,0.1478676,0.678501,64.08099299999999,2.8315259999999998,59.437290399999995,68.7246957,..,..,..,..,..,..,0.75,..,..,0.625,..,..,0.6033333,..,0.3674382,..,..,..,..,0.8999999999999999,..,..,..,..,0.5645,..,..,0.8333332999999999,0.9025,..,0.6251333,..,..,..,0.6875
BHRva2002,Bahrain,BHR,Middle East & North Africa,High income,2002,va,8,-0.565435,0.17166189999999998,-0.8469605,-0.2839095,46.9527195,3.0045102999999997,42.025322599999996,51.8801165,..,..,..,..,..,..,0.25,..,..,0.375,..,..,0.3316667,..,..,..,..,..,..,0.6,..,..,..,..,..,..,..,0.625,0.77,..,0.4648556,..,..,..,0.625
BHSva2002,"Bahamas, The",BHS,Latin America & Caribbean,High income,2002,va,4,1.1043705,0.2600403,0.6779044,1.5308366,76.17847189999999,4.5513525999999995,68.7142537,83.6426901,..,..,..,..,..,..,..,..,..,..,..,..,0.9216667,..,..,..,..,..,..,1,..,..,..,..,..,..,..,0.8333332999999999,..,..,..,..,..,..,0.875
BIHva2002,Bosnia and Herzegovina,BIH,Europe & Central Asia,Upper middle income,2002,va,8,-0.08851479999999999,0.1721231,-0.3707967,0.1937671,55.300010099999994,3.0125827999999997,50.3593742,60.2406459,..,..,..,..,..,..,0.375,..,..,0.625,..,..,0.5003333,..,..,..,..,..,..,0.6,..,..,..,..,0.522,..,..,..,0.875,..,0.6092333,..,..,..,0.4375
BLRva2002,Belarus,BLR,Europe & Central Asia,Upper middle income,2002,va,8,-1.3011816999999999,0.1786479,-1.5941642999999999,-1.0081991,34.075320999999995,3.1267834,28.947396299999998,39.2032457,..,..,..,..,..,..,0,..,..,..,..,..,0.5143333,..,..,..,..,..,..,0.19999999999999998,..,..,..,..,0.23199999999999998,..,..,0.5,0.4783,..,0.4386111,..,..,..,0.1875
BLZva2002,Belize,BLZ,Latin America & Caribbean,Upper middle income,2002,va,3,0.7815435,0.3010208,0.2878694,1.2752176,70.5281959,5.2686131,61.8876704,79.1687214,..,..,..,..,..,..,..,..,..,..,..,..,0.8538889,..,..,..,..,..,..,0.7999999999999999,..,..,..,..,..,..,..,..,..,..,..,..,..,..,0.75
BMUva2002,Bermuda,BMU,North America,High income,2002,va,1,1.0409549999999999,0.45889549999999996,0.28836639999999997,1.7935436,75.0685428,8.0318132,61.896369099999994,88.24071649999999,..,..,..,..,..,..,..,..,..,..,..,..,..,..,..,..,..,..,..,..,..,..,..,..,..,..,..,..,..,..,..,..,..,..,0.875
BOLva2002,Bolivia,BOL,Latin America & Caribbean,Lower middle income,2002,va,10,0.025208599999999998,0.1698056,-0.2532726,0.3036898,57.290452599999995,2.9720207999999997,52.416338499999995,62.164566799999996,..,..,..,..,..,..,0.625,..,..,0.25,..,..,0.7305556,..,0.4070908,..,..,..,..,0.8999999999999999,..,..,..,0.16,..,..,..,0.5833332999999999,0.855,..,0.6520332999999999,..,..,..,0.5625
BRAva2002,Brazil,BRA,Latin America & Caribbean,Upper middle income,2002,va,11,0.4840152,0.1692553,0.2064365,0.7615938999999999,65.3207101,2.9623890999999998,60.462391999999994,70.17902819999999,..,..,..,..,..,..,0.875,..,..,0.375,..,..,0.7011111,..,0.5347221999999999,..,..,..,..,1,..,..,..,0.24,..,..,..,0.75,0.8125,..,0.6908667,..,0.573494,..,0.6875
BRBva2002,Barbados,BRB,Latin America & Caribbean,High income,2002,va,4,1.22965,0.24508,0.8277188,1.6315811999999998,78.371175,4.28951,71.3363786,85.4059714,..,..,..,..,..,..,..,..,..,..,..,..,0.9394444,..,..,..,..,..,..,1,..,..,..,..,..,..,..,..,..,..,0.6544555999999999,..,..,..,1
BRNva2002,Brunei Darussalam,BRN,East Asia & Pacific,High income,2002,va,5,-0.8024418999999999,0.2480539,-1.2092503,-0.39563349999999997,42.804508899999995,4.3415607,35.6843493,49.924668399999995,..,..,..,..,..,..,..,..,..,..,..,..,0.2688889,..,..,..,..,..,..,0.5,..,..,..,..,..,..,..,0.4166667,0.62,..,..,..,..,..,0.5625
BTNva2002,Bhutan,BTN,South Asia,Lower middle income,2002,va,5,-0.9377048,0.2349687,-1.3230534999999999,-0.5523561,40.437071499999995,4.1125374,33.6925101,47.181632799999996,..,..,..,..,..,..,..,..,..,..,..,..,0.2527778,..,..,..,..,..,..,0.39999999999999997,..,..,..,..,..,..,..,..,0.0925,..,0.5004333,..,..,..,0.5625
BWAva2002,Botswana,BWA,Sub-Saharan Africa,Upper middle income,2002,va,10,0.5609991,0.1669722,0.2871647,0.8348335,66.66812,2.9224289999999997,61.875336399999995,71.4609035,..,0.38899999999999996,..,..,..,..,1,..,..,0.5,..,..,0.7833333,..,0.6216998,..,..,..,..,0.8999999999999999,..,..,0.7222221999999999,..,..,..,..,0.75,..,..,0.6511333,..,..,..,0.6875
CAFva2002,Central African Republic,CAF,Sub-Saharan Africa,Low income,2002,va,7,-1.1128204,0.1947408,-1.4321952999999998,-0.7934454999999999,37.3721126,3.4084486,31.7822569,42.961968299999995,..,..,..,..,..,..,0,..,..,..,..,..,0.37944439999999996,..,..,..,..,..,..,0.5,..,..,0.6111111,..,..,..,..,..,0.7849999999999999,..,0.4164111,..,..,..,0.25
CANva2002,Canada,CAN,North America,High income,2002,va,9,1.6296891,0.185804,1.3249705,1.9344077,85.3728549,3.2520328999999997,80.039521,90.7061889,..,..,..,..,..,..,..,..,..,1,..,..,0.9183332999999999,..,0.7482639,..,..,..,..,1,..,..,..,..,..,..,..,1,0.9924999999999999,..,0.7174222,..,0.6124999999999999,..,1
CHEva2002,Switzerland,CHE,Europe & Central Asia,High income,2002,va,9,1.6158317,0.185804,1.3111131,1.9205503,85.1303159,3.2520328999999997,79.796982,90.4636499,..,..,..,..,..,..,..,..,..,1,..,..,0.9666667,..,0.7182807999999999,..,..,..,..,1,..,..,..,..,..,..,..,1,0.9574999999999999,..,0.7149888999999999,..,0.7394737,..,0.9375
CHLva2002,Chile,CHL,Latin America & Caribbean,High income,2002,va,11,1.1727888,0.1692553,0.8952101,1.4503675,77.37596239999999,2.9623890999999998,72.5176443,82.23428059999999,..,..,..,..,..,..,0.875,..,..,1,..,..,0.8377778,..,0.5725872,..,..,..,..,1,..,..,..,0.31,..,..,..,0.6666667,0.9349999999999999,..,0.7323,..,0.6392156999999999,..,0.875
CHNva2002,China,CHN,East Asia & Pacific,Upper middle income,2002,va,11,-1.6349928999999999,0.1690277,-1.9121983,-1.3577875,28.232794199999997,2.9584052,23.3810097,33.0845786,..,..,..,0.0319315,..,..,0,..,..,0.125,..,..,0.15833329999999998,..,0.5119019,..,..,..,..,0.09999999999999999,..,..,..,..,..,..,..,0.2916667,0.03,..,0.3283,..,0.4694737,..,0.4375
CIVva2002,Côte d’Ivoire,CIV,Sub-Saharan Africa,Lower middle income,2002,va,9,-1.3188531,0.16599029999999998,-1.5910772,-1.046629,33.7660275,2.9052435,29.0014282,38.5306268,..,..,..,..,..,..,0.25,..,..,0,..,..,0.2816667,..,..,..,..,..,..,0.39999999999999997,..,..,0.1666667,..,..,..,..,0.2083333,0.8099999999999999,..,0.4724778,..,..,..,0.25
CMRva2002,Cameroon,CMR,Sub-Saharan Africa,Lower middle income,2002,va,9,-1.3431666,0.16599029999999998,-1.6153906999999998,-1.0709425,33.3404808,2.9052435,28.575881499999998,38.105080099999995,..,..,..,..,..,..,0.125,..,..,0,..,..,0.2583333,..,..,..,..,..,..,0.39999999999999997,..,..,0.1666667,..,..,..,..,0.5,0.7117,..,0.3771778,..,..,..,0.375
CODva2002,"Congo, Dem. Rep.",COD,Sub-Saharan Africa,Low income,2002,va,8,-1.7679491999999999,0.18220719999999999,-2.066769,-1.4691294,25.905728,3.1890794,20.6756377,31.1358182,..,..,..,..,..,..,0,..,..,..,..,..,0.17666669999999998,..,..,..,..,..,..,0.09999999999999999,..,..,0.11111109999999999,..,..,..,..,0.0833333,0.5925,..,0.42769999999999997,..,..,..,0.125
COGva2002,"Congo, Rep.",COG,Sub-Saharan Africa,Lower middle income,2002,va,7,-1.0833131999999999,0.2031796,-1.4165276999999998,-0.7500987,37.888562,3.5561483,32.0564789,43.7206452,..,..,..,..,..,..,..,..,..,..,..,..,0.39722219999999997,..,..,..,..,..,..,0.7,..,..,0.3333333,..,..,..,..,0.25,0.7683,..,0.3610444,..,..,..,0.3125
COLva2002,Colombia,COL,Latin America & Caribbean,Upper middle income,2002,va,11,-0.4840006,0.1692553,-0.7615793,-0.2064219,48.3780242,2.9623890999999998,43.5197061,53.2363424,..,..,..,..,..,..,0.5,..,..,0.375,..,..,0.4927778,..,0.4181948,..,..,..,..,0.7999999999999999,..,..,..,0.16999999999999998,..,..,..,0.4166667,0.5917,..,0.5271667,..,0.3454545,..,0.4375
COMva2002,Comoros,COM,Sub-Saharan Africa,Lower middle income,2002,va,6,-0.47642009999999996,0.2210182,-0.8388899,-0.11395029999999999,48.5107018,3.8683680999999996,42.1665782,54.8548255,..,..,..,..,..,..,..,..,..,..,..,..,0.4483333,..,..,..,..,..,..,1,..,..,0.3333333,..,..,..,..,..,0.7949999999999999,..,0.4948778,..,..,..,0.3125
CPVva2002,Cabo Verde,CPV,Sub-Saharan Africa,Upper middle income,2002,va,7,0.5327913,0.2192268,0.1732593,0.8923232999999999,66.1744132,3.8370151999999997,59.8817084,72.4671181,..,0.253,..,..,..,..,..,..,..,..,..,..,0.8305556,..,..,..,..,..,..,1,..,..,1,..,..,..,..,..,0.8624999999999999,..,0.6454556,..,..,..,0.4375
CRIva2002,Costa Rica,CRI,Latin America & Caribbean,High income,2002,va,10,1.1280853,0.1698056,0.8496041,1.4065664999999998,76.5935399,2.9720207999999997,71.7194258,81.46765409999999,..,..,..,..,..,..,1,..,..,0.75,..,..,0.8922222,..,0.4484127,..,..,..,..,1,..,..,..,0.35,..,..,..,0.9583332999999999,0.9574999999999999,..,0.7216222,..,..,..,0.75
CUBva2002,Cuba,CUB,Latin America & Caribbean,Upper middle income,2002,va,8,-1.520452,0.17166189999999998,-1.8019775,-1.2389265,30.237544999999997,3.0045104,25.310147999999998,35.164941999999996,..,..,..,..,..,..,0.25,..,..,0.25,..,..,0.0838889,..,..,..,..,..,..,0,..,..,..,..,..,..,..,0.25,0.09749999999999999,..,0.43812219999999996,..,..,..,0.25
CYMva2002,Cayman Islands,CYM,Latin America & Caribbean,High income,2002,va,1,1.4861839,0.45889549999999996,0.7335953,2.2387725,82.8611567,8.0318132,69.688983,96.0333304,..,..,..,..,..,..,..,..,..,..,..,..,..,..,..,..,..,..,..,..,..,..,..,..,..,..,..,..,..,..,..,..,..,..,1
CYPva2002,Cyprus,CYP,Europe & Central Asia,High income,2002,va,6,1.0402609999999999,0.1939854,0.7221249,1.3583971,75.0563961,3.3952278,69.48822249999999,80.6245697,..,..,..,..,..,..,..,..,..,0.75,..,..,0.9149999999999999,..,..,..,..,..,..,0.7,..,..,..,..,..,..,..,0.9166667,..,..,0.6873777999999999,..,..,..,0.8125
CZEva2002,Czechia,CZE,Europe & Central Asia,High income,2002,va,10,0.8877290999999999,0.1693616,0.6099761,1.1654821,72.3867082,2.9642493,67.5253394,77.248077,..,..,..,..,..,..,1,..,..,0.625,..,..,0.5706667,..,0.5416502,..,..,..,..,0.8999999999999999,..,..,..,..,..,..,..,0.9166667,0.8875,..,0.7372556,..,0.44,..,0.875
DEUva2002,Germany,DEU,Europe & Central Asia,High income,2002,va,10,1.5401099,0.18387119999999998,1.2385610999999999,1.8416587,83.8049959,3.218204,78.52714139999999,89.08285049999999,..,..,..,..,..,..,..,..,..,0.875,..,0.48,0.9111111,..,0.7122968,..,..,..,..,0.8999999999999999,..,..,..,..,..,..,..,0.9166667,0.985,..,0.7879111,..,0.5837209,..,1
DJIva2002,Djibouti,DJI,Middle East & North Africa,Lower middle income,2002,va,6,-0.8833770999999999,0.2210182,-1.2458468999999999,-0.5209073,41.387941399999995,3.8683680999999996,35.0438177,47.7320651,..,..,..,..,..,..,..,..,..,..,..,..,0.40555559999999996,..,..,..,..,..,..,0,..,..,0.6666667,..,..,..,..,..,0.6875,..,0.41896669999999997,..,..,..,0.375
DMAva2002,Dominica,DMA,Latin America & Caribbean,Upper middle income,2002,va,3,1.0155615,0.3010208,0.5218874,1.5092356,74.62409339999999,5.2686131,65.9835679,83.2646189,..,..,..,..,..,..,..,..,..,..,..,..,0.9172222,..,..,..,..,..,..,1,..,..,..,..,..,..,..,..,..,..,..,..,..,..,0.75
DNKva2002,Denmark,DNK,Europe & Central Asia,High income,2002,va,10,1.7276095999999999,0.18387119999999998,1.4260608,2.0291584,87.0867074,3.218204,81.8088528,92.3645619,..,..,..,..,..,..,..,..,..,1,..,0.6869999999999999,0.9577777999999999,..,0.7650640999999999,..,..,..,..,1,..,..,..,..,..,..,..,1,0.97,..,0.7333556,..,0.7692308,..,1
DOMva2002,Dominican Republic,DOM,Latin America & Caribbean,Upper middle income,2002,va,8,-0.0160976,0.173621,-0.300836,0.2686408,56.5674913,3.0387991999999997,51.583860599999994,61.551122,..,..,..,..,..,..,0.75,..,..,0.25,..,..,0.74,..,0.4377821,..,..,..,..,0.8999999999999999,..,..,..,..,..,..,..,0.6666667,..,..,0.5822222,..,..,..,0.5
DZAva2002,Algeria,DZA,Middle East & North Africa,Upper middle income,2002,va,9,-0.9687397,0.16599029999999998,-1.2409637999999998,-0.6965156,39.8938835,2.9052435,35.1292841,44.658482799999994,..,..,..,..,..,..,0.25,..,..,0.5,..,..,0.34055559999999996,..,..,..,..,..,..,0.39999999999999997,..,..,0.22222219999999998,..,..,..,..,0.1666667,0.69,..,0.4768556,..,..,..,0.25
ECUva2002,Ecuador,ECU,Latin America & Caribbean,Upper middle income,2002,va,10,-0.1439229,0.1698056,-0.4224041,0.1345583,54.3302304,2.9720207999999997,49.4561163,59.2043446,..,..,..,..,..,..,0.625,..,..,0.375,..,..,0.6188889,..,0.33105019999999996,..,..,..,..,0.6,..,..,..,0.08,..,..,..,0.5,0.945,..,0.6218777999999999,..,..,..,0.4375
EGYva2002,"Egypt, Arab Rep.",EGY,Middle East & North Africa,Lower middle income,2002,va,9,-1.1042357,0.16599029999999998,-1.3764598,-0.8320116,37.5223662,2.9052435,32.7577669,42.2869655,..,..,..,..,..,..,0.25,..,..,0.375,..,..,0.21722219999999998,..,..,..,..,..,..,0.3,..,..,0.22222219999999998,..,..,..,..,0.4166667,0.6549999999999999,..,0.3251111,..,..,..,0.5
ERIva2002,Eritrea,ERI,Sub-Saharan Africa,Low income,2002,va,7,-2.104777,0.1947408,-2.4241519,-1.7854021,20.010403099999998,3.4084486,14.4205475,25.6002588,..,..,..,..,..,..,0.25,..,..,..,..,..,0.1483333,..,..,..,..,..,..,0.09999999999999999,..,..,0,..,..,..,..,..,0.1633,..,0.1684667,..,..,..,0.125
ESPva2002,Spain,ESP,Europe & Central Asia,High income,2002,va,10,1.2920064,0.18387119999999998,0.9904575999999999,1.5935552,79.4625672,3.218204,74.1847126,84.7404217,..,..,..,..,..,..,..,..,..,0.75,..,0.518,0.8994443999999999,..,0.6253746,..,..,..,..,1,..,..,..,..,..,..,..,0.9166667,0.9225,..,0.7337222,..,0.5939394,..,0.9375
ESTva2002,Estonia,EST,Europe & Central Asia,High income,2002,va,9,0.9910473999999999,0.1730329,0.7072733999999999,1.2748214,74.1950356,3.0285069,69.2282843,79.1617869,..,..,..,..,..,..,1,..,..,0.875,..,..,0.5676667,..,0.6118973999999999,..,..,..,..,1,..,..,..,..,..,..,..,0.8333332999999999,..,..,0.7328889,..,0.5490195999999999,..,0.75
ETHva2002,Ethiopia,ETH,Sub-Saharan Africa,,2002,va,9,-1.3402954999999999,0.16599029999999998,-1.6125196,-1.0680714,33.390732199999995,2.9052435,28.626132899999998,38.155331499999996,..,..,..,..,..,..,0,..,..,0.125,..,..,0.3311111,..,..,..,..,..,..,0.39999999999999997,..,..,0.44444439999999996,..,..,..,..,0.4166667,0.625,..,0.38007779999999997,..,..,..,0.25
FINva2002,Finland,FIN,Europe & Central Asia,High income,2002,va,10,1.7377812,0.18387119999999998,1.4362324,2.03933,87.2647357,3.218204,81.98688109999999,92.5425903,..,..,..,..,..,..,..,..,..,1,..,0.573,0.9611111,..,0.8056082,..,..,..,..,1,..,..,..,..,..,..,..,1,0.995,..,0.7352666999999999,..,0.8105262999999999,..,1
FJIva2002,Fiji,FJI,East Asia & Pacific,Upper middle income,2002,va,4,0.045980799999999995,0.24508,-0.3559504,0.447912,57.6540178,4.28951,50.6192214,64.6888142,..,..,..,..,..,..,..,..,..,..,..,..,0.6477778,..,..,..,..,..,..,0.7999999999999999,..,..,..,..,..,..,..,..,..,..,0.5867333,..,..,..,0.4375
FRAva2002,France,FRA,Europe & Central Asia,High income,2002,va,10,1.2364994999999999,0.18387119999999998,0.9349506999999999,1.5380483,78.49105829999999,3.218204,73.2132037,83.7689128,..,..,..,..,..,..,..,..,..,0.75,..,0.357,0.9127778,..,0.5799383,..,..,..,..,1,..,..,..,..,..,..,..,0.8333332999999999,0.9674999999999999,..,0.7254889,..,0.43703699999999995,..,1
FSMva2002,"Micronesia, Fed. Sts.",FSM,East Asia & Pacific,Lower middle income,2002,va,2,1.0006253,0.371378,0.3915654,1.6096852,74.36267269999999,6.5000390999999995,63.7026085,85.0227369,..,..,..,..,..,..,..,..,..,..,..,..,0.8655556,..,..,..,..,..,..,1,..,..,..,..,..,..,..,..,..,..,..,..,..,..,..
GABva2002,Gabon,GAB,Sub-Saharan Africa,Upper middle income,2002,va,8,-0.8423117,0.18137899999999998,-1.1397732999999999,-0.5448501,42.1066881,3.1745843999999996,36.9003698,47.3130065,..,..,..,..,..,..,..,..,..,0.125,..,..,0.46222219999999997,..,..,..,..,..,..,0.5,..,..,0.3888889,..,..,..,..,0.4166667,0.7949999999999999,..,0.40249999999999997,..,..,..,0.5625
GBRva2002,United Kingdom,GBR,Europe & Central Asia,High income,2002,va,10,1.4669329,0.18387119999999998,1.1653841,1.7684817,82.52421629999999,3.218204,77.2463618,87.80207089999999,..,..,..,..,..,..,..,..,..,0.875,..,0.415,0.9233332999999999,..,0.7698413,..,..,..,..,0.8999999999999999,..,..,..,..,..,..,..,1,0.94,..,0.7099,..,0.5583332999999999,..,1
GEOva2002,Georgia,GEO,Europe & Central Asia,Upper middle income,2002,va,6,-0.6059844999999999,0.1956764,-0.9268938,-0.2850752,46.243002399999995,3.4248241,40.6262909,51.859713799999994,..,..,..,..,..,..,0.375,..,..,..,..,..,0.5353333,..,..,..,..,..,..,0.7,..,..,..,..,0.49,..,..,..,..,..,0.4335556,..,..,..,0.4375
GHAva2002,Ghana,GHA,Sub-Saharan Africa,Lower middle income,2002,va,10,-0.1315019,0.1652274,-0.40247479999999997,0.13947099999999998,54.5476288,2.8918904,49.8049286,59.290329,..,0.528,..,..,..,..,0.5,..,..,0.25,..,..,0.7194444,..,..,..,..,..,..,0.7,..,..,0.7777778,..,..,..,..,0.4583333,0.77,..,0.6172333,..,..,..,0.625
GINva2002,Guinea,GIN,Sub-Saharan Africa,Lower middle income,2002,va,8,-1.4246052,0.18220719999999999,-1.723425,-1.1257854,31.915102599999997,3.1890794,26.6850123,37.1451928,..,..,..,..,..,..,0,..,..,..,..,..,0.3005556,..,..,..,..,..,..,0.39999999999999997,..,..,0.3333333,..,..,..,..,0.3333333,0.74,..,0.3480667,..,..,..,0.25
GMBva2002,"Gambia, The",GMB,Sub-Saharan Africa,Low income,2002,va,7,-0.7499534999999999,0.2031796,-1.083168,-0.41673899999999997,43.7231865,3.5561482,37.8911034,49.555269599999995,..,..,..,..,..,..,..,..,..,..,..,..,0.4722222,..,..,..,..,..,..,0.39999999999999997,..,..,0.6111111,..,..,..,..,0.5416667,0.7749999999999999,..,0.41459999999999997,..,..,..,0.25
GNBva2002,Guinea-Bissau,GNB,Sub-Saharan Africa,Low income,2002,va,7,-0.7489011,0.2031796,-1.0821155999999998,-0.41568659999999996,43.7416061,3.5561483,37.909523,49.5736893,..,..,..,..,..,..,..,..,..,..,..,..,0.44722219999999996,..,..,..,..,..,..,0.6,..,..,0.6666667,..,..,..,..,0.25,0.6975,..,0.5159,..,..,..,0.25
GNQva2002,Equatorial Guinea,GNQ,Sub-Saharan Africa,Upper middle income,2002,va,7,-1.7087531999999999,0.19373069999999998,-2.0264715,-1.3910349,26.9418053,3.3907689,21.3809443,32.502666399999995,..,..,..,..,..,..,..,..,..,0,..,..,0.16611109999999998,..,..,..,..,..,..,0.25,..,..,0.0555556,..,..,..,..,..,0.5725,..,0.3218222,..,..,..,0.25
GRCva2002,Greece,GRC,Europe & Central Asia,High income,2002,va,10,1.129581,0.18387119999999998,0.8280322,1.4311298,76.6197184,3.218204,71.3418638,81.8975729,..,..,..,..,..,..,..,..,..,0.75,..,0.532,0.7899999999999999,..,0.5416667,..,..,..,..,0.7,..,..,..,..,..,..,..,0.875,0.95,..,0.7335111,..,0.38095239999999997,..,1
GRDva2002,Grenada,GRD,Latin America & Caribbean,Upper middle income,2002,va,3,0.6328231,0.3010208,0.139149,1.1264972,67.9252187,5.2686131,59.2846932,76.5657442,..,..,..,..,..,..,..,..,..,..,..,..,0.8644444,..,..,..,..,..,..,1,..,..,..,..,..,..,..,..,..,..,..,..,..,..,0.5625
GTMva2002,Guatemala,GTM,Latin America & Caribbean,Upper middle income,2002,va,10,-0.520685,0.1698056,-0.7991661999999999,-0.2422038,47.7359559,2.9720207999999997,42.8618418,52.61007,..,..,..,..,..,..,0.625,..,..,0.125,..,..,0.5066667,..,0.28560989999999997,..,..,..,..,0.8999999999999999,..,..,..,0.11,..,..,..,0.5,0.7274999999999999,..,0.5311,..,..,..,0.4375
GUFva2002,French Guiana,GUF,,,2002,va,1,0.3731117,0.45889549999999996,-0.3794769,1.1257002999999999,63.3796228,8.0318132,50.2074491,76.5517965,..,..,..,..,..,..,..,..,..,..,..,..,..,..,..,..,..,..,..,..,..,..,..,..,..,..,..,..,..,..,..,..,..,..,0.6875
GUYva2002,Guyana,GUY,Latin America & Caribbean,High income,2002,va,5,0.3648594,0.2213967,0.0017687999999999998,0.72795,63.235186999999996,3.8749933999999997,56.8801978,69.5901762,..,..,..,..,..,..,..,..,..,..,..,..,0.7633333,..,..,..,..,..,..,0.8999999999999999,..,..,..,..,..,..,..,0.9166667,..,..,0.5722556,..,..,..,0.4375
HKGva2002,"Hong Kong SAR, China",HKG,East Asia & Pacific,High income,2002,va,9,0.34377169999999996,0.1905511,0.0312679,0.6562755,62.8660998,3.3351184999999997,57.396505499999996,68.3356941,..,..,..,0.46824859999999996,..,..,..,..,..,0.625,..,..,0.5708333,..,0.6895425,..,..,..,..,..,..,..,..,..,..,..,..,0.4166667,0.9517,..,0.6540889,..,0.5619048,..,0.6875
HNDva2002,Honduras,HND,Latin America & Caribbean,Lower middle income,2002,va,9,-0.4754711,0.1735064,-0.7600216,-0.1909206,48.5273117,3.0367938999999997,43.5469697,53.5076537,..,..,..,..,..,..,0.625,..,..,0,..,..,0.6161111,..,0.42821159999999997,..,..,..,..,0.8999999999999999,..,..,..,0.35,..,..,..,0.5833332999999999,..,..,0.5459999999999999,..,..,..,0.4375
HRVva2002,Croatia,HRV,Europe & Central Asia,High income,2002,va,10,0.4551808,0.1617785,0.18986409999999998,0.7204975,64.8160363,2.8315259999999998,60.172333699999996,69.45973889999999,..,..,..,..,..,..,0.75,..,..,0.5,..,..,0.619,..,0.4328933,..,..,..,..,0.7999999999999999,..,..,..,..,0.707,..,..,0.8333332999999999,0.9125,..,0.6596,..,..,..,0.6875
HTIva2002,Haiti,HTI,Latin America & Caribbean,Lower middle income,2002,va,8,-1.1636075,0.1874339,-1.4709991,-0.8562158999999999,36.4832119,3.2805598,31.1030938,41.86333,..,..,..,..,..,..,0.25,..,..,..,..,..,0.23388889999999998,..,0.2563978,..,..,..,..,0.7,..,..,..,..,..,..,..,0.2916667,0.635,..,0.4739889,..,..,..,0.25
HUNva2002,Hungary,HUN,Europe & Central Asia,High income,2002,va,10,1.0590894,0.1693616,0.7813363999999999,1.3368423999999999,75.3859399,2.9642493,70.5245711,80.2473088,..,..,..,..,..,..,1,..,..,0.875,..,..,0.5623332999999999,..,0.5814815,..,..,..,..,0.7999999999999999,..,..,..,..,..,..,..,1,0.9349999999999999,..,0.7040221999999999,..,0.3407407,..,0.875
IDNva2002,Indonesia,IDN,East Asia & Pacific,Upper middle income,2002,va,10,-0.40716399999999997,0.1693616,-0.684917,-0.129411,49.722856,2.9642493,44.8614871,54.584224799999994,..,..,..,..,..,..,0.5,..,..,0.125,..,..,0.5411111,..,0.5010213,..,..,..,..,0.5,..,..,..,..,..,..,..,0.5416667,0.7999999999999999,..,0.6012889,..,0.2391304,..,0.5625
INDva2002,India,IND,South Asia,Lower middle income,2002,va,10,0.3144249,0.1693616,0.0366719,0.5921778999999999,62.352457699999995,2.9642493,57.491088899999994,67.21382659999999,..,..,..,..,..,..,0.75,..,..,0.375,..,..,0.6638889,..,0.5694445,..,..,..,..,0.5,..,..,..,..,..,..,..,0.8333332999999999,0.735,..,0.6448222,..,0.37,..,0.8125
IRLva2002,Ireland,IRL,Europe & Central Asia,High income,2002,va,10,1.3662036,0.18387119999999998,1.0646548,1.6677524,80.76120279999999,3.218204,75.4833483,86.03905739999999,..,..,..,..,..,..,..,..,..,0.75,..,0.511,0.9022222,..,0.6481481,..,..,..,..,0.8999999999999999,..,..,..,..,..,..,..,1,0.99,..,0.7213999999999999,..,0.6192982,..,1
IRNva2002,"Iran, Islamic Rep.",IRN,Middle East & North Africa,Upper middle income,2002,va,8,-0.9923717,0.17166189999999998,-1.2738972,-0.7108462,39.4802646,3.0045102999999997,34.5528677,44.4076616,..,..,..,..,..,..,0.25,..,..,0.25,..,..,0.2522222,..,..,..,..,..,..,0.09999999999999999,..,..,..,..,..,..,..,0.6666667,0.5175,..,0.4759111,..,..,..,0.3125
IRQva2002,Iraq,IRQ,Middle East & North Africa,Upper middle income,2002,va,8,-2.1775382,0.17166189999999998,-2.4590636999999997,-1.8960127,18.736901,3.0045102999999997,13.8095041,23.664298,..,..,..,..,..,..,0,..,..,0.125,..,..,0.0388889,..,..,..,..,..,..,0,..,..,..,..,..,..,..,0,0.21,..,0.3065111,..,..,..,0
ISLva2002,Iceland,ISL,Europe & Central Asia,High income,2002,va,8,1.5436288,0.2094587,1.2001165,1.8871411,83.8665855,3.6660489,77.8542652,89.87890569999999,..,..,..,..,..,..,..,..,..,..,..,..,0.9622221999999999,..,0.7732762,..,..,..,..,1,..,..,..,..,..,..,..,1,0.995,..,0.7206332999999999,..,0.6372093,..,1
ISRva2002,Israel,ISR,Middle East & North Africa,High income,2002,va,9,0.5185917999999999,0.185804,0.21387319999999999,0.8233104,65.92588669999999,3.2520328999999997,60.5925527,71.25922059999999,..,..,..,..,..,..,..,..,..,0.5,..,..,0.8155555999999999,..,0.6888888999999999,..,..,..,..,0.5,..,..,..,..,..,..,..,0.7083332999999999,0.7,..,0.6914332999999999,..,0.47,..,0.75
ITAva2002,Italy,ITA,Europe & Central Asia,High income,2002,va,10,0.9632896999999999,0.18387119999999998,0.6617409,1.2648385,73.70920679999999,3.218204,68.43135219999999,78.9870613,..,..,..,..,..,..,..,..,..,0.625,..,0.437,0.8566667,..,0.5740740999999999,..,..,..,..,1,..,..,..,..,..,..,..,0.8333332999999999,0.89,..,0.6970999999999999,..,0.4442308,..,0.875
JAMva2002,Jamaica,JAM,Latin America & Caribbean,Upper middle income,2002,va,8,0.3606793,0.173621,0.07594089999999999,0.6454177,63.1620249,3.0387991999999997,58.1783942,68.1456556,..,..,..,..,..,..,0.875,..,..,0.25,..,..,0.7555556,..,0.5701754,..,..,..,..,1,..,..,..,..,..,..,..,0.9166667,..,..,0.6185556,..,..,..,0.625
JORva2002,Jordan,JOR,Middle East & North Africa,Lower middle income,2002,va,9,-0.7149308999999999,0.16991299999999998,-0.9935881999999999,-0.4362736,44.3361692,2.9739001999999997,39.4589729,49.213365499999995,..,..,..,..,..,..,0.25,..,..,0.25,..,..,0.3388889,..,0.38481889999999996,..,..,..,..,0.3,..,..,..,..,..,..,..,0.75,0.6649999999999999,..,0.5243667,..,..,..,0.4375
JPNva2002,Japan,JPN,East Asia & Pacific,High income,2002,va,9,1.0507625999999999,0.185804,0.7460439999999999,1.3554811999999998,75.24020019999999,3.2520328999999997,69.90686629999999,80.5735342,..,..,..,..,..,..,..,..,..,0.625,..,..,0.8655556,..,0.5599374,..,..,..,..,1,..,..,..,..,..,..,..,0.9166667,0.9249999999999999,..,0.7014444,..,0.34181819999999996,..,0.9375
KAZva2002,Kazakhstan,KAZ,Europe & Central Asia,Upper middle income,2002,va,9,-0.9972339,0.16328589999999998,-1.2650228,-0.729445,39.395164,2.8579098999999997,34.7081918,44.082136299999995,..,..,..,..,..,..,0.25,..,..,0.125,..,..,0.5223333,..,..,..,..,..,..,0.5,..,..,..,..,0.33099999999999996,..,..,0.5,0.58,..,0.42287779999999997,..,..,..,0.375
KENva2002,Kenya,KEN,Sub-Saharan Africa,Lower middle income,2002,va,10,-0.8946611,0.1652274,-1.1656339999999998,-0.6236882,41.1904433,2.8918904,36.4477431,45.9331435,..,0.5519999999999999,..,..,..,..,0.25,..,..,0.125,..,..,0.42333329999999997,..,..,..,..,..,..,0.19999999999999998,..,..,0.6111111,..,..,..,..,0.5,0.7525,..,0.4844889,..,..,..,0.375
KGZva2002,Kyrgyz Republic,KGZ,Europe & Central Asia,Lower middle income,2002,va,7,-0.9426646,0.19041329999999998,-1.2549424,-0.6303868,40.3502626,3.3327066,34.8846239,45.8159014,..,..,..,..,..,..,0.25,..,..,..,..,..,0.5196666999999999,..,..,..,..,..,..,0.5,..,..,..,..,0.39999999999999997,..,..,..,0.6825,..,0.4078556,..,..,..,0.25
KHMva2002,Cambodia,KHM,East Asia & Pacific,Lower middle income,2002,va,7,-1.0599539,0.1820202,-1.3584669999999999,-0.7614407999999999,38.297407899999996,3.1858063,33.0726857,43.5221302,..,..,..,..,..,..,0.25,..,..,0,..,..,0.3227778,..,..,..,..,..,..,0.7999999999999999,..,..,..,..,..,..,..,..,0.7575,..,0.4253667,..,..,..,0.4375
KIRva2002,Kiribati,KIR,East Asia & Pacific,Lower middle income,2002,va,2,0.9715931,0.371378,0.3625332,1.5806529999999999,73.8545369,6.5000390999999995,63.1944727,84.5146011,..,..,..,..,..,..,..,..,..,..,..,..,0.855,..,..,..,..,..,..,1,..,..,..,..,..,..,..,..,..,..,..,..,..,..,..
KNAva2002,St. Kitts and Nevis,KNA,Latin America & Caribbean,High income,2002,va,2,0.9761772,0.371378,0.3671173,1.5852370999999998,73.9347701,6.5000390999999995,63.274705899999994,84.5948343,..,..,..,..,..,..,..,..,..,..,..,..,0.8566667,..,..,..,..,..,..,1,..,..,..,..,..,..,..,..,..,..,..,..,..,..,..
KORva2002,"Korea, Rep.",KOR,East Asia & Pacific,High income,2002,va,10,0.7845065,0.1693616,0.5067535,1.0622595,70.5800558,2.9642493,65.7186869,75.44142459999999,..,..,..,..,..,..,1,..,..,0.5,..,..,0.7866666999999999,..,0.5119286,..,..,..,..,0.5,..,..,..,..,..,..,..,0.9166667,0.8949999999999999,..,0.7212,..,0.3962963,..,0.8125
KWTva2002,Kuwait,KWT,Middle East & North Africa,High income,2002,va,7,-0.2293758,0.1888541,-0.5390965,0.0803449,52.834592,3.3054166,47.413708799999995,58.2554751,..,..,..,..,..,..,..,..,..,0.375,..,..,0.43666669999999996,..,..,..,..,..,..,0.39999999999999997,..,..,..,..,..,..,..,0.6666667,0.745,..,0.5990556,..,..,..,0.5
LAOva2002,Lao PDR,LAO,East Asia & Pacific,Lower middle income,2002,va,6,-1.6997502999999998,0.2040821,-2.0344449,-1.3650556999999999,27.0993785,3.5719442,21.241389899999998,32.957367,..,..,..,..,..,..,0,..,..,..,..,..,0.1416667,..,..,..,..,..,..,0.3,..,..,..,..,..,..,..,..,0.11,..,0.37544439999999996,..,..,..,0.375
LBNva2002,Lebanon,LBN,Middle East & North Africa,Lower middle income,2002,va,8,-0.7780922,0.17166189999999998,-1.0596177,-0.49656669999999997,43.2306892,3.0045102999999997,38.303292299999995,48.1580862,..,..,..,..,..,..,0.25,..,..,0.375,..,..,0.27999999999999997,..,..,..,..,..,..,0.39999999999999997,..,..,..,..,..,..,..,0.5833332999999999,0.8033,..,0.43644439999999995,..,..,..,0.4375
LBRva2002,Liberia,LBR,Sub-Saharan Africa,Low income,2002,va,8,-1.2937463999999999,0.18220719999999999,-1.5925661999999998,-0.9949266,34.2054573,3.1890794,28.975367,39.4355475,..,..,..,..,..,..,0,..,..,..,..,..,0.21722219999999998,..,..,..,..,..,..,0.39999999999999997,..,..,0.6666667,..,..,..,..,0.3333333,0.6224999999999999,..,0.48812219999999995,..,..,..,0.125
LBYva2002,Libya,LBY,Middle East & North Africa,Upper middle income,2002,va,9,-1.8921898,0.16599029999999998,-2.1644139,-1.6199656999999998,23.7312083,2.9052435,18.9666089,28.4958076,..,..,..,..,..,..,0,..,..,0,..,..,0.0866667,..,..,..,..,..,..,0.19999999999999998,..,..,0,..,..,..,..,0.3333333,0.27499999999999997,..,0.2986,..,..,..,0.3125
LCAva2002,St. Lucia,LCA,Latin America & Caribbean,Upper middle income,2002,va,2,1.0984173,0.371378,0.4893574,1.7074772,76.07427609999999,6.5000390999999995,65.4142119,86.7343403,..,..,..,..,..,..,..,..,..,..,..,..,0.9011110999999999,..,..,..,..,..,..,1,..,..,..,..,..,..,..,..,..,..,..,..,..,..,..
LIEva2002,Liechtenstein,LIE,Europe & Central Asia,High income,2002,va,3,1.3661755,0.3010208,0.8725014,1.8598496,80.760711,5.2686131,72.12018549999999,89.4012365,..,..,..,..,..,..,..,..,..,..,..,..,0.9522221999999999,..,..,..,..,..,..,1,..,..,..,..,..,..,..,..,..,..,..,..,..,..,0.9375
LKAva2002,Sri Lanka,LKA,South Asia,Lower middle income,2002,va,9,-0.22205619999999998,0.16991299999999998,-0.5007134999999999,0.056601099999999994,52.9627032,2.9739001999999997,48.0855069,57.839899499999994,..,..,..,..,..,..,0.5,..,..,0.375,..,..,0.5599999999999999,..,0.5591242,..,..,..,..,0.5,..,..,..,..,..,..,..,0.5833332999999999,0.8424999999999999,..,0.5493889,..,..,..,0.5625
LSOva2002,Lesotho,LSO,Sub-Saharan Africa,Lower middle income,2002,va,6,-0.0519422,0.2273701,-0.42482919999999996,0.3209448,55.9401216,3.9795429999999996,49.413671,62.466572199999995,..,0.5469999999999999,..,..,..,..,..,..,..,..,..,..,0.6711111,..,..,..,..,..,..,1,..,..,0.6111111,..,..,..,..,..,..,..,0.5945667,..,..,..,0.25
LTUva2002,Lithuania,LTU,Europe & Central Asia,High income,2002,va,8,0.6413544999999999,0.173621,0.3566161,0.9260929,68.0745395,3.0387991999999997,63.090908799999994,73.05817019999999,..,..,..,..,..,..,1,..,..,0.5,..,..,0.574,..,0.5078802,..,..,..,..,0.8999999999999999,..,..,..,..,..,..,..,0.8333332999999999,..,..,0.6985222,..,..,..,0.8125
LUXva2002,Luxembourg,LUX,Europe & Central Asia,High income,2002,va,7,1.4644187,0.21698489999999998,1.1085635,1.8202739,82.48021159999999,3.7977754999999997,76.25185979999999,88.7085633,..,..,..,..,..,..,..,..,..,..,..,0.717,0.9366667,..,..,..,..,..,..,1,..,..,..,..,..,..,..,0.9166667,..,..,0.7289110999999999,..,0.6930233,..,1
LVAva2002,Latvia,LVA,Europe & Central Asia,High income,2002,va,8,0.5871236,0.173621,0.30238519999999997,0.8718619999999999,67.1253637,3.0387991999999997,62.141732999999995,72.1089944,..,..,..,..,..,..,1,..,..,0.5,..,..,0.5606667,..,0.49572649999999996,..,..,..,..,0.8999999999999999,..,..,..,..,..,..,..,0.8333332999999999,..,..,0.6901333,..,..,..,0.75
MACva2002,"Macao SAR, China",MAC,East Asia & Pacific,High income,2002,va,1,0.3731117,0.45889549999999996,-0.3794769,1.1257002999999999,63.3796228,8.0318132,50.2074491,76.5517965,..,..,..,..,..,..,..,..,..,..,..,..,..,..,..,..,..,..,..,..,..,..,..,..,..,..,..,..,..,..,..,..,..,..,0.6875
MARva2002,Morocco,MAR,Middle East & North Africa,Lower middle income,2002,va,10,-0.5924178,0.16440749999999998,-0.8620460999999999,-0.3227895,46.480453399999995,2.8775405,41.761286999999996,51.1996197,..,..,..,..,..,..,0.5,..,..,0.25,..,..,0.41833329999999996,..,0.4256415,..,..,..,..,0.39999999999999997,..,..,0,..,..,..,..,0.75,0.71,..,0.4838222,..,..,..,0.5625
MCOva2002,Monaco,MCO,Europe & Central Asia,High income,2002,va,2,1.0052090999999999,0.371378,0.3961492,1.614269,74.4429006,6.5000390999999995,63.782836399999994,85.1029648,..,..,..,..,..,..,..,..,..,..,..,..,0.8672221999999999,..,..,..,..,..,..,1,..,..,..,..,..,..,..,..,..,..,..,..,..,..,..
MDAva2002,Moldova,MDA,Europe & Central Asia,Upper middle income,2002,va,8,-0.525512,0.16656849999999998,-0.7986843,-0.2523397,47.6514714,2.9153629,42.8702762,52.4326666,..,..,..,..,..,..,0.25,..,..,0.25,..,..,0.5453333,..,..,..,..,..,..,0.6,..,..,..,..,0.413,..,..,0.75,..,..,0.5588333,..,..,..,0.4375
MDGva2002,Madagascar,MDG,Sub-Saharan Africa,Low income,2002,va,8,-0.2730669,0.18220719999999999,-0.5718867,0.0257529,52.069888999999996,3.1890794,46.839798699999996,57.299979199999996,..,..,..,..,..,..,0.625,..,..,..,..,..,0.5955556,..,..,..,..,..,..,0.5,..,..,0.6111111,..,..,..,..,0.5,0.7725,..,0.4979556,..,..,..,0.5
MDVva2002,Maldives,MDV,South Asia,Upper middle income,2002,va,4,-0.7843099,0.24508,-1.1862411,-0.38237869999999996,43.121863999999995,4.28951,36.0870676,50.1566604,..,..,..,..,..,..,..,..,..,..,..,..,0.3172222,..,..,..,..,..,..,1,..,..,..,..,..,..,..,..,..,..,0.3738556,..,..,..,0.5
MEXva2002,Mexico,MEX,Latin America & Caribbean,Upper middle income,2002,va,11,0.2942606,0.1692553,0.0166819,0.5718392999999999,61.9995323,2.9623890999999998,57.1412142,66.8578504,..,..,..,..,..,..,0.625,..,..,0.5,..,..,0.7261111,..,0.42514579999999996,..,..,..,..,0.8999999999999999,..,..,..,0.24,..,..,..,0.75,0.7525,..,0.6414888999999999,..,0.5119266,..,0.625
MHLva2002,Marshall Islands,MHL,East Asia & Pacific,Upper middle income,2002,va,2,1.1030014,0.371378,0.4939415,1.7120613,76.15450919999999,6.5000390999999995,65.4944451,86.8145734,..,..,..,..,..,..,..,..,..,..,..,..,0.9027778,..,..,..,..,..,..,1,..,..,..,..,..,..,..,..,..,..,..,..,..,..,..
MKDva2002,North Macedonia,MKD,Europe & Central Asia,Upper middle income,2002,va,7,-0.435676,0.1759811,-0.724285,-0.147067,49.223825,3.0801072,44.172449199999996,54.2752008,..,..,..,..,..,..,0.5,..,..,0.125,..,..,0.5416667,..,..,..,..,..,..,0.7999999999999999,..,..,..,..,0.5795,..,..,..,..,..,0.5604110999999999,..,..,..,0.4375
MLIva2002,Mali,MLI,Sub-Saharan Africa,Low income,2002,va,9,0.1218761,0.18119949999999999,-0.1752911,0.4190433,58.9823745,3.1714425,53.781208799999995,64.1835401,..,0.714,..,..,..,..,0.75,..,..,..,..,..,0.7422221999999999,..,..,..,..,..,..,0.8999999999999999,..,..,0.7222221999999999,..,..,..,..,0.5416667,0.875,..,0.5656778,..,..,..,0.375
MLTva2002,Malta,MLT,Middle East & North Africa,High income,2002,va,5,1.0709548,0.2213967,0.7078641999999999,1.4340454,75.593614,3.8749933999999997,69.2386248,81.9486032,..,..,..,..,..,..,..,..,..,..,..,..,0.9511111,..,..,..,..,..,..,0.75,..,..,..,..,..,..,..,1,..,..,0.6578111,..,..,..,0.8125
MMRva2002,Myanmar,MMR,East Asia & Pacific,Lower middle income,2002,va,8,-2.1695444999999998,0.17166189999999998,-2.45107,-1.888019,18.8768107,3.0045102999999997,13.9494137,23.804207599999998,..,..,..,..,..,..,0,..,..,0,..,..,0.06999999999999999,..,..,..,..,..,..,0.09999999999999999,..,..,..,..,..,..,..,0.125,0.0317,..,0.2733,..,..,..,0.1875
MNEva2002,Montenegro,MNE,Europe & Central Asia,Upper middle income,2002,va,2,-0.0658969,0.31392749999999997,-0.580738,0.44894419999999996,55.6958796,5.4945126,46.6848789,64.7068803,..,..,..,..,..,..,..,..,..,..,..,..,..,..,..,..,..,..,..,..,..,..,..,..,0.5785,..,..,..,..,..,0.5346,..,..,..,..
MNGva2002,Mongolia,MNG,East Asia & Pacific,Upper middle income,2002,va,7,0.2465827,0.1897894,-0.06467189999999999,0.5578373,61.1650504,3.3217866999999996,55.717320199999996,66.6127806,..,..,..,..,..,..,0.625,..,..,..,..,..,0.7633333,..,..,..,..,..,..,0.8999999999999999,..,..,..,..,..,..,..,0.75,0.755,..,0.5931444,..,..,..,0.5
MOZva2002,Mozambique,MOZ,Sub-Saharan Africa,Low income,2002,va,10,-0.28681039999999997,0.1652274,-0.5577833,-0.0158375,51.8293435,2.8918904,47.0866433,56.572043699999995,..,0.6699999999999999,..,..,..,..,0.5,..,..,0.625,..,..,0.5738888999999999,..,..,..,..,..,..,0.6,..,..,0.7777778,..,..,..,..,0.4166667,0.765,..,0.45618889999999995,..,..,..,0.375
MRTva2002,Mauritania,MRT,Sub-Saharan Africa,Lower middle income,2002,va,6,-0.8362221,0.2210182,-1.1986919,-0.47375229999999996,42.213271299999995,3.8683680999999996,35.8691476,48.557395,..,..,..,..,..,..,..,..,..,..,..,..,0.4022222,..,..,..,..,..,..,0.6,..,..,0.1666667,..,..,..,..,..,0.5867,..,0.41083329999999996,..,..,..,0.5
MTQva2002,Martinique,MTQ,,,2002,va,1,0.5957262,0.45889549999999996,-0.15686239999999999,1.3483148,67.2759306,8.0318132,54.103756999999995,80.4481043,..,..,..,..,..,..,..,..,..,..,..,..,..,..,..,..,..,..,..,..,..,..,..,..,..,..,..,..,..,..,..,..,..,..,0.75
MUSva2002,Mauritius,MUS,Sub-Saharan Africa,Upper middle income,2002,va,8,0.7209186999999999,0.1912273,0.4073059,1.0345315,69.467111,3.3469539999999998,63.978106399999994,74.95611559999999,..,..,..,..,..,..,..,..,..,0.625,..,..,0.8422221999999999,..,0.6008022,..,..,..,..,1,..,..,0.9444444,..,..,..,..,..,0.9049999999999999,..,0.6622,..,..,..,0.5625
MWIva2002,Malawi,MWI,Sub-Saharan Africa,Low income,2002,va,10,-0.6993016999999999,0.1652274,-0.9702746,-0.42832879999999995,44.6097191,2.8918904,39.8670189,49.3524193,..,0.39499999999999996,..,..,..,..,0.25,..,..,0.125,..,..,0.5127778,..,..,..,..,..,..,0.7999999999999999,..,..,0.5555555999999999,..,..,..,..,0.6666667,0.7232999999999999,..,0.5043333,..,..,..,0.3125
MYSva2002,Malaysia,MYS,East Asia & Pacific,Upper middle income,2002,va,10,-0.6218648,0.1693616,-0.8996177999999999,-0.34411179999999997,45.965057599999994,2.9642493,41.1036888,50.826426399999995,..,..,..,..,..,..,0.5,..,..,0.25,..,..,0.3772222,..,0.5571469,..,..,..,..,0.39999999999999997,..,..,..,..,..,..,..,0.5833332999999999,0.6216999999999999,..,0.39909999999999995,..,0.49859149999999997,..,0.6875
NAMva2002,Namibia,NAM,Sub-Saharan Africa,Lower middle income,2002,va,11,0.1645942,0.16366609999999998,-0.1038182,0.43300659999999996,59.7300476,2.8645641,55.0321625,64.42793259999999,..,0.504,..,..,..,..,0.75,..,..,0.375,..,..,0.7238889,..,0.5925265,..,..,..,..,0.7999999999999999,..,..,0.6111111,..,..,..,..,0.8333332999999999,0.9199999999999999,..,0.5833667,..,..,..,0.4375
NERva2002,Niger,NER,Sub-Saharan Africa,Low income,2002,va,8,-0.2586991,0.18220719999999999,-0.5575188999999999,0.040120699999999995,52.3213612,3.1890794,47.091271,57.5514515,..,..,..,..,..,..,0.5,..,..,..,..,..,0.5094444,..,..,..,..,..,..,0.7,..,..,0.7777778,..,..,..,..,0.6666667,0.815,..,0.5388222,..,..,..,0.3125
NGAva2002,Nigeria,NGA,Sub-Saharan Africa,Lower middle income,2002,va,11,-0.9112545,0.16366609999999998,-1.1796669,-0.6428421,40.9000175,2.8645641,36.2021325,45.5979026,..,0.11499999999999999,..,..,..,..,0.375,..,..,0.125,..,..,0.4538889,..,0.4555555,..,..,..,..,0.3,..,..,0.5555555999999999,..,..,..,..,0.4583333,0.845,..,0.4831889,..,..,..,0.25
NICva2002,Nicaragua,NIC,Latin America & Caribbean,Lower middle income,2002,va,9,-0.222983,0.1735064,-0.5075335,0.0615675,52.946481899999995,3.0367938999999997,47.966139899999995,57.926823899999995,..,..,..,..,..,..,0.5,..,..,0.375,..,..,0.6416666999999999,..,0.3583514,..,..,..,..,0.8999999999999999,..,..,..,0.21,..,..,..,0.6666667,..,..,0.571,..,..,..,0.375
NLDva2002,Netherlands,NLD,Europe & Central Asia,High income,2002,va,10,1.6701898,0.18387119999999998,1.368641,1.9717386,86.081718,3.218204,80.8038634,91.3595725,..,..,..,..,..,..,..,..,..,1,..,0.644,0.9388888999999999,..,0.7028985,..,..,..,..,1,..,..,..,..,..,..,..,1,0.995,..,0.7196222,..,0.6875,..,1
NORva2002,Norway,NOR,Europe & Central Asia,High income,2002,va,9,1.6713931,0.185804,1.3666745,1.9761117,86.1027787,3.2520328999999997,80.7694448,91.4361127,..,..,..,..,..,..,..,..,..,1,..,..,0.97,..,0.6723485,..,..,..,..,1,..,..,..,..,..,..,..,1,0.995,..,0.7302666999999999,..,0.6756757,..,1
NPLva2002,Nepal,NPL,South Asia,Lower middle income,2002,va,6,-0.9560012999999999,0.2040821,-1.2906959,-0.6213067,40.1168372,3.5719442,34.2588486,45.9748257,..,..,..,..,..,..,0.25,..,..,..,..,..,0.45277779999999995,..,..,..,..,..,..,0.5,..,..,..,..,..,..,..,..,0.37,..,0.4220556,..,..,..,0.4375
NRUva2002,Nauru,NRU,East Asia & Pacific,High income,2002,va,2,0.8951929999999999,0.371378,0.2861331,1.5042529,72.51734499999999,6.5000390999999995,61.8572808,83.1774092,..,..,..,..,..,..,..,..,..,..,..,..,0.8272221999999999,..,..,..,..,..,..,1,..,..,..,..,..,..,..,..,..,..,..,..,..,..,..
NZLva2002,New Zealand,NZL,East Asia & Pacific,High income,2002,va,8,1.5382246,0.1906843,1.2255023,1.8509468999999998,83.7719985,3.3374504,78.2985799,89.2454171,..,..,..,..,..,..,..,..,..,0.875,..,..,0.9538888999999999,..,0.7065216999999999,..,..,..,..,1,..,..,..,..,..,..,..,1,..,..,0.7309888999999999,..,0.692,..,1
OMNva2002,Oman,OMN,Middle East & North Africa,High income,2002,va,6,-0.6783982,0.1939854,-0.9965343,-0.3602621,44.9755824,3.3952278,39.4074088,50.543755999999995,..,..,..,..,..,..,..,..,..,0.375,..,..,0.2677778,..,..,..,..,..,..,0.19999999999999998,..,..,..,..,..,..,..,0.5,..,..,0.47702219999999995,..,..,..,0.625
PAKva2002,Pakistan,PAK,South Asia,Lower middle income,2002,va,8,-1.2265651,0.17166189999999998,-1.5080905999999998,-0.9450396,35.3812972,3.0045102999999997,30.453900299999997,40.3086942,..,..,..,..,..,..,0.25,..,..,0.25,..,..,0.3538889,..,..,..,..,..,..,0.3,..,..,..,..,..,..,..,0.0833333,0.5533,..,0.4425556,..,..,..,0.3125
PANva2002,Panama,PAN,Latin America & Caribbean,High income,2002,va,9,0.5018897999999999,0.1863907,0.1962091,0.8075705,65.6335601,3.2623007,60.283387,70.9837332,..,..,..,..,..,..,..,..,..,0.5,..,..,0.7755556,..,0.3974347,..,..,..,..,0.8999999999999999,..,..,..,0.15,..,..,..,0.9166667,0.845,..,0.6347778,..,..,..,0.625
PERva2002,Peru,PER,Latin America & Caribbean,Upper middle income,2002,va,10,0.2489563,0.1698056,-0.0295249,0.5274375,61.2065943,2.9720207999999997,56.3324802,66.08070839999999,..,..,..,..,..,..,0.75,..,..,0.375,..,..,0.7222221999999999,..,0.427094,..,..,..,..,0.6,..,..,..,0.22999999999999998,..,..,..,0.8333332999999999,0.9049999999999999,..,0.6585778,..,..,..,0.5
PHLva2002,Philippines,PHL,East Asia & Pacific,Lower middle income,2002,va,11,0.057860499999999995,0.1690277,-0.21934489999999998,0.33506589999999997,57.861942199999994,2.9584052,53.0101577,62.713726599999994,..,..,..,0.5311999,..,..,0.5,..,..,0.5,..,..,0.725,..,0.5015432,..,..,..,..,0.7999999999999999,..,..,..,..,..,..,..,0.75,0.71,..,0.5282222,..,0.3904762,..,0.625
PLWva2002,Palau,PLW,East Asia & Pacific,High income,2002,va,2,1.0816093,0.371378,0.47254939999999995,1.6906691999999999,75.7800942,6.5000390999999995,65.1200301,86.4401584,..,..,..,..,..,..,..,..,..,..,..,..,0.8949999999999999,..,..,..,..,..,..,1,..,..,..,..,..,..,..,..,..,..,..,..,..,..,..
PNGva2002,Papua New Guinea,PNG,East Asia & Pacific,Lower middle income,2002,va,7,-0.4571056,0.17548819999999998,-0.7449062,-0.16930499999999998,48.848753699999996,3.0714797999999996,43.811526799999996,53.885980499999995,..,..,..,..,..,..,0.5,..,..,0.25,..,..,0.7472222,..,..,..,..,..,..,0.8999999999999999,..,..,..,..,..,..,..,0.4166667,..,..,0.4918222,..,..,..,0.375
POLva2002,Poland,POL,Europe & Central Asia,High income,2002,va,10,0.9755153999999999,0.1693616,0.6977624,1.2532683999999998,73.92318689999999,2.9642493,69.0618181,78.78455579999999,..,..,..,..,..,..,1,..,..,0.75,..,..,0.5606667,..,0.45148669999999996,..,..,..,..,0.8999999999999999,..,..,..,..,..,..,..,1,0.9225,..,0.7466778,..,0.32,..,0.8125
PRIva2002,Puerto Rico (U.S.),PRI,Latin America & Caribbean,High income,2002,va,2,0.9017151999999999,0.3249099,0.368863,1.4345674,72.63149969999999,5.6867316,63.30526,81.9577395,..,..,..,..,..,..,..,..,..,..,..,..,0.8958332999999999,..,..,..,..,..,..,..,..,..,..,..,..,..,..,..,..,..,..,..,..,..,0.75
PRKva2002,"Korea, Dem. People's Rep.",PRK,East Asia & Pacific,Low income,2002,va,7,-2.2216541999999997,0.1897894,-2.5329088,-1.9103995999999999,17.964761199999998,3.3217866999999996,12.517031,23.4124914,..,..,..,..,..,..,0,..,..,..,..,..,0.0133333,..,..,..,..,..,..,0,..,..,..,..,..,..,..,0.125,0.024999999999999998,..,0.3559111,..,..,..,0.0625
PRTva2002,Portugal,PRT,Europe & Central Asia,High income,2002,va,10,1.4118785999999999,0.18387119999999998,1.1103298,1.7134273999999998,81.56062899999999,3.218204,76.2827745,86.83848359999999,..,..,..,..,..,..,..,..,..,0.75,..,0.5609999999999999,0.9388888999999999,..,0.5833332999999999,..,..,..,..,1,..,..,..,..,..,..,..,1,0.985,..,0.7479555999999999,..,0.3070423,..,1
PRYva2002,Paraguay,PRY,Latin America & Caribbean,Upper middle income,2002,va,10,-0.5925036,0.1698056,-0.8709848,-0.3140224,46.478951699999996,2.9720207999999997,41.604837499999995,51.353065799999996,..,..,..,..,..,..,0.5,..,..,0.25,..,..,0.5333333,..,0.3806254,..,..,..,..,0.7,..,..,..,0.13,..,..,..,0.2916667,0.9149999999999999,..,0.5458444,..,..,..,0.3125
PSEva2002,West Bank and Gaza,PSE,Middle East & North Africa,Lower middle income,2002,va,4,-0.7740846,0.2458153,-1.1772217,-0.3709475,43.300832199999995,4.3023796999999995,36.2449296,50.3567349,..,..,..,..,..,..,..,..,..,..,..,..,0.1633333,..,..,..,..,..,..,..,..,..,..,..,..,..,..,..,0.73,..,0.5564889,..,..,..,0.3125
QATva2002,Qatar,QAT,Middle East & North Africa,High income,2002,va,6,-0.994919,0.1939854,-1.3130551,-0.6767829,39.4356805,3.3952278,33.867506999999996,45.0038541,..,..,..,..,..,..,..,..,..,0.5,..,..,0.2633333,..,..,..,..,..,..,1,..,..,..,..,..,..,..,0.5,..,..,0.105,..,..,..,0.625
ROUva2002,Romania,ROU,Europe & Central Asia,High income,2002,va,10,0.1994799,0.1617785,-0.0658368,0.4647966,60.340634099999995,2.8315259999999998,55.6969315,64.9843368,..,..,..,..,..,..,0.75,..,..,0.375,..,..,0.5873333,..,0.3790556,..,..,..,..,0.8999999999999999,..,..,..,..,0.5875,..,..,0.9166667,0.8674999999999999,..,0.5785777999999999,..,..,..,0.625
RUSva2002,Russian Federation,RUS,Europe & Central Asia,High income,2002,va,11,-0.3968971,0.16130239999999998,-0.6614329999999999,-0.13236119999999998,49.902552299999996,2.8231930999999997,45.2725156,54.5325889,..,..,..,..,..,..,0.5,..,..,0.375,..,..,0.5113333,..,0.3808315,..,..,..,..,0.6,..,..,..,..,0.426,..,..,0.625,0.52,..,0.5126,..,0.4118812,..,0.625
RWAva2002,Rwanda,RWA,Sub-Saharan Africa,Low income,2002,va,7,-1.4986586,0.1947408,-1.8180334999999999,-1.1792837,30.618983699999998,3.4084486,25.029128099999998,36.208839399999995,..,..,..,..,..,..,0.25,..,..,..,..,..,0.19999999999999998,..,..,..,..,..,..,0.39999999999999997,..,..,0,..,..,..,..,..,0.625,..,0.3606333,..,..,..,0.125
SAUva2002,Saudi Arabia,SAU,Middle East & North Africa,High income,2002,va,8,-1.8257112,0.17166189999999998,-2.1072367,-1.5441856999999999,24.8947492,3.0045102999999997,19.967352299999998,29.8221462,..,..,..,..,..,..,0,..,..,0.125,..,..,0.125,..,..,..,..,..,..,0.09999999999999999,..,..,..,..,..,..,..,0.4166667,0.375,..,0.2070333,..,..,..,0.3125
SDNva2002,Sudan,SDN,Sub-Saharan Africa,Low income,2002,va,9,-1.7165812999999999,0.16599029999999998,-1.9888054,-1.4443572,26.8047941,2.9052435,22.0401948,31.5693934,..,..,..,..,..,..,0.25,..,..,0,..,..,0.06999999999999999,..,..,..,..,..,..,0,..,..,0.22222219999999998,..,..,..,..,0.2916667,0.64,..,0.2984889,..,..,..,0.25
SENva2002,Senegal,SEN,Sub-Saharan Africa,Lower middle income,2002,va,10,0.2043079,0.1652274,-0.066665,0.4752808,60.4251362,2.8918904,55.682435999999996,65.1678364,..,0.581,..,..,..,..,0.75,..,..,0.5,..,..,0.6705555999999999,..,..,..,..,..,..,0.7999999999999999,..,..,0.9444444,..,..,..,..,0.5,0.86,..,0.6066444,..,..,..,0.5625
SGPva2002,Singapore,SGP,East Asia & Pacific,High income,2002,va,9,0.21606,0.1730329,-0.067714,0.499834,60.6308272,3.0285069,55.6640758,65.5975785,..,..,..,..,..,..,0.5,..,..,0.875,..,..,0.3994444,..,0.6872659,..,..,..,..,0.5,..,..,..,..,..,..,..,0.6666667,..,..,0.5562332999999999,..,0.7333333,..,0.75
SLBva2002,Solomon Islands,SLB,East Asia & Pacific,Lower middle income,2002,va,3,0.1886745,0.2788181,-0.26858719999999997,0.6459362,60.1515127,4.880010899999999,52.148294899999996,68.1547306,..,..,..,..,..,..,..,..,..,..,..,..,0.6972222,..,..,..,..,..,..,1,..,..,..,..,..,..,..,..,..,..,0.5201,..,..,..,..
SLEva2002,Sierra Leone,SLE,Sub-Saharan Africa,Low income,2002,va,8,-0.5841054,0.18220719999999999,-0.8829252,-0.2852856,46.6259411,3.1890794,41.3958508,51.8560313,..,..,..,..,..,..,0.25,..,..,..,..,..,0.5105556,..,..,..,..,..,..,0.7999999999999999,..,..,0.6111111,..,..,..,..,0.4583333,0.755,..,0.5553111,..,..,..,0.25
SLVva2002,El Salvador,SLV,Latin America & Caribbean,Upper middle income,2002,va,10,-0.083174,0.1698056,-0.3616552,0.1953072,55.3934874,2.9720207999999997,50.5193732,60.2676015,..,..,..,..,..,..,0.75,..,..,0.25,..,..,0.7122221999999999,..,0.492091,..,..,..,..,1,..,..,..,0.22,..,..,..,0.5833332999999999,0.9125,..,0.5268778,..,..,..,0.4375
SMRva2002,San Marino,SMR,Europe & Central Asia,High income,2002,va,2,1.2878896,0.371378,0.6788297,1.8969494999999998,79.39051289999999,6.5000390999999995,68.7304487,90.0505771,..,..,..,..,..,..,..,..,..,..,..,..,0.97,..,..,..,..,..,..,1,..,..,..,..,..,..,..,..,..,..,..,..,..,..,..
SOMva2002,Federal Republic of Somalia,SOM,Sub-Saharan Africa,Low income,2002,va,6,-1.7124249999999999,0.1921156,-2.0274946,-1.3973554,26.8775397,3.3625013,21.3630375,32.392041899999995,..,..,..,..,..,..,0.25,..,..,..,..,..,0.1722222,..,..,..,..,..,..,..,..,..,0,..,..,..,..,0.1666667,..,..,0.3630333,..,..,..,0.125
SRBva2002,Serbia,SRB,Europe & Central Asia,Upper middle income,2002,va,9,-0.29923849999999996,0.16328589999999998,-0.5670274,-0.0314496,51.6118208,2.8579098999999997,46.9248486,56.2987931,..,..,..,..,..,..,0.625,..,..,0.125,..,..,0.4777778,..,..,..,..,..,..,1,..,..,..,..,0.63,..,..,0.5,0.7925,..,0.5862999999999999,..,..,..,0.4375
STPva2002,São Tomé and Príncipe,STP,Sub-Saharan Africa,Lower middle income,2002,va,5,0.42589469999999996,0.22937049999999998,0.049727099999999996,0.8020623,64.3034567,4.0145545,57.719587399999995,70.887326,..,..,..,..,..,..,..,..,..,..,..,..,0.8422221999999999,..,..,..,..,..,..,1,..,..,0.7777778,..,..,..,..,..,..,..,0.62,..,..,..,0.4375
SURva2002,Suriname,SUR,Latin America & Caribbean,Upper middle income,2002,va,5,0.3478443,0.2213967,-0.015246299999999999,0.7109348999999999,62.937380399999995,3.8749933999999997,56.582391199999996,69.2923696,..,..,..,..,..,..,..,..,..,..,..,..,0.8022222,..,..,..,..,..,..,1,..,..,..,..,..,..,..,0.6666667,..,..,0.6523,..,..,..,0.375
SVKva2002,Slovak Republic,SVK,Europe & Central Asia,High income,2002,va,9,0.7611654,0.1730329,0.47739139999999997,1.0449393999999999,70.1715284,3.0285069,65.2047771,75.1382797,..,..,..,..,..,..,1,..,..,0.625,..,..,0.5446667,..,0.45115459999999996,..,..,..,..,0.7999999999999999,..,..,..,..,..,..,..,1,..,..,0.7156777999999999,..,0.42941179999999995,..,0.75
SVNva2002,Slovenia,SVN,Europe & Central Asia,High income,2002,va,10,1.0255204,0.1693616,0.7477674,1.3032734,74.7983989,2.9642493,69.9370301,79.6597677,..,..,..,..,..,..,1,..,..,0.875,..,..,0.5736667,..,0.5743436,..,..,..,..,0.8999999999999999,..,..,..,..,..,..,..,0.8333332999999999,0.96,..,0.7162333,..,0.3784314,..,0.875
SWEva2002,Sweden,SWE,Europe & Central Asia,High income,2002,va,10,1.7057573,0.18387119999999998,1.4042085,2.0073061,86.7042377,3.218204,81.42638319999999,91.98209229999999,..,..,..,..,..,..,..,..,..,1,..,0.633,0.9677777999999999,..,0.7051282,..,..,..,..,1,..,..,..,..,..,..,..,0.9583332999999999,0.985,..,0.7514444,..,0.6491802999999999,..,1
SWZva2002,Eswatini,SWZ,Sub-Saharan Africa,Lower middle income,2002,va,6,-1.2495619,0.2210182,-1.6120317,-0.8870920999999999,34.978795999999996,3.8683680999999996,28.6346723,41.3229197,..,..,..,..,..,..,..,..,..,..,..,..,0.2922222,..,..,..,..,..,..,0.39999999999999997,..,..,0,..,..,..,..,..,0.71,..,0.4204556,..,..,..,0.1875
SYCva2002,Seychelles,SYC,Sub-Saharan Africa,High income,2002,va,6,0.12636619999999998,0.2210182,-0.2361036,0.488836,59.060962399999994,3.8683680999999996,52.7168387,65.40508609999999,..,..,..,..,..,..,..,..,..,..,..,..,0.6111111,..,..,..,..,..,..,1,..,..,0.6666667,..,..,..,..,..,0.7925,..,0.5011667,..,..,..,0.6875
SYRva2002,Syrian Arab Republic,SYR,Middle East & North Africa,Low income,2002,va,8,-1.66801,0.17166189999999998,-1.9495354999999999,-1.3864845,27.654912699999997,3.0045102999999997,22.7275158,32.582309699999996,..,..,..,..,..,..,0,..,..,0.25,..,..,0.10277779999999999,..,..,..,..,..,..,0.09999999999999999,..,..,..,..,..,..,..,0.25,0.3717,..,0.3060778,..,..,..,0.375
TCDva2002,Chad,TCD,Sub-Saharan Africa,Low income,2002,va,7,-1.1207038,0.1947408,-1.4400787,-0.8013289,37.2341335,3.4084486,31.644277799999998,42.8239891,..,..,..,..,..,..,0.25,..,..,..,..,..,0.2766667,..,..,..,..,..,..,0.6,..,..,0.44444439999999996,..,..,..,..,..,0.7125,..,0.3798667,..,..,..,0.25
TGOva2002,Togo,TGO,Sub-Saharan Africa,Low income,2002,va,8,-1.5246393999999999,0.18220719999999999,-1.8234591999999998,-1.2258196,30.1642551,3.1890794,24.934164799999998,35.3943453,..,..,..,..,..,..,0,..,..,..,..,..,0.295,..,..,..,..,..,..,0.09999999999999999,..,..,0.27777779999999996,..,..,..,..,0.25,0.6849999999999999,..,0.3802,..,..,..,0.25
THAva2002,Thailand,THA,East Asia & Pacific,Upper middle income,2002,va,11,0.3493832,0.1690277,0.0721778,0.6265885999999999,62.964315,2.9584052,58.1125305,67.81609949999999,..,..,..,0.4092634,..,..,0.75,..,..,0.625,..,..,0.6966667,..,0.5183472,..,..,..,..,0.7999999999999999,..,..,..,..,..,..,..,0.6666667,0.7725,..,0.5466333,..,0.44050629999999996,..,0.75
TJKva2002,Tajikistan,TJK,Europe & Central Asia,Lower middle income,2002,va,7,-1.0934515999999999,0.19041329999999998,-1.4057294,-0.7811737999999999,37.7111148,3.3327066,32.245476,43.1767536,..,..,..,..,..,..,0.25,..,..,..,..,..,0.45799999999999996,..,..,..,..,..,..,0.3,..,..,..,..,0.304,..,..,..,0.7174999999999999,..,0.3858667,..,..,..,0.3125
TKMva2002,Turkmenistan,TKM,Europe & Central Asia,Upper middle income,2002,va,6,-1.8273267999999998,0.2040821,-2.1620214,-1.4926321999999999,24.8664722,3.5719442,19.008483599999998,30.724460699999998,..,..,..,..,..,..,0,..,..,..,..,..,0.4293333,..,..,..,..,..,..,0.19999999999999998,..,..,..,..,..,..,..,..,0.08499999999999999,..,0.2471,..,..,..,0.25
TLSva2002,Timor-Leste,TLS,East Asia & Pacific,Lower middle income,2002,va,4,0.1791438,0.24508,-0.2227874,0.581075,59.984701799999996,4.28951,52.9499054,67.0194982,..,..,..,..,..,..,..,..,..,..,..,..,0.7238889,..,..,..,..,..,..,1,..,..,..,..,..,..,..,..,..,..,0.5495667,..,..,..,0.5
TONva2002,Tonga,TON,East Asia & Pacific,Upper middle income,2002,va,2,0.0473199,0.371378,-0.56174,0.6563798,57.6774554,6.5000390999999995,47.0173912,68.3375196,..,..,..,..,..,..,..,..,..,..,..,..,0.6016667,..,..,..,..,..,..,0.75,..,..,..,..,..,..,..,..,..,..,..,..,..,..,..
TTOva2002,Trinidad and Tobago,TTO,Latin America & Caribbean,High income,2002,va,7,0.43129789999999996,0.19147219999999998,0.1172835,0.7453122999999999,64.3980261,3.3512399999999998,58.9019926,69.8940597,..,..,..,..,..,..,..,..,..,0.5,..,..,0.7305556,..,0.5405304,..,..,..,..,1,..,..,..,..,..,..,..,0.75,..,..,0.6490556,..,..,..,0.625
TUNva2002,Tunisia,TUN,Middle East & North Africa,Lower middle income,2002,va,10,-1.1327473,0.16440749999999998,-1.4023755999999998,-0.863119,37.0233422,2.8775405,32.3041759,41.7425086,..,..,..,..,..,..,0,..,..,0.375,..,..,0.2511111,..,0.5632839,..,..,..,..,0.39999999999999997,..,..,0.44444439999999996,..,..,..,..,0.5,0.3225,..,0.3327333,..,..,..,0.5625
TURva2002,Türkiye,TUR,Europe & Central Asia,Upper middle income,2002,va,10,-0.2871699,0.1693616,-0.5649229,-0.009416899999999999,51.8230514,2.9642493,46.961682599999996,56.6844202,..,..,..,..,..,..,0.625,..,..,0.25,..,..,0.5111110999999999,..,0.41830069999999997,..,..,..,..,0.39999999999999997,..,..,..,..,..,..,..,0.375,0.6649999999999999,..,0.6754110999999999,..,0.33749999999999997,..,0.625
TUVva2002,Tuvalu,TUV,East Asia & Pacific,Upper middle income,2002,va,2,1.0785533,0.371378,0.4694934,1.6876132,75.7266066,6.5000390999999995,65.0665425,86.38667079999999,..,..,..,..,..,..,..,..,..,..,..,..,0.8938889,..,..,..,..,..,..,1,..,..,..,..,..,..,..,..,..,..,..,..,..,..,..
TWNva2002,"Taiwan, China",TWN,East Asia & Pacific,High income,2002,va,11,0.9334013999999999,0.1690277,0.656196,1.2106067999999999,73.1860871,2.9584052,68.3343027,78.0378716,..,..,..,0.5767095,..,..,1,..,..,0.75,..,..,0.8255556,..,0.6088889,..,..,..,..,1,..,..,..,..,..,..,..,0.75,0.9099999999999999,..,0.6717778,..,0.49210529999999997,..,0.75
TZAva2002,Tanzania,TZA,Sub-Saharan Africa,Lower middle income,2002,va,10,-0.6656335,0.1652274,-0.9366064,-0.3946606,45.1989964,2.8918904,40.4562962,49.9416966,..,0.715,..,..,..,..,0.5,..,..,0,..,..,0.5599999999999999,..,..,..,..,..,..,0.39999999999999997,..,..,0.5555555999999999,..,..,..,..,0.6666667,0.7875,..,0.4929667,..,..,..,0.3125
UGAva2002,Uganda,UGA,Sub-Saharan Africa,Low income,2002,va,10,-1.1428658,0.1652274,-1.4138387,-0.8718929,36.8462433,2.8918904,32.103543099999996,41.5889435,..,0.492,..,..,..,..,0.25,..,..,0,..,..,0.4277778,..,..,..,..,..,..,0.39999999999999997,..,..,0.6111111,..,..,..,..,0.3333333,0.83,..,0.42279999999999995,..,..,..,0.25
UKRva2002,Ukraine,UKR,Europe & Central Asia,Upper middle income,2002,va,10,-0.6836884999999999,0.1617785,-0.9490052,-0.41837179999999996,44.8829889,2.8315259999999998,40.239286299999996,49.5266916,..,..,..,..,..,..,0.5,..,..,0.125,..,..,0.5243333,..,0.2393893,..,..,..,..,0.6,..,..,..,..,0.422,..,..,0.5833332999999999,0.6,..,0.48064439999999997,..,..,..,0.5
URYva2002,Uruguay,URY,Latin America & Caribbean,High income,2002,va,10,1.0075657999999998,0.1698056,0.7290846,1.286047,74.48414869999999,2.9720207999999997,69.61003459999999,79.35826279999999,..,..,..,..,..,..,1,..,..,0.625,..,..,0.8333332999999999,..,0.5181884999999999,..,..,..,..,1,..,..,..,0.38999999999999996,..,..,..,0.8333332999999999,0.94,..,0.7398332999999999,..,..,..,0.8125
USAva2002,United States,USA,North America,High income,2002,va,9,1.4030871999999999,0.185804,1.0983686,1.7078057999999998,81.4067577,3.2520328999999997,76.07342369999999,86.7400916,..,..,..,..,..,..,..,..,..,1,..,..,0.8905556,..,0.7843772999999999,..,..,..,..,0.7999999999999999,..,..,..,..,..,..,..,0.875,0.9524999999999999,..,0.6836778,..,0.6615384999999999,..,0.9375
UZBva2002,Uzbekistan,UZB,Europe & Central Asia,Lower middle income,2002,va,8,-1.637322,0.1721231,-1.9196038999999998,-1.3550400999999999,28.1920291,3.0125827999999997,23.2513933,33.132664999999996,..,..,..,..,..,..,0,..,..,0,..,..,0.4563333,..,..,..,..,..,..,0.09999999999999999,..,..,..,..,0.1615,..,..,..,0.5499999999999999,..,0.3585333,..,..,..,0.25
VCTva2002,St. Vincent and the Grenadines,VCT,Latin America & Caribbean,Upper middle income,2002,va,2,0.9395049999999999,0.371378,0.3304451,1.5485649,73.29291529999999,6.5000390999999995,62.632851099999996,83.9529795,..,..,..,..,..,..,..,..,..,..,..,..,0.8433333,..,..,..,..,..,..,1,..,..,..,..,..,..,..,..,..,..,..,..,..,..,..
VENva2002,"Venezuela, RB",VEN,Latin America & Caribbean,,2002,va,11,-0.6723018,0.1692553,-0.9498804999999999,-0.3947231,45.0822845,2.9623890999999998,40.223966399999995,49.9406027,..,..,..,..,..,..,0.375,..,..,0.25,..,..,0.5011111,..,0.20666669999999998,..,..,..,..,0.7999999999999999,..,..,..,0.33999999999999997,..,..,..,0.375,0.75,..,0.5552332999999999,..,0.0789474,..,0.375
VNMva2002,Viet Nam,VNM,East Asia & Pacific,Lower middle income,2002,va,9,-1.4942054,0.16991299999999998,-1.7728627,-1.2155481,30.6969258,2.9739001999999997,25.819729499999998,35.5741222,..,..,..,..,..,..,0,..,..,0.125,..,..,0.1377778,..,0.4279609,..,..,..,..,0.09999999999999999,..,..,..,..,..,..,..,0.25,0.1875,..,0.4800444,..,..,..,0.5
VUTva2002,Vanuatu,VUT,East Asia & Pacific,Lower middle income,2002,va,3,0.5287459,0.2788181,0.0714842,0.9860076,66.1036087,4.880010899999999,58.1003908,74.1068265,..,..,..,..,..,..,..,..,..,..,..,..,0.83,..,..,..,..,..,..,1,..,..,..,..,..,..,..,..,..,..,0.5583556,..,..,..,..
WSMva2002,Samoa,WSM,East Asia & Pacific,Upper middle income,2002,va,3,0.6537417999999999,0.3010208,0.16006769999999998,1.1474159,68.291348,5.2686131,59.6508225,76.9318735,..,..,..,..,..,..,..,..,..,..,..,..,0.77,..,..,..,..,..,..,1,..,..,..,..,..,..,..,..,..,..,..,..,..,..,0.6875
XKXva2002,Kosovo,XKX,Europe & Central Asia,Upper middle income,2002,va,3,-0.3778871,0.25931529999999997,-0.8031642,0.047389999999999995,50.2352746,4.5386633,42.7918668,57.6786823,..,..,..,..,..,..,..,..,..,..,..,..,0.3333333,..,..,..,..,..,..,..,..,..,..,..,0.579,..,..,..,..,..,0.5466333,..,..,..,..
YEMva2002,"Yemen, Rep.",YEM,Middle East & North Africa,Low income,2002,va,8,-1.2576163,0.17166189999999998,-1.5391418,-0.9760907999999999,34.8378239,3.0045102999999997,29.910427,39.765220899999996,..,..,..,..,..,..,0,..,..,0.125,..,..,0.2811111,..,..,..,..,..,..,0.19999999999999998,..,..,..,..,..,..,..,0.5833332999999999,0.6525,..,0.38239999999999996,..,..,..,0.4375
ZAFva2002,South Africa,ZAF,Sub-Saharan Africa,Upper middle income,2002,va,12,0.5125003,0.1631732,0.24489629999999998,0.7801043,65.81927019999999,2.8559365999999997,61.135534199999995,70.5030063,..,0.33099999999999996,..,..,..,..,0.875,..,..,0.5,..,..,0.8388888999999999,..,0.6180325,..,..,..,..,0.8999999999999999,..,..,0.7222221999999999,..,..,..,..,0.6666667,0.9249999999999999,..,0.6115444,..,0.5972603,..,0.75
ZMBva2002,Zambia,ZMB,Sub-Saharan Africa,Lower middle income,2002,va,10,-0.48984459999999996,0.1652274,-0.7608174999999999,-0.2188717,48.275739699999995,2.8918904,43.5330395,53.0184399,..,0.418,..,..,..,..,0.5,..,..,0.125,..,..,0.47333329999999996,..,..,..,..,..,..,0.7999999999999999,..,..,0.5,..,..,..,..,0.75,0.7324999999999999,..,0.5128444,..,..,..,0.4375
ZWEva2002,Zimbabwe,ZWE,Sub-Saharan Africa,Lower middle income,2002,va,11,-1.6191885,0.16366609999999998,-1.8876008999999998,-1.3507761,28.509410499999998,2.8645641,23.811525399999997,33.2072956,..,0.431,..,..,..,..,0.25,..,..,0,..,..,0.1733333,..,0.20802469999999998,..,..,..,..,0.19999999999999998,..,..,0.3333333,..,..,..,..,0.3333333,0.5175,..,0.3512111,..,..,..,0.1875
ADOva2003,Andorra,ADO,,,2003,va,3,1.3762606,0.3010208,0.8825864999999999,1.8699347,80.9372254,5.2686131,72.2966999,89.5777509,..,..,..,..,..,..,..,..,..,..,..,..,0.9372222,..,..,..,..,..,..,0.8999999999999999,..,..,..,..,..,..,..,..,..,..,..,..,..,..,1
AFGva2003,Afghanistan,AFG,South Asia,Low income,2003,va,6,-1.2674537,0.2040821,-1.6021482999999999,-0.9327591,34.665645,3.5719442,28.8076564,40.523633499999995,..,..,..,..,..,..,0,..,..,..,..,..,0.2461111,..,..,..,..,..,..,0.09999999999999999,..,..,..,..,..,..,..,..,0.6314679,..,0.5274667,..,..,..,0.25
AGOva2003,Angola,AGO,Sub-Saharan Africa,Lower middle income,2003,va,10,-1.3097489999999998,0.16440749999999998,-1.5793773,-1.0401207,33.9253719,2.8775405,29.206205599999997,38.6445383,..,..,..,..,..,..,0.25,..,..,0.125,..,..,0.2938889,..,0.2751323,..,..,..,..,0.5,..,..,0,..,..,..,..,0.4166667,0.7431192999999999,..,0.35359999999999997,..,..,..,0.3125
ALBva2003,Albania,ALB,Europe & Central Asia,Upper middle income,2003,va,8,-0.1267372,0.1786479,-0.4197198,0.1662454,54.6310229,3.1267834,49.5030982,59.7589477,..,..,..,..,..,..,0.5,..,..,..,..,..,0.5553333,..,..,..,..,..,..,0.7999999999999999,..,..,..,..,0.5045,..,..,0.75,0.940367,..,0.5029222,..,..,..,0.5
AREva2003,United Arab Emirates,ARE,Middle East & North Africa,High income,2003,va,7,-0.8681135999999999,0.1888541,-1.1778343,-0.5583929,41.655090699999995,3.3054166,36.2342075,47.0759738,..,..,..,..,..,..,..,..,..,0.375,..,..,0.2305556,..,..,..,..,..,..,0.19999999999999998,..,..,..,..,..,..,..,0.5833332999999999,0.6605504999999999,..,0.32489999999999997,..,..,..,0.625
ARGva2003,Argentina,ARG,Latin America & Caribbean,Upper middle income,2003,va,11,0.41983699999999996,0.1692553,0.1422583,0.6974157,64.1974319,2.9623890999999998,59.3391137,69.05575,..,..,..,..,..,..,0.875,..,..,0.5,..,..,0.7638889,..,0.3287796,..,..,..,..,1,..,..,..,0.13999999999999999,..,..,..,0.7083332999999999,0.8608256999999999,..,0.6683,..,0.07544909999999999,..,0.5625
ARMva2003,Armenia,ARM,Europe & Central Asia,Upper middle income,2003,va,8,-0.6085254999999999,0.1786479,-0.9015080999999999,-0.31554289999999996,46.198528499999995,3.1267834,41.0706038,51.3264533,..,..,..,..,..,..,0.375,..,..,..,..,..,0.5786667,..,..,..,..,..,..,0.6,..,..,..,..,0.417,..,..,0.5,0.7690826,..,0.4118667,..,..,..,0.5
ATGva2003,Antigua and Barbuda,ATG,Latin America & Caribbean,High income,2003,va,3,0.1991905,0.3010208,-0.2944836,0.6928645999999999,60.3355689,5.2686131,51.695043399999996,68.9760944,..,..,..,..,..,..,..,..,..,..,..,..,0.6038889,..,..,..,..,..,..,0.8999999999999999,..,..,..,..,..,..,..,..,..,..,..,..,..,..,0.625
AUSva2003,Australia,AUS,East Asia & Pacific,High income,2003,va,9,1.4561054999999998,0.185804,1.1513868999999999,1.7608241,82.3347099,3.2520328999999997,77.0013759,87.66804379999999,..,..,..,..,..,..,..,..,..,0.75,..,..,0.9283332999999999,..,0.8361111,..,..,..,..,1,..,..,..,..,..,..,..,1,0.9151376,..,0.7377556,..,0.6947367999999999,..,1
AUTva2003,Austria,AUT,Europe & Central Asia,High income,2003,va,10,1.3862769,0.18387119999999998,1.0847281,1.6878256999999999,81.1125356,3.218204,75.834681,86.39039009999999,..,..,..,..,..,..,..,..,..,0.875,..,0.49,0.9177778,..,0.6311914,..,..,..,..,0.7999999999999999,..,..,..,..,..,..,..,0.9166667,0.9747705999999999,..,0.7122889,..,0.6098361,..,1
AZEva2003,Azerbaijan,AZE,Europe & Central Asia,Upper middle income,2003,va,9,-0.9829956999999999,0.16328589999999998,-1.2507846,-0.7152067999999999,39.644368,2.8579098999999997,34.9573957,44.3313402,..,..,..,..,..,..,0.25,..,..,0.125,..,..,0.518,..,..,..,..,..,..,0.3,..,..,..,..,0.45199999999999996,..,..,0.4583333,0.6834861999999999,..,0.3809667,..,..,..,0.4375
BDIva2003,Burundi,BDI,Sub-Saharan Africa,Low income,2003,va,7,-0.7916686,0.1947408,-1.1110434999999999,-0.4722937,42.9930684,3.4084486,37.4032128,48.5829241,..,..,..,..,..,..,0.25,..,..,..,..,..,0.27777779999999996,..,..,..,..,..,..,0.39999999999999997,..,..,0,..,..,..,..,..,0.7591743,..,0.6410667,..,..,..,0.3125
BELva2003,Belgium,BEL,Europe & Central Asia,High income,2003,va,10,1.5361145999999999,0.18387119999999998,1.2345658,1.8376633999999998,83.7350683,3.218204,78.4572137,89.0129228,..,..,..,..,..,..,..,..,..,0.875,..,0.43,0.9644444,..,0.614117,..,..,..,..,1,..,..,..,..,..,..,..,1,0.9892660999999999,..,0.7425222,..,0.4895522,..,1
BENva2003,Benin,BEN,Sub-Saharan Africa,Lower middle income,2003,va,7,0.0774113,0.1947408,-0.2419636,0.3967862,58.2041298,3.4084486,52.614274099999996,63.7939855,..,..,..,..,..,..,0.625,..,..,..,..,..,0.7555556,..,..,..,..,..,..,0.7999999999999999,..,..,0.6111111,..,..,..,..,..,0.9518348999999999,..,0.5569889,..,..,..,0.375
BFAva2003,Burkina Faso,BFA,Sub-Saharan Africa,Low income,2003,va,8,-0.4770238,0.18220719999999999,-0.7758436,-0.178204,48.5001356,3.1890794,43.2700453,53.7302258,..,..,..,..,..,..,0.375,..,..,..,..,..,0.5449999999999999,..,..,..,..,..,..,0.7999999999999999,..,..,0.44444439999999996,..,..,..,..,0.5416667,0.8348624,..,0.5142778,..,..,..,0.3125
BGDva2003,Bangladesh,BGD,South Asia,Lower middle income,2003,va,9,-0.7159456,0.16991299999999998,-0.9946029,-0.43728829999999996,44.3184094,2.9739001999999997,39.4412131,49.195605699999994,..,..,..,..,..,..,0.625,..,..,0.125,..,..,0.46499999999999997,..,0.3976316,..,..,..,..,0.3,..,..,..,..,..,..,..,0.4166667,0.5733945,..,0.5016999999999999,..,..,..,0.5
BGRva2003,Bulgaria,BGR,Europe & Central Asia,High income,2003,va,10,0.4379845,0.1617785,0.17266779999999998,0.7033012,64.51505829999999,2.8315259999999998,59.871355699999995,69.15876089999999,..,..,..,..,..,..,0.75,..,..,0.625,..,..,0.585,..,0.371722,..,..,..,..,0.7999999999999999,..,..,..,..,0.64,..,..,0.8333332999999999,0.940367,..,0.6251333,..,..,..,0.6875
BHRva2003,Bahrain,BHR,Middle East & North Africa,High income,2003,va,9,-0.5779901,0.1490027,-0.8223545,-0.33362569999999997,46.732974,2.6079178,42.4559888,51.0099592,..,..,..,..,..,..,0.25,0.4935941,..,0.375,..,..,0.31666669999999997,..,..,..,..,..,..,0.6,..,..,..,..,..,..,..,0.625,0.6773393999999999,..,0.4658556,..,..,..,0.625
BHSva2003,"Bahamas, The",BHS,Latin America & Caribbean,High income,2003,va,4,0.9488048,0.2600403,0.5223386999999999,1.3752708999999999,73.4556849,4.5513525999999995,65.9914667,80.9199032,..,..,..,..,..,..,..,..,..,..,..,..,0.9116666999999999,..,..,..,..,..,..,1,..,..,..,..,..,..,..,0.8333332999999999,..,..,..,..,..,..,0.75
BIHva2003,Bosnia and Herzegovina,BIH,Europe & Central Asia,Upper middle income,2003,va,8,0.0582433,0.1721231,-0.22403859999999998,0.3405252,57.868642099999995,3.0125827999999997,52.9280063,62.809278,..,..,..,..,..,..,0.375,..,..,0.625,..,..,0.519,..,..,..,..,..,..,0.7,..,..,..,..,0.631,..,..,..,0.9373393999999999,..,0.6092333,..,..,..,0.5
BLRva2003,Belarus,BLR,Europe & Central Asia,Upper middle income,2003,va,8,-1.2762788,0.1786479,-1.5692614,-0.9832962,34.5111837,3.1267834,29.383259,39.6391085,..,..,..,..,..,..,0,..,..,..,..,..,0.497,..,..,..,..,..,..,0.19999999999999998,..,..,..,..,0.19749999999999998,..,..,0.5833332999999999,0.5229358,..,0.43794439999999996,..,..,..,0.1875
BLZva2003,Belize,BLZ,Latin America & Caribbean,Upper middle income,2003,va,3,0.8025011999999999,0.3010208,0.30882709999999997,1.2961753,70.8950078,5.2686131,62.2544823,79.5355333,..,..,..,..,..,..,..,..,..,..,..,..,0.8516667,..,..,..,..,..,..,1,..,..,..,..,..,..,..,..,..,..,..,..,..,..,0.6875
BMUva2003,Bermuda,BMU,North America,High income,2003,va,1,1.0437157,0.45889549999999996,0.29112709999999997,1.7963042999999999,75.1168619,8.0318132,61.944688199999995,88.28903559999999,..,..,..,..,..,..,..,..,..,..,..,..,..,..,..,..,..,..,..,..,..,..,..,..,..,..,..,..,..,..,..,..,..,..,0.875
BOLva2003,Bolivia,BOL,Latin America & Caribbean,Lower middle income,2003,va,10,-0.0799714,0.1698056,-0.3584526,0.1985098,55.449540799999994,2.9720207999999997,50.575426699999994,60.323654999999995,..,..,..,..,..,..,0.625,..,..,0.25,..,..,0.6766667,..,0.3994374,..,..,..,..,0.7999999999999999,..,..,..,0.13,..,..,..,0.5833332999999999,0.9112844,..,0.6472443999999999,..,..,..,0.4375
BRAva2003,Brazil,BRA,Latin America & Caribbean,Upper middle income,2003,va,11,0.489488,0.1692553,0.2119093,0.7670667,65.4164977,2.9623890999999998,60.558179599999995,70.2748159,..,..,..,..,..,..,0.875,..,..,0.375,..,..,0.7133333,..,0.5775872,..,..,..,..,0.8999999999999999,..,..,..,0.27999999999999997,..,..,..,0.75,0.8463303,..,0.6898666999999999,..,0.5397259999999999,..,0.6875
BRBva2003,Barbados,BRB,Latin America & Caribbean,High income,2003,va,4,1.0914085,0.24508,0.6894773,1.4933397,75.9516046,4.28951,68.91680819999999,82.986401,..,..,..,..,..,..,..,..,..,..,..,..,0.9294444,..,..,..,..,..,..,1,..,..,..,..,..,..,..,..,..,..,0.6544333,..,..,..,0.875
BRNva2003,Brunei Darussalam,BRN,East Asia & Pacific,High income,2003,va,5,-0.8619091,0.2480539,-1.2687175,-0.45510069999999997,41.7636849,4.3415607,34.6435253,48.8838444,..,..,..,..,..,..,..,..,..,..,..,..,0.2727778,..,..,..,..,..,..,0.5,..,..,..,..,..,..,..,0.4166667,0.62,..,..,..,..,..,0.5
BTNva2003,Bhutan,BTN,South Asia,Lower middle income,2003,va,5,-0.9126844,0.2349687,-1.2980331,-0.5273357,40.8749907,4.1125374,34.1304294,47.6195521,..,..,..,..,..,..,..,..,..,..,..,..,0.2511111,..,..,..,..,..,..,0.3,..,..,..,..,..,..,..,..,0.2905505,..,0.5081,..,..,..,0.5
BWAva2003,Botswana,BWA,Sub-Saharan Africa,Upper middle income,2003,va,11,0.8098384,0.16366609999999998,0.541426,1.0782508,71.02342709999999,2.8645641,66.325542,75.72131209999999,..,0.38899999999999996,..,..,..,..,1,..,..,0.75,..,..,0.7833333,..,0.6696428999999999,..,..,..,..,0.8999999999999999,..,..,0.7222221999999999,..,..,..,..,0.8333332999999999,0.8807339,..,0.6511333,..,..,..,0.6875
CAFva2003,Central African Republic,CAF,Sub-Saharan Africa,Low income,2003,va,7,-1.4419471,0.1947408,-1.7613219999999998,-1.1225722,31.6115762,3.4084486,26.021720499999997,37.2014318,..,..,..,..,..,..,0,..,..,..,..,..,0.3005556,..,..,..,..,..,..,0.39999999999999997,..,..,0,..,..,..,..,..,0.6995412999999999,..,0.4155222,..,..,..,0.1875
CANva2003,Canada,CAN,North America,High income,2003,va,9,1.6264147999999998,0.185804,1.3216961999999999,1.9311334,85.3155465,3.2520328999999997,79.9822126,90.64888049999999,..,..,..,..,..,..,..,..,..,1,..,..,0.9444444,..,0.6877778,..,..,..,..,1,..,..,..,..,..,..,..,1,0.983211,..,0.7174222,..,0.5926829,..,1
CHEva2003,Switzerland,CHE,Europe & Central Asia,High income,2003,va,9,1.6308801,0.185804,1.3261615,1.9355987,85.3937004,3.2520328999999997,80.06036639999999,90.7270343,..,..,..,..,..,..,..,..,..,1,..,..,0.97,..,0.7536255,..,..,..,..,1,..,..,..,..,..,..,..,1,0.9770641999999999,..,0.7166111,..,0.6765432,..,0.9375
CHLva2003,Chile,CHL,Latin America & Caribbean,High income,2003,va,11,1.1271467,0.1692553,0.849568,1.4047254,76.5771121,2.9623890999999998,71.718794,81.4354302,..,..,..,..,..,..,0.875,..,..,1,..,..,0.8677777999999999,..,0.6066448999999999,..,..,..,..,0.7,..,..,..,0.22,..,..,..,0.6666667,0.9373393999999999,..,0.7323,..,0.5206896999999999,..,0.875
CHNva2003,China,CHN,East Asia & Pacific,Upper middle income,2003,va,11,-1.5929088999999998,0.1690277,-1.8701143,-1.3157035,28.9693689,2.9584052,24.1175845,33.8211534,..,..,..,0.0319315,..,..,0,..,..,0.125,..,..,0.1472222,..,0.471889,..,..,..,..,0.09999999999999999,..,..,..,..,..,..,..,0.3333333,0.162844,..,0.3283,..,0.484,..,0.4375
CIVva2003,Côte d’Ivoire,CIV,Sub-Saharan Africa,Lower middle income,2003,va,9,-1.3283264,0.16599029999999998,-1.6005505,-1.0561023,33.6002212,2.9052435,28.8356219,38.3648205,..,..,..,..,..,..,0.25,..,..,0,..,..,0.31944439999999996,..,..,..,..,..,..,0.39999999999999997,..,..,0.1666667,..,..,..,..,0.25,0.6131192999999999,..,0.4724778,..,..,..,0.25
CMRva2003,Cameroon,CMR,Sub-Saharan Africa,Lower middle income,2003,va,10,-1.2786545999999999,0.16440749999999998,-1.5482829,-1.0090263,34.4696013,2.8775405,29.750435,39.1887677,..,..,..,..,..,..,0.125,..,..,0.125,..,..,0.2461111,..,0.42481959999999996,..,..,..,..,0.3,..,..,0.1666667,..,..,..,..,0.5,0.7201835,..,0.3771778,..,..,..,0.375
CODva2003,"Congo, Dem. Rep.",COD,Sub-Saharan Africa,Low income,2003,va,8,-1.6746035,0.18220719999999999,-1.9734232999999999,-1.3757837,27.539510099999998,3.1890794,22.3094198,32.7696003,..,..,..,..,..,..,0,..,..,..,..,..,0.20555559999999998,..,..,..,..,..,..,0.19999999999999998,..,..,0.11111109999999999,..,..,..,..,0.0833333,0.646789,..,0.42769999999999997,..,..,..,0.1875
COGva2003,"Congo, Rep.",COG,Sub-Saharan Africa,Lower middle income,2003,va,7,-1.0243266,0.2031796,-1.3575411,-0.6911121,38.9209744,3.5561483,33.0888912,44.7530575,..,..,..,..,..,..,..,..,..,..,..,..,0.42,..,..,..,..,..,..,0.7,..,..,0.3333333,..,..,..,..,0.25,0.8715596,..,0.3610444,..,..,..,0.3125
COLva2003,Colombia,COL,Latin America & Caribbean,Upper middle income,2003,va,11,-0.4809283,0.1692553,-0.7585069999999999,-0.2033496,48.4317971,2.9623890999999998,43.573479,53.2901153,..,..,..,..,..,..,0.5,..,..,0.375,..,..,0.5038889,..,0.5116807,..,..,..,..,0.6,..,..,..,0.13,..,..,..,0.4166667,0.5488991,..,0.5251667,..,0.6941176,..,0.4375
COMva2003,Comoros,COM,Sub-Saharan Africa,Lower middle income,2003,va,6,-0.5653184,0.2210182,-0.9277882,-0.2028486,46.9547603,3.8683680999999996,40.6106366,53.298884,..,..,..,..,..,..,..,..,..,..,..,..,0.4638889,..,..,..,..,..,..,0.8999999999999999,..,..,0.3333333,..,..,..,..,..,0.8302752,..,0.5015778,..,..,..,0.1875
CPVva2003,Cabo Verde,CPV,Sub-Saharan Africa,Upper middle income,2003,va,7,0.5155295,0.2192268,0.15599749999999998,0.8750614999999999,65.87228879999999,3.8370151999999997,59.579583899999996,72.1649937,..,0.253,..,..,..,..,..,..,..,..,..,..,0.8161111,..,..,..,..,..,..,0.8999999999999999,..,..,1,..,..,..,..,..,0.9243119,..,0.6454556,..,..,..,0.4375
CRIva2003,Costa Rica,CRI,Latin America & Caribbean,High income,2003,va,10,1.0817592999999999,0.1698056,0.8032781,1.3602405,75.7827196,2.9720207999999997,70.9086055,80.6568338,..,..,..,..,..,..,1,..,..,0.75,..,..,0.8755556,..,0.5301587,..,..,..,..,0.8999999999999999,..,..,..,0.19999999999999998,..,..,..,0.9583332999999999,0.9648624,..,0.7216222,..,..,..,0.6875
CUBva2003,Cuba,CUB,Latin America & Caribbean,Upper middle income,2003,va,8,-1.5270268999999999,0.17166189999999998,-1.8085524,-1.2455014,30.1224679,3.0045104,25.195070899999997,35.049864899999996,..,..,..,..,..,..,0.25,..,..,0.25,..,..,0.0688889,..,..,..,..,..,..,0,..,..,..,..,..,..,..,0.25,0.1024771,..,0.43848889999999996,..,..,..,0.25
CYMva2003,Cayman Islands,CYM,Latin America & Caribbean,High income,2003,va,1,0.8211012999999999,0.45889549999999996,0.0685127,1.5736899,71.2205558,8.0318132,58.0483822,84.3927295,..,..,..,..,..,..,..,..,..,..,..,..,..,..,..,..,..,..,..,..,..,..,..,..,..,..,..,..,..,..,..,..,..,..,0.8125
CYPva2003,Cyprus,CYP,Europe & Central Asia,High income,2003,va,7,1.0187495,0.1888541,0.7090288,1.3284702,74.6798913,3.3054164999999998,69.2590082,80.10077439999999,..,..,..,..,..,..,..,..,..,0.75,..,..,0.9149999999999999,..,..,..,..,..,..,0.7,..,..,..,..,..,..,..,0.9166667,0.8088991,..,0.6804667,..,..,..,0.8125
CZEva2003,Czechia,CZE,Europe & Central Asia,High income,2003,va,10,0.9352353,0.1693616,0.6574823,1.2129883,73.2181849,2.9642493,68.3568161,78.07955369999999,..,..,..,..,..,..,1,..,..,0.625,..,..,0.5873333,..,0.5214996,..,..,..,..,1,..,..,..,..,..,..,..,0.9166667,0.9770641999999999,..,0.7372556,..,0.4325581,..,0.875
DEUva2003,Germany,DEU,Europe & Central Asia,High income,2003,va,10,1.4840326,0.18387119999999998,1.1824838,1.7855813999999999,82.8235036,3.218204,77.54564909999999,88.10135819999999,..,..,..,..,..,..,..,..,..,0.875,..,0.358,0.9355555999999999,..,0.6583529,..,..,..,..,0.7999999999999999,..,..,..,..,..,..,..,0.9166667,0.9877982,..,0.7879111,..,0.4019048,..,1
DJIva2003,Djibouti,DJI,Middle East & North Africa,Lower middle income,2003,va,6,-0.722042,0.2210182,-1.0845118,-0.3595722,44.2117072,3.8683680999999996,37.867583599999996,50.5558309,..,..,..,..,..,..,..,..,..,..,..,..,0.37166669999999996,..,..,..,..,..,..,0.6,..,..,0.6666667,..,..,..,..,..,0.6743119,..,0.42183329999999997,..,..,..,0.375
DMAva2003,Dominica,DMA,Latin America & Caribbean,Upper middle income,2003,va,3,0.9635435,0.3010208,0.4698694,1.4572176,73.7136489,5.2686131,65.0731234,82.35417439999999,..,..,..,..,..,..,..,..,..,..,..,..,0.8877778,..,..,..,..,..,..,1,..,..,..,..,..,..,..,..,..,..,..,..,..,..,0.75
DNKva2003,Denmark,DNK,Europe & Central Asia,High income,2003,va,10,1.7547856,0.18387119999999998,1.4532368,2.0563344,87.562355,3.218204,82.2845005,92.8402096,..,..,..,..,..,..,..,..,..,1,..,0.739,0.9677777999999999,..,0.8084591999999999,..,..,..,..,1,..,..,..,..,..,..,..,1,0.9908256999999999,..,0.7333556,..,0.7030303,..,1
DOMva2003,Dominican Republic,DOM,Latin America & Caribbean,Upper middle income,2003,va,9,-0.1083343,0.16991299999999998,-0.3869916,0.170323,54.9531195,2.9739001999999997,50.0759232,59.830315799999994,..,..,..,..,..,..,0.75,..,..,0.125,..,..,0.6838889,..,0.46171799999999996,..,..,..,..,0.7999999999999999,..,..,..,..,..,..,..,0.6666667,0.8440367,..,0.5822222,..,..,..,0.5
DZAva2003,Algeria,DZA,Middle East & North Africa,Upper middle income,2003,va,10,-1.0578764,0.16440749999999998,-1.3275047,-0.7882481,38.3337693,2.8775405,33.614602999999995,43.0529357,..,..,..,..,..,..,0.25,..,..,0.375,..,..,0.33722219999999997,..,0.47419039999999996,..,..,..,..,0.19999999999999998,..,..,0.22222219999999998,..,..,..,..,0.1666667,0.6972476999999999,..,0.4768556,..,..,..,0.3125
ECUva2003,Ecuador,ECU,Latin America & Caribbean,Upper middle income,2003,va,10,-0.1090056,0.1698056,-0.38748679999999996,0.1694756,54.9413701,2.9720207999999997,50.0672559,59.8154842,..,..,..,..,..,..,0.625,..,..,0.375,..,..,0.6405556,..,0.3724665,..,..,..,..,0.7999999999999999,..,..,..,0.06999999999999999,..,..,..,0.4583333,0.9296329999999999,..,0.6218777999999999,..,..,..,0.4375
EGYva2003,"Egypt, Arab Rep.",EGY,Middle East & North Africa,Lower middle income,2003,va,10,-1.1214899,0.16440749999999998,-1.3911182,-0.8518616,37.220374799999995,2.8775405,32.501208399999996,41.9395411,..,..,..,..,..,..,0.25,..,..,0.375,..,..,0.22722219999999999,..,0.43472669999999997,..,..,..,..,0.3,..,..,0.22222219999999998,..,..,..,..,0.4166667,0.6857797999999999,..,0.3251111,..,..,..,0.4375
ERIva2003,Eritrea,ERI,Sub-Saharan Africa,Low income,2003,va,7,-2.1249408,0.1947408,-2.4443156999999998,-1.8055659,19.6574864,3.4084486,14.0676308,25.247342099999997,..,..,..,..,..,..,0.25,..,..,..,..,..,0.12833329999999998,..,..,..,..,..,..,0.09999999999999999,..,..,0,..,..,..,..,..,0.16055049999999998,..,0.1658,..,..,..,0.125
ESPva2003,Spain,ESP,Europe & Central Asia,High income,2003,va,10,1.1952361999999999,0.18387119999999998,0.8936873999999999,1.496785,77.7688478,3.218204,72.4909933,83.0467024,..,..,..,..,..,..,..,..,..,0.75,..,0.47,0.8811110999999999,..,0.6542697,..,..,..,..,1,..,..,..,..,..,..,..,0.8333332999999999,0.9296329999999999,..,0.7337222,..,0.5657143,..,0.875
ESTva2003,Estonia,EST,Europe & Central Asia,High income,2003,va,10,1.0439984,0.1693616,0.7662454,1.3217514,75.1218099,2.9642493,70.2604411,79.9831787,..,..,..,..,..,..,1,..,..,0.875,..,..,0.5576667,..,0.682906,..,..,..,..,1,..,..,..,..,..,..,..,0.8333332999999999,0.9770641999999999,..,0.7324889,..,0.6,..,0.75
ETHva2003,Ethiopia,ETH,Sub-Saharan Africa,,2003,va,10,-1.3608201,0.16440749999999998,-1.6304484,-1.0911918,33.0315006,2.8775405,28.3123342,37.7506669,..,..,..,..,..,..,0,..,..,0.125,..,..,0.32444439999999997,..,0.3082967,..,..,..,..,0.39999999999999997,..,..,0.44444439999999996,..,..,..,..,0.4166667,0.6559632999999999,..,0.38007779999999997,..,..,..,0.25
FINva2003,Finland,FIN,Europe & Central Asia,High income,2003,va,10,1.7059935,0.18387119999999998,1.4044447,2.0075423,86.7083718,3.218204,81.43051729999999,91.98622639999999,..,..,..,..,..,..,..,..,..,1,..,0.565,0.9533332999999999,..,0.7979718,..,..,..,..,0.8999999999999999,..,..,..,..,..,..,..,1,0.9954128,..,0.7346222,..,0.8054053999999999,..,1
FJIva2003,Fiji,FJI,East Asia & Pacific,Upper middle income,2003,va,5,0.1595761,0.2349687,-0.2257726,0.5449248,59.642218299999996,4.1125374,52.897656899999994,66.38677969999999,..,..,..,..,..,..,..,..,..,..,..,..,0.6394444,..,..,..,..,..,..,1,..,..,..,..,..,..,..,..,0.8944953999999999,..,0.5867333,..,..,..,0.375
FRAva2003,France,FRA,Europe & Central Asia,High income,2003,va,10,1.2334152999999999,0.18387119999999998,0.9318664999999999,1.5349640999999998,78.4370771,3.218204,73.1592225,83.7149316,..,..,..,..,..,..,..,..,..,0.75,..,0.375,0.9033333,..,0.6682809,..,..,..,..,1,..,..,..,..,..,..,..,0.8333332999999999,0.9617431,..,0.7254889,..,0.5761904999999999,..,0.9375
FSMva2003,"Micronesia, Fed. Sts.",FSM,East Asia & Pacific,Lower middle income,2003,va,2,0.9389356999999999,0.371378,0.3298758,1.5479956,73.28295109999999,6.5000390999999995,62.6228869,83.9430153,..,..,..,..,..,..,..,..,..,..,..,..,0.8755556,..,..,..,..,..,..,0.8999999999999999,..,..,..,..,..,..,..,..,..,..,..,..,..,..,..
GABva2003,Gabon,GAB,Sub-Saharan Africa,Upper middle income,2003,va,8,-1.0274649,0.18137899999999998,-1.3249265,-0.7300033,38.8660463,3.1745843999999996,33.6597279,44.0723647,..,..,..,..,..,..,..,..,..,0.125,..,..,0.4127778,..,..,..,..,..,..,0.5,..,..,0.3888889,..,..,..,..,0.375,0.7133028,..,0.40249999999999997,..,..,..,0.375
GBRva2003,United Kingdom,GBR,Europe & Central Asia,High income,2003,va,10,1.4666017,0.18387119999999998,1.1650529,1.7681505,82.5184195,3.218204,77.2405649,87.796274,..,..,..,..,..,..,..,..,..,0.875,..,0.293,0.9172222,..,0.7589343,..,..,..,..,1,..,..,..,..,..,..,..,1,0.9610092,..,0.7099,..,0.5228916,..,1
GEOva2003,Georgia,GEO,Europe & Central Asia,Upper middle income,2003,va,7,-0.4026285,0.19041329999999998,-0.7149063,-0.09035069999999999,49.802238499999994,3.3327066,44.3365997,55.267877299999995,..,..,..,..,..,..,0.375,..,..,..,..,..,0.5453333,..,..,..,..,..,..,0.7,..,..,..,..,0.5359999999999999,..,..,..,0.8410092,..,0.4317667,..,..,..,0.5625
GHAva2003,Ghana,GHA,Sub-Saharan Africa,Lower middle income,2003,va,11,-0.0284494,0.16366609999999998,-0.2968618,0.23996299999999998,56.3513041,2.8645641,51.653419,61.0491892,..,0.528,..,..,..,..,0.5,..,..,0.25,..,..,0.7594444,..,0.6525656,..,..,..,..,0.7999999999999999,..,..,0.7777778,..,..,..,..,0.4583333,0.9197248,..,0.6172333,..,..,..,0.625
GINva2003,Guinea,GIN,Sub-Saharan Africa,Lower middle income,2003,va,8,-1.4729747,0.18220719999999999,-1.7717945,-1.1741549,31.068515899999998,3.1890794,25.8384257,36.2986062,..,..,..,..,..,..,0,..,..,..,..,..,0.32722219999999996,..,..,..,..,..,..,0.5,..,..,0.1666667,..,..,..,..,0.2916667,0.6956880999999999,..,0.3652667,..,..,..,0.1875
GMBva2003,"Gambia, The",GMB,Sub-Saharan Africa,Low income,2003,va,8,-0.5596401999999999,0.20029729999999998,-0.8881277999999999,-0.23115259999999999,47.054142999999996,3.5057015999999996,41.3047924,52.803493599999996,..,..,..,..,..,..,..,..,..,..,..,..,0.4816667,..,0.5967905,..,..,..,..,0.7,..,..,0.6111111,..,..,..,..,0.5416667,0.8325688,..,0.41459999999999997,..,..,..,0.3125
GNBva2003,Guinea-Bissau,GNB,Sub-Saharan Africa,Low income,2003,va,7,-1.0373504999999998,0.2031796,-1.370565,-0.704136,38.6930237,3.5561482,32.8609406,44.525106799999996,..,..,..,..,..,..,..,..,..,..,..,..,0.3288889,..,..,..,..,..,..,0.7,..,..,0,..,..,..,..,0.3333333,0.6766055,..,0.5045111,..,..,..,0.1875
GNQva2003,Equatorial Guinea,GNQ,Sub-Saharan Africa,Upper middle income,2003,va,7,-1.7594416,0.19373069999999998,-2.0771599,-1.4417233,26.0546322,3.3907689,20.4937711,31.6154932,..,..,..,..,..,..,..,..,..,0,..,..,0.1394444,..,..,..,..,..,..,0.09999999999999999,..,..,0.0555556,..,..,..,..,..,0.5894495,..,0.3218222,..,..,..,0.25
GRCva2003,Greece,GRC,Europe & Central Asia,High income,2003,va,10,1.1809015999999999,0.18387119999999998,0.8793527999999999,1.4824503999999998,77.51795659999999,3.218204,72.2401021,82.7958112,..,..,..,..,..,..,..,..,..,0.75,..,0.5569999999999999,0.8177778,..,0.5859107,..,..,..,..,0.7999999999999999,..,..,..,..,..,..,..,0.875,0.9449540999999999,..,0.7335111,..,0.3352113,..,1
GRDva2003,Grenada,GRD,Latin America & Caribbean,Upper middle income,2003,va,3,0.7177542,0.3010208,0.22408009999999998,1.2114283,69.4117244,5.2686131,60.771198899999995,78.05224989999999,..,..,..,..,..,..,..,..,..,..,..,..,0.8577777999999999,..,..,..,..,..,..,1,..,..,..,..,..,..,..,..,..,..,..,..,..,..,0.625
GTMva2003,Guatemala,GTM,Latin America & Caribbean,Upper middle income,2003,va,11,-0.5044240999999999,0.1477838,-0.7467895,-0.2620587,48.0205621,2.5865839999999998,43.7785644,52.2625599,..,..,..,..,..,..,0.625,0.5270918,..,0.125,..,..,0.46833329999999995,..,0.3052108,..,..,..,..,0.8999999999999999,..,..,..,0.09,..,..,..,0.4583333,0.717156,..,0.5468333,..,..,..,0.4375
GUFva2003,French Guiana,GUF,,,2003,va,1,0.3758724,0.45889549999999996,-0.3767162,1.128461,63.4279419,8.0318132,50.2557682,76.6001156,..,..,..,..,..,..,..,..,..,..,..,..,..,..,..,..,..,..,..,..,..,..,..,..,..,..,..,..,..,..,..,..,..,..,0.6875
GUYva2003,Guyana,GUY,Latin America & Caribbean,High income,2003,va,5,0.3785929,0.2213967,0.0155023,0.7416834999999999,63.475557499999994,3.8749933999999997,57.120568199999994,69.8305467,..,..,..,..,..,..,..,..,..,..,..,..,0.7666666999999999,..,..,..,..,..,..,0.8999999999999999,..,..,..,..,..,..,..,0.9166667,..,..,0.5767,..,..,..,0.4375
HKGva2003,"Hong Kong SAR, China",HKG,East Asia & Pacific,High income,2003,va,9,0.4036902,0.1905511,0.0911864,0.716194,63.914822699999995,3.3351184999999997,58.4452283,69.384417,..,..,..,0.46824859999999996,..,..,..,..,..,0.625,..,..,0.5708333,..,0.651334,..,..,..,..,..,..,..,..,..,..,..,..,0.5,0.8990826,..,0.6540889,..,0.5377778,..,0.75
HNDva2003,Honduras,HND,Latin America & Caribbean,Lower middle income,2003,va,10,-0.39330109999999996,0.1698056,-0.6717822999999999,-0.11481989999999999,49.965491199999995,2.9720207999999997,45.091377099999995,54.839605399999996,..,..,..,..,..,..,0.625,..,..,0,..,..,0.5988889,..,0.4092649,..,..,..,..,0.8999999999999999,..,..,..,0.19,..,..,..,0.5833332999999999,0.87,..,0.5483333,..,..,..,0.5
HRVva2003,Croatia,HRV,Europe & Central Asia,High income,2003,va,10,0.5097517,0.1617785,0.24443499999999999,0.7750684,65.7711629,2.8315259999999998,61.127460299999996,70.41486549999999,..,..,..,..,..,..,0.75,..,..,0.625,..,..,0.6076667,..,0.4225929,..,..,..,..,0.7999999999999999,..,..,..,..,0.7055,..,..,0.8333332999999999,0.8486239,..,0.6555333,..,..,..,0.6875
HTIva2003,Haiti,HTI,Latin America & Caribbean,Lower middle income,2003,va,9,-1.0599515,0.15896949999999999,-1.3206615,-0.7992414999999999,38.2974499,2.7823621,33.734376,42.860523799999996,..,..,..,..,..,..,0.25,0.4448696,..,..,..,..,0.21166669999999999,..,0.2711111,..,..,..,..,0.5,..,..,..,..,..,..,..,0.2916667,0.7155963,..,0.47187779999999996,..,..,..,0.25
HUNva2003,Hungary,HUN,Europe & Central Asia,High income,2003,va,10,1.1057081,0.1693616,0.8279550999999999,1.3834610999999999,76.2018832,2.9642493,71.3405144,81.0632521,..,..,..,..,..,..,1,..,..,0.875,..,..,0.5683332999999999,..,0.5895028,..,..,..,..,0.8999999999999999,..,..,..,..,..,..,..,1,0.9694495,..,0.7039111,..,0.49696969999999996,..,0.875
IDNva2003,Indonesia,IDN,East Asia & Pacific,Upper middle income,2003,va,11,-0.3891648,0.14749089999999998,-0.6310498999999999,-0.14727969999999999,50.037886799999995,2.5814581,45.804295499999995,54.271478099999996,..,..,..,..,..,..,0.5,0.5249290999999999,..,0.25,..,..,0.5472222,..,0.4410068,..,..,..,..,0.39999999999999997,..,..,..,..,..,..,..,0.5833332999999999,0.6857797999999999,..,0.6012889,..,0.2072727,..,0.5
INDva2003,India,IND,South Asia,Lower middle income,2003,va,10,0.332765,0.1693616,0.055012,0.610518,62.6734551,2.9642493,57.8120863,67.534824,..,..,..,..,..,..,0.75,..,..,0.375,..,..,0.6994444,..,0.6269840999999999,..,..,..,..,0.7,..,..,..,..,..,..,..,0.8333332999999999,0.6422017999999999,..,0.6454888999999999,..,0.3795455,..,0.75
IRLva2003,Ireland,IRL,Europe & Central Asia,High income,2003,va,10,1.4315862,0.18387119999999998,1.1300374,1.7331349999999999,81.9055611,3.218204,76.6277065,87.18341559999999,..,..,..,..,..,..,..,..,..,0.875,..,0.382,0.9355555999999999,..,0.5974359,..,..,..,..,0.7999999999999999,..,..,..,..,..,..,..,1,0.9740367,..,0.7213999999999999,..,0.5777778,..,1
IRNva2003,"Iran, Islamic Rep.",IRN,Middle East & North Africa,Upper middle income,2003,va,8,-1.1876155,0.17166189999999998,-1.469141,-0.90609,36.063012199999996,3.0045102999999997,31.1356152,40.9904091,..,..,..,..,..,..,0.25,..,..,0.125,..,..,0.23666669999999998,..,..,..,..,..,..,0.09999999999999999,..,..,..,..,..,..,..,0.6666667,0.1804587,..,0.4759111,..,..,..,0.3125
IRQva2003,Iraq,IRQ,Middle East & North Africa,Upper middle income,2003,va,8,-1.7491237,0.17166189999999998,-2.0306492,-1.4675981999999999,26.2352211,3.0045104,21.307824099999998,31.1626181,..,..,..,..,..,..,0,..,..,0.125,..,..,0.255,..,..,..,..,..,..,0,..,..,..,..,..,..,..,0.0416667,0.6559632999999999,..,0.3779778,..,..,..,0.125
ISLva2003,Iceland,ISL,Europe & Central Asia,High income,2003,va,8,1.5694384,0.2094587,1.2259261,1.9129507,84.3183177,3.6660489,78.30599749999999,90.3306379,..,..,..,..,..,..,..,..,..,..,..,..,0.9733333,..,0.7834758,..,..,..,..,1,..,..,..,..,..,..,..,1,0.9954128,..,0.7214444,..,0.7170732,..,1
ISRva2003,Israel,ISR,Middle East & North Africa,High income,2003,va,9,0.5765036,0.185804,0.271785,0.8812222,66.9394873,3.2520328999999997,61.6061534,72.2728212,..,..,..,..,..,..,..,..,..,0.5,..,..,0.7955555999999999,..,0.601455,..,..,..,..,0.6,..,..,..,..,..,..,..,0.7083332999999999,0.9266055,..,0.6908333,..,0.4772727,..,0.75
ITAva2003,Italy,ITA,Europe & Central Asia,High income,2003,va,10,0.9386112999999999,0.18387119999999998,0.6370625,1.2401601,73.27727329999999,3.218204,67.9994188,78.5551279,..,..,..,..,..,..,..,..,..,0.625,..,0.382,0.84,..,0.55691,..,..,..,..,1,..,..,..,..,..,..,..,0.8333332999999999,0.9105504999999999,..,0.6970999999999999,..,0.37204299999999996,..,0.875
JAMva2003,Jamaica,JAM,Latin America & Caribbean,Upper middle income,2003,va,9,0.3717028,0.16991299999999998,0.09304549999999999,0.6503601,63.3549636,2.9739001999999997,58.477767199999995,68.2321599,..,..,..,..,..,..,0.875,..,..,0.25,..,..,0.7655556,..,0.4990421,..,..,..,..,1,..,..,..,..,..,..,..,0.8333332999999999,0.9694495,..,0.6185556,..,..,..,0.625
JORva2003,Jordan,JOR,Middle East & North Africa,Lower middle income,2003,va,11,-0.6772225,0.14749089999999998,-0.9191075999999999,-0.4353374,44.996159999999996,2.5814581,40.762568699999996,49.2297513,..,..,..,..,..,..,0.25,0.4645833,..,0.25,..,..,0.3622222,..,0.5067589,..,..,..,..,0.3,..,..,..,..,..,..,..,0.7916667,0.6605504999999999,..,0.4595111,..,0.5371429,..,0.5
JPNva2003,Japan,JPN,East Asia & Pacific,High income,2003,va,10,1.0855998999999998,0.18536329999999998,0.7816040999999999,1.3895956999999999,75.8499397,3.244319,70.5292565,81.17062279999999,..,..,..,0.5639846,..,..,..,..,..,0.625,..,..,0.8622221999999999,..,0.5832246999999999,..,..,..,..,1,..,..,..,..,..,..,..,0.9166667,0.9266055,..,0.7015777999999999,..,0.3584906,..,1
KAZva2003,Kazakhstan,KAZ,Europe & Central Asia,Upper middle income,2003,va,9,-0.9638536,0.16328589999999998,-1.2316425,-0.6960647,39.9794024,2.8579098999999997,35.2924301,44.6663746,..,..,..,..,..,..,0.25,..,..,0.125,..,..,0.5253333,..,..,..,..,..,..,0.39999999999999997,..,..,..,..,0.355,..,..,0.5,0.6100917,..,0.4229111,..,..,..,0.4375
KENva2003,Kenya,KEN,Sub-Saharan Africa,Lower middle income,2003,va,12,-0.4873305,0.14368319999999998,-0.7229709,-0.25169009999999997,48.3197427,2.5148131,44.1954492,52.4440362,..,0.5519999999999999,..,..,..,..,0.25,0.629674,..,0.125,..,..,0.5666667,..,0.4915215,..,..,..,..,0.19999999999999998,..,..,0.6111111,..,..,..,..,0.7083332999999999,0.8302752,..,0.5103222,..,..,..,0.4375
KGZva2003,Kyrgyz Republic,KGZ,Europe & Central Asia,Lower middle income,2003,va,7,-0.9105257,0.19041329999999998,-1.2228035,-0.5982478999999999,40.9127734,3.3327066,35.4471346,46.3784121,..,..,..,..,..,..,0.25,..,..,..,..,..,0.5263333,..,..,..,..,..,..,0.3,..,..,..,..,0.436,..,..,..,0.706422,..,0.4085222,..,..,..,0.3125
KHMva2003,Cambodia,KHM,East Asia & Pacific,Lower middle income,2003,va,8,-0.9768334999999999,0.1556263,-1.2320605999999998,-0.7216064,39.7522218,2.7238473,35.2851123,44.2193313,..,..,..,..,..,..,0.25,0.4350113,..,0,..,..,0.3261111,..,..,..,..,..,..,0.6,..,..,..,..,..,..,..,..,0.8211008999999999,..,0.4381778,..,..,..,0.4375
KIRva2003,Kiribati,KIR,East Asia & Pacific,Lower middle income,2003,va,2,0.9037915999999999,0.371378,0.2947317,1.5128515,72.6678419,6.5000390999999995,62.0077777,83.32790609999999,..,..,..,..,..,..,..,..,..,..,..,..,0.8627777999999999,..,..,..,..,..,..,0.8999999999999999,..,..,..,..,..,..,..,..,..,..,..,..,..,..,..
KNAva2003,St. Kitts and Nevis,KNA,Latin America & Caribbean,High income,2003,va,2,0.8441993999999999,0.371378,0.2351395,1.4532593,71.6248301,6.5000390999999995,60.964765899999996,82.28489429999999,..,..,..,..,..,..,..,..,..,..,..,..,0.8411111,..,..,..,..,..,..,0.8999999999999999,..,..,..,..,..,..,..,..,..,..,..,..,..,..,..
KORva2003,"Korea, Rep.",KOR,East Asia & Pacific,High income,2003,va,11,0.7933098,0.1690277,0.5161044,1.0705152,70.7341354,2.9584052,65.882351,75.5859199,..,..,..,0.7247053999999999,..,..,1,..,..,0.5,..,..,0.7838889,..,0.5580174999999999,..,..,..,..,0.6,..,..,..,..,..,..,..,0.9166667,0.9158716,..,0.7212,..,0.37916669999999997,..,0.8125
KWTva2003,Kuwait,KWT,Middle East & North Africa,High income,2003,va,7,-0.2500469,0.1888541,-0.5597675999999999,0.0596738,52.4727963,3.3054166,47.0519131,57.893679399999996,..,..,..,..,..,..,..,..,..,0.375,..,..,0.42666669999999995,..,..,..,..,..,..,0.39999999999999997,..,..,..,..,..,..,..,0.6666667,0.7125688,..,0.5970333,..,..,..,0.5
LAOva2003,Lao PDR,LAO,East Asia & Pacific,Lower middle income,2003,va,6,-1.7387062999999998,0.2040821,-2.0734008999999998,-1.4040116999999999,26.4175515,3.5719442,20.559563,32.2755401,..,..,..,..,..,..,0,..,..,..,..,..,0.1377778,..,..,..,..,..,..,0.3,..,..,..,..,..,..,..,..,0.13,..,0.37544439999999996,..,..,..,0.3125
LBNva2003,Lebanon,LBN,Middle East & North Africa,Lower middle income,2003,va,8,-0.7957537,0.17166189999999998,-1.0772792,-0.5142282,42.921569,3.0045102999999997,37.9941721,47.848966,..,..,..,..,..,..,0.25,..,..,0.375,..,..,0.2966667,..,..,..,..,..,..,0.39999999999999997,..,..,..,..,..,..,..,0.5833332999999999,0.7018348999999999,..,0.43644439999999995,..,..,..,0.4375
LBRva2003,Liberia,LBR,Sub-Saharan Africa,Low income,2003,va,8,-1.5733556,0.18220719999999999,-1.8721754,-1.2745358,29.3116003,3.1890794,24.0815101,34.541690599999995,..,..,..,..,..,..,0,..,..,..,..,..,0.22222219999999998,..,..,..,..,..,..,0.3,..,..,0,..,..,..,..,0.1666667,0.6330275,..,0.4859,..,..,..,0.125
LBYva2003,Libya,LBY,Middle East & North Africa,Upper middle income,2003,va,9,-1.8592574,0.16599029999999998,-2.1314815,-1.5870332999999999,24.3076072,2.9052435,19.5430079,29.0722065,..,..,..,..,..,..,0,..,..,0,..,..,0.0644444,..,..,..,..,..,..,0.19999999999999998,..,..,0,..,..,..,..,0.3333333,0.4495413,..,0.2986,..,..,..,0.3125
LCAva2003,St. Lucia,LCA,Latin America & Caribbean,Upper middle income,2003,va,2,1.0192413999999999,0.371378,0.4101815,1.6283013,74.6885008,6.5000390999999995,64.02843659999999,85.348565,..,..,..,..,..,..,..,..,..,..,..,..,0.8716666999999999,..,..,..,..,..,..,1,..,..,..,..,..,..,..,..,..,..,..,..,..,..,..
LIEva2003,Liechtenstein,LIE,Europe & Central Asia,High income,2003,va,3,1.3713788999999998,0.3010208,0.8777048,1.8650529999999998,80.8517835,5.2686131,72.211258,89.49230899999999,..,..,..,..,..,..,..,..,..,..,..,..,0.9544444,..,..,..,..,..,..,1,..,..,..,..,..,..,..,..,..,..,..,..,..,..,0.9375
LKAva2003,Sri Lanka,LKA,South Asia,Lower middle income,2003,va,10,-0.19559279999999998,0.1478546,-0.43807429999999997,0.0468887,53.4258786,2.5878229999999998,49.1818488,57.669908299999996,..,..,..,..,..,..,0.5,0.6368878,..,0.375,..,..,0.5705555999999999,..,0.4503914,..,..,..,..,0.6,..,..,..,..,..,..,..,0.5833332999999999,0.7722017999999999,..,0.5493889,..,..,..,0.5
LSOva2003,Lesotho,LSO,Sub-Saharan Africa,Lower middle income,2003,va,7,0.0887231,0.2192268,-0.27080889999999996,0.44825509999999996,58.402114499999996,3.8370151999999997,52.1094096,64.69481929999999,..,0.5469999999999999,..,..,..,..,..,..,..,..,..,..,0.6861111,..,..,..,..,..,..,1,..,..,0.6111111,..,..,..,..,..,0.837156,..,0.5945667,..,..,..,0.3125
LTUva2003,Lithuania,LTU,Europe & Central Asia,High income,2003,va,9,0.7560891,0.16991299999999998,0.47743179999999996,1.0347464,70.0826805,2.9739001999999997,65.2054842,74.9598769,..,..,..,..,..,..,1,..,..,0.5,..,..,0.5773332999999999,..,0.544952,..,..,..,..,0.8999999999999999,..,..,..,..,..,..,..,0.875,0.9740367,..,0.6985222,..,..,..,0.875
LUXva2003,Luxembourg,LUX,Europe & Central Asia,High income,2003,va,8,1.4952786,0.2134846,1.1451639,1.8453933,83.0203366,3.7365114,76.8924579,89.14821529999999,..,..,..,..,..,..,..,..,..,..,..,0.619,0.96,..,0.7583742,..,..,..,..,1,..,..,..,..,..,..,..,0.9166667,..,..,0.7289110999999999,..,0.6736842,..,1
LVAva2003,Latvia,LVA,Europe & Central Asia,High income,2003,va,9,0.6594827999999999,0.16991299999999998,0.3808255,0.9381400999999999,68.3918298,2.9739001999999997,63.514633499999995,73.2690262,..,..,..,..,..,..,1,..,..,0.5,..,..,0.5543333,..,0.5772394,..,..,..,..,0.8999999999999999,..,..,..,..,..,..,..,0.8333332999999999,0.9793578,..,0.6905778,..,..,..,0.75
MACva2003,"Macao SAR, China",MAC,East Asia & Pacific,High income,2003,va,1,0.5984868,0.45889549999999996,-0.15410179999999998,1.3510754,67.324248,8.0318132,54.152074299999995,80.4964217,..,..,..,..,..,..,..,..,..,..,..,..,..,..,..,..,..,..,..,..,..,..,..,..,..,..,..,..,..,..,..,..,..,..,0.75
MARva2003,Morocco,MAR,Middle East & North Africa,Lower middle income,2003,va,11,-0.7032743,0.14418409999999998,-0.9397361999999999,-0.46681239999999996,44.540188699999995,2.5235803999999997,40.4015169,48.6788605,..,..,..,..,..,..,0.5,0.36275229999999997,..,0.25,..,..,0.40499999999999997,..,0.44518149999999995,..,..,..,..,0.6,..,..,0,..,..,..,..,0.75,0.6360549999999999,..,0.4838222,..,..,..,0.5
MCOva2003,Monaco,MCO,Europe & Central Asia,High income,2003,va,2,0.8946234,0.371378,0.28556349999999997,1.5036832999999998,72.5073756,6.5000390999999995,61.847311399999995,83.1674398,..,..,..,..,..,..,..,..,..,..,..,..,0.8594444,..,..,..,..,..,..,0.8999999999999999,..,..,..,..,..,..,..,..,..,..,..,..,..,..,..
MDAva2003,Moldova,MDA,Europe & Central Asia,Upper middle income,2003,va,9,-0.4943916,0.16328589999999998,-0.7621804999999999,-0.2266027,48.1961559,2.8579098999999997,43.5091836,52.8831281,..,..,..,..,..,..,0.25,..,..,0.25,..,..,0.5539999999999999,..,..,..,..,..,..,0.6,..,..,..,..,0.38999999999999996,..,..,0.75,0.7522936,..,0.5588333,..,..,..,0.4375
MDGva2003,Madagascar,MDG,Sub-Saharan Africa,Low income,2003,va,9,-0.1312296,0.1801198,-0.4266261,0.1641669,54.552394799999995,3.1525450999999998,49.3822208,59.7225687,..,..,..,..,..,..,0.625,..,..,..,..,..,0.6105556,..,0.44142509999999996,..,..,..,..,0.6,..,..,0.6111111,..,..,..,..,0.5,0.9250459,..,0.5084889,..,..,..,0.625
MDVva2003,Maldives,MDV,South Asia,Upper middle income,2003,va,5,-0.9731118999999999,0.2349687,-1.3584606,-0.5877631999999999,39.8173591,4.1125374,33.072797699999995,46.5619205,..,..,..,..,..,..,..,..,..,..,..,..,0.3227778,..,..,..,..,..,..,0.5,..,..,..,..,..,..,..,..,0.5642202,..,0.3664889,..,..,..,0.5
MEXva2003,Mexico,MEX,Latin America & Caribbean,Upper middle income,2003,va,11,0.3394357,0.1692553,0.061856999999999995,0.6170144,62.790209,2.9623890999999998,57.9318908,67.6485271,..,..,..,..,..,..,0.625,..,..,0.5,..,..,0.7327777999999999,..,0.49786319999999995,..,..,..,..,0.7999999999999999,..,..,..,0.21,..,..,..,0.75,0.8378899,..,0.6584333,..,0.5142857,..,0.625
MHLva2003,Marshall Islands,MHL,East Asia & Pacific,Upper middle income,2003,va,2,1.1170334,0.371378,0.5079735,1.7260932999999998,76.4001042,6.5000390999999995,65.74004,87.0601684,..,..,..,..,..,..,..,..,..,..,..,..,0.9072222,..,..,..,..,..,..,1,..,..,..,..,..,..,..,..,..,..,..,..,..,..,..
MKDva2003,North Macedonia,MKD,Europe & Central Asia,Upper middle income,2003,va,9,-0.2525667,0.1703602,-0.5319574,0.026823999999999997,52.428693499999994,2.9817272,47.538660899999996,57.3187262,..,..,..,..,..,..,0.5,..,..,0.125,..,..,0.5473333,..,0.5045067,..,..,..,..,0.7999999999999999,..,..,..,..,0.633,..,..,..,0.9112844,..,0.5634110999999999,..,..,..,0.5625
MLIva2003,Mali,MLI,Sub-Saharan Africa,Low income,2003,va,10,0.18633,0.1791462,-0.10746979999999999,0.4801298,60.110478199999996,3.1355047,54.968250399999995,65.2527059,..,0.714,..,..,..,..,0.75,..,..,..,..,..,0.7433333,..,0.5328054999999999,..,..,..,..,0.8999999999999999,..,..,0.7222221999999999,..,..,..,..,0.5416667,0.8990826,..,0.5610222,..,..,..,0.5
MLTva2003,Malta,MLT,Middle East & North Africa,High income,2003,va,6,1.2143234,0.2176822,0.8573246,1.5713222,78.10292129999999,3.8099802,71.85455379999999,84.3512889,..,..,..,..,..,..,..,..,..,..,..,..,0.9444444,..,0.6915954,..,..,..,..,1,..,..,..,..,..,..,..,1,..,..,0.6575443999999999,..,..,..,0.875
MMRva2003,Myanmar,MMR,East Asia & Pacific,Lower middle income,2003,va,8,-2.2144146,0.17166189999999998,-2.4959401,-1.9328891,18.0914722,3.0045102999999997,13.164075299999999,23.018869199999997,..,..,..,..,..,..,0,..,..,0,..,..,0.0555556,..,..,..,..,..,..,0,..,..,..,..,..,..,..,0.0416667,0.1238532,..,0.2733,..,..,..,0.1875
MNEva2003,Montenegro,MNE,Europe & Central Asia,Upper middle income,2003,va,3,-0.29259189999999996,0.25931529999999997,-0.717869,0.1326852,51.7281529,4.5386633,44.284745099999995,59.1715606,..,..,..,..,..,..,..,..,..,..,..,..,0.3958333,..,..,..,..,..,..,..,..,..,..,..,0.6054999999999999,..,..,..,..,..,0.5346,..,..,..,..
MNGva2003,Mongolia,MNG,East Asia & Pacific,Upper middle income,2003,va,8,0.29052059999999996,0.18931979999999998,-0.0199639,0.6010051,61.934073,3.313568,56.499821399999995,67.3683245,..,..,..,0.4293971,..,..,0.625,..,..,..,..,..,0.7688889,..,..,..,..,..,..,0.8999999999999999,..,..,..,..,..,..,..,0.75,0.8325688,..,0.5931444,..,..,..,0.5
MOZva2003,Mozambique,MOZ,Sub-Saharan Africa,Low income,2003,va,11,-0.1911332,0.16366609999999998,-0.4595456,0.07727919999999999,53.5039327,2.8645641,48.8060476,58.2018177,..,0.6699999999999999,..,..,..,..,0.5,..,..,0.625,..,..,0.5805556,..,0.41679679999999997,..,..,..,..,0.6,..,..,0.7777778,..,..,..,..,0.4166667,0.8715596,..,0.4575222,..,..,..,0.5625
MRTva2003,Mauritania,MRT,Sub-Saharan Africa,Lower middle income,2003,va,6,-0.832928,0.2210182,-1.1953977999999998,-0.4704582,42.2709262,3.8683680999999996,35.926802599999995,48.615049899999995,..,..,..,..,..,..,..,..,..,..,..,..,0.345,..,..,..,..,..,..,0.5,..,..,0.3333333,..,..,..,..,..,0.663578,..,0.4084889,..,..,..,0.5
MTQva2003,Martinique,MTQ,,,2003,va,1,0.5984868,0.45889549999999996,-0.15410179999999998,1.3510754,67.324248,8.0318132,54.152074299999995,80.4964217,..,..,..,..,..,..,..,..,..,..,..,..,..,..,..,..,..,..,..,..,..,..,..,..,..,..,..,..,..,..,..,..,..,..,0.75
MUSva2003,Mauritius,MUS,Sub-Saharan Africa,Upper middle income,2003,va,8,0.8548946,0.1912273,0.5412817999999999,1.1685074,71.8120227,3.3469539999999998,66.3230181,77.3010273,..,..,..,..,..,..,..,..,..,0.625,..,..,0.8355556,..,0.6440971999999999,..,..,..,..,1,..,..,0.9444444,..,..,..,..,..,0.9334861999999999,..,0.6622,..,..,..,0.75
MWIva2003,Malawi,MWI,Sub-Saharan Africa,Low income,2003,va,11,-0.6313059,0.16366609999999998,-0.8997183,-0.3628935,45.7998148,2.8645641,41.1019298,50.4976999,..,0.39499999999999996,..,..,..,..,0.25,..,..,0.125,..,..,0.5461111,..,0.5155971,..,..,..,..,0.6,..,..,0.5555555999999999,..,..,..,..,0.6666667,0.8073393999999999,..,0.5043333,..,..,..,0.4375
MYSva2003,Malaysia,MYS,East Asia & Pacific,Upper middle income,2003,va,11,-0.45083249999999997,0.14749089999999998,-0.6927175999999999,-0.20894739999999998,48.9585485,2.5814581,44.7249572,53.1921398,..,..,..,..,..,..,0.5,0.4717007,..,0.5,..,..,0.40055559999999996,..,0.5888827999999999,..,..,..,..,0.3,..,..,..,..,..,..,..,0.5833332999999999,0.706422,..,0.3997667,..,0.6263736,..,0.6875
NAMva2003,Namibia,NAM,Sub-Saharan Africa,Lower middle income,2003,va,11,0.177181,0.16366609999999998,-0.09123139999999999,0.4455934,59.9503479,2.8645641,55.252462799999996,64.64823299999999,..,0.504,..,..,..,..,0.75,..,..,0.375,..,..,0.7338889,..,0.5666141,..,..,..,..,0.8999999999999999,..,..,0.6111111,..,..,..,..,0.8333332999999999,0.8990826,..,0.5833667,..,..,..,0.4375
NERva2003,Niger,NER,Sub-Saharan Africa,Low income,2003,va,8,-0.28355939999999996,0.18220719999999999,-0.5823792,0.015260399999999999,51.8862441,3.1890794,46.6561539,57.1163344,..,..,..,..,..,..,0.5,..,..,..,..,..,0.5216666999999999,..,..,..,..,..,..,0.6,..,..,0.7777778,..,..,..,..,0.625,0.8555046,..,0.5388222,..,..,..,0.3125
NGAva2003,Nigeria,NGA,Sub-Saharan Africa,Lower middle income,2003,va,12,-0.8789467,0.14368319999999998,-1.1145871,-0.6433063,41.465484499999995,2.5148131,37.3411909,45.589777999999995,..,0.11499999999999999,..,..,..,..,0.375,0.5993706999999999,..,0,..,..,0.4594444,..,0.4692225,..,..,..,..,0.3,..,..,0.3333333,..,..,..,..,0.4166667,0.7110092,..,0.44221109999999997,..,..,..,0.3125
NICva2003,Nicaragua,NIC,Latin America & Caribbean,Lower middle income,2003,va,11,0.0140913,0.1477838,-0.22827409999999998,0.2564567,57.095872199999995,2.5865839999999998,52.853874499999996,61.337869999999995,..,..,..,..,..,..,0.5,0.6412897,..,0.5,..,..,0.6238889,..,0.41450929999999997,..,..,..,..,1,..,..,..,0.21,..,..,..,0.6666667,0.940367,..,0.5701111,..,..,..,0.4375
NLDva2003,Netherlands,NLD,Europe & Central Asia,High income,2003,va,10,1.6746801,0.18387119999999998,1.3731312999999998,1.9762289,86.1603094,3.218204,80.88245479999999,91.43816389999999,..,..,..,..,..,..,..,..,..,1,..,0.445,0.96,..,0.7200436,..,..,..,..,1,..,..,..,..,..,..,..,1,0.9954128,..,0.7369555999999999,..,0.5836066,..,1
NORva2003,Norway,NOR,Europe & Central Asia,High income,2003,va,9,1.661152,0.185804,1.3564334,1.9658706,85.92353399999999,3.2520328999999997,80.5902,91.25686789999999,..,..,..,..,..,..,..,..,..,1,..,..,0.97,..,0.6399176999999999,..,..,..,..,1,..,..,..,..,..,..,..,1,0.9954128,..,0.7302666999999999,..,0.6571429,..,1
NPLva2003,Nepal,NPL,South Asia,Lower middle income,2003,va,7,-0.5575436,0.1687515,-0.8342961,-0.28079109999999996,47.0908387,2.9535717,42.2469811,51.9346963,..,..,..,..,..,..,0.25,0.5548696,..,..,..,..,0.4138889,..,..,..,..,..,..,0.5,..,..,..,..,..,..,..,..,0.5275229,..,0.5966667,..,..,..,0.3125
NRUva2003,Nauru,NRU,East Asia & Pacific,High income,2003,va,2,1.0054893999999999,0.371378,0.3964295,1.6145493,74.4478065,6.5000390999999995,63.7877423,85.10787069999999,..,..,..,..,..,..,..,..,..,..,..,..,0.8666667,..,..,..,..,..,..,1,..,..,..,..,..,..,..,..,..,..,..,..,..,..,..
NZLva2003,New Zealand,NZL,East Asia & Pacific,High income,2003,va,9,1.5528528,0.185804,1.2481342,1.8575713999999999,84.0280284,3.2520328999999997,78.6946945,89.36136239999999,..,..,..,..,..,..,..,..,..,0.875,..,..,0.9416667,..,0.7339199,..,..,..,..,1,..,..,..,..,..,..,..,1,0.9740367,..,0.7309888999999999,..,0.6679244999999999,..,1
OMNva2003,Oman,OMN,Middle East & North Africa,High income,2003,va,7,-0.7021206999999999,0.1888541,-1.0118414,-0.39239999999999997,44.5603796,3.3054166,39.1394964,49.981262699999995,..,..,..,..,..,..,..,..,..,0.375,..,..,0.23111109999999999,..,..,..,..,..,..,0.39999999999999997,..,..,..,..,..,..,..,0.5,0.4701835,..,0.4932667,..,..,..,0.5625
PAKva2003,Pakistan,PAK,South Asia,Lower middle income,2003,va,10,-1.1962586,0.1478546,-1.4387401,-0.9537770999999999,35.911736399999995,2.5878229999999998,31.6677066,40.155766199999995,..,..,..,..,..,..,0.25,0.3189342,..,0.25,..,..,0.3616667,..,0.4540549,..,..,..,..,0.3,..,..,..,..,..,..,..,0.0833333,0.6422017999999999,..,0.4400889,..,..,..,0.3125
PANva2003,Panama,PAN,Latin America & Caribbean,High income,2003,va,9,0.49008569999999996,0.1863907,0.18440499999999999,0.7957664,65.426959,3.2623005999999997,60.0767859,70.777132,..,..,..,..,..,..,..,..,..,0.5,..,..,0.7277777999999999,..,0.3912312,..,..,..,..,0.8999999999999999,..,..,..,0.16999999999999998,..,..,..,0.9166667,0.9105504999999999,..,0.6347778,..,..,..,0.625
PERva2003,Peru,PER,Latin America & Caribbean,Upper middle income,2003,va,10,0.20928519999999998,0.1698056,-0.069196,0.4877664,60.512251299999996,2.9720207999999997,55.638137199999996,65.3863654,..,..,..,..,..,..,0.75,..,..,0.375,..,..,0.7116667,..,0.4353024,..,..,..,..,0.6,..,..,..,0.13,..,..,..,0.8333332999999999,0.9059632999999999,..,0.6585778,..,..,..,0.4375
PHLva2003,Philippines,PHL,East Asia & Pacific,Lower middle income,2003,va,11,-0.07952909999999999,0.1690277,-0.3567345,0.1976763,55.457282199999995,2.9584052,50.6054977,60.309066699999995,..,..,..,0.5311999,..,..,0.5,..,..,0.375,..,..,0.7116667,..,0.5177305,..,..,..,..,0.7999999999999999,..,..,..,..,..,..,..,0.75,0.6766055,..,0.5276666999999999,..,0.355102,..,0.5625
PLWva2003,Palau,PLW,East Asia & Pacific,High income,2003,va,2,1.0956413,0.371378,0.4865814,1.7047012,76.0256892,6.5000390999999995,65.365625,86.6857534,..,..,..,..,..,..,..,..,..,..,..,..,0.8994443999999999,..,..,..,..,..,..,1,..,..,..,..,..,..,..,..,..,..,..,..,..,..,..
PNGva2003,Papua New Guinea,PNG,East Asia & Pacific,Lower middle income,2003,va,7,-0.4275226,0.17548819999999998,-0.7153231999999999,-0.13972199999999999,49.366529799999995,3.0714797999999996,44.329302999999996,54.403756599999994,..,..,..,..,..,..,0.5,..,..,0.25,..,..,0.7222221999999999,..,..,..,..,..,..,0.8999999999999999,..,..,..,..,..,..,..,0.5,..,..,0.4918222,..,..,..,0.375
POLva2003,Poland,POL,Europe & Central Asia,High income,2003,va,10,0.9809924999999999,0.1693616,0.7032395,1.2587454999999999,74.01904979999999,2.9642493,69.157681,78.8804186,..,..,..,..,..,..,1,..,..,0.75,..,..,0.5619999999999999,..,0.4589372,..,..,..,..,0.8999999999999999,..,..,..,..,..,..,..,1,0.9433944999999999,..,0.7466778,..,0.2844444,..,0.8125
PRIva2003,Puerto Rico (U.S.),PRI,Latin America & Caribbean,High income,2003,va,2,0.9030990999999999,0.3249099,0.3702469,1.4359513,72.65572139999999,5.6867316,63.329481699999995,81.9819612,..,..,..,..,..,..,..,..,..,..,..,..,0.8958332999999999,..,..,..,..,..,..,..,..,..,..,..,..,..,..,..,..,..,..,..,..,..,0.75
PRKva2003,"Korea, Dem. People's Rep.",PRK,East Asia & Pacific,Low income,2003,va,7,-2.1941362,0.1897894,-2.5053908,-1.8828816,18.4463947,3.3217866999999996,12.9986645,23.894124899999998,..,..,..,..,..,..,0,..,..,..,..,..,0.006666699999999999,..,..,..,..,..,..,0,..,..,..,..,..,..,..,0.0833333,0.087156,..,0.3552667,..,..,..,0.125
PRTva2003,Portugal,PRT,Europe & Central Asia,High income,2003,va,10,1.4321462,0.18387119999999998,1.1305973999999999,1.733695,81.9153625,3.218204,76.6375079,87.19321699999999,..,..,..,..,..,..,..,..,..,0.75,..,0.499,0.9422222,..,0.6301127,..,..,..,..,1,..,..,..,..,..,..,..,1,0.9525688,..,0.7479555999999999,..,0.5606557,..,1
PRYva2003,Paraguay,PRY,Latin America & Caribbean,Upper middle income,2003,va,10,-0.5002468,0.1698056,-0.778728,-0.22176559999999998,48.0936753,2.9720207999999997,43.2195611,52.9677894,..,..,..,..,..,..,0.5,..,..,0.25,..,..,0.5811111,..,0.3105687,..,..,..,..,0.7999999999999999,..,..,..,0.13999999999999999,..,..,..,0.2916667,0.9342202,..,0.5653332999999999,..,..,..,0.375
PSEva2003,West Bank and Gaza,PSE,Middle East & North Africa,Lower middle income,2003,va,4,-0.7183765999999999,0.2458153,-1.1215137,-0.3152395,44.2758609,4.3023796999999995,37.2199582,51.3317635,..,..,..,..,..,..,..,..,..,..,..,..,0.1938889,..,..,..,..,..,..,..,..,..,..,..,..,..,..,..,0.6399083,..,0.5817110999999999,..,..,..,0.3125
QATva2003,Qatar,QAT,Middle East & North Africa,High income,2003,va,7,-1.0446076,0.1888541,-1.3543283,-0.7348869,38.5660064,3.3054166,33.1451232,43.9868895,..,..,..,..,..,..,..,..,..,0.5,..,..,0.2716667,..,..,..,..,..,..,0.7,..,..,..,..,..,..,..,0.5,0.6788991,..,0.105,..,..,..,0.5625
ROUva2003,Romania,ROU,Europe & Central Asia,High income,2003,va,11,0.18420209999999998,0.16130239999999998,-0.0803338,0.44873799999999997,60.0732346,2.8231930999999997,55.443197899999994,64.7032713,..,..,..,..,..,..,0.75,..,..,0.375,..,..,0.5726667,..,0.35935629999999996,..,..,..,..,0.8999999999999999,..,..,..,..,0.5605,..,..,0.9166667,0.8944953999999999,..,0.5836,..,0.4063158,..,0.625
RUSva2003,Russian Federation,RUS,Europe & Central Asia,High income,2003,va,11,-0.41467,0.16130239999999998,-0.6792058999999999,-0.1501341,49.591482299999996,2.8231930999999997,44.9614456,54.221519,..,..,..,..,..,..,0.5,..,..,0.375,..,..,0.5376666999999999,..,0.3693403,..,..,..,..,0.5,..,..,..,..,0.4275,..,..,0.7083332999999999,0.5458716,..,0.496,..,0.280292,..,0.5625
RWAva2003,Rwanda,RWA,Sub-Saharan Africa,Low income,2003,va,7,-1.2981664,0.1947408,-1.6175412999999998,-0.9787914999999999,34.128096299999996,3.4084486,28.538240599999998,39.717951899999996,..,..,..,..,..,..,0.25,..,..,..,..,..,0.2544444,..,..,..,..,..,..,0.3,..,..,0.3333333,..,..,..,..,..,0.6857797999999999,..,0.37689999999999996,..,..,..,0.1875
SAUva2003,Saudi Arabia,SAU,Middle East & North Africa,High income,2003,va,8,-1.8319071,0.17166189999999998,-2.1134326,-1.5503816,24.786305499999997,3.0045102999999997,19.8589086,29.7137025,..,..,..,..,..,..,0,..,..,0.125,..,..,0.1083333,..,..,..,..,..,..,0,..,..,..,..,..,..,..,0.4166667,0.3440367,..,0.2070333,..,..,..,0.375
SDNva2003,Sudan,SDN,Sub-Saharan Africa,Low income,2003,va,9,-1.7165861,0.16599029999999998,-1.9888101999999999,-1.444362,26.804710099999998,2.9052435,22.040110799999997,31.569309399999998,..,..,..,..,..,..,0.25,..,..,0,..,..,0.0972222,..,..,..,..,..,..,0,..,..,0.22222219999999998,..,..,..,..,0.2916667,0.5802752,..,0.2984889,..,..,..,0.25
SENva2003,Senegal,SEN,Sub-Saharan Africa,Lower middle income,2003,va,11,0.1382624,0.16366609999999998,-0.13015,0.4066748,59.269175499999996,2.8645641,54.571290399999995,63.967060599999996,..,0.581,..,..,..,..,0.75,..,..,0.375,..,..,0.7211111,..,0.5142734999999999,..,..,..,..,0.7999999999999999,..,..,0.9444444,..,..,..,..,0.5,0.8669724999999999,..,0.6066444,..,..,..,0.5625
SGPva2003,Singapore,SGP,East Asia & Pacific,High income,2003,va,10,0.1296034,0.1693616,-0.1481496,0.4073564,59.1176215,2.9642493,54.256252599999996,63.9789903,..,..,..,..,..,..,0.5,..,..,0.75,..,..,0.4227778,..,0.7045965,..,..,..,..,0.5,..,..,..,..,..,..,..,0.6666667,0.5657797999999999,..,0.5562332999999999,..,0.6861537999999999,..,0.8125
SLBva2003,Solomon Islands,SLB,East Asia & Pacific,Lower middle income,2003,va,3,0.0953376,0.2788181,-0.36192409999999997,0.5525993,58.517884699999996,4.880010899999999,50.5146668,66.5211025,..,..,..,..,..,..,..,..,..,..,..,..,0.6694443999999999,..,..,..,..,..,..,0.8999999999999999,..,..,..,..,..,..,..,..,..,..,0.5201,..,..,..,..
SLEva2003,Sierra Leone,SLE,Sub-Saharan Africa,Low income,2003,va,9,-0.47902789999999995,0.1557431,-0.7344466,-0.22360919999999998,48.4650588,2.725892,43.9945959,52.9355218,..,..,..,..,..,..,0.25,0.5668651,..,..,..,..,0.5316666999999999,..,..,..,..,..,..,0.7999999999999999,..,..,0.6111111,..,..,..,..,0.4583333,0.7844036999999999,..,0.5490111,..,..,..,0.25
SLVva2003,El Salvador,SLV,Latin America & Caribbean,Upper middle income,2003,va,10,-0.0619054,0.1698056,-0.3403866,0.21657579999999998,55.765740799999996,2.9720207999999997,50.891626699999996,60.639854899999996,..,..,..,..,..,..,0.75,..,..,0.25,..,..,0.6822222,..,0.5231481,..,..,..,..,1,..,..,..,0.13999999999999999,..,..,..,0.5833332999999999,0.9373393999999999,..,0.5256,..,..,..,0.5
SMRva2003,San Marino,SMR,Europe & Central Asia,High income,2003,va,2,1.2438574999999998,0.371378,0.6347976,1.8529174,78.6198416,6.5000390999999995,67.9597774,89.2799058,..,..,..,..,..,..,..,..,..,..,..,..,0.9533332999999999,..,..,..,..,..,..,1,..,..,..,..,..,..,..,..,..,..,..,..,..,..,..
SOMva2003,Federal Republic of Somalia,SOM,Sub-Saharan Africa,Low income,2003,va,7,-1.6966736,0.1871275,-2.0035627,-1.3897845,27.1532284,3.275197,21.7819053,32.5245515,..,..,..,..,..,..,0.25,..,..,..,..,..,0.1638889,..,..,..,..,..,..,..,..,..,0,..,..,..,..,0.1666667,0.587156,..,0.3630333,..,..,..,0.0625
SRBva2003,Serbia,SRB,Europe & Central Asia,Upper middle income,2003,va,10,-0.3040542,0.1617785,-0.5693709,-0.0387375,51.5275341,2.8315259999999998,46.8838315,56.171236699999994,..,..,..,..,..,..,0.625,..,..,0.125,..,..,0.4777778,..,0.4602728,..,..,..,..,0.5,..,..,..,..,0.614,..,..,0.6666667,0.8043119,..,0.5822444,..,..,..,0.5
STPva2003,São Tomé and Príncipe,STP,Sub-Saharan Africa,Lower middle income,2003,va,5,0.2727232,0.22937049999999998,-0.10344439999999999,0.6488908,61.622574199999995,4.0145545,55.0387049,68.20644349999999,..,..,..,..,..,..,..,..,..,..,..,..,0.7816666999999999,..,..,..,..,..,..,0.8999999999999999,..,..,0.7777778,..,..,..,..,..,..,..,0.62,..,..,..,0.375
SURva2003,Suriname,SUR,Latin America & Caribbean,Upper middle income,2003,va,5,0.3422116,0.2213967,-0.020878999999999998,0.7053022,62.838794099999994,3.8749933999999997,56.483804899999996,69.1937834,..,..,..,..,..,..,..,..,..,..,..,..,0.8288888999999999,..,..,..,..,..,..,0.8999999999999999,..,..,..,..,..,..,..,0.6666667,..,..,0.6523,..,..,..,0.375
SVKva2003,Slovak Republic,SVK,Europe & Central Asia,High income,2003,va,10,0.8613242,0.1693616,0.5835712,1.1390772,71.9245567,2.9642493,67.0631879,76.78592549999999,..,..,..,..,..,..,1,..,..,0.625,..,..,0.5663332999999999,..,0.513235,..,..,..,..,0.8999999999999999,..,..,..,..,..,..,..,1,0.9770641999999999,..,0.7156777999999999,..,0.5050846999999999,..,0.75
SVNva2003,Slovenia,SVN,Europe & Central Asia,High income,2003,va,10,1.0177976,0.1693616,0.7400445999999999,1.2955505999999999,74.6632307,2.9642493,69.8018618,79.5245995,..,..,..,..,..,..,1,..,..,0.875,..,..,0.5736667,..,0.5445766,..,..,..,..,0.8999999999999999,..,..,..,..,..,..,..,0.8333332999999999,0.9724771,..,0.7096110999999999,..,0.42637359999999996,..,0.875
SWEva2003,Sweden,SWE,Europe & Central Asia,High income,2003,va,10,1.7167086999999999,0.18387119999999998,1.4151599,2.0182575,86.89591449999999,3.218204,81.61806,92.1737691,..,..,..,..,..,..,..,..,..,1,..,0.585,0.9733333,..,0.7718254,..,..,..,..,1,..,..,..,..,..,..,..,0.9583332999999999,0.9862384999999999,..,0.7514444,..,0.6066667,..,1
SWZva2003,Eswatini,SWZ,Sub-Saharan Africa,Lower middle income,2003,va,6,-1.4168136999999998,0.2210182,-1.7792835,-1.0543439,32.0514732,3.8683680999999996,25.7073495,38.3955969,..,..,..,..,..,..,..,..,..,..,..,..,0.19888889999999998,..,..,..,..,..,..,0.3,..,..,0,..,..,..,..,..,0.6559632999999999,..,0.4113111,..,..,..,0.1875
SYCva2003,Seychelles,SYC,Sub-Saharan Africa,High income,2003,va,6,0.048871399999999995,0.2210182,-0.3135984,0.41134119999999996,57.704610499999994,3.8683680999999996,51.3604868,64.0487342,..,..,..,..,..,..,..,..,..,..,..,..,0.61,..,..,..,..,..,..,0.7999999999999999,..,..,0.6666667,..,..,..,..,..,0.7545872,..,0.5032778,..,..,..,0.6875
SYRva2003,Syrian Arab Republic,SYR,Middle East & North Africa,Low income,2003,va,8,-1.7255620999999999,0.17166189999999998,-2.0070875999999997,-1.4440366,26.6476077,3.0045102999999997,21.7202108,31.575004699999997,..,..,..,..,..,..,0,..,..,0.125,..,..,0.1083333,..,..,..,..,..,..,0.09999999999999999,..,..,..,..,..,..,..,0.25,0.38073389999999996,..,0.3054556,..,..,..,0.4375
TCDva2003,Chad,TCD,Sub-Saharan Africa,Low income,2003,va,8,-1.2311396,0.1921985,-1.5463451,-0.9159341,35.3012321,3.3639517,29.784351299999997,40.818112899999996,..,..,..,..,..,..,0.25,..,..,..,..,..,0.2533333,..,0.2627175,..,..,..,..,0.5,..,..,0.44444439999999996,..,..,..,..,..,0.7798164999999999,..,0.3798667,..,..,..,0.1875
TGOva2003,Togo,TGO,Sub-Saharan Africa,Low income,2003,va,8,-1.4365333,0.18220719999999999,-1.7353531,-1.1377135,31.7063311,3.1890794,26.4762409,36.9364214,..,..,..,..,..,..,0,..,..,..,..,..,0.2733333,..,..,..,..,..,..,0.3,..,..,0.3333333,..,..,..,..,0.25,0.7477064,..,0.37348889999999996,..,..,..,0.3125
THAva2003,Thailand,THA,East Asia & Pacific,Upper middle income,2003,va,11,0.16002349999999999,0.1690277,-0.11718189999999999,0.4372289,59.650048899999994,2.9584052,54.798264499999995,64.5018334,..,..,..,0.4092634,..,..,0.75,..,..,0.375,..,..,0.6922222,..,0.5891695,..,..,..,..,0.6,..,..,..,..,..,..,..,0.6666667,0.8195412999999999,..,0.5434555999999999,..,0.5389830999999999,..,0.75
TJKva2003,Tajikistan,TJK,Europe & Central Asia,Lower middle income,2003,va,7,-1.0466461,0.19041329999999998,-1.3589239,-0.7343683,38.5303276,3.3327066,33.0646888,43.9959663,..,..,..,..,..,..,0.25,..,..,..,..,..,0.484,..,..,..,..,..,..,0.39999999999999997,..,..,..,..,0.3675,..,..,..,0.6834861999999999,..,0.3892,..,..,..,0.25
TKMva2003,Turkmenistan,TKM,Europe & Central Asia,Upper middle income,2003,va,6,-1.8321131,0.2040821,-2.1668077,-1.4974185,24.7827,3.5719442,18.9247115,30.640688599999997,..,..,..,..,..,..,0,..,..,..,..,..,0.4166667,..,..,..,..,..,..,0,..,..,..,..,..,..,..,..,0.2400917,..,0.2471,..,..,..,0.25
TLSva2003,Timor-Leste,TLS,East Asia & Pacific,Lower middle income,2003,va,6,0.1859699,0.1849993,-0.11742899999999999,0.4893688,60.1041755,3.2379487,54.793939599999995,65.41441139999999,..,..,..,..,..,..,..,0.6706151,..,..,..,..,0.6866667,..,..,..,..,..,..,0.8999999999999999,..,..,..,..,..,..,..,..,0.9495412999999999,..,0.5599666999999999,..,..,..,0.4375
TONva2003,Tonga,TON,East Asia & Pacific,Upper middle income,2003,va,2,0.0144941,0.371378,-0.5945657999999999,0.6235539999999999,57.102922199999995,6.5000390999999995,46.442858,67.7629864,..,..,..,..,..,..,..,..,..,..,..,..,0.5394443999999999,..,..,..,..,..,..,0.8999999999999999,..,..,..,..,..,..,..,..,..,..,..,..,..,..,..
TTOva2003,Trinidad and Tobago,TTO,Latin America & Caribbean,High income,2003,va,8,0.5130587,0.1865327,0.2071451,0.8189723,65.82904359999999,3.2647861999999996,60.4747942,71.18329299999999,..,..,..,..,..,..,..,..,..,0.5,..,..,0.7305556,..,0.5437158,..,..,..,..,1,..,..,..,..,..,..,..,0.75,0.9908256999999999,..,0.6497221999999999,..,..,..,0.625
TUNva2003,Tunisia,TUN,Middle East & North Africa,Lower middle income,2003,va,10,-1.1181003,0.16440749999999998,-1.3877286,-0.848472,37.2797012,2.8775405,32.5605349,41.9988676,..,..,..,..,..,..,0,..,..,0.375,..,..,0.2388889,..,0.5789754,..,..,..,..,0.19999999999999998,..,..,0.44444439999999996,..,..,..,..,0.5,0.5336697,..,0.3327333,..,..,..,0.5625
TURva2003,Türkiye,TUR,Europe & Central Asia,Upper middle income,2003,va,10,-0.0679306,0.1693616,-0.3456836,0.2098224,55.6602848,2.9642493,50.798916,60.5216536,..,..,..,..,..,..,0.625,..,..,0.25,..,..,0.5599999999999999,..,0.48717119999999997,..,..,..,..,0.3,..,..,..,..,..,..,..,0.75,0.6788991,..,0.6759666999999999,..,0.37254899999999996,..,0.625
TUVva2003,Tuvalu,TUV,East Asia & Pacific,Upper middle income,2003,va,2,0.9465754999999999,0.371378,0.33751559999999997,1.5556354,73.4166667,6.5000390999999995,62.7566025,84.07673079999999,..,..,..,..,..,..,..,..,..,..,..,..,0.8783333,..,..,..,..,..,..,0.8999999999999999,..,..,..,..,..,..,..,..,..,..,..,..,..,..,..
TWNva2003,"Taiwan, China",TWN,East Asia & Pacific,High income,2003,va,11,0.9305684999999999,0.1690277,0.6533631,1.2077738999999998,73.1365043,2.9584052,68.28471979999999,77.98828879999999,..,..,..,0.5767095,..,..,1,..,..,0.75,..,..,0.8288888999999999,..,0.6317828999999999,..,..,..,..,1,..,..,..,..,..,..,..,0.75,0.8899083,..,0.6705555999999999,..,0.4507042,..,0.75
TZAva2003,Tanzania,TZA,Sub-Saharan Africa,Lower middle income,2003,va,11,-0.6418855,0.16366609999999998,-0.9102979,-0.3734731,45.614645499999995,2.8645641,40.9167604,50.312530599999995,..,0.715,..,..,..,..,0.5,..,..,0,..,..,0.5499999999999999,..,0.5460358,..,..,..,..,0.39999999999999997,..,..,0.5555555999999999,..,..,..,..,0.6666667,0.8486239,..,0.4929667,..,..,..,0.3125
UGAva2003,Uganda,UGA,Sub-Saharan Africa,Low income,2003,va,12,-0.8841800999999999,0.14368319999999998,-1.1198204999999999,-0.6485396999999999,41.373886899999995,2.5148131,37.249593399999995,45.498180399999995,..,0.492,..,..,..,..,0.25,0.5749432999999999,..,0,..,..,0.4533333,..,0.4393776,..,..,..,..,0.3,..,..,0.6111111,..,..,..,..,0.375,0.7637615,..,0.42279999999999995,..,..,..,0.375
UKRva2003,Ukraine,UKR,Europe & Central Asia,Upper middle income,2003,va,10,-0.7233855,0.1617785,-0.9887022,-0.4580688,44.1881926,2.8315259999999998,39.544489999999996,48.8318953,..,..,..,..,..,..,0.5,..,..,0.125,..,..,0.5223333,..,0.274461,..,..,..,..,0.39999999999999997,..,..,..,..,0.491,..,..,0.5833332999999999,0.6330275,..,0.4788222,..,..,..,0.375
URYva2003,Uruguay,URY,Latin America & Caribbean,High income,2003,va,10,0.9820943,0.1698056,0.7036131,1.2605754999999998,74.0383341,2.9720207999999997,69.16421989999999,78.9124482,..,..,..,..,..,..,1,..,..,0.625,..,..,0.8466667,..,0.5122329,..,..,..,..,1,..,..,..,0.25,..,..,..,0.8333332999999999,0.9633027999999999,..,0.7398332999999999,..,..,..,0.75
USAva2003,United States,USA,North America,High income,2003,va,9,1.3318887,0.185804,1.0271701,1.6366072999999999,80.1606067,3.2520328999999997,74.8272727,85.4939406,..,..,..,..,..,..,..,..,..,0.875,..,..,0.9094443999999999,..,0.7692308,..,..,..,..,0.7999999999999999,..,..,..,..,..,..,..,0.875,0.9449540999999999,..,0.6846778,..,0.6019608,..,1
UZBva2003,Uzbekistan,UZB,Europe & Central Asia,Lower middle income,2003,va,8,-1.6668581,0.1721231,-1.9491399999999999,-1.3845762,27.675073899999997,3.0125827999999997,22.734437999999997,32.6157097,..,..,..,..,..,..,0,..,..,0,..,..,0.4603333,..,..,..,..,..,..,0.09999999999999999,..,..,..,..,0.16,..,..,..,0.4357798,..,0.3586444,..,..,..,0.25
VCTva2003,St. Vincent and the Grenadines,VCT,Latin America & Caribbean,Upper middle income,2003,va,2,0.9306169999999999,0.371378,0.3215571,1.5396769,73.13735319999999,6.5000390999999995,62.477289,83.7974174,..,..,..,..,..,..,..,..,..,..,..,..,0.8394444,..,..,..,..,..,..,1,..,..,..,..,..,..,..,..,..,..,..,..,..,..,..
